n,d,outlier_fraction,outlier_mag,trial,true_cv,true_M,oracle_decision,in_borderline,s,tau_name,tau,branch_taken,pilot_cv,M_hat,T_used,rel_error,match
1000,3,0.0,2.0,0,0.617599978331471,6.544485015745742,uniform,0,10,1.5,1.5,uniform_exact,0.5316955815546177,2.0123244171777577,1000,0.0,1
1000,3,0.0,2.0,0,0.617599978331471,6.544485015745742,uniform,0,10,sqrt(log n),2.628260884878466,uniform_exact,0.5316955815546177,2.0123244171777577,1000,0.0,1
1000,3,0.0,2.0,0,0.617599978331471,6.544485015745742,uniform,0,10,3.0,3.0,uniform_exact,0.5316955815546177,2.0123244171777577,1000,0.0,1
1000,3,0.0,2.0,0,0.617599978331471,6.544485015745742,uniform,0,30,1.5,1.5,uniform_exact,0.6627004452698809,3.2690887067792924,1000,0.0,1
1000,3,0.0,2.0,0,0.617599978331471,6.544485015745742,uniform,0,30,sqrt(log n),2.628260884878466,uniform_exact,0.6627004452698809,3.2690887067792924,1000,0.0,1
1000,3,0.0,2.0,0,0.617599978331471,6.544485015745742,uniform,0,30,3.0,3.0,uniform_exact,0.6627004452698809,3.2690887067792924,1000,0.0,1
1000,3,0.0,2.0,0,0.617599978331471,6.544485015745742,uniform,0,50,1.5,1.5,uniform_exact,0.5598087645973084,2.5907157283051494,1000,0.0,1
1000,3,0.0,2.0,0,0.617599978331471,6.544485015745742,uniform,0,50,sqrt(log n),2.628260884878466,uniform_exact,0.5598087645973084,2.5907157283051494,1000,0.0,1
1000,3,0.0,2.0,0,0.617599978331471,6.544485015745742,uniform,0,50,3.0,3.0,uniform_exact,0.5598087645973084,2.5907157283051494,1000,0.0,1
1000,3,0.0,2.0,0,0.617599978331471,6.544485015745742,uniform,0,100,1.5,1.5,uniform_exact,0.5611351903074464,3.292768957065315,1000,0.0,1
1000,3,0.0,2.0,0,0.617599978331471,6.544485015745742,uniform,0,100,sqrt(log n),2.628260884878466,uniform_exact,0.5611351903074464,3.292768957065315,1000,0.0,1
1000,3,0.0,2.0,0,0.617599978331471,6.544485015745742,uniform,0,100,3.0,3.0,uniform_exact,0.5611351903074464,3.292768957065315,1000,0.0,1
1000,3,0.0,2.0,1,0.7016203194983847,6.4257658382788225,uniform,0,10,1.5,1.5,uniform_exact,0.5003783471124194,1.8130291190600347,1000,0.0,1
1000,3,0.0,2.0,1,0.7016203194983847,6.4257658382788225,uniform,0,10,sqrt(log n),2.628260884878466,uniform_exact,0.5003783471124194,1.8130291190600347,1000,0.0,1
1000,3,0.0,2.0,1,0.7016203194983847,6.4257658382788225,uniform,0,10,3.0,3.0,uniform_exact,0.5003783471124194,1.8130291190600347,1000,0.0,1
1000,3,0.0,2.0,1,0.7016203194983847,6.4257658382788225,uniform,0,30,1.5,1.5,uniform_exact,0.7457998241797379,3.865161978575813,1000,0.0,1
1000,3,0.0,2.0,1,0.7016203194983847,6.4257658382788225,uniform,0,30,sqrt(log n),2.628260884878466,uniform_exact,0.7457998241797379,3.865161978575813,1000,0.0,1
1000,3,0.0,2.0,1,0.7016203194983847,6.4257658382788225,uniform,0,30,3.0,3.0,uniform_exact,0.7457998241797379,3.865161978575813,1000,0.0,1
1000,3,0.0,2.0,1,0.7016203194983847,6.4257658382788225,uniform,0,50,1.5,1.5,uniform_exact,0.664793103446356,3.622119403834327,1000,0.0,1
1000,3,0.0,2.0,1,0.7016203194983847,6.4257658382788225,uniform,0,50,sqrt(log n),2.628260884878466,uniform_exact,0.664793103446356,3.622119403834327,1000,0.0,1
1000,3,0.0,2.0,1,0.7016203194983847,6.4257658382788225,uniform,0,50,3.0,3.0,uniform_exact,0.664793103446356,3.622119403834327,1000,0.0,1
1000,3,0.0,2.0,1,0.7016203194983847,6.4257658382788225,uniform,0,100,1.5,1.5,uniform_exact,0.5297116439922225,3.2843787213256572,1000,0.0,1
1000,3,0.0,2.0,1,0.7016203194983847,6.4257658382788225,uniform,0,100,sqrt(log n),2.628260884878466,uniform_exact,0.5297116439922225,3.2843787213256572,1000,0.0,1
1000,3,0.0,2.0,1,0.7016203194983847,6.4257658382788225,uniform,0,100,3.0,3.0,uniform_exact,0.5297116439922225,3.2843787213256572,1000,0.0,1
1000,3,0.0,2.0,2,0.633503586176026,5.578210996800821,uniform,0,10,1.5,1.5,uniform_exact,0.4928499448831887,1.8977848635947492,1000,0.0,1
1000,3,0.0,2.0,2,0.633503586176026,5.578210996800821,uniform,0,10,sqrt(log n),2.628260884878466,uniform_exact,0.4928499448831887,1.8977848635947492,1000,0.0,1
1000,3,0.0,2.0,2,0.633503586176026,5.578210996800821,uniform,0,10,3.0,3.0,uniform_exact,0.4928499448831887,1.8977848635947492,1000,0.0,1
1000,3,0.0,2.0,2,0.633503586176026,5.578210996800821,uniform,0,30,1.5,1.5,uniform_exact,0.5794908840886654,2.632078717272906,1000,0.0,1
1000,3,0.0,2.0,2,0.633503586176026,5.578210996800821,uniform,0,30,sqrt(log n),2.628260884878466,uniform_exact,0.5794908840886654,2.632078717272906,1000,0.0,1
1000,3,0.0,2.0,2,0.633503586176026,5.578210996800821,uniform,0,30,3.0,3.0,uniform_exact,0.5794908840886654,2.632078717272906,1000,0.0,1
1000,3,0.0,2.0,2,0.633503586176026,5.578210996800821,uniform,0,50,1.5,1.5,uniform_exact,0.5373566534198206,2.7761108587446937,1000,0.0,1
1000,3,0.0,2.0,2,0.633503586176026,5.578210996800821,uniform,0,50,sqrt(log n),2.628260884878466,uniform_exact,0.5373566534198206,2.7761108587446937,1000,0.0,1
1000,3,0.0,2.0,2,0.633503586176026,5.578210996800821,uniform,0,50,3.0,3.0,uniform_exact,0.5373566534198206,2.7761108587446937,1000,0.0,1
1000,3,0.0,2.0,2,0.633503586176026,5.578210996800821,uniform,0,100,1.5,1.5,uniform_exact,0.5864737703443701,2.908737888262764,1000,0.0,1
1000,3,0.0,2.0,2,0.633503586176026,5.578210996800821,uniform,0,100,sqrt(log n),2.628260884878466,uniform_exact,0.5864737703443701,2.908737888262764,1000,0.0,1
1000,3,0.0,2.0,2,0.633503586176026,5.578210996800821,uniform,0,100,3.0,3.0,uniform_exact,0.5864737703443701,2.908737888262764,1000,0.0,1
1000,3,0.0,5.0,0,0.6607087487078306,6.077985671873188,uniform,0,10,1.5,1.5,uniform_exact,0.46513632846575714,1.5811567541016927,1000,0.0,1
1000,3,0.0,5.0,0,0.6607087487078306,6.077985671873188,uniform,0,10,sqrt(log n),2.628260884878466,uniform_exact,0.46513632846575714,1.5811567541016927,1000,0.0,1
1000,3,0.0,5.0,0,0.6607087487078306,6.077985671873188,uniform,0,10,3.0,3.0,uniform_exact,0.46513632846575714,1.5811567541016927,1000,0.0,1
1000,3,0.0,5.0,0,0.6607087487078306,6.077985671873188,uniform,0,30,1.5,1.5,uniform_exact,0.5825899979641085,2.798195485041038,1000,0.0,1
1000,3,0.0,5.0,0,0.6607087487078306,6.077985671873188,uniform,0,30,sqrt(log n),2.628260884878466,uniform_exact,0.5825899979641085,2.798195485041038,1000,0.0,1
1000,3,0.0,5.0,0,0.6607087487078306,6.077985671873188,uniform,0,30,3.0,3.0,uniform_exact,0.5825899979641085,2.798195485041038,1000,0.0,1
1000,3,0.0,5.0,0,0.6607087487078306,6.077985671873188,uniform,0,50,1.5,1.5,uniform_exact,0.6502633087139242,3.7790097690437294,1000,0.0,1
1000,3,0.0,5.0,0,0.6607087487078306,6.077985671873188,uniform,0,50,sqrt(log n),2.628260884878466,uniform_exact,0.6502633087139242,3.7790097690437294,1000,0.0,1
1000,3,0.0,5.0,0,0.6607087487078306,6.077985671873188,uniform,0,50,3.0,3.0,uniform_exact,0.6502633087139242,3.7790097690437294,1000,0.0,1
1000,3,0.0,5.0,0,0.6607087487078306,6.077985671873188,uniform,0,100,1.5,1.5,uniform_exact,0.5302225224164837,2.626778456331656,1000,0.0,1
1000,3,0.0,5.0,0,0.6607087487078306,6.077985671873188,uniform,0,100,sqrt(log n),2.628260884878466,uniform_exact,0.5302225224164837,2.626778456331656,1000,0.0,1
1000,3,0.0,5.0,0,0.6607087487078306,6.077985671873188,uniform,0,100,3.0,3.0,uniform_exact,0.5302225224164837,2.626778456331656,1000,0.0,1
1000,3,0.0,5.0,1,0.6504739835154975,5.5695015501111715,uniform,0,10,1.5,1.5,uniform_exact,0.7301685881815331,2.7762449781991627,1000,0.0,1
1000,3,0.0,5.0,1,0.6504739835154975,5.5695015501111715,uniform,0,10,sqrt(log n),2.628260884878466,uniform_exact,0.7301685881815331,2.7762449781991627,1000,0.0,1
1000,3,0.0,5.0,1,0.6504739835154975,5.5695015501111715,uniform,0,10,3.0,3.0,uniform_exact,0.7301685881815331,2.7762449781991627,1000,0.0,1
1000,3,0.0,5.0,1,0.6504739835154975,5.5695015501111715,uniform,0,30,1.5,1.5,uniform_exact,0.649430274336164,3.3831568395707836,1000,0.0,1
1000,3,0.0,5.0,1,0.6504739835154975,5.5695015501111715,uniform,0,30,sqrt(log n),2.628260884878466,uniform_exact,0.649430274336164,3.3831568395707836,1000,0.0,1
1000,3,0.0,5.0,1,0.6504739835154975,5.5695015501111715,uniform,0,30,3.0,3.0,uniform_exact,0.649430274336164,3.3831568395707836,1000,0.0,1
1000,3,0.0,5.0,1,0.6504739835154975,5.5695015501111715,uniform,0,50,1.5,1.5,uniform_exact,0.5793297756082904,2.383774647052662,1000,0.0,1
1000,3,0.0,5.0,1,0.6504739835154975,5.5695015501111715,uniform,0,50,sqrt(log n),2.628260884878466,uniform_exact,0.5793297756082904,2.383774647052662,1000,0.0,1
1000,3,0.0,5.0,1,0.6504739835154975,5.5695015501111715,uniform,0,50,3.0,3.0,uniform_exact,0.5793297756082904,2.383774647052662,1000,0.0,1
1000,3,0.0,5.0,1,0.6504739835154975,5.5695015501111715,uniform,0,100,1.5,1.5,uniform_exact,0.6052412608203578,3.8983465463591114,1000,0.0,1
1000,3,0.0,5.0,1,0.6504739835154975,5.5695015501111715,uniform,0,100,sqrt(log n),2.628260884878466,uniform_exact,0.6052412608203578,3.8983465463591114,1000,0.0,1
1000,3,0.0,5.0,1,0.6504739835154975,5.5695015501111715,uniform,0,100,3.0,3.0,uniform_exact,0.6052412608203578,3.8983465463591114,1000,0.0,1
1000,3,0.0,5.0,2,0.6694892343956219,5.3838442549691585,uniform,0,10,1.5,1.5,uniform,0.2618773873321339,1.549191410461173,686,0.022132648228181173,1
1000,3,0.0,5.0,2,0.6694892343956219,5.3838442549691585,uniform,0,10,sqrt(log n),2.628260884878466,uniform,0.2618773873321339,1.549191410461173,686,0.022132648228181173,1
1000,3,0.0,5.0,2,0.6694892343956219,5.3838442549691585,uniform,0,10,3.0,3.0,uniform,0.2618773873321339,1.549191410461173,686,0.022132648228181173,1
1000,3,0.0,5.0,2,0.6694892343956219,5.3838442549691585,uniform,0,30,1.5,1.5,uniform_exact,0.5449299032916687,2.3362140538542935,1000,0.0,1
1000,3,0.0,5.0,2,0.6694892343956219,5.3838442549691585,uniform,0,30,sqrt(log n),2.628260884878466,uniform_exact,0.5449299032916687,2.3362140538542935,1000,0.0,1
1000,3,0.0,5.0,2,0.6694892343956219,5.3838442549691585,uniform,0,30,3.0,3.0,uniform_exact,0.5449299032916687,2.3362140538542935,1000,0.0,1
1000,3,0.0,5.0,2,0.6694892343956219,5.3838442549691585,uniform,0,50,1.5,1.5,uniform_exact,0.7771946669609261,3.944076675955113,1000,0.0,1
1000,3,0.0,5.0,2,0.6694892343956219,5.3838442549691585,uniform,0,50,sqrt(log n),2.628260884878466,uniform_exact,0.7771946669609261,3.944076675955113,1000,0.0,1
1000,3,0.0,5.0,2,0.6694892343956219,5.3838442549691585,uniform,0,50,3.0,3.0,uniform_exact,0.7771946669609261,3.944076675955113,1000,0.0,1
1000,3,0.0,5.0,2,0.6694892343956219,5.3838442549691585,uniform,0,100,1.5,1.5,uniform_exact,0.5878388662894362,3.450705641114502,1000,0.0,1
1000,3,0.0,5.0,2,0.6694892343956219,5.3838442549691585,uniform,0,100,sqrt(log n),2.628260884878466,uniform_exact,0.5878388662894362,3.450705641114502,1000,0.0,1
1000,3,0.0,5.0,2,0.6694892343956219,5.3838442549691585,uniform,0,100,3.0,3.0,uniform_exact,0.5878388662894362,3.450705641114502,1000,0.0,1
1000,3,0.0,10.0,0,0.6398166324088268,6.140337691272391,uniform,0,10,1.5,1.5,uniform_exact,0.5135039747008595,1.9216196803304446,1000,0.0,1
1000,3,0.0,10.0,0,0.6398166324088268,6.140337691272391,uniform,0,10,sqrt(log n),2.628260884878466,uniform_exact,0.5135039747008595,1.9216196803304446,1000,0.0,1
1000,3,0.0,10.0,0,0.6398166324088268,6.140337691272391,uniform,0,10,3.0,3.0,uniform_exact,0.5135039747008595,1.9216196803304446,1000,0.0,1
1000,3,0.0,10.0,0,0.6398166324088268,6.140337691272391,uniform,0,30,1.5,1.5,uniform_exact,0.5947743345419485,2.702715952090149,1000,0.0,1
1000,3,0.0,10.0,0,0.6398166324088268,6.140337691272391,uniform,0,30,sqrt(log n),2.628260884878466,uniform_exact,0.5947743345419485,2.702715952090149,1000,0.0,1
1000,3,0.0,10.0,0,0.6398166324088268,6.140337691272391,uniform,0,30,3.0,3.0,uniform_exact,0.5947743345419485,2.702715952090149,1000,0.0,1
1000,3,0.0,10.0,0,0.6398166324088268,6.140337691272391,uniform,0,50,1.5,1.5,uniform_exact,0.5214089263222244,2.939420782445579,1000,0.0,1
1000,3,0.0,10.0,0,0.6398166324088268,6.140337691272391,uniform,0,50,sqrt(log n),2.628260884878466,uniform_exact,0.5214089263222244,2.939420782445579,1000,0.0,1
1000,3,0.0,10.0,0,0.6398166324088268,6.140337691272391,uniform,0,50,3.0,3.0,uniform_exact,0.5214089263222244,2.939420782445579,1000,0.0,1
1000,3,0.0,10.0,0,0.6398166324088268,6.140337691272391,uniform,0,100,1.5,1.5,uniform_exact,0.4576985455324773,2.4555049008147134,1000,0.0,1
1000,3,0.0,10.0,0,0.6398166324088268,6.140337691272391,uniform,0,100,sqrt(log n),2.628260884878466,uniform_exact,0.4576985455324773,2.4555049008147134,1000,0.0,1
1000,3,0.0,10.0,0,0.6398166324088268,6.140337691272391,uniform,0,100,3.0,3.0,uniform_exact,0.4576985455324773,2.4555049008147134,1000,0.0,1
1000,3,0.0,10.0,1,0.6645481406412764,5.726033896808133,uniform,0,10,1.5,1.5,uniform_exact,0.6923068091111543,2.661957925759733,1000,0.0,1
1000,3,0.0,10.0,1,0.6645481406412764,5.726033896808133,uniform,0,10,sqrt(log n),2.628260884878466,uniform_exact,0.6923068091111543,2.661957925759733,1000,0.0,1
1000,3,0.0,10.0,1,0.6645481406412764,5.726033896808133,uniform,0,10,3.0,3.0,uniform_exact,0.6923068091111543,2.661957925759733,1000,0.0,1
1000,3,0.0,10.0,1,0.6645481406412764,5.726033896808133,uniform,0,30,1.5,1.5,uniform_exact,0.6576601640532932,3.1341938178876037,1000,0.0,1
1000,3,0.0,10.0,1,0.6645481406412764,5.726033896808133,uniform,0,30,sqrt(log n),2.628260884878466,uniform_exact,0.6576601640532932,3.1341938178876037,1000,0.0,1
1000,3,0.0,10.0,1,0.6645481406412764,5.726033896808133,uniform,0,30,3.0,3.0,uniform_exact,0.6576601640532932,3.1341938178876037,1000,0.0,1
1000,3,0.0,10.0,1,0.6645481406412764,5.726033896808133,uniform,0,50,1.5,1.5,uniform_exact,0.6908329839122642,3.521526837047117,1000,0.0,1
1000,3,0.0,10.0,1,0.6645481406412764,5.726033896808133,uniform,0,50,sqrt(log n),2.628260884878466,uniform_exact,0.6908329839122642,3.521526837047117,1000,0.0,1
1000,3,0.0,10.0,1,0.6645481406412764,5.726033896808133,uniform,0,50,3.0,3.0,uniform_exact,0.6908329839122642,3.521526837047117,1000,0.0,1
1000,3,0.0,10.0,1,0.6645481406412764,5.726033896808133,uniform,0,100,1.5,1.5,uniform_exact,0.6871081086817521,4.0347647015111905,1000,0.0,1
1000,3,0.0,10.0,1,0.6645481406412764,5.726033896808133,uniform,0,100,sqrt(log n),2.628260884878466,uniform_exact,0.6871081086817521,4.0347647015111905,1000,0.0,1
1000,3,0.0,10.0,1,0.6645481406412764,5.726033896808133,uniform,0,100,3.0,3.0,uniform_exact,0.6871081086817521,4.0347647015111905,1000,0.0,1
1000,3,0.0,10.0,2,0.6625855174916219,6.889022080403152,uniform,0,10,1.5,1.5,uniform_exact,0.46658757430984177,1.6850280304141945,1000,0.0,1
1000,3,0.0,10.0,2,0.6625855174916219,6.889022080403152,uniform,0,10,sqrt(log n),2.628260884878466,uniform_exact,0.46658757430984177,1.6850280304141945,1000,0.0,1
1000,3,0.0,10.0,2,0.6625855174916219,6.889022080403152,uniform,0,10,3.0,3.0,uniform_exact,0.46658757430984177,1.6850280304141945,1000,0.0,1
1000,3,0.0,10.0,2,0.6625855174916219,6.889022080403152,uniform,0,30,1.5,1.5,uniform_exact,0.6865815705497685,3.125169953827145,1000,0.0,1
1000,3,0.0,10.0,2,0.6625855174916219,6.889022080403152,uniform,0,30,sqrt(log n),2.628260884878466,uniform_exact,0.6865815705497685,3.125169953827145,1000,0.0,1
1000,3,0.0,10.0,2,0.6625855174916219,6.889022080403152,uniform,0,30,3.0,3.0,uniform_exact,0.6865815705497685,3.125169953827145,1000,0.0,1
1000,3,0.0,10.0,2,0.6625855174916219,6.889022080403152,uniform,0,50,1.5,1.5,uniform_exact,0.5249188828119179,2.9048152274229104,1000,0.0,1
1000,3,0.0,10.0,2,0.6625855174916219,6.889022080403152,uniform,0,50,sqrt(log n),2.628260884878466,uniform_exact,0.5249188828119179,2.9048152274229104,1000,0.0,1
1000,3,0.0,10.0,2,0.6625855174916219,6.889022080403152,uniform,0,50,3.0,3.0,uniform_exact,0.5249188828119179,2.9048152274229104,1000,0.0,1
1000,3,0.0,10.0,2,0.6625855174916219,6.889022080403152,uniform,0,100,1.5,1.5,uniform_exact,0.49048353068842154,2.633620171226554,1000,0.0,1
1000,3,0.0,10.0,2,0.6625855174916219,6.889022080403152,uniform,0,100,sqrt(log n),2.628260884878466,uniform_exact,0.49048353068842154,2.633620171226554,1000,0.0,1
1000,3,0.0,10.0,2,0.6625855174916219,6.889022080403152,uniform,0,100,3.0,3.0,uniform_exact,0.49048353068842154,2.633620171226554,1000,0.0,1
1000,3,0.01,2.0,0,0.6194948810036581,4.431036671722072,uniform,0,10,1.5,1.5,uniform_exact,0.6863991784121322,2.435144139746459,1000,0.0,1
1000,3,0.01,2.0,0,0.6194948810036581,4.431036671722072,uniform,0,10,sqrt(log n),2.628260884878466,uniform_exact,0.6863991784121322,2.435144139746459,1000,0.0,1
1000,3,0.01,2.0,0,0.6194948810036581,4.431036671722072,uniform,0,10,3.0,3.0,uniform_exact,0.6863991784121322,2.435144139746459,1000,0.0,1
1000,3,0.01,2.0,0,0.6194948810036581,4.431036671722072,uniform,0,30,1.5,1.5,uniform_exact,0.6007101728435109,2.7327566832276573,1000,0.0,1
1000,3,0.01,2.0,0,0.6194948810036581,4.431036671722072,uniform,0,30,sqrt(log n),2.628260884878466,uniform_exact,0.6007101728435109,2.7327566832276573,1000,0.0,1
1000,3,0.01,2.0,0,0.6194948810036581,4.431036671722072,uniform,0,30,3.0,3.0,uniform_exact,0.6007101728435109,2.7327566832276573,1000,0.0,1
1000,3,0.01,2.0,0,0.6194948810036581,4.431036671722072,uniform,0,50,1.5,1.5,uniform_exact,0.5327495551785494,2.6298388163907562,1000,0.0,1
1000,3,0.01,2.0,0,0.6194948810036581,4.431036671722072,uniform,0,50,sqrt(log n),2.628260884878466,uniform_exact,0.5327495551785494,2.6298388163907562,1000,0.0,1
1000,3,0.01,2.0,0,0.6194948810036581,4.431036671722072,uniform,0,50,3.0,3.0,uniform_exact,0.5327495551785494,2.6298388163907562,1000,0.0,1
1000,3,0.01,2.0,0,0.6194948810036581,4.431036671722072,uniform,0,100,1.5,1.5,uniform_exact,0.5421753699339935,3.88410806462943,1000,0.0,1
1000,3,0.01,2.0,0,0.6194948810036581,4.431036671722072,uniform,0,100,sqrt(log n),2.628260884878466,uniform_exact,0.5421753699339935,3.88410806462943,1000,0.0,1
1000,3,0.01,2.0,0,0.6194948810036581,4.431036671722072,uniform,0,100,3.0,3.0,uniform_exact,0.5421753699339935,3.88410806462943,1000,0.0,1
1000,3,0.01,2.0,1,0.6419604984348997,5.780451621515172,uniform,0,10,1.5,1.5,uniform_exact,0.34715106134625173,1.61932268362969,1000,0.0,1
1000,3,0.01,2.0,1,0.6419604984348997,5.780451621515172,uniform,0,10,sqrt(log n),2.628260884878466,uniform_exact,0.34715106134625173,1.61932268362969,1000,0.0,1
1000,3,0.01,2.0,1,0.6419604984348997,5.780451621515172,uniform,0,10,3.0,3.0,uniform_exact,0.34715106134625173,1.61932268362969,1000,0.0,1
1000,3,0.01,2.0,1,0.6419604984348997,5.780451621515172,uniform,0,30,1.5,1.5,uniform_exact,0.4975538433582799,2.13652143693654,1000,0.0,1
1000,3,0.01,2.0,1,0.6419604984348997,5.780451621515172,uniform,0,30,sqrt(log n),2.628260884878466,uniform_exact,0.4975538433582799,2.13652143693654,1000,0.0,1
1000,3,0.01,2.0,1,0.6419604984348997,5.780451621515172,uniform,0,30,3.0,3.0,uniform_exact,0.4975538433582799,2.13652143693654,1000,0.0,1
1000,3,0.01,2.0,1,0.6419604984348997,5.780451621515172,uniform,0,50,1.5,1.5,uniform_exact,0.639303452494884,3.179613421850433,1000,0.0,1
1000,3,0.01,2.0,1,0.6419604984348997,5.780451621515172,uniform,0,50,sqrt(log n),2.628260884878466,uniform_exact,0.639303452494884,3.179613421850433,1000,0.0,1
1000,3,0.01,2.0,1,0.6419604984348997,5.780451621515172,uniform,0,50,3.0,3.0,uniform_exact,0.639303452494884,3.179613421850433,1000,0.0,1
1000,3,0.01,2.0,1,0.6419604984348997,5.780451621515172,uniform,0,100,1.5,1.5,uniform_exact,0.5428187753712862,2.79405598518559,1000,0.0,1
1000,3,0.01,2.0,1,0.6419604984348997,5.780451621515172,uniform,0,100,sqrt(log n),2.628260884878466,uniform_exact,0.5428187753712862,2.79405598518559,1000,0.0,1
1000,3,0.01,2.0,1,0.6419604984348997,5.780451621515172,uniform,0,100,3.0,3.0,uniform_exact,0.5428187753712862,2.79405598518559,1000,0.0,1
1000,3,0.01,2.0,2,0.6478534945181104,7.295799872829969,uniform,0,10,1.5,1.5,uniform_exact,0.31688399380104254,1.525134215301213,1000,0.0,1
1000,3,0.01,2.0,2,0.6478534945181104,7.295799872829969,uniform,0,10,sqrt(log n),2.628260884878466,uniform_exact,0.31688399380104254,1.525134215301213,1000,0.0,1
1000,3,0.01,2.0,2,0.6478534945181104,7.295799872829969,uniform,0,10,3.0,3.0,uniform_exact,0.31688399380104254,1.525134215301213,1000,0.0,1
1000,3,0.01,2.0,2,0.6478534945181104,7.295799872829969,uniform,0,30,1.5,1.5,uniform_exact,0.5403823278061843,2.660095210849848,1000,0.0,1
1000,3,0.01,2.0,2,0.6478534945181104,7.295799872829969,uniform,0,30,sqrt(log n),2.628260884878466,uniform_exact,0.5403823278061843,2.660095210849848,1000,0.0,1
1000,3,0.01,2.0,2,0.6478534945181104,7.295799872829969,uniform,0,30,3.0,3.0,uniform_exact,0.5403823278061843,2.660095210849848,1000,0.0,1
1000,3,0.01,2.0,2,0.6478534945181104,7.295799872829969,uniform,0,50,1.5,1.5,uniform_exact,0.5368803286786288,2.1286690511994903,1000,0.0,1
1000,3,0.01,2.0,2,0.6478534945181104,7.295799872829969,uniform,0,50,sqrt(log n),2.628260884878466,uniform_exact,0.5368803286786288,2.1286690511994903,1000,0.0,1
1000,3,0.01,2.0,2,0.6478534945181104,7.295799872829969,uniform,0,50,3.0,3.0,uniform_exact,0.5368803286786288,2.1286690511994903,1000,0.0,1
1000,3,0.01,2.0,2,0.6478534945181104,7.295799872829969,uniform,0,100,1.5,1.5,uniform_exact,0.4955153686049268,2.6871772837741887,1000,0.0,1
1000,3,0.01,2.0,2,0.6478534945181104,7.295799872829969,uniform,0,100,sqrt(log n),2.628260884878466,uniform_exact,0.4955153686049268,2.6871772837741887,1000,0.0,1
1000,3,0.01,2.0,2,0.6478534945181104,7.295799872829969,uniform,0,100,3.0,3.0,uniform_exact,0.4955153686049268,2.6871772837741887,1000,0.0,1
1000,3,0.01,5.0,0,0.9275708025452007,9.067911114745035,uniform,0,10,1.5,1.5,uniform_exact,0.6665289086326462,2.704021466901759,1000,0.0,1
1000,3,0.01,5.0,0,0.9275708025452007,9.067911114745035,uniform,0,10,sqrt(log n),2.628260884878466,uniform_exact,0.6665289086326462,2.704021466901759,1000,0.0,1
1000,3,0.01,5.0,0,0.9275708025452007,9.067911114745035,uniform,0,10,3.0,3.0,uniform_exact,0.6665289086326462,2.704021466901759,1000,0.0,1
1000,3,0.01,5.0,0,0.9275708025452007,9.067911114745035,uniform,0,30,1.5,1.5,uniform_exact,0.5645514547681487,2.2947998891230386,1000,0.0,1
1000,3,0.01,5.0,0,0.9275708025452007,9.067911114745035,uniform,0,30,sqrt(log n),2.628260884878466,uniform_exact,0.5645514547681487,2.2947998891230386,1000,0.0,1
1000,3,0.01,5.0,0,0.9275708025452007,9.067911114745035,uniform,0,30,3.0,3.0,uniform_exact,0.5645514547681487,2.2947998891230386,1000,0.0,1
1000,3,0.01,5.0,0,0.9275708025452007,9.067911114745035,uniform,0,50,1.5,1.5,uniform_exact,0.801043043363208,4.462038548867189,1000,0.0,1
1000,3,0.01,5.0,0,0.9275708025452007,9.067911114745035,uniform,0,50,sqrt(log n),2.628260884878466,uniform_exact,0.801043043363208,4.462038548867189,1000,0.0,1
1000,3,0.01,5.0,0,0.9275708025452007,9.067911114745035,uniform,0,50,3.0,3.0,uniform_exact,0.801043043363208,4.462038548867189,1000,0.0,1
1000,3,0.01,5.0,0,0.9275708025452007,9.067911114745035,uniform,0,100,1.5,1.5,uniform_exact,1.2626282085792322,8.14333367226407,1000,0.0,1
1000,3,0.01,5.0,0,0.9275708025452007,9.067911114745035,uniform,0,100,sqrt(log n),2.628260884878466,uniform_exact,1.2626282085792322,8.14333367226407,1000,0.0,1
1000,3,0.01,5.0,0,0.9275708025452007,9.067911114745035,uniform,0,100,3.0,3.0,uniform_exact,1.2626282085792322,8.14333367226407,1000,0.0,1
1000,3,0.01,5.0,1,0.8826442516694574,9.20078801072338,uniform,0,10,1.5,1.5,uniform_exact,0.3825556677571031,1.6114375142952524,1000,0.0,1
1000,3,0.01,5.0,1,0.8826442516694574,9.20078801072338,uniform,0,10,sqrt(log n),2.628260884878466,uniform_exact,0.3825556677571031,1.6114375142952524,1000,0.0,1
1000,3,0.01,5.0,1,0.8826442516694574,9.20078801072338,uniform,0,10,3.0,3.0,uniform_exact,0.3825556677571031,1.6114375142952524,1000,0.0,1
1000,3,0.01,5.0,1,0.8826442516694574,9.20078801072338,uniform,0,30,1.5,1.5,uniform_exact,1.1842990328446896,6.238276197960493,1000,0.0,1
1000,3,0.01,5.0,1,0.8826442516694574,9.20078801072338,uniform,0,30,sqrt(log n),2.628260884878466,uniform_exact,1.1842990328446896,6.238276197960493,1000,0.0,1
1000,3,0.01,5.0,1,0.8826442516694574,9.20078801072338,uniform,0,30,3.0,3.0,uniform_exact,1.1842990328446896,6.238276197960493,1000,0.0,1
1000,3,0.01,5.0,1,0.8826442516694574,9.20078801072338,uniform,0,50,1.5,1.5,uniform_exact,1.0020187569550316,6.732597055151973,1000,0.0,1
1000,3,0.01,5.0,1,0.8826442516694574,9.20078801072338,uniform,0,50,sqrt(log n),2.628260884878466,uniform_exact,1.0020187569550316,6.732597055151973,1000,0.0,1
1000,3,0.01,5.0,1,0.8826442516694574,9.20078801072338,uniform,0,50,3.0,3.0,uniform_exact,1.0020187569550316,6.732597055151973,1000,0.0,1
1000,3,0.01,5.0,1,0.8826442516694574,9.20078801072338,uniform,0,100,1.5,1.5,uniform_exact,0.7539494006494757,6.996929598323135,1000,0.0,1
1000,3,0.01,5.0,1,0.8826442516694574,9.20078801072338,uniform,0,100,sqrt(log n),2.628260884878466,uniform_exact,0.7539494006494757,6.996929598323135,1000,0.0,1
1000,3,0.01,5.0,1,0.8826442516694574,9.20078801072338,uniform,0,100,3.0,3.0,uniform_exact,0.7539494006494757,6.996929598323135,1000,0.0,1
1000,3,0.01,5.0,2,0.8944373892679047,9.492564196854993,uniform,0,10,1.5,1.5,uniform_exact,1.446137106998938,5.0978661538887895,1000,0.0,1
1000,3,0.01,5.0,2,0.8944373892679047,9.492564196854993,uniform,0,10,sqrt(log n),2.628260884878466,uniform_exact,1.446137106998938,5.0978661538887895,1000,0.0,1
1000,3,0.01,5.0,2,0.8944373892679047,9.492564196854993,uniform,0,10,3.0,3.0,uniform_exact,1.446137106998938,5.0978661538887895,1000,0.0,1
1000,3,0.01,5.0,2,0.8944373892679047,9.492564196854993,uniform,0,30,1.5,1.5,uniform_exact,0.4278624301231511,1.726085670315227,1000,0.0,1
1000,3,0.01,5.0,2,0.8944373892679047,9.492564196854993,uniform,0,30,sqrt(log n),2.628260884878466,uniform_exact,0.4278624301231511,1.726085670315227,1000,0.0,1
1000,3,0.01,5.0,2,0.8944373892679047,9.492564196854993,uniform,0,30,3.0,3.0,uniform_exact,0.4278624301231511,1.726085670315227,1000,0.0,1
1000,3,0.01,5.0,2,0.8944373892679047,9.492564196854993,uniform,0,50,1.5,1.5,uniform_exact,0.46944044745571045,2.8757719506872035,1000,0.0,1
1000,3,0.01,5.0,2,0.8944373892679047,9.492564196854993,uniform,0,50,sqrt(log n),2.628260884878466,uniform_exact,0.46944044745571045,2.8757719506872035,1000,0.0,1
1000,3,0.01,5.0,2,0.8944373892679047,9.492564196854993,uniform,0,50,3.0,3.0,uniform_exact,0.46944044745571045,2.8757719506872035,1000,0.0,1
1000,3,0.01,5.0,2,0.8944373892679047,9.492564196854993,uniform,0,100,1.5,1.5,uniform_exact,0.47000303657933945,2.5167001483926326,1000,0.0,1
1000,3,0.01,5.0,2,0.8944373892679047,9.492564196854993,uniform,0,100,sqrt(log n),2.628260884878466,uniform_exact,0.47000303657933945,2.5167001483926326,1000,0.0,1
1000,3,0.01,5.0,2,0.8944373892679047,9.492564196854993,uniform,0,100,3.0,3.0,uniform_exact,0.47000303657933945,2.5167001483926326,1000,0.0,1
1000,3,0.01,10.0,0,2.1600848596659037,23.591190740265375,uniform,0,10,1.5,1.5,uniform,0.2835357626858402,1.4804679445368445,804,0.0017648486707478454,1
1000,3,0.01,10.0,0,2.1600848596659037,23.591190740265375,uniform,0,10,sqrt(log n),2.628260884878466,uniform,0.2835357626858402,1.4804679445368445,804,0.0017648486707478454,1
1000,3,0.01,10.0,0,2.1600848596659037,23.591190740265375,uniform,0,10,3.0,3.0,uniform,0.2835357626858402,1.4804679445368445,804,0.0017648486707478454,1
1000,3,0.01,10.0,0,2.1600848596659037,23.591190740265375,uniform,0,30,1.5,1.5,is,2.533592101112806,14.219100973316909,2764,0.006330850400641984,0
1000,3,0.01,10.0,0,2.1600848596659037,23.591190740265375,uniform,0,30,sqrt(log n),2.628260884878466,uniform_exact,2.533592101112806,14.219100973316909,1000,0.0,1
1000,3,0.01,10.0,0,2.1600848596659037,23.591190740265375,uniform,0,30,3.0,3.0,uniform_exact,2.533592101112806,14.219100973316909,1000,0.0,1
1000,3,0.01,10.0,0,2.1600848596659037,23.591190740265375,uniform,0,50,1.5,1.5,uniform_exact,0.4241918947125617,2.089051851218011,1000,0.0,1
1000,3,0.01,10.0,0,2.1600848596659037,23.591190740265375,uniform,0,50,sqrt(log n),2.628260884878466,uniform_exact,0.4241918947125617,2.089051851218011,1000,0.0,1
1000,3,0.01,10.0,0,2.1600848596659037,23.591190740265375,uniform,0,50,3.0,3.0,uniform_exact,0.4241918947125617,2.089051851218011,1000,0.0,1
1000,3,0.01,10.0,0,2.1600848596659037,23.591190740265375,uniform,0,100,1.5,1.5,is,2.011527949873679,20.238290420569356,2764,0.014244526866683115,0
1000,3,0.01,10.0,0,2.1600848596659037,23.591190740265375,uniform,0,100,sqrt(log n),2.628260884878466,uniform_exact,2.011527949873679,20.238290420569356,1000,0.0,1
1000,3,0.01,10.0,0,2.1600848596659037,23.591190740265375,uniform,0,100,3.0,3.0,uniform_exact,2.011527949873679,20.238290420569356,1000,0.0,1
1000,3,0.01,10.0,1,2.186629044024305,23.67565527185168,uniform,0,10,1.5,1.5,uniform_exact,0.6963098184531371,2.826297016695321,1000,0.0,1
1000,3,0.01,10.0,1,2.186629044024305,23.67565527185168,uniform,0,10,sqrt(log n),2.628260884878466,uniform_exact,0.6963098184531371,2.826297016695321,1000,0.0,1
1000,3,0.01,10.0,1,2.186629044024305,23.67565527185168,uniform,0,10,3.0,3.0,uniform_exact,0.6963098184531371,2.826297016695321,1000,0.0,1
1000,3,0.01,10.0,1,2.186629044024305,23.67565527185168,uniform,0,30,1.5,1.5,uniform_exact,0.38026114379736825,1.9449023871379305,1000,0.0,1
1000,3,0.01,10.0,1,2.186629044024305,23.67565527185168,uniform,0,30,sqrt(log n),2.628260884878466,uniform_exact,0.38026114379736825,1.9449023871379305,1000,0.0,1
1000,3,0.01,10.0,1,2.186629044024305,23.67565527185168,uniform,0,30,3.0,3.0,uniform_exact,0.38026114379736825,1.9449023871379305,1000,0.0,1
1000,3,0.01,10.0,1,2.186629044024305,23.67565527185168,uniform,0,50,1.5,1.5,uniform_exact,0.8622523515548766,4.142299284623917,1000,0.0,1
1000,3,0.01,10.0,1,2.186629044024305,23.67565527185168,uniform,0,50,sqrt(log n),2.628260884878466,uniform_exact,0.8622523515548766,4.142299284623917,1000,0.0,1
1000,3,0.01,10.0,1,2.186629044024305,23.67565527185168,uniform,0,50,3.0,3.0,uniform_exact,0.8622523515548766,4.142299284623917,1000,0.0,1
1000,3,0.01,10.0,1,2.186629044024305,23.67565527185168,uniform,0,100,1.5,1.5,uniform_exact,0.7404605604471955,5.2954566895652295,1000,0.0,1
1000,3,0.01,10.0,1,2.186629044024305,23.67565527185168,uniform,0,100,sqrt(log n),2.628260884878466,uniform_exact,0.7404605604471955,5.2954566895652295,1000,0.0,1
1000,3,0.01,10.0,1,2.186629044024305,23.67565527185168,uniform,0,100,3.0,3.0,uniform_exact,0.7404605604471955,5.2954566895652295,1000,0.0,1
1000,3,0.01,10.0,2,2.202788337834508,23.474969597415352,uniform,1,10,1.5,1.5,uniform_exact,0.44337593792710506,1.793412719646347,1000,0.0,1
1000,3,0.01,10.0,2,2.202788337834508,23.474969597415352,uniform,1,10,sqrt(log n),2.628260884878466,uniform_exact,0.44337593792710506,1.793412719646347,1000,0.0,1
1000,3,0.01,10.0,2,2.202788337834508,23.474969597415352,uniform,1,10,3.0,3.0,uniform_exact,0.44337593792710506,1.793412719646347,1000,0.0,1
1000,3,0.01,10.0,2,2.202788337834508,23.474969597415352,uniform,1,30,1.5,1.5,uniform_exact,0.8031982254703272,3.7691460032825113,1000,0.0,1
1000,3,0.01,10.0,2,2.202788337834508,23.474969597415352,uniform,1,30,sqrt(log n),2.628260884878466,uniform_exact,0.8031982254703272,3.7691460032825113,1000,0.0,1
1000,3,0.01,10.0,2,2.202788337834508,23.474969597415352,uniform,1,30,3.0,3.0,uniform_exact,0.8031982254703272,3.7691460032825113,1000,0.0,1
1000,3,0.01,10.0,2,2.202788337834508,23.474969597415352,uniform,1,50,1.5,1.5,uniform_exact,0.6606836350447409,3.619768297844281,1000,0.0,1
1000,3,0.01,10.0,2,2.202788337834508,23.474969597415352,uniform,1,50,sqrt(log n),2.628260884878466,uniform_exact,0.6606836350447409,3.619768297844281,1000,0.0,1
1000,3,0.01,10.0,2,2.202788337834508,23.474969597415352,uniform,1,50,3.0,3.0,uniform_exact,0.6606836350447409,3.619768297844281,1000,0.0,1
1000,3,0.01,10.0,2,2.202788337834508,23.474969597415352,uniform,1,100,1.5,1.5,is,2.1245324335881373,21.619384534725793,2764,0.006076283557285327,0
1000,3,0.01,10.0,2,2.202788337834508,23.474969597415352,uniform,1,100,sqrt(log n),2.628260884878466,uniform_exact,2.1245324335881373,21.619384534725793,1000,0.0,1
1000,3,0.01,10.0,2,2.202788337834508,23.474969597415352,uniform,1,100,3.0,3.0,uniform_exact,2.1245324335881373,21.619384534725793,1000,0.0,1
1000,3,0.02,2.0,0,0.668926440883736,6.047119721303887,uniform,0,10,1.5,1.5,uniform_exact,0.42483569170108904,1.9412178072885848,1000,0.0,1
1000,3,0.02,2.0,0,0.668926440883736,6.047119721303887,uniform,0,10,sqrt(log n),2.628260884878466,uniform_exact,0.42483569170108904,1.9412178072885848,1000,0.0,1
1000,3,0.02,2.0,0,0.668926440883736,6.047119721303887,uniform,0,10,3.0,3.0,uniform_exact,0.42483569170108904,1.9412178072885848,1000,0.0,1
1000,3,0.02,2.0,0,0.668926440883736,6.047119721303887,uniform,0,30,1.5,1.5,uniform_exact,0.48112227502069205,2.78983327190557,1000,0.0,1
1000,3,0.02,2.0,0,0.668926440883736,6.047119721303887,uniform,0,30,sqrt(log n),2.628260884878466,uniform_exact,0.48112227502069205,2.78983327190557,1000,0.0,1
1000,3,0.02,2.0,0,0.668926440883736,6.047119721303887,uniform,0,30,3.0,3.0,uniform_exact,0.48112227502069205,2.78983327190557,1000,0.0,1
1000,3,0.02,2.0,0,0.668926440883736,6.047119721303887,uniform,0,50,1.5,1.5,uniform_exact,0.5911847787829158,2.9417929721679017,1000,0.0,1
1000,3,0.02,2.0,0,0.668926440883736,6.047119721303887,uniform,0,50,sqrt(log n),2.628260884878466,uniform_exact,0.5911847787829158,2.9417929721679017,1000,0.0,1
1000,3,0.02,2.0,0,0.668926440883736,6.047119721303887,uniform,0,50,3.0,3.0,uniform_exact,0.5911847787829158,2.9417929721679017,1000,0.0,1
1000,3,0.02,2.0,0,0.668926440883736,6.047119721303887,uniform,0,100,1.5,1.5,uniform_exact,0.6064021403857962,2.9599037308614444,1000,0.0,1
1000,3,0.02,2.0,0,0.668926440883736,6.047119721303887,uniform,0,100,sqrt(log n),2.628260884878466,uniform_exact,0.6064021403857962,2.9599037308614444,1000,0.0,1
1000,3,0.02,2.0,0,0.668926440883736,6.047119721303887,uniform,0,100,3.0,3.0,uniform_exact,0.6064021403857962,2.9599037308614444,1000,0.0,1
1000,3,0.02,2.0,1,0.6096939094021688,4.754850690421404,uniform,0,10,1.5,1.5,uniform_exact,0.5020483829078494,1.9835648441158888,1000,0.0,1
1000,3,0.02,2.0,1,0.6096939094021688,4.754850690421404,uniform,0,10,sqrt(log n),2.628260884878466,uniform_exact,0.5020483829078494,1.9835648441158888,1000,0.0,1
1000,3,0.02,2.0,1,0.6096939094021688,4.754850690421404,uniform,0,10,3.0,3.0,uniform_exact,0.5020483829078494,1.9835648441158888,1000,0.0,1
1000,3,0.02,2.0,1,0.6096939094021688,4.754850690421404,uniform,0,30,1.5,1.5,uniform_exact,0.6098801052426311,3.6493058472464335,1000,0.0,1
1000,3,0.02,2.0,1,0.6096939094021688,4.754850690421404,uniform,0,30,sqrt(log n),2.628260884878466,uniform_exact,0.6098801052426311,3.6493058472464335,1000,0.0,1
1000,3,0.02,2.0,1,0.6096939094021688,4.754850690421404,uniform,0,30,3.0,3.0,uniform_exact,0.6098801052426311,3.6493058472464335,1000,0.0,1
1000,3,0.02,2.0,1,0.6096939094021688,4.754850690421404,uniform,0,50,1.5,1.5,uniform_exact,0.5460932925460482,3.3642118203538662,1000,0.0,1
1000,3,0.02,2.0,1,0.6096939094021688,4.754850690421404,uniform,0,50,sqrt(log n),2.628260884878466,uniform_exact,0.5460932925460482,3.3642118203538662,1000,0.0,1
1000,3,0.02,2.0,1,0.6096939094021688,4.754850690421404,uniform,0,50,3.0,3.0,uniform_exact,0.5460932925460482,3.3642118203538662,1000,0.0,1
1000,3,0.02,2.0,1,0.6096939094021688,4.754850690421404,uniform,0,100,1.5,1.5,uniform_exact,0.5894250287689579,3.58264717873581,1000,0.0,1
1000,3,0.02,2.0,1,0.6096939094021688,4.754850690421404,uniform,0,100,sqrt(log n),2.628260884878466,uniform_exact,0.5894250287689579,3.58264717873581,1000,0.0,1
1000,3,0.02,2.0,1,0.6096939094021688,4.754850690421404,uniform,0,100,3.0,3.0,uniform_exact,0.5894250287689579,3.58264717873581,1000,0.0,1
1000,3,0.02,2.0,2,0.619980694353103,5.711189635441723,uniform,0,10,1.5,1.5,uniform_exact,0.6719465063804664,2.5920417479545246,1000,0.0,1
1000,3,0.02,2.0,2,0.619980694353103,5.711189635441723,uniform,0,10,sqrt(log n),2.628260884878466,uniform_exact,0.6719465063804664,2.5920417479545246,1000,0.0,1
1000,3,0.02,2.0,2,0.619980694353103,5.711189635441723,uniform,0,10,3.0,3.0,uniform_exact,0.6719465063804664,2.5920417479545246,1000,0.0,1
1000,3,0.02,2.0,2,0.619980694353103,5.711189635441723,uniform,0,30,1.5,1.5,uniform_exact,0.39911342743071687,1.886050404958893,1000,0.0,1
1000,3,0.02,2.0,2,0.619980694353103,5.711189635441723,uniform,0,30,sqrt(log n),2.628260884878466,uniform_exact,0.39911342743071687,1.886050404958893,1000,0.0,1
1000,3,0.02,2.0,2,0.619980694353103,5.711189635441723,uniform,0,30,3.0,3.0,uniform_exact,0.39911342743071687,1.886050404958893,1000,0.0,1
1000,3,0.02,2.0,2,0.619980694353103,5.711189635441723,uniform,0,50,1.5,1.5,uniform_exact,0.47454307009009494,2.2670847247380896,1000,0.0,1
1000,3,0.02,2.0,2,0.619980694353103,5.711189635441723,uniform,0,50,sqrt(log n),2.628260884878466,uniform_exact,0.47454307009009494,2.2670847247380896,1000,0.0,1
1000,3,0.02,2.0,2,0.619980694353103,5.711189635441723,uniform,0,50,3.0,3.0,uniform_exact,0.47454307009009494,2.2670847247380896,1000,0.0,1
1000,3,0.02,2.0,2,0.619980694353103,5.711189635441723,uniform,0,100,1.5,1.5,uniform_exact,0.66540868294136,4.499135526783319,1000,0.0,1
1000,3,0.02,2.0,2,0.619980694353103,5.711189635441723,uniform,0,100,sqrt(log n),2.628260884878466,uniform_exact,0.66540868294136,4.499135526783319,1000,0.0,1
1000,3,0.02,2.0,2,0.619980694353103,5.711189635441723,uniform,0,100,3.0,3.0,uniform_exact,0.66540868294136,4.499135526783319,1000,0.0,1
1000,3,0.02,5.0,0,1.0363964890753734,8.83629684462703,uniform,0,10,1.5,1.5,uniform_exact,1.2076996746829645,4.400450918254802,1000,0.0,1
1000,3,0.02,5.0,0,1.0363964890753734,8.83629684462703,uniform,0,10,sqrt(log n),2.628260884878466,uniform_exact,1.2076996746829645,4.400450918254802,1000,0.0,1
1000,3,0.02,5.0,0,1.0363964890753734,8.83629684462703,uniform,0,10,3.0,3.0,uniform_exact,1.2076996746829645,4.400450918254802,1000,0.0,1
1000,3,0.02,5.0,0,1.0363964890753734,8.83629684462703,uniform,0,30,1.5,1.5,uniform_exact,0.6705674292023559,3.1377760385838074,1000,0.0,1
1000,3,0.02,5.0,0,1.0363964890753734,8.83629684462703,uniform,0,30,sqrt(log n),2.628260884878466,uniform_exact,0.6705674292023559,3.1377760385838074,1000,0.0,1
1000,3,0.02,5.0,0,1.0363964890753734,8.83629684462703,uniform,0,30,3.0,3.0,uniform_exact,0.6705674292023559,3.1377760385838074,1000,0.0,1
1000,3,0.02,5.0,0,1.0363964890753734,8.83629684462703,uniform,0,50,1.5,1.5,uniform_exact,1.2845039578316808,8.261180990471022,1000,0.0,1
1000,3,0.02,5.0,0,1.0363964890753734,8.83629684462703,uniform,0,50,sqrt(log n),2.628260884878466,uniform_exact,1.2845039578316808,8.261180990471022,1000,0.0,1
1000,3,0.02,5.0,0,1.0363964890753734,8.83629684462703,uniform,0,50,3.0,3.0,uniform_exact,1.2845039578316808,8.261180990471022,1000,0.0,1
1000,3,0.02,5.0,0,1.0363964890753734,8.83629684462703,uniform,0,100,1.5,1.5,uniform_exact,1.0365539002527855,6.977964077048441,1000,0.0,1
1000,3,0.02,5.0,0,1.0363964890753734,8.83629684462703,uniform,0,100,sqrt(log n),2.628260884878466,uniform_exact,1.0365539002527855,6.977964077048441,1000,0.0,1
1000,3,0.02,5.0,0,1.0363964890753734,8.83629684462703,uniform,0,100,3.0,3.0,uniform_exact,1.0365539002527855,6.977964077048441,1000,0.0,1
1000,3,0.02,5.0,1,1.0808453099122093,9.327938871539764,uniform,0,10,1.5,1.5,uniform_exact,0.7235878438337304,2.6493468183914404,1000,0.0,1
1000,3,0.02,5.0,1,1.0808453099122093,9.327938871539764,uniform,0,10,sqrt(log n),2.628260884878466,uniform_exact,0.7235878438337304,2.6493468183914404,1000,0.0,1
1000,3,0.02,5.0,1,1.0808453099122093,9.327938871539764,uniform,0,10,3.0,3.0,uniform_exact,0.7235878438337304,2.6493468183914404,1000,0.0,1
1000,3,0.02,5.0,1,1.0808453099122093,9.327938871539764,uniform,0,30,1.5,1.5,uniform_exact,1.4464001341379666,8.321589425221989,1000,0.0,1
1000,3,0.02,5.0,1,1.0808453099122093,9.327938871539764,uniform,0,30,sqrt(log n),2.628260884878466,uniform_exact,1.4464001341379666,8.321589425221989,1000,0.0,1
1000,3,0.02,5.0,1,1.0808453099122093,9.327938871539764,uniform,0,30,3.0,3.0,uniform_exact,1.4464001341379666,8.321589425221989,1000,0.0,1
1000,3,0.02,5.0,1,1.0808453099122093,9.327938871539764,uniform,0,50,1.5,1.5,uniform_exact,0.5845570986774183,2.8896738829502797,1000,0.0,1
1000,3,0.02,5.0,1,1.0808453099122093,9.327938871539764,uniform,0,50,sqrt(log n),2.628260884878466,uniform_exact,0.5845570986774183,2.8896738829502797,1000,0.0,1
1000,3,0.02,5.0,1,1.0808453099122093,9.327938871539764,uniform,0,50,3.0,3.0,uniform_exact,0.5845570986774183,2.8896738829502797,1000,0.0,1
1000,3,0.02,5.0,1,1.0808453099122093,9.327938871539764,uniform,0,100,1.5,1.5,uniform_exact,0.6832626816972919,4.180093868960521,1000,0.0,1
1000,3,0.02,5.0,1,1.0808453099122093,9.327938871539764,uniform,0,100,sqrt(log n),2.628260884878466,uniform_exact,0.6832626816972919,4.180093868960521,1000,0.0,1
1000,3,0.02,5.0,1,1.0808453099122093,9.327938871539764,uniform,0,100,3.0,3.0,uniform_exact,0.6832626816972919,4.180093868960521,1000,0.0,1
1000,3,0.02,5.0,2,1.0555990939448983,9.079803243418585,uniform,0,10,1.5,1.5,uniform_exact,0.7314061226742793,2.2628610664499873,1000,0.0,1
1000,3,0.02,5.0,2,1.0555990939448983,9.079803243418585,uniform,0,10,sqrt(log n),2.628260884878466,uniform_exact,0.7314061226742793,2.2628610664499873,1000,0.0,1
1000,3,0.02,5.0,2,1.0555990939448983,9.079803243418585,uniform,0,10,3.0,3.0,uniform_exact,0.7314061226742793,2.2628610664499873,1000,0.0,1
1000,3,0.02,5.0,2,1.0555990939448983,9.079803243418585,uniform,0,30,1.5,1.5,uniform_exact,1.0926911654063025,6.194083441925189,1000,0.0,1
1000,3,0.02,5.0,2,1.0555990939448983,9.079803243418585,uniform,0,30,sqrt(log n),2.628260884878466,uniform_exact,1.0926911654063025,6.194083441925189,1000,0.0,1
1000,3,0.02,5.0,2,1.0555990939448983,9.079803243418585,uniform,0,30,3.0,3.0,uniform_exact,1.0926911654063025,6.194083441925189,1000,0.0,1
1000,3,0.02,5.0,2,1.0555990939448983,9.079803243418585,uniform,0,50,1.5,1.5,uniform_exact,1.261037112027404,9.114713699009496,1000,0.0,1
1000,3,0.02,5.0,2,1.0555990939448983,9.079803243418585,uniform,0,50,sqrt(log n),2.628260884878466,uniform_exact,1.261037112027404,9.114713699009496,1000,0.0,1
1000,3,0.02,5.0,2,1.0555990939448983,9.079803243418585,uniform,0,50,3.0,3.0,uniform_exact,1.261037112027404,9.114713699009496,1000,0.0,1
1000,3,0.02,5.0,2,1.0555990939448983,9.079803243418585,uniform,0,100,1.5,1.5,uniform_exact,0.8741044233004729,7.124545338709112,1000,0.0,1
1000,3,0.02,5.0,2,1.0555990939448983,9.079803243418585,uniform,0,100,sqrt(log n),2.628260884878466,uniform_exact,0.8741044233004729,7.124545338709112,1000,0.0,1
1000,3,0.02,5.0,2,1.0555990939448983,9.079803243418585,uniform,0,100,3.0,3.0,uniform_exact,0.8741044233004729,7.124545338709112,1000,0.0,1
1000,3,0.02,10.0,0,2.4223349633420703,19.324723385669508,uniform,1,10,1.5,1.5,is,2.3085107462668417,7.561740643216579,2764,0.01587731099941792,0
1000,3,0.02,10.0,0,2.4223349633420703,19.324723385669508,uniform,1,10,sqrt(log n),2.628260884878466,uniform_exact,2.3085107462668417,7.561740643216579,1000,0.0,1
1000,3,0.02,10.0,0,2.4223349633420703,19.324723385669508,uniform,1,10,3.0,3.0,uniform_exact,2.3085107462668417,7.561740643216579,1000,0.0,1
1000,3,0.02,10.0,0,2.4223349633420703,19.324723385669508,uniform,1,30,1.5,1.5,uniform_exact,0.5328911702829292,2.81425556029038,1000,0.0,1
1000,3,0.02,10.0,0,2.4223349633420703,19.324723385669508,uniform,1,30,sqrt(log n),2.628260884878466,uniform_exact,0.5328911702829292,2.81425556029038,1000,0.0,1
1000,3,0.02,10.0,0,2.4223349633420703,19.324723385669508,uniform,1,30,3.0,3.0,uniform_exact,0.5328911702829292,2.81425556029038,1000,0.0,1
1000,3,0.02,10.0,0,2.4223349633420703,19.324723385669508,uniform,1,50,1.5,1.5,is,2.6474172639245444,19.081483234932836,2764,0.0002525144947683766,0
1000,3,0.02,10.0,0,2.4223349633420703,19.324723385669508,uniform,1,50,sqrt(log n),2.628260884878466,is,2.6474172639245444,19.081483234932836,2764,0.0002525144947683766,0
1000,3,0.02,10.0,0,2.4223349633420703,19.324723385669508,uniform,1,50,3.0,3.0,uniform_exact,2.6474172639245444,19.081483234932836,1000,0.0,1
1000,3,0.02,10.0,0,2.4223349633420703,19.324723385669508,uniform,1,100,1.5,1.5,is,2.384326310590763,14.935035670974889,2764,0.003777165852972432,0
1000,3,0.02,10.0,0,2.4223349633420703,19.324723385669508,uniform,1,100,sqrt(log n),2.628260884878466,uniform_exact,2.384326310590763,14.935035670974889,1000,0.0,1
1000,3,0.02,10.0,0,2.4223349633420703,19.324723385669508,uniform,1,100,3.0,3.0,uniform_exact,2.384326310590763,14.935035670974889,1000,0.0,1
1000,3,0.02,10.0,1,2.4594205603819232,19.349043540692758,uniform,1,10,1.5,1.5,is,1.8329849959050186,4.539222435695492,2764,0.0037857399263903327,0
1000,3,0.02,10.0,1,2.4594205603819232,19.349043540692758,uniform,1,10,sqrt(log n),2.628260884878466,uniform_exact,1.8329849959050186,4.539222435695492,1000,0.0,1
1000,3,0.02,10.0,1,2.4594205603819232,19.349043540692758,uniform,1,10,3.0,3.0,uniform_exact,1.8329849959050186,4.539222435695492,1000,0.0,1
1000,3,0.02,10.0,1,2.4594205603819232,19.349043540692758,uniform,1,30,1.5,1.5,uniform_exact,0.5241307675597099,2.5163965168367577,1000,0.0,1
1000,3,0.02,10.0,1,2.4594205603819232,19.349043540692758,uniform,1,30,sqrt(log n),2.628260884878466,uniform_exact,0.5241307675597099,2.5163965168367577,1000,0.0,1
1000,3,0.02,10.0,1,2.4594205603819232,19.349043540692758,uniform,1,30,3.0,3.0,uniform_exact,0.5241307675597099,2.5163965168367577,1000,0.0,1
1000,3,0.02,10.0,1,2.4594205603819232,19.349043540692758,uniform,1,50,1.5,1.5,uniform_exact,0.9822377754897278,5.237426744776147,1000,0.0,1
1000,3,0.02,10.0,1,2.4594205603819232,19.349043540692758,uniform,1,50,sqrt(log n),2.628260884878466,uniform_exact,0.9822377754897278,5.237426744776147,1000,0.0,1
1000,3,0.02,10.0,1,2.4594205603819232,19.349043540692758,uniform,1,50,3.0,3.0,uniform_exact,0.9822377754897278,5.237426744776147,1000,0.0,1
1000,3,0.02,10.0,1,2.4594205603819232,19.349043540692758,uniform,1,100,1.5,1.5,uniform_exact,0.6655943531208547,4.56714862818751,1000,0.0,1
1000,3,0.02,10.0,1,2.4594205603819232,19.349043540692758,uniform,1,100,sqrt(log n),2.628260884878466,uniform_exact,0.6655943531208547,4.56714862818751,1000,0.0,1
1000,3,0.02,10.0,1,2.4594205603819232,19.349043540692758,uniform,1,100,3.0,3.0,uniform_exact,0.6655943531208547,4.56714862818751,1000,0.0,1
1000,3,0.02,10.0,2,2.441556227376376,19.145175988469532,uniform,1,10,1.5,1.5,uniform_exact,0.40744816801297107,1.8777290844054484,1000,0.0,1
1000,3,0.02,10.0,2,2.441556227376376,19.145175988469532,uniform,1,10,sqrt(log n),2.628260884878466,uniform_exact,0.40744816801297107,1.8777290844054484,1000,0.0,1
1000,3,0.02,10.0,2,2.441556227376376,19.145175988469532,uniform,1,10,3.0,3.0,uniform_exact,0.40744816801297107,1.8777290844054484,1000,0.0,1
1000,3,0.02,10.0,2,2.441556227376376,19.145175988469532,uniform,1,30,1.5,1.5,is,2.582782587450654,14.592374741050456,2764,0.0135954903117769,0
1000,3,0.02,10.0,2,2.441556227376376,19.145175988469532,uniform,1,30,sqrt(log n),2.628260884878466,uniform_exact,2.582782587450654,14.592374741050456,1000,0.0,1
1000,3,0.02,10.0,2,2.441556227376376,19.145175988469532,uniform,1,30,3.0,3.0,uniform_exact,2.582782587450654,14.592374741050456,1000,0.0,1
1000,3,0.02,10.0,2,2.441556227376376,19.145175988469532,uniform,1,50,1.5,1.5,uniform_exact,0.46756927389238073,2.475962947593006,1000,0.0,1
1000,3,0.02,10.0,2,2.441556227376376,19.145175988469532,uniform,1,50,sqrt(log n),2.628260884878466,uniform_exact,0.46756927389238073,2.475962947593006,1000,0.0,1
1000,3,0.02,10.0,2,2.441556227376376,19.145175988469532,uniform,1,50,3.0,3.0,uniform_exact,0.46756927389238073,2.475962947593006,1000,0.0,1
1000,3,0.02,10.0,2,2.441556227376376,19.145175988469532,uniform,1,100,1.5,1.5,is,2.419712178540918,18.561270018704153,2764,0.007104428376548403,0
1000,3,0.02,10.0,2,2.441556227376376,19.145175988469532,uniform,1,100,sqrt(log n),2.628260884878466,uniform_exact,2.419712178540918,18.561270018704153,1000,0.0,1
1000,3,0.02,10.0,2,2.441556227376376,19.145175988469532,uniform,1,100,3.0,3.0,uniform_exact,2.419712178540918,18.561270018704153,1000,0.0,1
1000,3,0.05,2.0,0,0.6787566315775071,6.9795351614658365,uniform,0,10,1.5,1.5,uniform_exact,0.5208390785423725,1.8079270263764649,1000,0.0,1
1000,3,0.05,2.0,0,0.6787566315775071,6.9795351614658365,uniform,0,10,sqrt(log n),2.628260884878466,uniform_exact,0.5208390785423725,1.8079270263764649,1000,0.0,1
1000,3,0.05,2.0,0,0.6787566315775071,6.9795351614658365,uniform,0,10,3.0,3.0,uniform_exact,0.5208390785423725,1.8079270263764649,1000,0.0,1
1000,3,0.05,2.0,0,0.6787566315775071,6.9795351614658365,uniform,0,30,1.5,1.5,uniform_exact,0.775482091302875,4.197808408349353,1000,0.0,1
1000,3,0.05,2.0,0,0.6787566315775071,6.9795351614658365,uniform,0,30,sqrt(log n),2.628260884878466,uniform_exact,0.775482091302875,4.197808408349353,1000,0.0,1
1000,3,0.05,2.0,0,0.6787566315775071,6.9795351614658365,uniform,0,30,3.0,3.0,uniform_exact,0.775482091302875,4.197808408349353,1000,0.0,1
1000,3,0.05,2.0,0,0.6787566315775071,6.9795351614658365,uniform,0,50,1.5,1.5,uniform_exact,0.5271063051365243,2.2286658584542063,1000,0.0,1
1000,3,0.05,2.0,0,0.6787566315775071,6.9795351614658365,uniform,0,50,sqrt(log n),2.628260884878466,uniform_exact,0.5271063051365243,2.2286658584542063,1000,0.0,1
1000,3,0.05,2.0,0,0.6787566315775071,6.9795351614658365,uniform,0,50,3.0,3.0,uniform_exact,0.5271063051365243,2.2286658584542063,1000,0.0,1
1000,3,0.05,2.0,0,0.6787566315775071,6.9795351614658365,uniform,0,100,1.5,1.5,uniform_exact,0.938138749984195,7.075801438067695,1000,0.0,1
1000,3,0.05,2.0,0,0.6787566315775071,6.9795351614658365,uniform,0,100,sqrt(log n),2.628260884878466,uniform_exact,0.938138749984195,7.075801438067695,1000,0.0,1
1000,3,0.05,2.0,0,0.6787566315775071,6.9795351614658365,uniform,0,100,3.0,3.0,uniform_exact,0.938138749984195,7.075801438067695,1000,0.0,1
1000,3,0.05,2.0,1,0.6273247767797993,5.416408240314115,uniform,0,10,1.5,1.5,uniform_exact,0.6814400428056583,2.888152915595165,1000,0.0,1
1000,3,0.05,2.0,1,0.6273247767797993,5.416408240314115,uniform,0,10,sqrt(log n),2.628260884878466,uniform_exact,0.6814400428056583,2.888152915595165,1000,0.0,1
1000,3,0.05,2.0,1,0.6273247767797993,5.416408240314115,uniform,0,10,3.0,3.0,uniform_exact,0.6814400428056583,2.888152915595165,1000,0.0,1
1000,3,0.05,2.0,1,0.6273247767797993,5.416408240314115,uniform,0,30,1.5,1.5,uniform_exact,0.554841842380954,2.693253587032527,1000,0.0,1
1000,3,0.05,2.0,1,0.6273247767797993,5.416408240314115,uniform,0,30,sqrt(log n),2.628260884878466,uniform_exact,0.554841842380954,2.693253587032527,1000,0.0,1
1000,3,0.05,2.0,1,0.6273247767797993,5.416408240314115,uniform,0,30,3.0,3.0,uniform_exact,0.554841842380954,2.693253587032527,1000,0.0,1
1000,3,0.05,2.0,1,0.6273247767797993,5.416408240314115,uniform,0,50,1.5,1.5,uniform_exact,0.6331776017483813,3.2275628920389616,1000,0.0,1
1000,3,0.05,2.0,1,0.6273247767797993,5.416408240314115,uniform,0,50,sqrt(log n),2.628260884878466,uniform_exact,0.6331776017483813,3.2275628920389616,1000,0.0,1
1000,3,0.05,2.0,1,0.6273247767797993,5.416408240314115,uniform,0,50,3.0,3.0,uniform_exact,0.6331776017483813,3.2275628920389616,1000,0.0,1
1000,3,0.05,2.0,1,0.6273247767797993,5.416408240314115,uniform,0,100,1.5,1.5,uniform_exact,0.543887529703613,3.4753885166446628,1000,0.0,1
1000,3,0.05,2.0,1,0.6273247767797993,5.416408240314115,uniform,0,100,sqrt(log n),2.628260884878466,uniform_exact,0.543887529703613,3.4753885166446628,1000,0.0,1
1000,3,0.05,2.0,1,0.6273247767797993,5.416408240314115,uniform,0,100,3.0,3.0,uniform_exact,0.543887529703613,3.4753885166446628,1000,0.0,1
1000,3,0.05,2.0,2,0.6436184853347732,6.685255422490038,uniform,0,10,1.5,1.5,uniform_exact,0.33532553477235416,1.722930350697064,1000,0.0,1
1000,3,0.05,2.0,2,0.6436184853347732,6.685255422490038,uniform,0,10,sqrt(log n),2.628260884878466,uniform_exact,0.33532553477235416,1.722930350697064,1000,0.0,1
1000,3,0.05,2.0,2,0.6436184853347732,6.685255422490038,uniform,0,10,3.0,3.0,uniform_exact,0.33532553477235416,1.722930350697064,1000,0.0,1
1000,3,0.05,2.0,2,0.6436184853347732,6.685255422490038,uniform,0,30,1.5,1.5,uniform_exact,0.6252840591362263,2.8953720394628206,1000,0.0,1
1000,3,0.05,2.0,2,0.6436184853347732,6.685255422490038,uniform,0,30,sqrt(log n),2.628260884878466,uniform_exact,0.6252840591362263,2.8953720394628206,1000,0.0,1
1000,3,0.05,2.0,2,0.6436184853347732,6.685255422490038,uniform,0,30,3.0,3.0,uniform_exact,0.6252840591362263,2.8953720394628206,1000,0.0,1
1000,3,0.05,2.0,2,0.6436184853347732,6.685255422490038,uniform,0,50,1.5,1.5,uniform_exact,0.7324984133619948,5.21095276282547,1000,0.0,1
1000,3,0.05,2.0,2,0.6436184853347732,6.685255422490038,uniform,0,50,sqrt(log n),2.628260884878466,uniform_exact,0.7324984133619948,5.21095276282547,1000,0.0,1
1000,3,0.05,2.0,2,0.6436184853347732,6.685255422490038,uniform,0,50,3.0,3.0,uniform_exact,0.7324984133619948,5.21095276282547,1000,0.0,1
1000,3,0.05,2.0,2,0.6436184853347732,6.685255422490038,uniform,0,100,1.5,1.5,uniform_exact,0.6223656651106194,4.214860365482202,1000,0.0,1
1000,3,0.05,2.0,2,0.6436184853347732,6.685255422490038,uniform,0,100,sqrt(log n),2.628260884878466,uniform_exact,0.6223656651106194,4.214860365482202,1000,0.0,1
1000,3,0.05,2.0,2,0.6436184853347732,6.685255422490038,uniform,0,100,3.0,3.0,uniform_exact,0.6223656651106194,4.214860365482202,1000,0.0,1
1000,3,0.05,5.0,0,1.322654341020879,7.809373922547658,uniform,0,10,1.5,1.5,uniform_exact,0.33977563132181937,1.4619025907750436,1000,0.0,1
1000,3,0.05,5.0,0,1.322654341020879,7.809373922547658,uniform,0,10,sqrt(log n),2.628260884878466,uniform_exact,0.33977563132181937,1.4619025907750436,1000,0.0,1
1000,3,0.05,5.0,0,1.322654341020879,7.809373922547658,uniform,0,10,3.0,3.0,uniform_exact,0.33977563132181937,1.4619025907750436,1000,0.0,1
1000,3,0.05,5.0,0,1.322654341020879,7.809373922547658,uniform,0,30,1.5,1.5,uniform,0.31446233796713347,1.6933919939172495,989,0.0015379535925763154,1
1000,3,0.05,5.0,0,1.322654341020879,7.809373922547658,uniform,0,30,sqrt(log n),2.628260884878466,uniform,0.31446233796713347,1.6933919939172495,989,0.0015379535925763154,1
1000,3,0.05,5.0,0,1.322654341020879,7.809373922547658,uniform,0,30,3.0,3.0,uniform,0.31446233796713347,1.6933919939172495,989,0.0015379535925763154,1
1000,3,0.05,5.0,0,1.322654341020879,7.809373922547658,uniform,0,50,1.5,1.5,uniform_exact,1.1778453206985187,7.571671714364656,1000,0.0,1
1000,3,0.05,5.0,0,1.322654341020879,7.809373922547658,uniform,0,50,sqrt(log n),2.628260884878466,uniform_exact,1.1778453206985187,7.571671714364656,1000,0.0,1
1000,3,0.05,5.0,0,1.322654341020879,7.809373922547658,uniform,0,50,3.0,3.0,uniform_exact,1.1778453206985187,7.571671714364656,1000,0.0,1
1000,3,0.05,5.0,0,1.322654341020879,7.809373922547658,uniform,0,100,1.5,1.5,uniform_exact,1.4147925598673714,7.692014974322287,1000,0.0,1
1000,3,0.05,5.0,0,1.322654341020879,7.809373922547658,uniform,0,100,sqrt(log n),2.628260884878466,uniform_exact,1.4147925598673714,7.692014974322287,1000,0.0,1
1000,3,0.05,5.0,0,1.322654341020879,7.809373922547658,uniform,0,100,3.0,3.0,uniform_exact,1.4147925598673714,7.692014974322287,1000,0.0,1
1000,3,0.05,5.0,1,1.2985808873964355,8.313744404611858,uniform,0,10,1.5,1.5,uniform_exact,0.4930755408750622,2.075904419197655,1000,0.0,1
1000,3,0.05,5.0,1,1.2985808873964355,8.313744404611858,uniform,0,10,sqrt(log n),2.628260884878466,uniform_exact,0.4930755408750622,2.075904419197655,1000,0.0,1
1000,3,0.05,5.0,1,1.2985808873964355,8.313744404611858,uniform,0,10,3.0,3.0,uniform_exact,0.4930755408750622,2.075904419197655,1000,0.0,1
1000,3,0.05,5.0,1,1.2985808873964355,8.313744404611858,uniform,0,30,1.5,1.5,uniform_exact,0.6203303165704007,3.6074195929974624,1000,0.0,1
1000,3,0.05,5.0,1,1.2985808873964355,8.313744404611858,uniform,0,30,sqrt(log n),2.628260884878466,uniform_exact,0.6203303165704007,3.6074195929974624,1000,0.0,1
1000,3,0.05,5.0,1,1.2985808873964355,8.313744404611858,uniform,0,30,3.0,3.0,uniform_exact,0.6203303165704007,3.6074195929974624,1000,0.0,1
1000,3,0.05,5.0,1,1.2985808873964355,8.313744404611858,uniform,0,50,1.5,1.5,uniform_exact,1.3263115303148099,6.8309917562638125,1000,0.0,1
1000,3,0.05,5.0,1,1.2985808873964355,8.313744404611858,uniform,0,50,sqrt(log n),2.628260884878466,uniform_exact,1.3263115303148099,6.8309917562638125,1000,0.0,1
1000,3,0.05,5.0,1,1.2985808873964355,8.313744404611858,uniform,0,50,3.0,3.0,uniform_exact,1.3263115303148099,6.8309917562638125,1000,0.0,1
1000,3,0.05,5.0,1,1.2985808873964355,8.313744404611858,uniform,0,100,1.5,1.5,uniform_exact,1.1231005684518651,8.385510165759973,1000,0.0,1
1000,3,0.05,5.0,1,1.2985808873964355,8.313744404611858,uniform,0,100,sqrt(log n),2.628260884878466,uniform_exact,1.1231005684518651,8.385510165759973,1000,0.0,1
1000,3,0.05,5.0,1,1.2985808873964355,8.313744404611858,uniform,0,100,3.0,3.0,uniform_exact,1.1231005684518651,8.385510165759973,1000,0.0,1
1000,3,0.05,5.0,2,1.208561744925839,7.712949719548932,uniform,0,10,1.5,1.5,is,1.6100789579180574,5.51485110172027,2764,0.010731383499917794,0
1000,3,0.05,5.0,2,1.208561744925839,7.712949719548932,uniform,0,10,sqrt(log n),2.628260884878466,uniform_exact,1.6100789579180574,5.51485110172027,1000,0.0,1
1000,3,0.05,5.0,2,1.208561744925839,7.712949719548932,uniform,0,10,3.0,3.0,uniform_exact,1.6100789579180574,5.51485110172027,1000,0.0,1
1000,3,0.05,5.0,2,1.208561744925839,7.712949719548932,uniform,0,30,1.5,1.5,uniform_exact,1.2936955130424226,5.865677136049236,1000,0.0,1
1000,3,0.05,5.0,2,1.208561744925839,7.712949719548932,uniform,0,30,sqrt(log n),2.628260884878466,uniform_exact,1.2936955130424226,5.865677136049236,1000,0.0,1
1000,3,0.05,5.0,2,1.208561744925839,7.712949719548932,uniform,0,30,3.0,3.0,uniform_exact,1.2936955130424226,5.865677136049236,1000,0.0,1
1000,3,0.05,5.0,2,1.208561744925839,7.712949719548932,uniform,0,50,1.5,1.5,uniform_exact,0.8014025057724441,5.56274138257098,1000,0.0,1
1000,3,0.05,5.0,2,1.208561744925839,7.712949719548932,uniform,0,50,sqrt(log n),2.628260884878466,uniform_exact,0.8014025057724441,5.56274138257098,1000,0.0,1
1000,3,0.05,5.0,2,1.208561744925839,7.712949719548932,uniform,0,50,3.0,3.0,uniform_exact,0.8014025057724441,5.56274138257098,1000,0.0,1
1000,3,0.05,5.0,2,1.208561744925839,7.712949719548932,uniform,0,100,1.5,1.5,uniform_exact,1.2094205911389881,7.117113006844799,1000,0.0,1
1000,3,0.05,5.0,2,1.208561744925839,7.712949719548932,uniform,0,100,sqrt(log n),2.628260884878466,uniform_exact,1.2094205911389881,7.117113006844799,1000,0.0,1
1000,3,0.05,5.0,2,1.208561744925839,7.712949719548932,uniform,0,100,3.0,3.0,uniform_exact,1.2094205911389881,7.117113006844799,1000,0.0,1
1000,3,0.05,10.0,0,2.507398434602011,12.789785607408268,uniform,1,10,1.5,1.5,is,2.2257669425898827,7.322801355548416,2764,0.013071910500125686,0
1000,3,0.05,10.0,0,2.507398434602011,12.789785607408268,uniform,1,10,sqrt(log n),2.628260884878466,uniform_exact,2.2257669425898827,7.322801355548416,1000,0.0,1
1000,3,0.05,10.0,0,2.507398434602011,12.789785607408268,uniform,1,10,3.0,3.0,uniform_exact,2.2257669425898827,7.322801355548416,1000,0.0,1
1000,3,0.05,10.0,0,2.507398434602011,12.789785607408268,uniform,1,30,1.5,1.5,is,1.9770060730559609,6.1207821609705295,2764,0.0015528444812764025,0
1000,3,0.05,10.0,0,2.507398434602011,12.789785607408268,uniform,1,30,sqrt(log n),2.628260884878466,uniform_exact,1.9770060730559609,6.1207821609705295,1000,0.0,1
1000,3,0.05,10.0,0,2.507398434602011,12.789785607408268,uniform,1,30,3.0,3.0,uniform_exact,1.9770060730559609,6.1207821609705295,1000,0.0,1
1000,3,0.05,10.0,0,2.507398434602011,12.789785607408268,uniform,1,50,1.5,1.5,uniform_exact,0.663708826037248,3.91745460302753,1000,0.0,1
1000,3,0.05,10.0,0,2.507398434602011,12.789785607408268,uniform,1,50,sqrt(log n),2.628260884878466,uniform_exact,0.663708826037248,3.91745460302753,1000,0.0,1
1000,3,0.05,10.0,0,2.507398434602011,12.789785607408268,uniform,1,50,3.0,3.0,uniform_exact,0.663708826037248,3.91745460302753,1000,0.0,1
1000,3,0.05,10.0,0,2.507398434602011,12.789785607408268,uniform,1,100,1.5,1.5,is,2.4843255309800303,10.983722999721904,2764,0.01751825922575861,0
1000,3,0.05,10.0,0,2.507398434602011,12.789785607408268,uniform,1,100,sqrt(log n),2.628260884878466,uniform_exact,2.4843255309800303,10.983722999721904,1000,0.0,1
1000,3,0.05,10.0,0,2.507398434602011,12.789785607408268,uniform,1,100,3.0,3.0,uniform_exact,2.4843255309800303,10.983722999721904,1000,0.0,1
1000,3,0.05,10.0,1,2.520669114923294,12.78671987327333,uniform,1,10,1.5,1.5,is,2.2095751102965133,7.266479159857636,2764,0.0005598611436613807,0
1000,3,0.05,10.0,1,2.520669114923294,12.78671987327333,uniform,1,10,sqrt(log n),2.628260884878466,uniform_exact,2.2095751102965133,7.266479159857636,1000,0.0,1
1000,3,0.05,10.0,1,2.520669114923294,12.78671987327333,uniform,1,10,3.0,3.0,uniform_exact,2.2095751102965133,7.266479159857636,1000,0.0,1
1000,3,0.05,10.0,1,2.520669114923294,12.78671987327333,uniform,1,30,1.5,1.5,is,2.7187571848723504,15.32052294572657,2764,0.012048868421385719,0
1000,3,0.05,10.0,1,2.520669114923294,12.78671987327333,uniform,1,30,sqrt(log n),2.628260884878466,is,2.7187571848723504,15.32052294572657,2764,0.012048868421385719,0
1000,3,0.05,10.0,1,2.520669114923294,12.78671987327333,uniform,1,30,3.0,3.0,uniform_exact,2.7187571848723504,15.32052294572657,1000,0.0,1
1000,3,0.05,10.0,1,2.520669114923294,12.78671987327333,uniform,1,50,1.5,1.5,is,2.5041205832228184,13.373193783561538,2764,0.002586742057333798,0
1000,3,0.05,10.0,1,2.520669114923294,12.78671987327333,uniform,1,50,sqrt(log n),2.628260884878466,uniform_exact,2.5041205832228184,13.373193783561538,1000,0.0,1
1000,3,0.05,10.0,1,2.520669114923294,12.78671987327333,uniform,1,50,3.0,3.0,uniform_exact,2.5041205832228184,13.373193783561538,1000,0.0,1
1000,3,0.05,10.0,1,2.520669114923294,12.78671987327333,uniform,1,100,1.5,1.5,is,2.487031949655261,18.78944374431852,2764,0.002300667085298122,0
1000,3,0.05,10.0,1,2.520669114923294,12.78671987327333,uniform,1,100,sqrt(log n),2.628260884878466,uniform_exact,2.487031949655261,18.78944374431852,1000,0.0,1
1000,3,0.05,10.0,1,2.520669114923294,12.78671987327333,uniform,1,100,3.0,3.0,uniform_exact,2.487031949655261,18.78944374431852,1000,0.0,1
1000,3,0.05,10.0,2,2.49068495781207,12.596211278828237,uniform,1,10,1.5,1.5,uniform_exact,0.6935420342175264,2.5470892743996796,1000,0.0,1
1000,3,0.05,10.0,2,2.49068495781207,12.596211278828237,uniform,1,10,sqrt(log n),2.628260884878466,uniform_exact,0.6935420342175264,2.5470892743996796,1000,0.0,1
1000,3,0.05,10.0,2,2.49068495781207,12.596211278828237,uniform,1,10,3.0,3.0,uniform_exact,0.6935420342175264,2.5470892743996796,1000,0.0,1
1000,3,0.05,10.0,2,2.49068495781207,12.596211278828237,uniform,1,30,1.5,1.5,is,2.3677310492376296,9.947990522207371,2764,0.008119816607437727,0
1000,3,0.05,10.0,2,2.49068495781207,12.596211278828237,uniform,1,30,sqrt(log n),2.628260884878466,uniform_exact,2.3677310492376296,9.947990522207371,1000,0.0,1
1000,3,0.05,10.0,2,2.49068495781207,12.596211278828237,uniform,1,30,3.0,3.0,uniform_exact,2.3677310492376296,9.947990522207371,1000,0.0,1
1000,3,0.05,10.0,2,2.49068495781207,12.596211278828237,uniform,1,50,1.5,1.5,is,2.6497741370502026,14.492152074699804,2764,0.004655783396007927,0
1000,3,0.05,10.0,2,2.49068495781207,12.596211278828237,uniform,1,50,sqrt(log n),2.628260884878466,is,2.6497741370502026,14.492152074699804,2764,0.004655783396007927,0
1000,3,0.05,10.0,2,2.49068495781207,12.596211278828237,uniform,1,50,3.0,3.0,uniform_exact,2.6497741370502026,14.492152074699804,1000,0.0,1
1000,3,0.05,10.0,2,2.49068495781207,12.596211278828237,uniform,1,100,1.5,1.5,is,2.563228868607082,11.422480665534769,2764,0.0004782194443419824,0
1000,3,0.05,10.0,2,2.49068495781207,12.596211278828237,uniform,1,100,sqrt(log n),2.628260884878466,uniform_exact,2.563228868607082,11.422480665534769,1000,0.0,1
1000,3,0.05,10.0,2,2.49068495781207,12.596211278828237,uniform,1,100,3.0,3.0,uniform_exact,2.563228868607082,11.422480665534769,1000,0.0,1
1000,3,0.1,2.0,0,0.6524098435515786,7.086241475883487,uniform,0,10,1.5,1.5,uniform_exact,0.40278137161622,1.6613961659610832,1000,0.0,1
1000,3,0.1,2.0,0,0.6524098435515786,7.086241475883487,uniform,0,10,sqrt(log n),2.628260884878466,uniform_exact,0.40278137161622,1.6613961659610832,1000,0.0,1
1000,3,0.1,2.0,0,0.6524098435515786,7.086241475883487,uniform,0,10,3.0,3.0,uniform_exact,0.40278137161622,1.6613961659610832,1000,0.0,1
1000,3,0.1,2.0,0,0.6524098435515786,7.086241475883487,uniform,0,30,1.5,1.5,uniform_exact,0.5673315393317019,2.7158431863146286,1000,0.0,1
1000,3,0.1,2.0,0,0.6524098435515786,7.086241475883487,uniform,0,30,sqrt(log n),2.628260884878466,uniform_exact,0.5673315393317019,2.7158431863146286,1000,0.0,1
1000,3,0.1,2.0,0,0.6524098435515786,7.086241475883487,uniform,0,30,3.0,3.0,uniform_exact,0.5673315393317019,2.7158431863146286,1000,0.0,1
1000,3,0.1,2.0,0,0.6524098435515786,7.086241475883487,uniform,0,50,1.5,1.5,uniform_exact,0.625462851386738,2.975446729474968,1000,0.0,1
1000,3,0.1,2.0,0,0.6524098435515786,7.086241475883487,uniform,0,50,sqrt(log n),2.628260884878466,uniform_exact,0.625462851386738,2.975446729474968,1000,0.0,1
1000,3,0.1,2.0,0,0.6524098435515786,7.086241475883487,uniform,0,50,3.0,3.0,uniform_exact,0.625462851386738,2.975446729474968,1000,0.0,1
1000,3,0.1,2.0,0,0.6524098435515786,7.086241475883487,uniform,0,100,1.5,1.5,uniform_exact,0.5560050930056548,2.92750739224863,1000,0.0,1
1000,3,0.1,2.0,0,0.6524098435515786,7.086241475883487,uniform,0,100,sqrt(log n),2.628260884878466,uniform_exact,0.5560050930056548,2.92750739224863,1000,0.0,1
1000,3,0.1,2.0,0,0.6524098435515786,7.086241475883487,uniform,0,100,3.0,3.0,uniform_exact,0.5560050930056548,2.92750739224863,1000,0.0,1
1000,3,0.1,2.0,1,0.581167313005821,6.085439413528287,uniform,0,10,1.5,1.5,uniform_exact,0.41193078212713213,1.6384282825082044,1000,0.0,1
1000,3,0.1,2.0,1,0.581167313005821,6.085439413528287,uniform,0,10,sqrt(log n),2.628260884878466,uniform_exact,0.41193078212713213,1.6384282825082044,1000,0.0,1
1000,3,0.1,2.0,1,0.581167313005821,6.085439413528287,uniform,0,10,3.0,3.0,uniform_exact,0.41193078212713213,1.6384282825082044,1000,0.0,1
1000,3,0.1,2.0,1,0.581167313005821,6.085439413528287,uniform,0,30,1.5,1.5,uniform_exact,0.701085701497698,3.383123019061826,1000,0.0,1
1000,3,0.1,2.0,1,0.581167313005821,6.085439413528287,uniform,0,30,sqrt(log n),2.628260884878466,uniform_exact,0.701085701497698,3.383123019061826,1000,0.0,1
1000,3,0.1,2.0,1,0.581167313005821,6.085439413528287,uniform,0,30,3.0,3.0,uniform_exact,0.701085701497698,3.383123019061826,1000,0.0,1
1000,3,0.1,2.0,1,0.581167313005821,6.085439413528287,uniform,0,50,1.5,1.5,uniform_exact,0.6675115949901458,4.94301550997304,1000,0.0,1
1000,3,0.1,2.0,1,0.581167313005821,6.085439413528287,uniform,0,50,sqrt(log n),2.628260884878466,uniform_exact,0.6675115949901458,4.94301550997304,1000,0.0,1
1000,3,0.1,2.0,1,0.581167313005821,6.085439413528287,uniform,0,50,3.0,3.0,uniform_exact,0.6675115949901458,4.94301550997304,1000,0.0,1
1000,3,0.1,2.0,1,0.581167313005821,6.085439413528287,uniform,0,100,1.5,1.5,uniform_exact,0.5240243377947734,2.8430128152594967,1000,0.0,1
1000,3,0.1,2.0,1,0.581167313005821,6.085439413528287,uniform,0,100,sqrt(log n),2.628260884878466,uniform_exact,0.5240243377947734,2.8430128152594967,1000,0.0,1
1000,3,0.1,2.0,1,0.581167313005821,6.085439413528287,uniform,0,100,3.0,3.0,uniform_exact,0.5240243377947734,2.8430128152594967,1000,0.0,1
1000,3,0.1,2.0,2,0.6984683097008569,7.200833170425255,uniform,0,10,1.5,1.5,uniform_exact,0.5809718548486683,2.3272297904785564,1000,0.0,1
1000,3,0.1,2.0,2,0.6984683097008569,7.200833170425255,uniform,0,10,sqrt(log n),2.628260884878466,uniform_exact,0.5809718548486683,2.3272297904785564,1000,0.0,1
1000,3,0.1,2.0,2,0.6984683097008569,7.200833170425255,uniform,0,10,3.0,3.0,uniform_exact,0.5809718548486683,2.3272297904785564,1000,0.0,1
1000,3,0.1,2.0,2,0.6984683097008569,7.200833170425255,uniform,0,30,1.5,1.5,uniform_exact,0.4031541266342825,1.8514184186659663,1000,0.0,1
1000,3,0.1,2.0,2,0.6984683097008569,7.200833170425255,uniform,0,30,sqrt(log n),2.628260884878466,uniform_exact,0.4031541266342825,1.8514184186659663,1000,0.0,1
1000,3,0.1,2.0,2,0.6984683097008569,7.200833170425255,uniform,0,30,3.0,3.0,uniform_exact,0.4031541266342825,1.8514184186659663,1000,0.0,1
1000,3,0.1,2.0,2,0.6984683097008569,7.200833170425255,uniform,0,50,1.5,1.5,uniform_exact,0.7667224244674311,4.272302754828916,1000,0.0,1
1000,3,0.1,2.0,2,0.6984683097008569,7.200833170425255,uniform,0,50,sqrt(log n),2.628260884878466,uniform_exact,0.7667224244674311,4.272302754828916,1000,0.0,1
1000,3,0.1,2.0,2,0.6984683097008569,7.200833170425255,uniform,0,50,3.0,3.0,uniform_exact,0.7667224244674311,4.272302754828916,1000,0.0,1
1000,3,0.1,2.0,2,0.6984683097008569,7.200833170425255,uniform,0,100,1.5,1.5,uniform_exact,0.5220366764317759,4.4084886308269615,1000,0.0,1
1000,3,0.1,2.0,2,0.6984683097008569,7.200833170425255,uniform,0,100,sqrt(log n),2.628260884878466,uniform_exact,0.5220366764317759,4.4084886308269615,1000,0.0,1
1000,3,0.1,2.0,2,0.6984683097008569,7.200833170425255,uniform,0,100,3.0,3.0,uniform_exact,0.5220366764317759,4.4084886308269615,1000,0.0,1
1000,3,0.1,5.0,0,1.3537758517722411,6.291632634044208,uniform,0,10,1.5,1.5,uniform_exact,0.7614585816034254,2.261223251786486,1000,0.0,1
1000,3,0.1,5.0,0,1.3537758517722411,6.291632634044208,uniform,0,10,sqrt(log n),2.628260884878466,uniform_exact,0.7614585816034254,2.261223251786486,1000,0.0,1
1000,3,0.1,5.0,0,1.3537758517722411,6.291632634044208,uniform,0,10,3.0,3.0,uniform_exact,0.7614585816034254,2.261223251786486,1000,0.0,1
1000,3,0.1,5.0,0,1.3537758517722411,6.291632634044208,uniform,0,30,1.5,1.5,uniform_exact,1.2519327421171513,6.592352333889468,1000,0.0,1
1000,3,0.1,5.0,0,1.3537758517722411,6.291632634044208,uniform,0,30,sqrt(log n),2.628260884878466,uniform_exact,1.2519327421171513,6.592352333889468,1000,0.0,1
1000,3,0.1,5.0,0,1.3537758517722411,6.291632634044208,uniform,0,30,3.0,3.0,uniform_exact,1.2519327421171513,6.592352333889468,1000,0.0,1
1000,3,0.1,5.0,0,1.3537758517722411,6.291632634044208,uniform,0,50,1.5,1.5,uniform_exact,1.2570951609166305,6.325994532043052,1000,0.0,1
1000,3,0.1,5.0,0,1.3537758517722411,6.291632634044208,uniform,0,50,sqrt(log n),2.628260884878466,uniform_exact,1.2570951609166305,6.325994532043052,1000,0.0,1
1000,3,0.1,5.0,0,1.3537758517722411,6.291632634044208,uniform,0,50,3.0,3.0,uniform_exact,1.2570951609166305,6.325994532043052,1000,0.0,1
1000,3,0.1,5.0,0,1.3537758517722411,6.291632634044208,uniform,0,100,1.5,1.5,uniform_exact,1.309838147120678,5.617499957405619,1000,0.0,1
1000,3,0.1,5.0,0,1.3537758517722411,6.291632634044208,uniform,0,100,sqrt(log n),2.628260884878466,uniform_exact,1.309838147120678,5.617499957405619,1000,0.0,1
1000,3,0.1,5.0,0,1.3537758517722411,6.291632634044208,uniform,0,100,3.0,3.0,uniform_exact,1.309838147120678,5.617499957405619,1000,0.0,1
1000,3,0.1,5.0,1,1.367532997551312,6.235878482522877,uniform,0,10,1.5,1.5,is,1.6052835496280466,5.469091866895695,2764,0.021717246941654587,0
1000,3,0.1,5.0,1,1.367532997551312,6.235878482522877,uniform,0,10,sqrt(log n),2.628260884878466,uniform_exact,1.6052835496280466,5.469091866895695,1000,0.0,1
1000,3,0.1,5.0,1,1.367532997551312,6.235878482522877,uniform,0,10,3.0,3.0,uniform_exact,1.6052835496280466,5.469091866895695,1000,0.0,1
1000,3,0.1,5.0,1,1.367532997551312,6.235878482522877,uniform,0,30,1.5,1.5,uniform_exact,1.3772710379969573,5.224122544257886,1000,0.0,1
1000,3,0.1,5.0,1,1.367532997551312,6.235878482522877,uniform,0,30,sqrt(log n),2.628260884878466,uniform_exact,1.3772710379969573,5.224122544257886,1000,0.0,1
1000,3,0.1,5.0,1,1.367532997551312,6.235878482522877,uniform,0,30,3.0,3.0,uniform_exact,1.3772710379969573,5.224122544257886,1000,0.0,1
1000,3,0.1,5.0,1,1.367532997551312,6.235878482522877,uniform,0,50,1.5,1.5,uniform_exact,1.291879513065923,5.505830004727111,1000,0.0,1
1000,3,0.1,5.0,1,1.367532997551312,6.235878482522877,uniform,0,50,sqrt(log n),2.628260884878466,uniform_exact,1.291879513065923,5.505830004727111,1000,0.0,1
1000,3,0.1,5.0,1,1.367532997551312,6.235878482522877,uniform,0,50,3.0,3.0,uniform_exact,1.291879513065923,5.505830004727111,1000,0.0,1
1000,3,0.1,5.0,1,1.367532997551312,6.235878482522877,uniform,0,100,1.5,1.5,uniform_exact,1.3155901804871888,7.933954065069208,1000,0.0,1
1000,3,0.1,5.0,1,1.367532997551312,6.235878482522877,uniform,0,100,sqrt(log n),2.628260884878466,uniform_exact,1.3155901804871888,7.933954065069208,1000,0.0,1
1000,3,0.1,5.0,1,1.367532997551312,6.235878482522877,uniform,0,100,3.0,3.0,uniform_exact,1.3155901804871888,7.933954065069208,1000,0.0,1
1000,3,0.1,5.0,2,1.3274574831627268,6.042607423381932,uniform,0,10,1.5,1.5,uniform_exact,1.470545441623018,5.14833082663319,1000,0.0,1
1000,3,0.1,5.0,2,1.3274574831627268,6.042607423381932,uniform,0,10,sqrt(log n),2.628260884878466,uniform_exact,1.470545441623018,5.14833082663319,1000,0.0,1
1000,3,0.1,5.0,2,1.3274574831627268,6.042607423381932,uniform,0,10,3.0,3.0,uniform_exact,1.470545441623018,5.14833082663319,1000,0.0,1
1000,3,0.1,5.0,2,1.3274574831627268,6.042607423381932,uniform,0,30,1.5,1.5,uniform_exact,1.3445623224108278,5.161467347136274,1000,0.0,1
1000,3,0.1,5.0,2,1.3274574831627268,6.042607423381932,uniform,0,30,sqrt(log n),2.628260884878466,uniform_exact,1.3445623224108278,5.161467347136274,1000,0.0,1
1000,3,0.1,5.0,2,1.3274574831627268,6.042607423381932,uniform,0,30,3.0,3.0,uniform_exact,1.3445623224108278,5.161467347136274,1000,0.0,1
1000,3,0.1,5.0,2,1.3274574831627268,6.042607423381932,uniform,0,50,1.5,1.5,uniform_exact,1.1442852985797136,4.645315334775448,1000,0.0,1
1000,3,0.1,5.0,2,1.3274574831627268,6.042607423381932,uniform,0,50,sqrt(log n),2.628260884878466,uniform_exact,1.1442852985797136,4.645315334775448,1000,0.0,1
1000,3,0.1,5.0,2,1.3274574831627268,6.042607423381932,uniform,0,50,3.0,3.0,uniform_exact,1.1442852985797136,4.645315334775448,1000,0.0,1
1000,3,0.1,5.0,2,1.3274574831627268,6.042607423381932,uniform,0,100,1.5,1.5,uniform_exact,1.3555616327202527,6.06520766704408,1000,0.0,1
1000,3,0.1,5.0,2,1.3274574831627268,6.042607423381932,uniform,0,100,sqrt(log n),2.628260884878466,uniform_exact,1.3555616327202527,6.06520766704408,1000,0.0,1
1000,3,0.1,5.0,2,1.3274574831627268,6.042607423381932,uniform,0,100,3.0,3.0,uniform_exact,1.3555616327202527,6.06520766704408,1000,0.0,1
1000,3,0.1,10.0,0,2.1745485439283283,8.206958182334139,uniform,0,10,1.5,1.5,uniform_exact,0.6819847833434434,2.7180087100910884,1000,0.0,1
1000,3,0.1,10.0,0,2.1745485439283283,8.206958182334139,uniform,0,10,sqrt(log n),2.628260884878466,uniform_exact,0.6819847833434434,2.7180087100910884,1000,0.0,1
1000,3,0.1,10.0,0,2.1745485439283283,8.206958182334139,uniform,0,10,3.0,3.0,uniform_exact,0.6819847833434434,2.7180087100910884,1000,0.0,1
1000,3,0.1,10.0,0,2.1745485439283283,8.206958182334139,uniform,0,30,1.5,1.5,is,1.8730311729371572,5.390919691091873,2764,0.020786068885553757,0
1000,3,0.1,10.0,0,2.1745485439283283,8.206958182334139,uniform,0,30,sqrt(log n),2.628260884878466,uniform_exact,1.8730311729371572,5.390919691091873,1000,0.0,1
1000,3,0.1,10.0,0,2.1745485439283283,8.206958182334139,uniform,0,30,3.0,3.0,uniform_exact,1.8730311729371572,5.390919691091873,1000,0.0,1
1000,3,0.1,10.0,0,2.1745485439283283,8.206958182334139,uniform,0,50,1.5,1.5,is,2.259531064655141,9.0790252729056,2764,0.005927981292299322,0
1000,3,0.1,10.0,0,2.1745485439283283,8.206958182334139,uniform,0,50,sqrt(log n),2.628260884878466,uniform_exact,2.259531064655141,9.0790252729056,1000,0.0,1
1000,3,0.1,10.0,0,2.1745485439283283,8.206958182334139,uniform,0,50,3.0,3.0,uniform_exact,2.259531064655141,9.0790252729056,1000,0.0,1
1000,3,0.1,10.0,0,2.1745485439283283,8.206958182334139,uniform,0,100,1.5,1.5,is,1.979983478957486,6.435804726260927,2764,0.01271573081721399,0
1000,3,0.1,10.0,0,2.1745485439283283,8.206958182334139,uniform,0,100,sqrt(log n),2.628260884878466,uniform_exact,1.979983478957486,6.435804726260927,1000,0.0,1
1000,3,0.1,10.0,0,2.1745485439283283,8.206958182334139,uniform,0,100,3.0,3.0,uniform_exact,1.979983478957486,6.435804726260927,1000,0.0,1
1000,3,0.1,10.0,1,2.2071501455785794,8.244504029581895,uniform,1,10,1.5,1.5,uniform_exact,0.4605227517182758,1.7659447853611157,1000,0.0,1
1000,3,0.1,10.0,1,2.2071501455785794,8.244504029581895,uniform,1,10,sqrt(log n),2.628260884878466,uniform_exact,0.4605227517182758,1.7659447853611157,1000,0.0,1
1000,3,0.1,10.0,1,2.2071501455785794,8.244504029581895,uniform,1,10,3.0,3.0,uniform_exact,0.4605227517182758,1.7659447853611157,1000,0.0,1
1000,3,0.1,10.0,1,2.2071501455785794,8.244504029581895,uniform,1,30,1.5,1.5,is,2.3285191227832844,8.26765810752609,2764,0.0016192939639782303,0
1000,3,0.1,10.0,1,2.2071501455785794,8.244504029581895,uniform,1,30,sqrt(log n),2.628260884878466,uniform_exact,2.3285191227832844,8.26765810752609,1000,0.0,1
1000,3,0.1,10.0,1,2.2071501455785794,8.244504029581895,uniform,1,30,3.0,3.0,uniform_exact,2.3285191227832844,8.26765810752609,1000,0.0,1
1000,3,0.1,10.0,1,2.2071501455785794,8.244504029581895,uniform,1,50,1.5,1.5,is,1.7972224767244813,4.942624335056366,2764,0.01660291200483111,0
1000,3,0.1,10.0,1,2.2071501455785794,8.244504029581895,uniform,1,50,sqrt(log n),2.628260884878466,uniform_exact,1.7972224767244813,4.942624335056366,1000,0.0,1
1000,3,0.1,10.0,1,2.2071501455785794,8.244504029581895,uniform,1,50,3.0,3.0,uniform_exact,1.7972224767244813,4.942624335056366,1000,0.0,1
1000,3,0.1,10.0,1,2.2071501455785794,8.244504029581895,uniform,1,100,1.5,1.5,is,2.100144297403589,7.019328803286491,2764,0.0012206777532892598,0
1000,3,0.1,10.0,1,2.2071501455785794,8.244504029581895,uniform,1,100,sqrt(log n),2.628260884878466,uniform_exact,2.100144297403589,7.019328803286491,1000,0.0,1
1000,3,0.1,10.0,1,2.2071501455785794,8.244504029581895,uniform,1,100,3.0,3.0,uniform_exact,2.100144297403589,7.019328803286491,1000,0.0,1
1000,3,0.1,10.0,2,2.2131805137021714,8.13937339152958,uniform,1,10,1.5,1.5,is,2.4003219855235542,7.821733748030434,2764,0.016285262480094573,0
1000,3,0.1,10.0,2,2.2131805137021714,8.13937339152958,uniform,1,10,sqrt(log n),2.628260884878466,uniform_exact,2.4003219855235542,7.821733748030434,1000,0.0,1
1000,3,0.1,10.0,2,2.2131805137021714,8.13937339152958,uniform,1,10,3.0,3.0,uniform_exact,2.4003219855235542,7.821733748030434,1000,0.0,1
1000,3,0.1,10.0,2,2.2131805137021714,8.13937339152958,uniform,1,30,1.5,1.5,is,2.0899642790068493,6.44282954090345,2764,0.013377180580820049,0
1000,3,0.1,10.0,2,2.2131805137021714,8.13937339152958,uniform,1,30,sqrt(log n),2.628260884878466,uniform_exact,2.0899642790068493,6.44282954090345,1000,0.0,1
1000,3,0.1,10.0,2,2.2131805137021714,8.13937339152958,uniform,1,30,3.0,3.0,uniform_exact,2.0899642790068493,6.44282954090345,1000,0.0,1
1000,3,0.1,10.0,2,2.2131805137021714,8.13937339152958,uniform,1,50,1.5,1.5,is,1.837425139892154,5.282339345809437,2764,0.024076622521259104,0
1000,3,0.1,10.0,2,2.2131805137021714,8.13937339152958,uniform,1,50,sqrt(log n),2.628260884878466,uniform_exact,1.837425139892154,5.282339345809437,1000,0.0,1
1000,3,0.1,10.0,2,2.2131805137021714,8.13937339152958,uniform,1,50,3.0,3.0,uniform_exact,1.837425139892154,5.282339345809437,1000,0.0,1
1000,3,0.1,10.0,2,2.2131805137021714,8.13937339152958,uniform,1,100,1.5,1.5,is,2.025196921614279,6.536348037823178,2764,0.0002808764988513987,0
1000,3,0.1,10.0,2,2.2131805137021714,8.13937339152958,uniform,1,100,sqrt(log n),2.628260884878466,uniform_exact,2.025196921614279,6.536348037823178,1000,0.0,1
1000,3,0.1,10.0,2,2.2131805137021714,8.13937339152958,uniform,1,100,3.0,3.0,uniform_exact,2.025196921614279,6.536348037823178,1000,0.0,1
1000,3,0.2,2.0,0,0.596226390605092,7.59566327931635,uniform,0,10,1.5,1.5,uniform_exact,0.48103169656418177,1.7727861619110625,1000,0.0,1
1000,3,0.2,2.0,0,0.596226390605092,7.59566327931635,uniform,0,10,sqrt(log n),2.628260884878466,uniform_exact,0.48103169656418177,1.7727861619110625,1000,0.0,1
1000,3,0.2,2.0,0,0.596226390605092,7.59566327931635,uniform,0,10,3.0,3.0,uniform_exact,0.48103169656418177,1.7727861619110625,1000,0.0,1
1000,3,0.2,2.0,0,0.596226390605092,7.59566327931635,uniform,0,30,1.5,1.5,uniform_exact,0.5167755720094762,2.398989870444752,1000,0.0,1
1000,3,0.2,2.0,0,0.596226390605092,7.59566327931635,uniform,0,30,sqrt(log n),2.628260884878466,uniform_exact,0.5167755720094762,2.398989870444752,1000,0.0,1
1000,3,0.2,2.0,0,0.596226390605092,7.59566327931635,uniform,0,30,3.0,3.0,uniform_exact,0.5167755720094762,2.398989870444752,1000,0.0,1
1000,3,0.2,2.0,0,0.596226390605092,7.59566327931635,uniform,0,50,1.5,1.5,uniform_exact,0.46051624582542,2.1704173985472117,1000,0.0,1
1000,3,0.2,2.0,0,0.596226390605092,7.59566327931635,uniform,0,50,sqrt(log n),2.628260884878466,uniform_exact,0.46051624582542,2.1704173985472117,1000,0.0,1
1000,3,0.2,2.0,0,0.596226390605092,7.59566327931635,uniform,0,50,3.0,3.0,uniform_exact,0.46051624582542,2.1704173985472117,1000,0.0,1
1000,3,0.2,2.0,0,0.596226390605092,7.59566327931635,uniform,0,100,1.5,1.5,uniform_exact,0.4436240537155031,2.529591953384425,1000,0.0,1
1000,3,0.2,2.0,0,0.596226390605092,7.59566327931635,uniform,0,100,sqrt(log n),2.628260884878466,uniform_exact,0.4436240537155031,2.529591953384425,1000,0.0,1
1000,3,0.2,2.0,0,0.596226390605092,7.59566327931635,uniform,0,100,3.0,3.0,uniform_exact,0.4436240537155031,2.529591953384425,1000,0.0,1
1000,3,0.2,2.0,1,0.5707637716995058,4.76013034379612,uniform,0,10,1.5,1.5,uniform_exact,0.5392325896575686,2.0106477905833273,1000,0.0,1
1000,3,0.2,2.0,1,0.5707637716995058,4.76013034379612,uniform,0,10,sqrt(log n),2.628260884878466,uniform_exact,0.5392325896575686,2.0106477905833273,1000,0.0,1
1000,3,0.2,2.0,1,0.5707637716995058,4.76013034379612,uniform,0,10,3.0,3.0,uniform_exact,0.5392325896575686,2.0106477905833273,1000,0.0,1
1000,3,0.2,2.0,1,0.5707637716995058,4.76013034379612,uniform,0,30,1.5,1.5,uniform_exact,0.5147008551079911,2.2861841903989832,1000,0.0,1
1000,3,0.2,2.0,1,0.5707637716995058,4.76013034379612,uniform,0,30,sqrt(log n),2.628260884878466,uniform_exact,0.5147008551079911,2.2861841903989832,1000,0.0,1
1000,3,0.2,2.0,1,0.5707637716995058,4.76013034379612,uniform,0,30,3.0,3.0,uniform_exact,0.5147008551079911,2.2861841903989832,1000,0.0,1
1000,3,0.2,2.0,1,0.5707637716995058,4.76013034379612,uniform,0,50,1.5,1.5,uniform_exact,0.652508396096967,3.670596373325745,1000,0.0,1
1000,3,0.2,2.0,1,0.5707637716995058,4.76013034379612,uniform,0,50,sqrt(log n),2.628260884878466,uniform_exact,0.652508396096967,3.670596373325745,1000,0.0,1
1000,3,0.2,2.0,1,0.5707637716995058,4.76013034379612,uniform,0,50,3.0,3.0,uniform_exact,0.652508396096967,3.670596373325745,1000,0.0,1
1000,3,0.2,2.0,1,0.5707637716995058,4.76013034379612,uniform,0,100,1.5,1.5,uniform_exact,0.6138761699736773,3.848373757854726,1000,0.0,1
1000,3,0.2,2.0,1,0.5707637716995058,4.76013034379612,uniform,0,100,sqrt(log n),2.628260884878466,uniform_exact,0.6138761699736773,3.848373757854726,1000,0.0,1
1000,3,0.2,2.0,1,0.5707637716995058,4.76013034379612,uniform,0,100,3.0,3.0,uniform_exact,0.6138761699736773,3.848373757854726,1000,0.0,1
1000,3,0.2,2.0,2,0.6082008942884182,5.59710910895369,uniform,0,10,1.5,1.5,uniform_exact,0.4035380046675386,1.8269367648267807,1000,0.0,1
1000,3,0.2,2.0,2,0.6082008942884182,5.59710910895369,uniform,0,10,sqrt(log n),2.628260884878466,uniform_exact,0.4035380046675386,1.8269367648267807,1000,0.0,1
1000,3,0.2,2.0,2,0.6082008942884182,5.59710910895369,uniform,0,10,3.0,3.0,uniform_exact,0.4035380046675386,1.8269367648267807,1000,0.0,1
1000,3,0.2,2.0,2,0.6082008942884182,5.59710910895369,uniform,0,30,1.5,1.5,uniform_exact,0.6013590110603421,3.325141226954896,1000,0.0,1
1000,3,0.2,2.0,2,0.6082008942884182,5.59710910895369,uniform,0,30,sqrt(log n),2.628260884878466,uniform_exact,0.6013590110603421,3.325141226954896,1000,0.0,1
1000,3,0.2,2.0,2,0.6082008942884182,5.59710910895369,uniform,0,30,3.0,3.0,uniform_exact,0.6013590110603421,3.325141226954896,1000,0.0,1
1000,3,0.2,2.0,2,0.6082008942884182,5.59710910895369,uniform,0,50,1.5,1.5,uniform_exact,0.6817954472063786,4.328396023812884,1000,0.0,1
1000,3,0.2,2.0,2,0.6082008942884182,5.59710910895369,uniform,0,50,sqrt(log n),2.628260884878466,uniform_exact,0.6817954472063786,4.328396023812884,1000,0.0,1
1000,3,0.2,2.0,2,0.6082008942884182,5.59710910895369,uniform,0,50,3.0,3.0,uniform_exact,0.6817954472063786,4.328396023812884,1000,0.0,1
1000,3,0.2,2.0,2,0.6082008942884182,5.59710910895369,uniform,0,100,1.5,1.5,uniform_exact,0.5093436450095326,3.4497668374412602,1000,0.0,1
1000,3,0.2,2.0,2,0.6082008942884182,5.59710910895369,uniform,0,100,sqrt(log n),2.628260884878466,uniform_exact,0.5093436450095326,3.4497668374412602,1000,0.0,1
1000,3,0.2,2.0,2,0.6082008942884182,5.59710910895369,uniform,0,100,3.0,3.0,uniform_exact,0.5093436450095326,3.4497668374412602,1000,0.0,1
1000,3,0.2,5.0,0,1.2128763710131376,4.437108297044463,uniform,0,10,1.5,1.5,is,1.5560085858164103,5.400688259836016,2764,0.012312013927599686,0
1000,3,0.2,5.0,0,1.2128763710131376,4.437108297044463,uniform,0,10,sqrt(log n),2.628260884878466,uniform_exact,1.5560085858164103,5.400688259836016,1000,0.0,1
1000,3,0.2,5.0,0,1.2128763710131376,4.437108297044463,uniform,0,10,3.0,3.0,uniform_exact,1.5560085858164103,5.400688259836016,1000,0.0,1
1000,3,0.2,5.0,0,1.2128763710131376,4.437108297044463,uniform,0,30,1.5,1.5,uniform_exact,1.0121764823918418,2.6111250496477547,1000,0.0,1
1000,3,0.2,5.0,0,1.2128763710131376,4.437108297044463,uniform,0,30,sqrt(log n),2.628260884878466,uniform_exact,1.0121764823918418,2.6111250496477547,1000,0.0,1
1000,3,0.2,5.0,0,1.2128763710131376,4.437108297044463,uniform,0,30,3.0,3.0,uniform_exact,1.0121764823918418,2.6111250496477547,1000,0.0,1
1000,3,0.2,5.0,0,1.2128763710131376,4.437108297044463,uniform,0,50,1.5,1.5,uniform_exact,1.3452664705696726,4.543648945279205,1000,0.0,1
1000,3,0.2,5.0,0,1.2128763710131376,4.437108297044463,uniform,0,50,sqrt(log n),2.628260884878466,uniform_exact,1.3452664705696726,4.543648945279205,1000,0.0,1
1000,3,0.2,5.0,0,1.2128763710131376,4.437108297044463,uniform,0,50,3.0,3.0,uniform_exact,1.3452664705696726,4.543648945279205,1000,0.0,1
1000,3,0.2,5.0,0,1.2128763710131376,4.437108297044463,uniform,0,100,1.5,1.5,uniform_exact,1.2508132425470455,4.310859147246376,1000,0.0,1
1000,3,0.2,5.0,0,1.2128763710131376,4.437108297044463,uniform,0,100,sqrt(log n),2.628260884878466,uniform_exact,1.2508132425470455,4.310859147246376,1000,0.0,1
1000,3,0.2,5.0,0,1.2128763710131376,4.437108297044463,uniform,0,100,3.0,3.0,uniform_exact,1.2508132425470455,4.310859147246376,1000,0.0,1
1000,3,0.2,5.0,1,1.222022170293529,4.453870144522961,uniform,0,10,1.5,1.5,uniform_exact,1.4164334689659008,4.264228683810599,1000,0.0,1
1000,3,0.2,5.0,1,1.222022170293529,4.453870144522961,uniform,0,10,sqrt(log n),2.628260884878466,uniform_exact,1.4164334689659008,4.264228683810599,1000,0.0,1
1000,3,0.2,5.0,1,1.222022170293529,4.453870144522961,uniform,0,10,3.0,3.0,uniform_exact,1.4164334689659008,4.264228683810599,1000,0.0,1
1000,3,0.2,5.0,1,1.222022170293529,4.453870144522961,uniform,0,30,1.5,1.5,uniform_exact,1.3479716893556362,4.601553276582139,1000,0.0,1
1000,3,0.2,5.0,1,1.222022170293529,4.453870144522961,uniform,0,30,sqrt(log n),2.628260884878466,uniform_exact,1.3479716893556362,4.601553276582139,1000,0.0,1
1000,3,0.2,5.0,1,1.222022170293529,4.453870144522961,uniform,0,30,3.0,3.0,uniform_exact,1.3479716893556362,4.601553276582139,1000,0.0,1
1000,3,0.2,5.0,1,1.222022170293529,4.453870144522961,uniform,0,50,1.5,1.5,uniform_exact,1.3185257946255622,5.3206920412991705,1000,0.0,1
1000,3,0.2,5.0,1,1.222022170293529,4.453870144522961,uniform,0,50,sqrt(log n),2.628260884878466,uniform_exact,1.3185257946255622,5.3206920412991705,1000,0.0,1
1000,3,0.2,5.0,1,1.222022170293529,4.453870144522961,uniform,0,50,3.0,3.0,uniform_exact,1.3185257946255622,5.3206920412991705,1000,0.0,1
1000,3,0.2,5.0,1,1.222022170293529,4.453870144522961,uniform,0,100,1.5,1.5,uniform_exact,1.3173918230660844,5.678041715059131,1000,0.0,1
1000,3,0.2,5.0,1,1.222022170293529,4.453870144522961,uniform,0,100,sqrt(log n),2.628260884878466,uniform_exact,1.3173918230660844,5.678041715059131,1000,0.0,1
1000,3,0.2,5.0,1,1.222022170293529,4.453870144522961,uniform,0,100,3.0,3.0,uniform_exact,1.3173918230660844,5.678041715059131,1000,0.0,1
1000,3,0.2,5.0,2,1.2283430251331136,4.34226493758284,uniform,0,10,1.5,1.5,uniform_exact,1.2816532736373543,3.6575002079123133,1000,0.0,1
1000,3,0.2,5.0,2,1.2283430251331136,4.34226493758284,uniform,0,10,sqrt(log n),2.628260884878466,uniform_exact,1.2816532736373543,3.6575002079123133,1000,0.0,1
1000,3,0.2,5.0,2,1.2283430251331136,4.34226493758284,uniform,0,10,3.0,3.0,uniform_exact,1.2816532736373543,3.6575002079123133,1000,0.0,1
1000,3,0.2,5.0,2,1.2283430251331136,4.34226493758284,uniform,0,30,1.5,1.5,uniform_exact,1.287721261308105,4.523795685271474,1000,0.0,1
1000,3,0.2,5.0,2,1.2283430251331136,4.34226493758284,uniform,0,30,sqrt(log n),2.628260884878466,uniform_exact,1.287721261308105,4.523795685271474,1000,0.0,1
1000,3,0.2,5.0,2,1.2283430251331136,4.34226493758284,uniform,0,30,3.0,3.0,uniform_exact,1.287721261308105,4.523795685271474,1000,0.0,1
1000,3,0.2,5.0,2,1.2283430251331136,4.34226493758284,uniform,0,50,1.5,1.5,uniform_exact,1.249583386399538,3.9264757016650753,1000,0.0,1
1000,3,0.2,5.0,2,1.2283430251331136,4.34226493758284,uniform,0,50,sqrt(log n),2.628260884878466,uniform_exact,1.249583386399538,3.9264757016650753,1000,0.0,1
1000,3,0.2,5.0,2,1.2283430251331136,4.34226493758284,uniform,0,50,3.0,3.0,uniform_exact,1.249583386399538,3.9264757016650753,1000,0.0,1
1000,3,0.2,5.0,2,1.2283430251331136,4.34226493758284,uniform,0,100,1.5,1.5,uniform_exact,1.2659816044729368,4.355217877269812,1000,0.0,1
1000,3,0.2,5.0,2,1.2283430251331136,4.34226493758284,uniform,0,100,sqrt(log n),2.628260884878466,uniform_exact,1.2659816044729368,4.355217877269812,1000,0.0,1
1000,3,0.2,5.0,2,1.2283430251331136,4.34226493758284,uniform,0,100,3.0,3.0,uniform_exact,1.2659816044729368,4.355217877269812,1000,0.0,1
1000,3,0.2,10.0,0,1.6822322474532947,4.785774324099834,uniform,0,10,1.5,1.5,uniform_exact,0.33527163567969376,1.5466005665785119,1000,0.0,1
1000,3,0.2,10.0,0,1.6822322474532947,4.785774324099834,uniform,0,10,sqrt(log n),2.628260884878466,uniform_exact,0.33527163567969376,1.5466005665785119,1000,0.0,1
1000,3,0.2,10.0,0,1.6822322474532947,4.785774324099834,uniform,0,10,3.0,3.0,uniform_exact,0.33527163567969376,1.5466005665785119,1000,0.0,1
1000,3,0.2,10.0,0,1.6822322474532947,4.785774324099834,uniform,0,30,1.5,1.5,is,1.682122349457377,4.507100305537073,2764,0.002015712194362003,0
1000,3,0.2,10.0,0,1.6822322474532947,4.785774324099834,uniform,0,30,sqrt(log n),2.628260884878466,uniform_exact,1.682122349457377,4.507100305537073,1000,0.0,1
1000,3,0.2,10.0,0,1.6822322474532947,4.785774324099834,uniform,0,30,3.0,3.0,uniform_exact,1.682122349457377,4.507100305537073,1000,0.0,1
1000,3,0.2,10.0,0,1.6822322474532947,4.785774324099834,uniform,0,50,1.5,1.5,is,1.636491587990206,4.280369034485808,2764,0.014940323761641843,0
1000,3,0.2,10.0,0,1.6822322474532947,4.785774324099834,uniform,0,50,sqrt(log n),2.628260884878466,uniform_exact,1.636491587990206,4.280369034485808,1000,0.0,1
1000,3,0.2,10.0,0,1.6822322474532947,4.785774324099834,uniform,0,50,3.0,3.0,uniform_exact,1.636491587990206,4.280369034485808,1000,0.0,1
1000,3,0.2,10.0,0,1.6822322474532947,4.785774324099834,uniform,0,100,1.5,1.5,uniform_exact,1.4501576717513915,3.596403084559243,1000,0.0,1
1000,3,0.2,10.0,0,1.6822322474532947,4.785774324099834,uniform,0,100,sqrt(log n),2.628260884878466,uniform_exact,1.4501576717513915,3.596403084559243,1000,0.0,1
1000,3,0.2,10.0,0,1.6822322474532947,4.785774324099834,uniform,0,100,3.0,3.0,uniform_exact,1.4501576717513915,3.596403084559243,1000,0.0,1
1000,3,0.2,10.0,1,1.6828609678688584,4.797205593998007,uniform,0,10,1.5,1.5,is,1.7051541886588657,4.301747687964989,2764,0.007252946588691582,0
1000,3,0.2,10.0,1,1.6828609678688584,4.797205593998007,uniform,0,10,sqrt(log n),2.628260884878466,uniform_exact,1.7051541886588657,4.301747687964989,1000,0.0,1
1000,3,0.2,10.0,1,1.6828609678688584,4.797205593998007,uniform,0,10,3.0,3.0,uniform_exact,1.7051541886588657,4.301747687964989,1000,0.0,1
1000,3,0.2,10.0,1,1.6828609678688584,4.797205593998007,uniform,0,30,1.5,1.5,is,2.1628432468041474,7.880091204854736,2764,0.0004839458884003789,0
1000,3,0.2,10.0,1,1.6828609678688584,4.797205593998007,uniform,0,30,sqrt(log n),2.628260884878466,uniform_exact,2.1628432468041474,7.880091204854736,1000,0.0,1
1000,3,0.2,10.0,1,1.6828609678688584,4.797205593998007,uniform,0,30,3.0,3.0,uniform_exact,2.1628432468041474,7.880091204854736,1000,0.0,1
1000,3,0.2,10.0,1,1.6828609678688584,4.797205593998007,uniform,0,50,1.5,1.5,is,1.7034532950741967,4.723192160911664,2764,0.00013494371599799215,0
1000,3,0.2,10.0,1,1.6828609678688584,4.797205593998007,uniform,0,50,sqrt(log n),2.628260884878466,uniform_exact,1.7034532950741967,4.723192160911664,1000,0.0,1
1000,3,0.2,10.0,1,1.6828609678688584,4.797205593998007,uniform,0,50,3.0,3.0,uniform_exact,1.7034532950741967,4.723192160911664,1000,0.0,1
1000,3,0.2,10.0,1,1.6828609678688584,4.797205593998007,uniform,0,100,1.5,1.5,is,1.5916463403410555,4.242959703783325,2764,0.015125711830086546,0
1000,3,0.2,10.0,1,1.6828609678688584,4.797205593998007,uniform,0,100,sqrt(log n),2.628260884878466,uniform_exact,1.5916463403410555,4.242959703783325,1000,0.0,1
1000,3,0.2,10.0,1,1.6828609678688584,4.797205593998007,uniform,0,100,3.0,3.0,uniform_exact,1.5916463403410555,4.242959703783325,1000,0.0,1
1000,3,0.2,10.0,2,1.6824444119691087,4.694431122747657,uniform,0,10,1.5,1.5,is,1.7484048399126195,4.339412212278778,2764,0.00812077755572228,0
1000,3,0.2,10.0,2,1.6824444119691087,4.694431122747657,uniform,0,10,sqrt(log n),2.628260884878466,uniform_exact,1.7484048399126195,4.339412212278778,1000,0.0,1
1000,3,0.2,10.0,2,1.6824444119691087,4.694431122747657,uniform,0,10,3.0,3.0,uniform_exact,1.7484048399126195,4.339412212278778,1000,0.0,1
1000,3,0.2,10.0,2,1.6824444119691087,4.694431122747657,uniform,0,30,1.5,1.5,is,2.0458086964897757,6.417718887263751,2764,0.008817406911754814,0
1000,3,0.2,10.0,2,1.6824444119691087,4.694431122747657,uniform,0,30,sqrt(log n),2.628260884878466,uniform_exact,2.0458086964897757,6.417718887263751,1000,0.0,1
1000,3,0.2,10.0,2,1.6824444119691087,4.694431122747657,uniform,0,30,3.0,3.0,uniform_exact,2.0458086964897757,6.417718887263751,1000,0.0,1
1000,3,0.2,10.0,2,1.6824444119691087,4.694431122747657,uniform,0,50,1.5,1.5,uniform_exact,1.498556275929523,3.799480721901962,1000,0.0,1
1000,3,0.2,10.0,2,1.6824444119691087,4.694431122747657,uniform,0,50,sqrt(log n),2.628260884878466,uniform_exact,1.498556275929523,3.799480721901962,1000,0.0,1
1000,3,0.2,10.0,2,1.6824444119691087,4.694431122747657,uniform,0,50,3.0,3.0,uniform_exact,1.498556275929523,3.799480721901962,1000,0.0,1
1000,3,0.2,10.0,2,1.6824444119691087,4.694431122747657,uniform,0,100,1.5,1.5,is,1.825839930277213,5.214564507886788,2764,0.0044513113976788875,0
1000,3,0.2,10.0,2,1.6824444119691087,4.694431122747657,uniform,0,100,sqrt(log n),2.628260884878466,uniform_exact,1.825839930277213,5.214564507886788,1000,0.0,1
1000,3,0.2,10.0,2,1.6824444119691087,4.694431122747657,uniform,0,100,3.0,3.0,uniform_exact,1.825839930277213,5.214564507886788,1000,0.0,1
2000,3,0.0,2.0,0,0.6437859806065077,7.26494190000632,uniform,0,10,1.5,1.5,uniform_exact,0.4499044924765574,1.8246974606900843,2000,0.0,1
2000,3,0.0,2.0,0,0.6437859806065077,7.26494190000632,uniform,0,10,sqrt(log n),2.7569734238004693,uniform_exact,0.4499044924765574,1.8246974606900843,2000,0.0,1
2000,3,0.0,2.0,0,0.6437859806065077,7.26494190000632,uniform,0,10,3.0,3.0,uniform_exact,0.4499044924765574,1.8246974606900843,2000,0.0,1
2000,3,0.0,2.0,0,0.6437859806065077,7.26494190000632,uniform,0,30,1.5,1.5,uniform_exact,0.5312732449951415,2.6494560694668365,2000,0.0,1
2000,3,0.0,2.0,0,0.6437859806065077,7.26494190000632,uniform,0,30,sqrt(log n),2.7569734238004693,uniform_exact,0.5312732449951415,2.6494560694668365,2000,0.0,1
2000,3,0.0,2.0,0,0.6437859806065077,7.26494190000632,uniform,0,30,3.0,3.0,uniform_exact,0.5312732449951415,2.6494560694668365,2000,0.0,1
2000,3,0.0,2.0,0,0.6437859806065077,7.26494190000632,uniform,0,50,1.5,1.5,uniform_exact,0.5520566455227137,2.5115530067043434,2000,0.0,1
2000,3,0.0,2.0,0,0.6437859806065077,7.26494190000632,uniform,0,50,sqrt(log n),2.7569734238004693,uniform_exact,0.5520566455227137,2.5115530067043434,2000,0.0,1
2000,3,0.0,2.0,0,0.6437859806065077,7.26494190000632,uniform,0,50,3.0,3.0,uniform_exact,0.5520566455227137,2.5115530067043434,2000,0.0,1
2000,3,0.0,2.0,0,0.6437859806065077,7.26494190000632,uniform,0,100,1.5,1.5,uniform_exact,0.5008728065086366,3.0361319139142364,2000,0.0,1
2000,3,0.0,2.0,0,0.6437859806065077,7.26494190000632,uniform,0,100,sqrt(log n),2.7569734238004693,uniform_exact,0.5008728065086366,3.0361319139142364,2000,0.0,1
2000,3,0.0,2.0,0,0.6437859806065077,7.26494190000632,uniform,0,100,3.0,3.0,uniform_exact,0.5008728065086366,3.0361319139142364,2000,0.0,1
2000,3,0.0,2.0,1,0.6783226328241753,6.987718128416362,uniform,0,10,1.5,1.5,uniform_exact,0.6889548662610357,2.6783298076728435,2000,0.0,1
2000,3,0.0,2.0,1,0.6783226328241753,6.987718128416362,uniform,0,10,sqrt(log n),2.7569734238004693,uniform_exact,0.6889548662610357,2.6783298076728435,2000,0.0,1
2000,3,0.0,2.0,1,0.6783226328241753,6.987718128416362,uniform,0,10,3.0,3.0,uniform_exact,0.6889548662610357,2.6783298076728435,2000,0.0,1
2000,3,0.0,2.0,1,0.6783226328241753,6.987718128416362,uniform,0,30,1.5,1.5,uniform_exact,0.7414559570155921,4.062121933535298,2000,0.0,1
2000,3,0.0,2.0,1,0.6783226328241753,6.987718128416362,uniform,0,30,sqrt(log n),2.7569734238004693,uniform_exact,0.7414559570155921,4.062121933535298,2000,0.0,1
2000,3,0.0,2.0,1,0.6783226328241753,6.987718128416362,uniform,0,30,3.0,3.0,uniform_exact,0.7414559570155921,4.062121933535298,2000,0.0,1
2000,3,0.0,2.0,1,0.6783226328241753,6.987718128416362,uniform,0,50,1.5,1.5,uniform_exact,0.7037456849022042,4.161137334959992,2000,0.0,1
2000,3,0.0,2.0,1,0.6783226328241753,6.987718128416362,uniform,0,50,sqrt(log n),2.7569734238004693,uniform_exact,0.7037456849022042,4.161137334959992,2000,0.0,1
2000,3,0.0,2.0,1,0.6783226328241753,6.987718128416362,uniform,0,50,3.0,3.0,uniform_exact,0.7037456849022042,4.161137334959992,2000,0.0,1
2000,3,0.0,2.0,1,0.6783226328241753,6.987718128416362,uniform,0,100,1.5,1.5,uniform_exact,0.49160243055703745,2.6286937928833454,2000,0.0,1
2000,3,0.0,2.0,1,0.6783226328241753,6.987718128416362,uniform,0,100,sqrt(log n),2.7569734238004693,uniform_exact,0.49160243055703745,2.6286937928833454,2000,0.0,1
2000,3,0.0,2.0,1,0.6783226328241753,6.987718128416362,uniform,0,100,3.0,3.0,uniform_exact,0.49160243055703745,2.6286937928833454,2000,0.0,1
2000,3,0.0,2.0,2,0.7008485258315146,10.87323753149392,uniform,0,10,1.5,1.5,uniform_exact,0.6039042276565952,2.4405251956444793,2000,0.0,1
2000,3,0.0,2.0,2,0.7008485258315146,10.87323753149392,uniform,0,10,sqrt(log n),2.7569734238004693,uniform_exact,0.6039042276565952,2.4405251956444793,2000,0.0,1
2000,3,0.0,2.0,2,0.7008485258315146,10.87323753149392,uniform,0,10,3.0,3.0,uniform_exact,0.6039042276565952,2.4405251956444793,2000,0.0,1
2000,3,0.0,2.0,2,0.7008485258315146,10.87323753149392,uniform,0,30,1.5,1.5,uniform_exact,0.4998796711397619,2.223839651050549,2000,0.0,1
2000,3,0.0,2.0,2,0.7008485258315146,10.87323753149392,uniform,0,30,sqrt(log n),2.7569734238004693,uniform_exact,0.4998796711397619,2.223839651050549,2000,0.0,1
2000,3,0.0,2.0,2,0.7008485258315146,10.87323753149392,uniform,0,30,3.0,3.0,uniform_exact,0.4998796711397619,2.223839651050549,2000,0.0,1
2000,3,0.0,2.0,2,0.7008485258315146,10.87323753149392,uniform,0,50,1.5,1.5,uniform_exact,0.513097754251991,2.2428164367543904,2000,0.0,1
2000,3,0.0,2.0,2,0.7008485258315146,10.87323753149392,uniform,0,50,sqrt(log n),2.7569734238004693,uniform_exact,0.513097754251991,2.2428164367543904,2000,0.0,1
2000,3,0.0,2.0,2,0.7008485258315146,10.87323753149392,uniform,0,50,3.0,3.0,uniform_exact,0.513097754251991,2.2428164367543904,2000,0.0,1
2000,3,0.0,2.0,2,0.7008485258315146,10.87323753149392,uniform,0,100,1.5,1.5,uniform_exact,0.6709317311136426,3.9807351117646,2000,0.0,1
2000,3,0.0,2.0,2,0.7008485258315146,10.87323753149392,uniform,0,100,sqrt(log n),2.7569734238004693,uniform_exact,0.6709317311136426,3.9807351117646,2000,0.0,1
2000,3,0.0,2.0,2,0.7008485258315146,10.87323753149392,uniform,0,100,3.0,3.0,uniform_exact,0.6709317311136426,3.9807351117646,2000,0.0,1
2000,3,0.0,5.0,0,0.6647636523552978,9.371015606248461,uniform,0,10,1.5,1.5,uniform,0.33894865340496144,1.5336023608209417,1149,0.00625405457131843,1
2000,3,0.0,5.0,0,0.6647636523552978,9.371015606248461,uniform,0,10,sqrt(log n),2.7569734238004693,uniform,0.33894865340496144,1.5336023608209417,1149,0.00625405457131843,1
2000,3,0.0,5.0,0,0.6647636523552978,9.371015606248461,uniform,0,10,3.0,3.0,uniform,0.33894865340496144,1.5336023608209417,1149,0.00625405457131843,1
2000,3,0.0,5.0,0,0.6647636523552978,9.371015606248461,uniform,0,30,1.5,1.5,uniform_exact,0.9843625333895659,5.493669262862671,2000,0.0,1
2000,3,0.0,5.0,0,0.6647636523552978,9.371015606248461,uniform,0,30,sqrt(log n),2.7569734238004693,uniform_exact,0.9843625333895659,5.493669262862671,2000,0.0,1
2000,3,0.0,5.0,0,0.6647636523552978,9.371015606248461,uniform,0,30,3.0,3.0,uniform_exact,0.9843625333895659,5.493669262862671,2000,0.0,1
2000,3,0.0,5.0,0,0.6647636523552978,9.371015606248461,uniform,0,50,1.5,1.5,uniform_exact,0.6708109841814891,4.01720709912465,2000,0.0,1
2000,3,0.0,5.0,0,0.6647636523552978,9.371015606248461,uniform,0,50,sqrt(log n),2.7569734238004693,uniform_exact,0.6708109841814891,4.01720709912465,2000,0.0,1
2000,3,0.0,5.0,0,0.6647636523552978,9.371015606248461,uniform,0,50,3.0,3.0,uniform_exact,0.6708109841814891,4.01720709912465,2000,0.0,1
2000,3,0.0,5.0,0,0.6647636523552978,9.371015606248461,uniform,0,100,1.5,1.5,uniform_exact,0.9213453198224368,7.394882493411912,2000,0.0,1
2000,3,0.0,5.0,0,0.6647636523552978,9.371015606248461,uniform,0,100,sqrt(log n),2.7569734238004693,uniform_exact,0.9213453198224368,7.394882493411912,2000,0.0,1
2000,3,0.0,5.0,0,0.6647636523552978,9.371015606248461,uniform,0,100,3.0,3.0,uniform_exact,0.9213453198224368,7.394882493411912,2000,0.0,1
2000,3,0.0,5.0,1,0.6503303945228937,7.618833107152736,uniform,0,10,1.5,1.5,uniform_exact,0.6276385196603673,2.367443080483138,2000,0.0,1
2000,3,0.0,5.0,1,0.6503303945228937,7.618833107152736,uniform,0,10,sqrt(log n),2.7569734238004693,uniform_exact,0.6276385196603673,2.367443080483138,2000,0.0,1
2000,3,0.0,5.0,1,0.6503303945228937,7.618833107152736,uniform,0,10,3.0,3.0,uniform_exact,0.6276385196603673,2.367443080483138,2000,0.0,1
2000,3,0.0,5.0,1,0.6503303945228937,7.618833107152736,uniform,0,30,1.5,1.5,uniform_exact,0.5402024028600365,2.247381817871927,2000,0.0,1
2000,3,0.0,5.0,1,0.6503303945228937,7.618833107152736,uniform,0,30,sqrt(log n),2.7569734238004693,uniform_exact,0.5402024028600365,2.247381817871927,2000,0.0,1
2000,3,0.0,5.0,1,0.6503303945228937,7.618833107152736,uniform,0,30,3.0,3.0,uniform_exact,0.5402024028600365,2.247381817871927,2000,0.0,1
2000,3,0.0,5.0,1,0.6503303945228937,7.618833107152736,uniform,0,50,1.5,1.5,uniform_exact,0.6629634805308414,3.5614645638761138,2000,0.0,1
2000,3,0.0,5.0,1,0.6503303945228937,7.618833107152736,uniform,0,50,sqrt(log n),2.7569734238004693,uniform_exact,0.6629634805308414,3.5614645638761138,2000,0.0,1
2000,3,0.0,5.0,1,0.6503303945228937,7.618833107152736,uniform,0,50,3.0,3.0,uniform_exact,0.6629634805308414,3.5614645638761138,2000,0.0,1
2000,3,0.0,5.0,1,0.6503303945228937,7.618833107152736,uniform,0,100,1.5,1.5,uniform_exact,0.4987228553645549,2.6557543941107657,2000,0.0,1
2000,3,0.0,5.0,1,0.6503303945228937,7.618833107152736,uniform,0,100,sqrt(log n),2.7569734238004693,uniform_exact,0.4987228553645549,2.6557543941107657,2000,0.0,1
2000,3,0.0,5.0,1,0.6503303945228937,7.618833107152736,uniform,0,100,3.0,3.0,uniform_exact,0.4987228553645549,2.6557543941107657,2000,0.0,1
2000,3,0.0,5.0,2,0.7116392058914187,10.837519913683188,uniform,0,10,1.5,1.5,uniform_exact,0.5387899030295382,2.0435545119675536,2000,0.0,1
2000,3,0.0,5.0,2,0.7116392058914187,10.837519913683188,uniform,0,10,sqrt(log n),2.7569734238004693,uniform_exact,0.5387899030295382,2.0435545119675536,2000,0.0,1
2000,3,0.0,5.0,2,0.7116392058914187,10.837519913683188,uniform,0,10,3.0,3.0,uniform_exact,0.5387899030295382,2.0435545119675536,2000,0.0,1
2000,3,0.0,5.0,2,0.7116392058914187,10.837519913683188,uniform,0,30,1.5,1.5,uniform_exact,0.7495094285442503,3.5884446264873624,2000,0.0,1
2000,3,0.0,5.0,2,0.7116392058914187,10.837519913683188,uniform,0,30,sqrt(log n),2.7569734238004693,uniform_exact,0.7495094285442503,3.5884446264873624,2000,0.0,1
2000,3,0.0,5.0,2,0.7116392058914187,10.837519913683188,uniform,0,30,3.0,3.0,uniform_exact,0.7495094285442503,3.5884446264873624,2000,0.0,1
2000,3,0.0,5.0,2,0.7116392058914187,10.837519913683188,uniform,0,50,1.5,1.5,uniform_exact,0.5293060173254726,2.469884938192129,2000,0.0,1
2000,3,0.0,5.0,2,0.7116392058914187,10.837519913683188,uniform,0,50,sqrt(log n),2.7569734238004693,uniform_exact,0.5293060173254726,2.469884938192129,2000,0.0,1
2000,3,0.0,5.0,2,0.7116392058914187,10.837519913683188,uniform,0,50,3.0,3.0,uniform_exact,0.5293060173254726,2.469884938192129,2000,0.0,1
2000,3,0.0,5.0,2,0.7116392058914187,10.837519913683188,uniform,0,100,1.5,1.5,uniform_exact,0.6510957857173714,3.697290442826359,2000,0.0,1
2000,3,0.0,5.0,2,0.7116392058914187,10.837519913683188,uniform,0,100,sqrt(log n),2.7569734238004693,uniform_exact,0.6510957857173714,3.697290442826359,2000,0.0,1
2000,3,0.0,5.0,2,0.7116392058914187,10.837519913683188,uniform,0,100,3.0,3.0,uniform_exact,0.6510957857173714,3.697290442826359,2000,0.0,1
2000,3,0.0,10.0,0,0.6984542271619008,9.191213698217632,uniform,0,10,1.5,1.5,uniform,0.2332664791149171,1.3914624867475756,545,0.00923052636585235,1
2000,3,0.0,10.0,0,0.6984542271619008,9.191213698217632,uniform,0,10,sqrt(log n),2.7569734238004693,uniform,0.2332664791149171,1.3914624867475756,545,0.00923052636585235,1
2000,3,0.0,10.0,0,0.6984542271619008,9.191213698217632,uniform,0,10,3.0,3.0,uniform,0.2332664791149171,1.3914624867475756,545,0.00923052636585235,1
2000,3,0.0,10.0,0,0.6984542271619008,9.191213698217632,uniform,0,30,1.5,1.5,uniform_exact,0.5669102361844638,2.73890746614778,2000,0.0,1
2000,3,0.0,10.0,0,0.6984542271619008,9.191213698217632,uniform,0,30,sqrt(log n),2.7569734238004693,uniform_exact,0.5669102361844638,2.73890746614778,2000,0.0,1
2000,3,0.0,10.0,0,0.6984542271619008,9.191213698217632,uniform,0,30,3.0,3.0,uniform_exact,0.5669102361844638,2.73890746614778,2000,0.0,1
2000,3,0.0,10.0,0,0.6984542271619008,9.191213698217632,uniform,0,50,1.5,1.5,uniform_exact,0.8204104887435318,5.089503467909739,2000,0.0,1
2000,3,0.0,10.0,0,0.6984542271619008,9.191213698217632,uniform,0,50,sqrt(log n),2.7569734238004693,uniform_exact,0.8204104887435318,5.089503467909739,2000,0.0,1
2000,3,0.0,10.0,0,0.6984542271619008,9.191213698217632,uniform,0,50,3.0,3.0,uniform_exact,0.8204104887435318,5.089503467909739,2000,0.0,1
2000,3,0.0,10.0,0,0.6984542271619008,9.191213698217632,uniform,0,100,1.5,1.5,uniform_exact,0.5426196143700296,3.1741035072798973,2000,0.0,1
2000,3,0.0,10.0,0,0.6984542271619008,9.191213698217632,uniform,0,100,sqrt(log n),2.7569734238004693,uniform_exact,0.5426196143700296,3.1741035072798973,2000,0.0,1
2000,3,0.0,10.0,0,0.6984542271619008,9.191213698217632,uniform,0,100,3.0,3.0,uniform_exact,0.5426196143700296,3.1741035072798973,2000,0.0,1
2000,3,0.0,10.0,1,0.6531760108020092,9.05950966881119,uniform,0,10,1.5,1.5,uniform_exact,0.5007252129795483,1.9092820560710502,2000,0.0,1
2000,3,0.0,10.0,1,0.6531760108020092,9.05950966881119,uniform,0,10,sqrt(log n),2.7569734238004693,uniform_exact,0.5007252129795483,1.9092820560710502,2000,0.0,1
2000,3,0.0,10.0,1,0.6531760108020092,9.05950966881119,uniform,0,10,3.0,3.0,uniform_exact,0.5007252129795483,1.9092820560710502,2000,0.0,1
2000,3,0.0,10.0,1,0.6531760108020092,9.05950966881119,uniform,0,30,1.5,1.5,uniform_exact,0.7602700418054511,4.2843012157589415,2000,0.0,1
2000,3,0.0,10.0,1,0.6531760108020092,9.05950966881119,uniform,0,30,sqrt(log n),2.7569734238004693,uniform_exact,0.7602700418054511,4.2843012157589415,2000,0.0,1
2000,3,0.0,10.0,1,0.6531760108020092,9.05950966881119,uniform,0,30,3.0,3.0,uniform_exact,0.7602700418054511,4.2843012157589415,2000,0.0,1
2000,3,0.0,10.0,1,0.6531760108020092,9.05950966881119,uniform,0,50,1.5,1.5,uniform_exact,0.5817819196000863,3.3117232456164185,2000,0.0,1
2000,3,0.0,10.0,1,0.6531760108020092,9.05950966881119,uniform,0,50,sqrt(log n),2.7569734238004693,uniform_exact,0.5817819196000863,3.3117232456164185,2000,0.0,1
2000,3,0.0,10.0,1,0.6531760108020092,9.05950966881119,uniform,0,50,3.0,3.0,uniform_exact,0.5817819196000863,3.3117232456164185,2000,0.0,1
2000,3,0.0,10.0,1,0.6531760108020092,9.05950966881119,uniform,0,100,1.5,1.5,uniform_exact,0.757144897320694,5.010148668022396,2000,0.0,1
2000,3,0.0,10.0,1,0.6531760108020092,9.05950966881119,uniform,0,100,sqrt(log n),2.7569734238004693,uniform_exact,0.757144897320694,5.010148668022396,2000,0.0,1
2000,3,0.0,10.0,1,0.6531760108020092,9.05950966881119,uniform,0,100,3.0,3.0,uniform_exact,0.757144897320694,5.010148668022396,2000,0.0,1
2000,3,0.0,10.0,2,0.6722700999610615,5.917746054892996,uniform,0,10,1.5,1.5,uniform,0.4402123504100477,1.6655304107134525,1938,0.0005375801026169063,1
2000,3,0.0,10.0,2,0.6722700999610615,5.917746054892996,uniform,0,10,sqrt(log n),2.7569734238004693,uniform,0.4402123504100477,1.6655304107134525,1938,0.0005375801026169063,1
2000,3,0.0,10.0,2,0.6722700999610615,5.917746054892996,uniform,0,10,3.0,3.0,uniform,0.4402123504100477,1.6655304107134525,1938,0.0005375801026169063,1
2000,3,0.0,10.0,2,0.6722700999610615,5.917746054892996,uniform,0,30,1.5,1.5,uniform,0.4195857622385169,2.151469896557225,1761,0.005276995264837645,1
2000,3,0.0,10.0,2,0.6722700999610615,5.917746054892996,uniform,0,30,sqrt(log n),2.7569734238004693,uniform,0.4195857622385169,2.151469896557225,1761,0.005276995264837645,1
2000,3,0.0,10.0,2,0.6722700999610615,5.917746054892996,uniform,0,30,3.0,3.0,uniform,0.4195857622385169,2.151469896557225,1761,0.005276995264837645,1
2000,3,0.0,10.0,2,0.6722700999610615,5.917746054892996,uniform,0,50,1.5,1.5,uniform_exact,0.692495660344602,4.104078997472004,2000,0.0,1
2000,3,0.0,10.0,2,0.6722700999610615,5.917746054892996,uniform,0,50,sqrt(log n),2.7569734238004693,uniform_exact,0.692495660344602,4.104078997472004,2000,0.0,1
2000,3,0.0,10.0,2,0.6722700999610615,5.917746054892996,uniform,0,50,3.0,3.0,uniform_exact,0.692495660344602,4.104078997472004,2000,0.0,1
2000,3,0.0,10.0,2,0.6722700999610615,5.917746054892996,uniform,0,100,1.5,1.5,uniform_exact,0.7942007499381826,5.221829139413604,2000,0.0,1
2000,3,0.0,10.0,2,0.6722700999610615,5.917746054892996,uniform,0,100,sqrt(log n),2.7569734238004693,uniform_exact,0.7942007499381826,5.221829139413604,2000,0.0,1
2000,3,0.0,10.0,2,0.6722700999610615,5.917746054892996,uniform,0,100,3.0,3.0,uniform_exact,0.7942007499381826,5.221829139413604,2000,0.0,1
2000,3,0.01,2.0,0,0.7041455345419971,8.158001271669198,uniform,0,10,1.5,1.5,uniform_exact,0.7295080173235081,2.5422824052084065,2000,0.0,1
2000,3,0.01,2.0,0,0.7041455345419971,8.158001271669198,uniform,0,10,sqrt(log n),2.7569734238004693,uniform_exact,0.7295080173235081,2.5422824052084065,2000,0.0,1
2000,3,0.01,2.0,0,0.7041455345419971,8.158001271669198,uniform,0,10,3.0,3.0,uniform_exact,0.7295080173235081,2.5422824052084065,2000,0.0,1
2000,3,0.01,2.0,0,0.7041455345419971,8.158001271669198,uniform,0,30,1.5,1.5,uniform,0.427955980250621,2.03057530249694,1832,0.003422454732160065,1
2000,3,0.01,2.0,0,0.7041455345419971,8.158001271669198,uniform,0,30,sqrt(log n),2.7569734238004693,uniform,0.427955980250621,2.03057530249694,1832,0.003422454732160065,1
2000,3,0.01,2.0,0,0.7041455345419971,8.158001271669198,uniform,0,30,3.0,3.0,uniform,0.427955980250621,2.03057530249694,1832,0.003422454732160065,1
2000,3,0.01,2.0,0,0.7041455345419971,8.158001271669198,uniform,0,50,1.5,1.5,uniform_exact,0.6071749363867458,3.645849192964391,2000,0.0,1
2000,3,0.01,2.0,0,0.7041455345419971,8.158001271669198,uniform,0,50,sqrt(log n),2.7569734238004693,uniform_exact,0.6071749363867458,3.645849192964391,2000,0.0,1
2000,3,0.01,2.0,0,0.7041455345419971,8.158001271669198,uniform,0,50,3.0,3.0,uniform_exact,0.6071749363867458,3.645849192964391,2000,0.0,1
2000,3,0.01,2.0,0,0.7041455345419971,8.158001271669198,uniform,0,100,1.5,1.5,uniform_exact,0.5404017339155975,3.3491686497895694,2000,0.0,1
2000,3,0.01,2.0,0,0.7041455345419971,8.158001271669198,uniform,0,100,sqrt(log n),2.7569734238004693,uniform_exact,0.5404017339155975,3.3491686497895694,2000,0.0,1
2000,3,0.01,2.0,0,0.7041455345419971,8.158001271669198,uniform,0,100,3.0,3.0,uniform_exact,0.5404017339155975,3.3491686497895694,2000,0.0,1
2000,3,0.01,2.0,1,0.6776575995706522,7.229319530734069,uniform,0,10,1.5,1.5,uniform_exact,0.6031486762960292,2.3615533321483357,2000,0.0,1
2000,3,0.01,2.0,1,0.6776575995706522,7.229319530734069,uniform,0,10,sqrt(log n),2.7569734238004693,uniform_exact,0.6031486762960292,2.3615533321483357,2000,0.0,1
2000,3,0.01,2.0,1,0.6776575995706522,7.229319530734069,uniform,0,10,3.0,3.0,uniform_exact,0.6031486762960292,2.3615533321483357,2000,0.0,1
2000,3,0.01,2.0,1,0.6776575995706522,7.229319530734069,uniform,0,30,1.5,1.5,uniform_exact,0.5190046919480534,2.083474352654526,2000,0.0,1
2000,3,0.01,2.0,1,0.6776575995706522,7.229319530734069,uniform,0,30,sqrt(log n),2.7569734238004693,uniform_exact,0.5190046919480534,2.083474352654526,2000,0.0,1
2000,3,0.01,2.0,1,0.6776575995706522,7.229319530734069,uniform,0,30,3.0,3.0,uniform_exact,0.5190046919480534,2.083474352654526,2000,0.0,1
2000,3,0.01,2.0,1,0.6776575995706522,7.229319530734069,uniform,0,50,1.5,1.5,uniform_exact,0.6247774122308429,4.102496569883842,2000,0.0,1
2000,3,0.01,2.0,1,0.6776575995706522,7.229319530734069,uniform,0,50,sqrt(log n),2.7569734238004693,uniform_exact,0.6247774122308429,4.102496569883842,2000,0.0,1
2000,3,0.01,2.0,1,0.6776575995706522,7.229319530734069,uniform,0,50,3.0,3.0,uniform_exact,0.6247774122308429,4.102496569883842,2000,0.0,1
2000,3,0.01,2.0,1,0.6776575995706522,7.229319530734069,uniform,0,100,1.5,1.5,uniform_exact,0.5277751972547366,3.439651395685163,2000,0.0,1
2000,3,0.01,2.0,1,0.6776575995706522,7.229319530734069,uniform,0,100,sqrt(log n),2.7569734238004693,uniform_exact,0.5277751972547366,3.439651395685163,2000,0.0,1
2000,3,0.01,2.0,1,0.6776575995706522,7.229319530734069,uniform,0,100,3.0,3.0,uniform_exact,0.5277751972547366,3.439651395685163,2000,0.0,1
2000,3,0.01,2.0,2,0.6623640231431586,9.28680597708695,uniform,0,10,1.5,1.5,uniform,0.3650146920004023,1.7512071674780827,1333,0.0036421687545812793,1
2000,3,0.01,2.0,2,0.6623640231431586,9.28680597708695,uniform,0,10,sqrt(log n),2.7569734238004693,uniform,0.3650146920004023,1.7512071674780827,1333,0.0036421687545812793,1
2000,3,0.01,2.0,2,0.6623640231431586,9.28680597708695,uniform,0,10,3.0,3.0,uniform,0.3650146920004023,1.7512071674780827,1333,0.0036421687545812793,1
2000,3,0.01,2.0,2,0.6623640231431586,9.28680597708695,uniform,0,30,1.5,1.5,uniform_exact,0.6406207702435815,2.6568684386189148,2000,0.0,1
2000,3,0.01,2.0,2,0.6623640231431586,9.28680597708695,uniform,0,30,sqrt(log n),2.7569734238004693,uniform_exact,0.6406207702435815,2.6568684386189148,2000,0.0,1
2000,3,0.01,2.0,2,0.6623640231431586,9.28680597708695,uniform,0,30,3.0,3.0,uniform_exact,0.6406207702435815,2.6568684386189148,2000,0.0,1
2000,3,0.01,2.0,2,0.6623640231431586,9.28680597708695,uniform,0,50,1.5,1.5,uniform_exact,0.7079684665310962,4.152401107338862,2000,0.0,1
2000,3,0.01,2.0,2,0.6623640231431586,9.28680597708695,uniform,0,50,sqrt(log n),2.7569734238004693,uniform_exact,0.7079684665310962,4.152401107338862,2000,0.0,1
2000,3,0.01,2.0,2,0.6623640231431586,9.28680597708695,uniform,0,50,3.0,3.0,uniform_exact,0.7079684665310962,4.152401107338862,2000,0.0,1
2000,3,0.01,2.0,2,0.6623640231431586,9.28680597708695,uniform,0,100,1.5,1.5,uniform_exact,0.4966391762173762,2.835166276620125,2000,0.0,1
2000,3,0.01,2.0,2,0.6623640231431586,9.28680597708695,uniform,0,100,sqrt(log n),2.7569734238004693,uniform_exact,0.4966391762173762,2.835166276620125,2000,0.0,1
2000,3,0.01,2.0,2,0.6623640231431586,9.28680597708695,uniform,0,100,3.0,3.0,uniform_exact,0.4966391762173762,2.835166276620125,2000,0.0,1
2000,3,0.01,5.0,0,0.9816612409123018,11.124163624423396,uniform,0,10,1.5,1.5,uniform_exact,0.8694187539097169,2.3544855703713394,2000,0.0,1
2000,3,0.01,5.0,0,0.9816612409123018,11.124163624423396,uniform,0,10,sqrt(log n),2.7569734238004693,uniform_exact,0.8694187539097169,2.3544855703713394,2000,0.0,1
2000,3,0.01,5.0,0,0.9816612409123018,11.124163624423396,uniform,0,10,3.0,3.0,uniform_exact,0.8694187539097169,2.3544855703713394,2000,0.0,1
2000,3,0.01,5.0,0,0.9816612409123018,11.124163624423396,uniform,0,30,1.5,1.5,uniform_exact,0.7655326155696701,4.3644722643251,2000,0.0,1
2000,3,0.01,5.0,0,0.9816612409123018,11.124163624423396,uniform,0,30,sqrt(log n),2.7569734238004693,uniform_exact,0.7655326155696701,4.3644722643251,2000,0.0,1
2000,3,0.01,5.0,0,0.9816612409123018,11.124163624423396,uniform,0,30,3.0,3.0,uniform_exact,0.7655326155696701,4.3644722643251,2000,0.0,1
2000,3,0.01,5.0,0,0.9816612409123018,11.124163624423396,uniform,0,50,1.5,1.5,uniform_exact,0.9767415968776729,6.306964861706987,2000,0.0,1
2000,3,0.01,5.0,0,0.9816612409123018,11.124163624423396,uniform,0,50,sqrt(log n),2.7569734238004693,uniform_exact,0.9767415968776729,6.306964861706987,2000,0.0,1
2000,3,0.01,5.0,0,0.9816612409123018,11.124163624423396,uniform,0,50,3.0,3.0,uniform_exact,0.9767415968776729,6.306964861706987,2000,0.0,1
2000,3,0.01,5.0,0,0.9816612409123018,11.124163624423396,uniform,0,100,1.5,1.5,uniform_exact,0.624115978958786,3.5699638176458173,2000,0.0,1
2000,3,0.01,5.0,0,0.9816612409123018,11.124163624423396,uniform,0,100,sqrt(log n),2.7569734238004693,uniform_exact,0.624115978958786,3.5699638176458173,2000,0.0,1
2000,3,0.01,5.0,0,0.9816612409123018,11.124163624423396,uniform,0,100,3.0,3.0,uniform_exact,0.624115978958786,3.5699638176458173,2000,0.0,1
2000,3,0.01,5.0,1,1.019893147231907,10.771710935140439,uniform,0,10,1.5,1.5,uniform_exact,0.5779270143208707,2.376269892017257,2000,0.0,1
2000,3,0.01,5.0,1,1.019893147231907,10.771710935140439,uniform,0,10,sqrt(log n),2.7569734238004693,uniform_exact,0.5779270143208707,2.376269892017257,2000,0.0,1
2000,3,0.01,5.0,1,1.019893147231907,10.771710935140439,uniform,0,10,3.0,3.0,uniform_exact,0.5779270143208707,2.376269892017257,2000,0.0,1
2000,3,0.01,5.0,1,1.019893147231907,10.771710935140439,uniform,0,30,1.5,1.5,uniform_exact,0.4968143475121669,2.204931285087121,2000,0.0,1
2000,3,0.01,5.0,1,1.019893147231907,10.771710935140439,uniform,0,30,sqrt(log n),2.7569734238004693,uniform_exact,0.4968143475121669,2.204931285087121,2000,0.0,1
2000,3,0.01,5.0,1,1.019893147231907,10.771710935140439,uniform,0,30,3.0,3.0,uniform_exact,0.4968143475121669,2.204931285087121,2000,0.0,1
2000,3,0.01,5.0,1,1.019893147231907,10.771710935140439,uniform,0,50,1.5,1.5,uniform_exact,0.7219387773082603,3.89349269535613,2000,0.0,1
2000,3,0.01,5.0,1,1.019893147231907,10.771710935140439,uniform,0,50,sqrt(log n),2.7569734238004693,uniform_exact,0.7219387773082603,3.89349269535613,2000,0.0,1
2000,3,0.01,5.0,1,1.019893147231907,10.771710935140439,uniform,0,50,3.0,3.0,uniform_exact,0.7219387773082603,3.89349269535613,2000,0.0,1
2000,3,0.01,5.0,1,1.019893147231907,10.771710935140439,uniform,0,100,1.5,1.5,uniform_exact,1.0930809895993026,10.509055258065544,2000,0.0,1
2000,3,0.01,5.0,1,1.019893147231907,10.771710935140439,uniform,0,100,sqrt(log n),2.7569734238004693,uniform_exact,1.0930809895993026,10.509055258065544,2000,0.0,1
2000,3,0.01,5.0,1,1.019893147231907,10.771710935140439,uniform,0,100,3.0,3.0,uniform_exact,1.0930809895993026,10.509055258065544,2000,0.0,1
2000,3,0.01,5.0,2,1.0038984191058524,11.152323945467518,uniform,0,10,1.5,1.5,uniform_exact,0.8749895412697769,3.317577217716267,2000,0.0,1
2000,3,0.01,5.0,2,1.0038984191058524,11.152323945467518,uniform,0,10,sqrt(log n),2.7569734238004693,uniform_exact,0.8749895412697769,3.317577217716267,2000,0.0,1
2000,3,0.01,5.0,2,1.0038984191058524,11.152323945467518,uniform,0,10,3.0,3.0,uniform_exact,0.8749895412697769,3.317577217716267,2000,0.0,1
2000,3,0.01,5.0,2,1.0038984191058524,11.152323945467518,uniform,0,30,1.5,1.5,uniform_exact,0.5848141971124585,2.744049416562094,2000,0.0,1
2000,3,0.01,5.0,2,1.0038984191058524,11.152323945467518,uniform,0,30,sqrt(log n),2.7569734238004693,uniform_exact,0.5848141971124585,2.744049416562094,2000,0.0,1
2000,3,0.01,5.0,2,1.0038984191058524,11.152323945467518,uniform,0,30,3.0,3.0,uniform_exact,0.5848141971124585,2.744049416562094,2000,0.0,1
2000,3,0.01,5.0,2,1.0038984191058524,11.152323945467518,uniform,0,50,1.5,1.5,uniform_exact,0.652053734447587,3.0044946583876286,2000,0.0,1
2000,3,0.01,5.0,2,1.0038984191058524,11.152323945467518,uniform,0,50,sqrt(log n),2.7569734238004693,uniform_exact,0.652053734447587,3.0044946583876286,2000,0.0,1
2000,3,0.01,5.0,2,1.0038984191058524,11.152323945467518,uniform,0,50,3.0,3.0,uniform_exact,0.652053734447587,3.0044946583876286,2000,0.0,1
2000,3,0.01,5.0,2,1.0038984191058524,11.152323945467518,uniform,0,100,1.5,1.5,uniform_exact,1.3454287266328375,8.551233538041306,2000,0.0,1
2000,3,0.01,5.0,2,1.0038984191058524,11.152323945467518,uniform,0,100,sqrt(log n),2.7569734238004693,uniform_exact,1.3454287266328375,8.551233538041306,2000,0.0,1
2000,3,0.01,5.0,2,1.0038984191058524,11.152323945467518,uniform,0,100,3.0,3.0,uniform_exact,1.3454287266328375,8.551233538041306,2000,0.0,1
2000,3,0.01,10.0,0,2.485939595674491,27.10730987984548,uniform,1,10,1.5,1.5,uniform_exact,0.714638166693675,2.438242481595574,2000,0.0,1
2000,3,0.01,10.0,0,2.485939595674491,27.10730987984548,uniform,1,10,sqrt(log n),2.7569734238004693,uniform_exact,0.714638166693675,2.438242481595574,2000,0.0,1
2000,3,0.01,10.0,0,2.485939595674491,27.10730987984548,uniform,1,10,3.0,3.0,uniform_exact,0.714638166693675,2.438242481595574,2000,0.0,1
2000,3,0.01,10.0,0,2.485939595674491,27.10730987984548,uniform,1,30,1.5,1.5,uniform_exact,0.8192398436805781,4.029913101648665,2000,0.0,1
2000,3,0.01,10.0,0,2.485939595674491,27.10730987984548,uniform,1,30,sqrt(log n),2.7569734238004693,uniform_exact,0.8192398436805781,4.029913101648665,2000,0.0,1
2000,3,0.01,10.0,0,2.485939595674491,27.10730987984548,uniform,1,30,3.0,3.0,uniform_exact,0.8192398436805781,4.029913101648665,2000,0.0,1
2000,3,0.01,10.0,0,2.485939595674491,27.10730987984548,uniform,1,50,1.5,1.5,is,2.810478793531089,15.50781157637983,3041,0.005617648916022685,0
2000,3,0.01,10.0,0,2.485939595674491,27.10730987984548,uniform,1,50,sqrt(log n),2.7569734238004693,is,2.810478793531089,15.50781157637983,3041,0.005617648916022685,0
2000,3,0.01,10.0,0,2.485939595674491,27.10730987984548,uniform,1,50,3.0,3.0,uniform_exact,2.810478793531089,15.50781157637983,2000,0.0,1
2000,3,0.01,10.0,0,2.485939595674491,27.10730987984548,uniform,1,100,1.5,1.5,is,2.6674361198591363,27.053069871510417,3041,0.0032418387204123165,0
2000,3,0.01,10.0,0,2.485939595674491,27.10730987984548,uniform,1,100,sqrt(log n),2.7569734238004693,uniform_exact,2.6674361198591363,27.053069871510417,2000,0.0,1
2000,3,0.01,10.0,0,2.485939595674491,27.10730987984548,uniform,1,100,3.0,3.0,uniform_exact,2.6674361198591363,27.053069871510417,2000,0.0,1
2000,3,0.01,10.0,1,2.4574092914423638,26.830979453268434,uniform,1,10,1.5,1.5,uniform_exact,0.7502828871476371,2.3811910749642204,2000,0.0,1
2000,3,0.01,10.0,1,2.4574092914423638,26.830979453268434,uniform,1,10,sqrt(log n),2.7569734238004693,uniform_exact,0.7502828871476371,2.3811910749642204,2000,0.0,1
2000,3,0.01,10.0,1,2.4574092914423638,26.830979453268434,uniform,1,10,3.0,3.0,uniform_exact,0.7502828871476371,2.3811910749642204,2000,0.0,1
2000,3,0.01,10.0,1,2.4574092914423638,26.830979453268434,uniform,1,30,1.5,1.5,uniform_exact,0.5665884464314436,2.909682701262969,2000,0.0,1
2000,3,0.01,10.0,1,2.4574092914423638,26.830979453268434,uniform,1,30,sqrt(log n),2.7569734238004693,uniform_exact,0.5665884464314436,2.909682701262969,2000,0.0,1
2000,3,0.01,10.0,1,2.4574092914423638,26.830979453268434,uniform,1,30,3.0,3.0,uniform_exact,0.5665884464314436,2.909682701262969,2000,0.0,1
2000,3,0.01,10.0,1,2.4574092914423638,26.830979453268434,uniform,1,50,1.5,1.5,is,2.9549983852993726,21.396275479900854,3041,0.0018945624282237555,0
2000,3,0.01,10.0,1,2.4574092914423638,26.830979453268434,uniform,1,50,sqrt(log n),2.7569734238004693,is,2.9549983852993726,21.396275479900854,3041,0.0018945624282237555,0
2000,3,0.01,10.0,1,2.4574092914423638,26.830979453268434,uniform,1,50,3.0,3.0,uniform_exact,2.9549983852993726,21.396275479900854,2000,0.0,1
2000,3,0.01,10.0,1,2.4574092914423638,26.830979453268434,uniform,1,100,1.5,1.5,is,2.7687961232044263,20.770265591206183,3041,0.00016924576129460296,0
2000,3,0.01,10.0,1,2.4574092914423638,26.830979453268434,uniform,1,100,sqrt(log n),2.7569734238004693,is,2.7687961232044263,20.770265591206183,3041,0.00016924576129460296,0
2000,3,0.01,10.0,1,2.4574092914423638,26.830979453268434,uniform,1,100,3.0,3.0,uniform_exact,2.7687961232044263,20.770265591206183,2000,0.0,1
2000,3,0.01,10.0,2,2.4875934157876274,27.001639859771334,uniform,1,10,1.5,1.5,uniform_exact,0.5700178896127442,2.060028843633637,2000,0.0,1
2000,3,0.01,10.0,2,2.4875934157876274,27.001639859771334,uniform,1,10,sqrt(log n),2.7569734238004693,uniform_exact,0.5700178896127442,2.060028843633637,2000,0.0,1
2000,3,0.01,10.0,2,2.4875934157876274,27.001639859771334,uniform,1,10,3.0,3.0,uniform_exact,0.5700178896127442,2.060028843633637,2000,0.0,1
2000,3,0.01,10.0,2,2.4875934157876274,27.001639859771334,uniform,1,30,1.5,1.5,uniform_exact,0.8930479579322297,5.020959976699621,2000,0.0,1
2000,3,0.01,10.0,2,2.4875934157876274,27.001639859771334,uniform,1,30,sqrt(log n),2.7569734238004693,uniform_exact,0.8930479579322297,5.020959976699621,2000,0.0,1
2000,3,0.01,10.0,2,2.4875934157876274,27.001639859771334,uniform,1,30,3.0,3.0,uniform_exact,0.8930479579322297,5.020959976699621,2000,0.0,1
2000,3,0.01,10.0,2,2.4875934157876274,27.001639859771334,uniform,1,50,1.5,1.5,is,2.694510700788649,19.49982660483766,3041,0.008142731337208758,0
2000,3,0.01,10.0,2,2.4875934157876274,27.001639859771334,uniform,1,50,sqrt(log n),2.7569734238004693,uniform_exact,2.694510700788649,19.49982660483766,2000,0.0,1
2000,3,0.01,10.0,2,2.4875934157876274,27.001639859771334,uniform,1,50,3.0,3.0,uniform_exact,2.694510700788649,19.49982660483766,2000,0.0,1
2000,3,0.01,10.0,2,2.4875934157876274,27.001639859771334,uniform,1,100,1.5,1.5,is,2.430209081640621,24.063017835357265,3041,0.014951079938066917,0
2000,3,0.01,10.0,2,2.4875934157876274,27.001639859771334,uniform,1,100,sqrt(log n),2.7569734238004693,uniform_exact,2.430209081640621,24.063017835357265,2000,0.0,1
2000,3,0.01,10.0,2,2.4875934157876274,27.001639859771334,uniform,1,100,3.0,3.0,uniform_exact,2.430209081640621,24.063017835357265,2000,0.0,1
2000,3,0.02,2.0,0,0.6522247884106012,6.7974888408872705,uniform,0,10,1.5,1.5,uniform_exact,0.4887958467908466,1.760760657290639,2000,0.0,1
2000,3,0.02,2.0,0,0.6522247884106012,6.7974888408872705,uniform,0,10,sqrt(log n),2.7569734238004693,uniform_exact,0.4887958467908466,1.760760657290639,2000,0.0,1
2000,3,0.02,2.0,0,0.6522247884106012,6.7974888408872705,uniform,0,10,3.0,3.0,uniform_exact,0.4887958467908466,1.760760657290639,2000,0.0,1
2000,3,0.02,2.0,0,0.6522247884106012,6.7974888408872705,uniform,0,30,1.5,1.5,uniform_exact,0.5002683657262486,2.0671913169446317,2000,0.0,1
2000,3,0.02,2.0,0,0.6522247884106012,6.7974888408872705,uniform,0,30,sqrt(log n),2.7569734238004693,uniform_exact,0.5002683657262486,2.0671913169446317,2000,0.0,1
2000,3,0.02,2.0,0,0.6522247884106012,6.7974888408872705,uniform,0,30,3.0,3.0,uniform_exact,0.5002683657262486,2.0671913169446317,2000,0.0,1
2000,3,0.02,2.0,0,0.6522247884106012,6.7974888408872705,uniform,0,50,1.5,1.5,uniform_exact,0.6128015757302536,3.7531285465239463,2000,0.0,1
2000,3,0.02,2.0,0,0.6522247884106012,6.7974888408872705,uniform,0,50,sqrt(log n),2.7569734238004693,uniform_exact,0.6128015757302536,3.7531285465239463,2000,0.0,1
2000,3,0.02,2.0,0,0.6522247884106012,6.7974888408872705,uniform,0,50,3.0,3.0,uniform_exact,0.6128015757302536,3.7531285465239463,2000,0.0,1
2000,3,0.02,2.0,0,0.6522247884106012,6.7974888408872705,uniform,0,100,1.5,1.5,uniform_exact,0.5743023232077081,4.493222964391343,2000,0.0,1
2000,3,0.02,2.0,0,0.6522247884106012,6.7974888408872705,uniform,0,100,sqrt(log n),2.7569734238004693,uniform_exact,0.5743023232077081,4.493222964391343,2000,0.0,1
2000,3,0.02,2.0,0,0.6522247884106012,6.7974888408872705,uniform,0,100,3.0,3.0,uniform_exact,0.5743023232077081,4.493222964391343,2000,0.0,1
2000,3,0.02,2.0,1,0.708592555862065,7.3196862152942685,uniform,0,10,1.5,1.5,uniform,0.30666136854534853,1.447906278367141,941,0.009882451956057189,1
2000,3,0.02,2.0,1,0.708592555862065,7.3196862152942685,uniform,0,10,sqrt(log n),2.7569734238004693,uniform,0.30666136854534853,1.447906278367141,941,0.009882451956057189,1
2000,3,0.02,2.0,1,0.708592555862065,7.3196862152942685,uniform,0,10,3.0,3.0,uniform,0.30666136854534853,1.447906278367141,941,0.009882451956057189,1
2000,3,0.02,2.0,1,0.708592555862065,7.3196862152942685,uniform,0,30,1.5,1.5,uniform_exact,0.8526134438797611,4.4158550613801415,2000,0.0,1
2000,3,0.02,2.0,1,0.708592555862065,7.3196862152942685,uniform,0,30,sqrt(log n),2.7569734238004693,uniform_exact,0.8526134438797611,4.4158550613801415,2000,0.0,1
2000,3,0.02,2.0,1,0.708592555862065,7.3196862152942685,uniform,0,30,3.0,3.0,uniform_exact,0.8526134438797611,4.4158550613801415,2000,0.0,1
2000,3,0.02,2.0,1,0.708592555862065,7.3196862152942685,uniform,0,50,1.5,1.5,uniform_exact,0.7200148408767216,3.930110413376295,2000,0.0,1
2000,3,0.02,2.0,1,0.708592555862065,7.3196862152942685,uniform,0,50,sqrt(log n),2.7569734238004693,uniform_exact,0.7200148408767216,3.930110413376295,2000,0.0,1
2000,3,0.02,2.0,1,0.708592555862065,7.3196862152942685,uniform,0,50,3.0,3.0,uniform_exact,0.7200148408767216,3.930110413376295,2000,0.0,1
2000,3,0.02,2.0,1,0.708592555862065,7.3196862152942685,uniform,0,100,1.5,1.5,uniform_exact,0.7443282063861328,6.1564685110811785,2000,0.0,1
2000,3,0.02,2.0,1,0.708592555862065,7.3196862152942685,uniform,0,100,sqrt(log n),2.7569734238004693,uniform_exact,0.7443282063861328,6.1564685110811785,2000,0.0,1
2000,3,0.02,2.0,1,0.708592555862065,7.3196862152942685,uniform,0,100,3.0,3.0,uniform_exact,0.7443282063861328,6.1564685110811785,2000,0.0,1
2000,3,0.02,2.0,2,0.6266465193598646,6.766098028970186,uniform,0,10,1.5,1.5,uniform_exact,0.5831351744737363,2.360060645097219,2000,0.0,1
2000,3,0.02,2.0,2,0.6266465193598646,6.766098028970186,uniform,0,10,sqrt(log n),2.7569734238004693,uniform_exact,0.5831351744737363,2.360060645097219,2000,0.0,1
2000,3,0.02,2.0,2,0.6266465193598646,6.766098028970186,uniform,0,10,3.0,3.0,uniform_exact,0.5831351744737363,2.360060645097219,2000,0.0,1
2000,3,0.02,2.0,2,0.6266465193598646,6.766098028970186,uniform,0,30,1.5,1.5,uniform_exact,0.4851429302440609,2.455152167030394,2000,0.0,1
2000,3,0.02,2.0,2,0.6266465193598646,6.766098028970186,uniform,0,30,sqrt(log n),2.7569734238004693,uniform_exact,0.4851429302440609,2.455152167030394,2000,0.0,1
2000,3,0.02,2.0,2,0.6266465193598646,6.766098028970186,uniform,0,30,3.0,3.0,uniform_exact,0.4851429302440609,2.455152167030394,2000,0.0,1
2000,3,0.02,2.0,2,0.6266465193598646,6.766098028970186,uniform,0,50,1.5,1.5,uniform_exact,0.6664327143068398,4.243004001073658,2000,0.0,1
2000,3,0.02,2.0,2,0.6266465193598646,6.766098028970186,uniform,0,50,sqrt(log n),2.7569734238004693,uniform_exact,0.6664327143068398,4.243004001073658,2000,0.0,1
2000,3,0.02,2.0,2,0.6266465193598646,6.766098028970186,uniform,0,50,3.0,3.0,uniform_exact,0.6664327143068398,4.243004001073658,2000,0.0,1
2000,3,0.02,2.0,2,0.6266465193598646,6.766098028970186,uniform,0,100,1.5,1.5,uniform_exact,0.5999603186986876,3.7439211800195693,2000,0.0,1
2000,3,0.02,2.0,2,0.6266465193598646,6.766098028970186,uniform,0,100,sqrt(log n),2.7569734238004693,uniform_exact,0.5999603186986876,3.7439211800195693,2000,0.0,1
2000,3,0.02,2.0,2,0.6266465193598646,6.766098028970186,uniform,0,100,3.0,3.0,uniform_exact,0.5999603186986876,3.7439211800195693,2000,0.0,1
2000,3,0.02,5.0,0,1.187664640127493,10.482197021947206,uniform,0,10,1.5,1.5,uniform_exact,0.8646527164143009,2.724220306864588,2000,0.0,1
2000,3,0.02,5.0,0,1.187664640127493,10.482197021947206,uniform,0,10,sqrt(log n),2.7569734238004693,uniform_exact,0.8646527164143009,2.724220306864588,2000,0.0,1
2000,3,0.02,5.0,0,1.187664640127493,10.482197021947206,uniform,0,10,3.0,3.0,uniform_exact,0.8646527164143009,2.724220306864588,2000,0.0,1
2000,3,0.02,5.0,0,1.187664640127493,10.482197021947206,uniform,0,30,1.5,1.5,uniform_exact,1.4290531023238424,7.125337952911518,2000,0.0,1
2000,3,0.02,5.0,0,1.187664640127493,10.482197021947206,uniform,0,30,sqrt(log n),2.7569734238004693,uniform_exact,1.4290531023238424,7.125337952911518,2000,0.0,1
2000,3,0.02,5.0,0,1.187664640127493,10.482197021947206,uniform,0,30,3.0,3.0,uniform_exact,1.4290531023238424,7.125337952911518,2000,0.0,1
2000,3,0.02,5.0,0,1.187664640127493,10.482197021947206,uniform,0,50,1.5,1.5,uniform_exact,1.3284840156418734,7.486715144145009,2000,0.0,1
2000,3,0.02,5.0,0,1.187664640127493,10.482197021947206,uniform,0,50,sqrt(log n),2.7569734238004693,uniform_exact,1.3284840156418734,7.486715144145009,2000,0.0,1
2000,3,0.02,5.0,0,1.187664640127493,10.482197021947206,uniform,0,50,3.0,3.0,uniform_exact,1.3284840156418734,7.486715144145009,2000,0.0,1
2000,3,0.02,5.0,0,1.187664640127493,10.482197021947206,uniform,0,100,1.5,1.5,uniform_exact,1.4976476407542685,8.264848518887192,2000,0.0,1
2000,3,0.02,5.0,0,1.187664640127493,10.482197021947206,uniform,0,100,sqrt(log n),2.7569734238004693,uniform_exact,1.4976476407542685,8.264848518887192,2000,0.0,1
2000,3,0.02,5.0,0,1.187664640127493,10.482197021947206,uniform,0,100,3.0,3.0,uniform_exact,1.4976476407542685,8.264848518887192,2000,0.0,1
2000,3,0.02,5.0,1,1.169122399391696,10.541280528053289,uniform,0,10,1.5,1.5,uniform,0.3489609382162417,1.4963535095715157,1218,0.03178952800302339,1
2000,3,0.02,5.0,1,1.169122399391696,10.541280528053289,uniform,0,10,sqrt(log n),2.7569734238004693,uniform,0.3489609382162417,1.4963535095715157,1218,0.03178952800302339,1
2000,3,0.02,5.0,1,1.169122399391696,10.541280528053289,uniform,0,10,3.0,3.0,uniform,0.3489609382162417,1.4963535095715157,1218,0.03178952800302339,1
2000,3,0.02,5.0,1,1.169122399391696,10.541280528053289,uniform,0,30,1.5,1.5,uniform_exact,1.148512898971118,6.01410136774503,2000,0.0,1
2000,3,0.02,5.0,1,1.169122399391696,10.541280528053289,uniform,0,30,sqrt(log n),2.7569734238004693,uniform_exact,1.148512898971118,6.01410136774503,2000,0.0,1
2000,3,0.02,5.0,1,1.169122399391696,10.541280528053289,uniform,0,30,3.0,3.0,uniform_exact,1.148512898971118,6.01410136774503,2000,0.0,1
2000,3,0.02,5.0,1,1.169122399391696,10.541280528053289,uniform,0,50,1.5,1.5,uniform_exact,1.2088933005283224,8.428495857568352,2000,0.0,1
2000,3,0.02,5.0,1,1.169122399391696,10.541280528053289,uniform,0,50,sqrt(log n),2.7569734238004693,uniform_exact,1.2088933005283224,8.428495857568352,2000,0.0,1
2000,3,0.02,5.0,1,1.169122399391696,10.541280528053289,uniform,0,50,3.0,3.0,uniform_exact,1.2088933005283224,8.428495857568352,2000,0.0,1
2000,3,0.02,5.0,1,1.169122399391696,10.541280528053289,uniform,0,100,1.5,1.5,uniform_exact,1.1070527253018232,8.672939741117968,2000,0.0,1
2000,3,0.02,5.0,1,1.169122399391696,10.541280528053289,uniform,0,100,sqrt(log n),2.7569734238004693,uniform_exact,1.1070527253018232,8.672939741117968,2000,0.0,1
2000,3,0.02,5.0,1,1.169122399391696,10.541280528053289,uniform,0,100,3.0,3.0,uniform_exact,1.1070527253018232,8.672939741117968,2000,0.0,1
2000,3,0.02,5.0,2,1.2297958209577402,10.40504305776103,uniform,0,10,1.5,1.5,is,1.651811131632488,5.668885497800451,3041,7.099316710253834e-05,0
2000,3,0.02,5.0,2,1.2297958209577402,10.40504305776103,uniform,0,10,sqrt(log n),2.7569734238004693,uniform_exact,1.651811131632488,5.668885497800451,2000,0.0,1
2000,3,0.02,5.0,2,1.2297958209577402,10.40504305776103,uniform,0,10,3.0,3.0,uniform_exact,1.651811131632488,5.668885497800451,2000,0.0,1
2000,3,0.02,5.0,2,1.2297958209577402,10.40504305776103,uniform,0,30,1.5,1.5,uniform_exact,0.4962505041323254,2.620388890230184,2000,0.0,1
2000,3,0.02,5.0,2,1.2297958209577402,10.40504305776103,uniform,0,30,sqrt(log n),2.7569734238004693,uniform_exact,0.4962505041323254,2.620388890230184,2000,0.0,1
2000,3,0.02,5.0,2,1.2297958209577402,10.40504305776103,uniform,0,30,3.0,3.0,uniform_exact,0.4962505041323254,2.620388890230184,2000,0.0,1
2000,3,0.02,5.0,2,1.2297958209577402,10.40504305776103,uniform,0,50,1.5,1.5,uniform_exact,1.1968416553171444,8.802403274303511,2000,0.0,1
2000,3,0.02,5.0,2,1.2297958209577402,10.40504305776103,uniform,0,50,sqrt(log n),2.7569734238004693,uniform_exact,1.1968416553171444,8.802403274303511,2000,0.0,1
2000,3,0.02,5.0,2,1.2297958209577402,10.40504305776103,uniform,0,50,3.0,3.0,uniform_exact,1.1968416553171444,8.802403274303511,2000,0.0,1
2000,3,0.02,5.0,2,1.2297958209577402,10.40504305776103,uniform,0,100,1.5,1.5,uniform_exact,0.9785252795460507,9.201608731061347,2000,0.0,1
2000,3,0.02,5.0,2,1.2297958209577402,10.40504305776103,uniform,0,100,sqrt(log n),2.7569734238004693,uniform_exact,0.9785252795460507,9.201608731061347,2000,0.0,1
2000,3,0.02,5.0,2,1.2297958209577402,10.40504305776103,uniform,0,100,3.0,3.0,uniform_exact,0.9785252795460507,9.201608731061347,2000,0.0,1
2000,3,0.02,10.0,0,2.869439534666998,22.1660269939405,uniform,1,10,1.5,1.5,uniform,0.44355765870604325,1.9329244133067305,1968,0.007915468916449203,1
2000,3,0.02,10.0,0,2.869439534666998,22.1660269939405,uniform,1,10,sqrt(log n),2.7569734238004693,uniform,0.44355765870604325,1.9329244133067305,1968,0.007915468916449203,1
2000,3,0.02,10.0,0,2.869439534666998,22.1660269939405,uniform,1,10,3.0,3.0,uniform,0.44355765870604325,1.9329244133067305,1968,0.007915468916449203,1
2000,3,0.02,10.0,0,2.869439534666998,22.1660269939405,uniform,1,30,1.5,1.5,is,2.7640785397865097,11.371532992692302,3041,0.010639569792266563,0
2000,3,0.02,10.0,0,2.869439534666998,22.1660269939405,uniform,1,30,sqrt(log n),2.7569734238004693,is,2.7640785397865097,11.371532992692302,3041,0.010639569792266563,0
2000,3,0.02,10.0,0,2.869439534666998,22.1660269939405,uniform,1,30,3.0,3.0,uniform_exact,2.7640785397865097,11.371532992692302,2000,0.0,1
2000,3,0.02,10.0,0,2.869439534666998,22.1660269939405,uniform,1,50,1.5,1.5,is,2.691236347565797,11.731696002209965,3041,0.011187585484155058,0
2000,3,0.02,10.0,0,2.869439534666998,22.1660269939405,uniform,1,50,sqrt(log n),2.7569734238004693,uniform_exact,2.691236347565797,11.731696002209965,2000,0.0,1
2000,3,0.02,10.0,0,2.869439534666998,22.1660269939405,uniform,1,50,3.0,3.0,uniform_exact,2.691236347565797,11.731696002209965,2000,0.0,1
2000,3,0.02,10.0,0,2.869439534666998,22.1660269939405,uniform,1,100,1.5,1.5,is,2.725602231567682,27.723205574852237,3041,0.004035949799614211,0
2000,3,0.02,10.0,0,2.869439534666998,22.1660269939405,uniform,1,100,sqrt(log n),2.7569734238004693,uniform_exact,2.725602231567682,27.723205574852237,2000,0.0,1
2000,3,0.02,10.0,0,2.869439534666998,22.1660269939405,uniform,1,100,3.0,3.0,uniform_exact,2.725602231567682,27.723205574852237,2000,0.0,1
2000,3,0.02,10.0,1,2.804968516663726,22.06499967036417,uniform,1,10,1.5,1.5,uniform,0.29978696137594096,1.2951784019343904,899,0.020183167725780417,1
2000,3,0.02,10.0,1,2.804968516663726,22.06499967036417,uniform,1,10,sqrt(log n),2.7569734238004693,uniform,0.29978696137594096,1.2951784019343904,899,0.020183167725780417,1
2000,3,0.02,10.0,1,2.804968516663726,22.06499967036417,uniform,1,10,3.0,3.0,uniform,0.29978696137594096,1.2951784019343904,899,0.020183167725780417,1
2000,3,0.02,10.0,1,2.804968516663726,22.06499967036417,uniform,1,30,1.5,1.5,is,2.5925000918474503,10.739970524727,3041,0.014274755369035504,0
2000,3,0.02,10.0,1,2.804968516663726,22.06499967036417,uniform,1,30,sqrt(log n),2.7569734238004693,uniform_exact,2.5925000918474503,10.739970524727,2000,0.0,1
2000,3,0.02,10.0,1,2.804968516663726,22.06499967036417,uniform,1,30,3.0,3.0,uniform_exact,2.5925000918474503,10.739970524727,2000,0.0,1
2000,3,0.02,10.0,1,2.804968516663726,22.06499967036417,uniform,1,50,1.5,1.5,is,2.7643632760506986,12.07506971756358,3041,0.0027548537023147223,0
2000,3,0.02,10.0,1,2.804968516663726,22.06499967036417,uniform,1,50,sqrt(log n),2.7569734238004693,is,2.7643632760506986,12.07506971756358,3041,0.0027548537023147223,0
2000,3,0.02,10.0,1,2.804968516663726,22.06499967036417,uniform,1,50,3.0,3.0,uniform_exact,2.7643632760506986,12.07506971756358,2000,0.0,1
2000,3,0.02,10.0,1,2.804968516663726,22.06499967036417,uniform,1,100,1.5,1.5,is,2.5950886051233213,26.163764204399474,3041,0.006298400449535358,0
2000,3,0.02,10.0,1,2.804968516663726,22.06499967036417,uniform,1,100,sqrt(log n),2.7569734238004693,uniform_exact,2.5950886051233213,26.163764204399474,2000,0.0,1
2000,3,0.02,10.0,1,2.804968516663726,22.06499967036417,uniform,1,100,3.0,3.0,uniform_exact,2.5950886051233213,26.163764204399474,2000,0.0,1
2000,3,0.02,10.0,2,2.735942484849644,21.257719756855096,uniform,1,10,1.5,1.5,is,2.4399037695121684,7.942379619609407,3041,0.0047430167065540185,0
2000,3,0.02,10.0,2,2.735942484849644,21.257719756855096,uniform,1,10,sqrt(log n),2.7569734238004693,uniform_exact,2.4399037695121684,7.942379619609407,2000,0.0,1
2000,3,0.02,10.0,2,2.735942484849644,21.257719756855096,uniform,1,10,3.0,3.0,uniform_exact,2.4399037695121684,7.942379619609407,2000,0.0,1
2000,3,0.02,10.0,2,2.735942484849644,21.257719756855096,uniform,1,30,1.5,1.5,uniform_exact,0.5369803259764836,2.629792907973868,2000,0.0,1
2000,3,0.02,10.0,2,2.735942484849644,21.257719756855096,uniform,1,30,sqrt(log n),2.7569734238004693,uniform_exact,0.5369803259764836,2.629792907973868,2000,0.0,1
2000,3,0.02,10.0,2,2.735942484849644,21.257719756855096,uniform,1,30,3.0,3.0,uniform_exact,0.5369803259764836,2.629792907973868,2000,0.0,1
2000,3,0.02,10.0,2,2.735942484849644,21.257719756855096,uniform,1,50,1.5,1.5,is,2.532535766899756,18.152164513549987,3041,0.008981215672448022,0
2000,3,0.02,10.0,2,2.735942484849644,21.257719756855096,uniform,1,50,sqrt(log n),2.7569734238004693,uniform_exact,2.532535766899756,18.152164513549987,2000,0.0,1
2000,3,0.02,10.0,2,2.735942484849644,21.257719756855096,uniform,1,50,3.0,3.0,uniform_exact,2.532535766899756,18.152164513549987,2000,0.0,1
2000,3,0.02,10.0,2,2.735942484849644,21.257719756855096,uniform,1,100,1.5,1.5,is,2.217045617987247,22.42902067597821,3041,0.015686543422710867,0
2000,3,0.02,10.0,2,2.735942484849644,21.257719756855096,uniform,1,100,sqrt(log n),2.7569734238004693,uniform_exact,2.217045617987247,22.42902067597821,2000,0.0,1
2000,3,0.02,10.0,2,2.735942484849644,21.257719756855096,uniform,1,100,3.0,3.0,uniform_exact,2.217045617987247,22.42902067597821,2000,0.0,1
2000,3,0.05,2.0,0,0.65141260441657,7.2644391200920655,uniform,0,10,1.5,1.5,uniform_exact,0.5254634988811244,1.9392021387029124,2000,0.0,1
2000,3,0.05,2.0,0,0.65141260441657,7.2644391200920655,uniform,0,10,sqrt(log n),2.7569734238004693,uniform_exact,0.5254634988811244,1.9392021387029124,2000,0.0,1
2000,3,0.05,2.0,0,0.65141260441657,7.2644391200920655,uniform,0,10,3.0,3.0,uniform_exact,0.5254634988811244,1.9392021387029124,2000,0.0,1
2000,3,0.05,2.0,0,0.65141260441657,7.2644391200920655,uniform,0,30,1.5,1.5,uniform_exact,0.7521164582126886,3.284085019576159,2000,0.0,1
2000,3,0.05,2.0,0,0.65141260441657,7.2644391200920655,uniform,0,30,sqrt(log n),2.7569734238004693,uniform_exact,0.7521164582126886,3.284085019576159,2000,0.0,1
2000,3,0.05,2.0,0,0.65141260441657,7.2644391200920655,uniform,0,30,3.0,3.0,uniform_exact,0.7521164582126886,3.284085019576159,2000,0.0,1
2000,3,0.05,2.0,0,0.65141260441657,7.2644391200920655,uniform,0,50,1.5,1.5,uniform_exact,0.7422538539553434,5.080127714254984,2000,0.0,1
2000,3,0.05,2.0,0,0.65141260441657,7.2644391200920655,uniform,0,50,sqrt(log n),2.7569734238004693,uniform_exact,0.7422538539553434,5.080127714254984,2000,0.0,1
2000,3,0.05,2.0,0,0.65141260441657,7.2644391200920655,uniform,0,50,3.0,3.0,uniform_exact,0.7422538539553434,5.080127714254984,2000,0.0,1
2000,3,0.05,2.0,0,0.65141260441657,7.2644391200920655,uniform,0,100,1.5,1.5,uniform_exact,0.6931503310807825,5.6410819860726775,2000,0.0,1
2000,3,0.05,2.0,0,0.65141260441657,7.2644391200920655,uniform,0,100,sqrt(log n),2.7569734238004693,uniform_exact,0.6931503310807825,5.6410819860726775,2000,0.0,1
2000,3,0.05,2.0,0,0.65141260441657,7.2644391200920655,uniform,0,100,3.0,3.0,uniform_exact,0.6931503310807825,5.6410819860726775,2000,0.0,1
2000,3,0.05,2.0,1,0.6410291195607866,6.374989174742897,uniform,0,10,1.5,1.5,uniform_exact,0.566613506400236,1.9038928068835257,2000,0.0,1
2000,3,0.05,2.0,1,0.6410291195607866,6.374989174742897,uniform,0,10,sqrt(log n),2.7569734238004693,uniform_exact,0.566613506400236,1.9038928068835257,2000,0.0,1
2000,3,0.05,2.0,1,0.6410291195607866,6.374989174742897,uniform,0,10,3.0,3.0,uniform_exact,0.566613506400236,1.9038928068835257,2000,0.0,1
2000,3,0.05,2.0,1,0.6410291195607866,6.374989174742897,uniform,0,30,1.5,1.5,uniform_exact,0.6965566740576858,3.4952951529725547,2000,0.0,1
2000,3,0.05,2.0,1,0.6410291195607866,6.374989174742897,uniform,0,30,sqrt(log n),2.7569734238004693,uniform_exact,0.6965566740576858,3.4952951529725547,2000,0.0,1
2000,3,0.05,2.0,1,0.6410291195607866,6.374989174742897,uniform,0,30,3.0,3.0,uniform_exact,0.6965566740576858,3.4952951529725547,2000,0.0,1
2000,3,0.05,2.0,1,0.6410291195607866,6.374989174742897,uniform,0,50,1.5,1.5,uniform_exact,0.4855793604847176,2.855284202890021,2000,0.0,1
2000,3,0.05,2.0,1,0.6410291195607866,6.374989174742897,uniform,0,50,sqrt(log n),2.7569734238004693,uniform_exact,0.4855793604847176,2.855284202890021,2000,0.0,1
2000,3,0.05,2.0,1,0.6410291195607866,6.374989174742897,uniform,0,50,3.0,3.0,uniform_exact,0.4855793604847176,2.855284202890021,2000,0.0,1
2000,3,0.05,2.0,1,0.6410291195607866,6.374989174742897,uniform,0,100,1.5,1.5,uniform_exact,0.5581979512818456,3.5127233275940086,2000,0.0,1
2000,3,0.05,2.0,1,0.6410291195607866,6.374989174742897,uniform,0,100,sqrt(log n),2.7569734238004693,uniform_exact,0.5581979512818456,3.5127233275940086,2000,0.0,1
2000,3,0.05,2.0,1,0.6410291195607866,6.374989174742897,uniform,0,100,3.0,3.0,uniform_exact,0.5581979512818456,3.5127233275940086,2000,0.0,1
2000,3,0.05,2.0,2,0.6227487686611384,6.430958934057433,uniform,0,10,1.5,1.5,uniform_exact,0.48568762208345995,1.755833617399708,2000,0.0,1
2000,3,0.05,2.0,2,0.6227487686611384,6.430958934057433,uniform,0,10,sqrt(log n),2.7569734238004693,uniform_exact,0.48568762208345995,1.755833617399708,2000,0.0,1
2000,3,0.05,2.0,2,0.6227487686611384,6.430958934057433,uniform,0,10,3.0,3.0,uniform_exact,0.48568762208345995,1.755833617399708,2000,0.0,1
2000,3,0.05,2.0,2,0.6227487686611384,6.430958934057433,uniform,0,30,1.5,1.5,uniform_exact,0.5574106614583098,2.9717142355115165,2000,0.0,1
2000,3,0.05,2.0,2,0.6227487686611384,6.430958934057433,uniform,0,30,sqrt(log n),2.7569734238004693,uniform_exact,0.5574106614583098,2.9717142355115165,2000,0.0,1
2000,3,0.05,2.0,2,0.6227487686611384,6.430958934057433,uniform,0,30,3.0,3.0,uniform_exact,0.5574106614583098,2.9717142355115165,2000,0.0,1
2000,3,0.05,2.0,2,0.6227487686611384,6.430958934057433,uniform,0,50,1.5,1.5,uniform_exact,0.45889391980605454,2.53104763309018,2000,0.0,1
2000,3,0.05,2.0,2,0.6227487686611384,6.430958934057433,uniform,0,50,sqrt(log n),2.7569734238004693,uniform_exact,0.45889391980605454,2.53104763309018,2000,0.0,1
2000,3,0.05,2.0,2,0.6227487686611384,6.430958934057433,uniform,0,50,3.0,3.0,uniform_exact,0.45889391980605454,2.53104763309018,2000,0.0,1
2000,3,0.05,2.0,2,0.6227487686611384,6.430958934057433,uniform,0,100,1.5,1.5,uniform_exact,0.5045027351582558,3.048115291967689,2000,0.0,1
2000,3,0.05,2.0,2,0.6227487686611384,6.430958934057433,uniform,0,100,sqrt(log n),2.7569734238004693,uniform_exact,0.5045027351582558,3.048115291967689,2000,0.0,1
2000,3,0.05,2.0,2,0.6227487686611384,6.430958934057433,uniform,0,100,3.0,3.0,uniform_exact,0.5045027351582558,3.048115291967689,2000,0.0,1
2000,3,0.05,5.0,0,1.358269331673104,8.966713358539577,uniform,0,10,1.5,1.5,uniform_exact,0.6974400104642947,2.8705147254695196,2000,0.0,1
2000,3,0.05,5.0,0,1.358269331673104,8.966713358539577,uniform,0,10,sqrt(log n),2.7569734238004693,uniform_exact,0.6974400104642947,2.8705147254695196,2000,0.0,1
2000,3,0.05,5.0,0,1.358269331673104,8.966713358539577,uniform,0,10,3.0,3.0,uniform_exact,0.6974400104642947,2.8705147254695196,2000,0.0,1
2000,3,0.05,5.0,0,1.358269331673104,8.966713358539577,uniform,0,30,1.5,1.5,uniform_exact,1.3547925873747373,7.870142221877878,2000,0.0,1
2000,3,0.05,5.0,0,1.358269331673104,8.966713358539577,uniform,0,30,sqrt(log n),2.7569734238004693,uniform_exact,1.3547925873747373,7.870142221877878,2000,0.0,1
2000,3,0.05,5.0,0,1.358269331673104,8.966713358539577,uniform,0,30,3.0,3.0,uniform_exact,1.3547925873747373,7.870142221877878,2000,0.0,1
2000,3,0.05,5.0,0,1.358269331673104,8.966713358539577,uniform,0,50,1.5,1.5,is,1.5647716097746203,8.059525850450255,3041,0.022592672605244977,0
2000,3,0.05,5.0,0,1.358269331673104,8.966713358539577,uniform,0,50,sqrt(log n),2.7569734238004693,uniform_exact,1.5647716097746203,8.059525850450255,2000,0.0,1
2000,3,0.05,5.0,0,1.358269331673104,8.966713358539577,uniform,0,50,3.0,3.0,uniform_exact,1.5647716097746203,8.059525850450255,2000,0.0,1
2000,3,0.05,5.0,0,1.358269331673104,8.966713358539577,uniform,0,100,1.5,1.5,uniform_exact,1.4276033442812206,7.667877151700662,2000,0.0,1
2000,3,0.05,5.0,0,1.358269331673104,8.966713358539577,uniform,0,100,sqrt(log n),2.7569734238004693,uniform_exact,1.4276033442812206,7.667877151700662,2000,0.0,1
2000,3,0.05,5.0,0,1.358269331673104,8.966713358539577,uniform,0,100,3.0,3.0,uniform_exact,1.4276033442812206,7.667877151700662,2000,0.0,1
2000,3,0.05,5.0,1,1.3763076923974027,8.285852764690443,uniform,0,10,1.5,1.5,uniform_exact,0.6100664143086731,2.26321103605649,2000,0.0,1
2000,3,0.05,5.0,1,1.3763076923974027,8.285852764690443,uniform,0,10,sqrt(log n),2.7569734238004693,uniform_exact,0.6100664143086731,2.26321103605649,2000,0.0,1
2000,3,0.05,5.0,1,1.3763076923974027,8.285852764690443,uniform,0,10,3.0,3.0,uniform_exact,0.6100664143086731,2.26321103605649,2000,0.0,1
2000,3,0.05,5.0,1,1.3763076923974027,8.285852764690443,uniform,0,30,1.5,1.5,uniform_exact,1.4642855639690873,6.707911421011474,2000,0.0,1
2000,3,0.05,5.0,1,1.3763076923974027,8.285852764690443,uniform,0,30,sqrt(log n),2.7569734238004693,uniform_exact,1.4642855639690873,6.707911421011474,2000,0.0,1
2000,3,0.05,5.0,1,1.3763076923974027,8.285852764690443,uniform,0,30,3.0,3.0,uniform_exact,1.4642855639690873,6.707911421011474,2000,0.0,1
2000,3,0.05,5.0,1,1.3763076923974027,8.285852764690443,uniform,0,50,1.5,1.5,is,1.6196268763988177,7.918528213638579,3041,0.04427473698245734,0
2000,3,0.05,5.0,1,1.3763076923974027,8.285852764690443,uniform,0,50,sqrt(log n),2.7569734238004693,uniform_exact,1.6196268763988177,7.918528213638579,2000,0.0,1
2000,3,0.05,5.0,1,1.3763076923974027,8.285852764690443,uniform,0,50,3.0,3.0,uniform_exact,1.6196268763988177,7.918528213638579,2000,0.0,1
2000,3,0.05,5.0,1,1.3763076923974027,8.285852764690443,uniform,0,100,1.5,1.5,uniform_exact,1.442213331230825,8.396678319081184,2000,0.0,1
2000,3,0.05,5.0,1,1.3763076923974027,8.285852764690443,uniform,0,100,sqrt(log n),2.7569734238004693,uniform_exact,1.442213331230825,8.396678319081184,2000,0.0,1
2000,3,0.05,5.0,1,1.3763076923974027,8.285852764690443,uniform,0,100,3.0,3.0,uniform_exact,1.442213331230825,8.396678319081184,2000,0.0,1
2000,3,0.05,5.0,2,1.4611702597146317,9.106720084066147,uniform,0,10,1.5,1.5,uniform,0.3255716917697285,1.4742534388705142,1060,0.0461747261440511,1
2000,3,0.05,5.0,2,1.4611702597146317,9.106720084066147,uniform,0,10,sqrt(log n),2.7569734238004693,uniform,0.3255716917697285,1.4742534388705142,1060,0.0461747261440511,1
2000,3,0.05,5.0,2,1.4611702597146317,9.106720084066147,uniform,0,10,3.0,3.0,uniform,0.3255716917697285,1.4742534388705142,1060,0.0461747261440511,1
2000,3,0.05,5.0,2,1.4611702597146317,9.106720084066147,uniform,0,30,1.5,1.5,uniform_exact,0.6033793723817281,2.934347886267628,2000,0.0,1
2000,3,0.05,5.0,2,1.4611702597146317,9.106720084066147,uniform,0,30,sqrt(log n),2.7569734238004693,uniform_exact,0.6033793723817281,2.934347886267628,2000,0.0,1
2000,3,0.05,5.0,2,1.4611702597146317,9.106720084066147,uniform,0,30,3.0,3.0,uniform_exact,0.6033793723817281,2.934347886267628,2000,0.0,1
2000,3,0.05,5.0,2,1.4611702597146317,9.106720084066147,uniform,0,50,1.5,1.5,is,1.5149995384122,7.894765952299702,3041,0.0020158237536089525,0
2000,3,0.05,5.0,2,1.4611702597146317,9.106720084066147,uniform,0,50,sqrt(log n),2.7569734238004693,uniform_exact,1.5149995384122,7.894765952299702,2000,0.0,1
2000,3,0.05,5.0,2,1.4611702597146317,9.106720084066147,uniform,0,50,3.0,3.0,uniform_exact,1.5149995384122,7.894765952299702,2000,0.0,1
2000,3,0.05,5.0,2,1.4611702597146317,9.106720084066147,uniform,0,100,1.5,1.5,is,1.5205221289882245,6.656576671515212,3041,0.009784643338998507,0
2000,3,0.05,5.0,2,1.4611702597146317,9.106720084066147,uniform,0,100,sqrt(log n),2.7569734238004693,uniform_exact,1.5205221289882245,6.656576671515212,2000,0.0,1
2000,3,0.05,5.0,2,1.4611702597146317,9.106720084066147,uniform,0,100,3.0,3.0,uniform_exact,1.5205221289882245,6.656576671515212,2000,0.0,1
2000,3,0.05,10.0,0,2.7142794007709448,13.745211635687745,uniform,1,10,1.5,1.5,uniform,0.4362903570282568,1.8645350114592423,1904,0.023747080977405917,1
2000,3,0.05,10.0,0,2.7142794007709448,13.745211635687745,uniform,1,10,sqrt(log n),2.7569734238004693,uniform,0.4362903570282568,1.8645350114592423,1904,0.023747080977405917,1
2000,3,0.05,10.0,0,2.7142794007709448,13.745211635687745,uniform,1,10,3.0,3.0,uniform,0.4362903570282568,1.8645350114592423,1904,0.023747080977405917,1
2000,3,0.05,10.0,0,2.7142794007709448,13.745211635687745,uniform,1,30,1.5,1.5,is,2.762812111171126,15.526966261631456,3041,0.00012051269827698668,0
2000,3,0.05,10.0,0,2.7142794007709448,13.745211635687745,uniform,1,30,sqrt(log n),2.7569734238004693,is,2.762812111171126,15.526966261631456,3041,0.00012051269827698668,0
2000,3,0.05,10.0,0,2.7142794007709448,13.745211635687745,uniform,1,30,3.0,3.0,uniform_exact,2.762812111171126,15.526966261631456,2000,0.0,1
2000,3,0.05,10.0,0,2.7142794007709448,13.745211635687745,uniform,1,50,1.5,1.5,uniform_exact,0.6928224788975023,4.843085574183759,2000,0.0,1
2000,3,0.05,10.0,0,2.7142794007709448,13.745211635687745,uniform,1,50,sqrt(log n),2.7569734238004693,uniform_exact,0.6928224788975023,4.843085574183759,2000,0.0,1
2000,3,0.05,10.0,0,2.7142794007709448,13.745211635687745,uniform,1,50,3.0,3.0,uniform_exact,0.6928224788975023,4.843085574183759,2000,0.0,1
2000,3,0.05,10.0,0,2.7142794007709448,13.745211635687745,uniform,1,100,1.5,1.5,is,2.6509809606272854,11.90940513951842,3041,0.012775254525542018,0
2000,3,0.05,10.0,0,2.7142794007709448,13.745211635687745,uniform,1,100,sqrt(log n),2.7569734238004693,uniform_exact,2.6509809606272854,11.90940513951842,2000,0.0,1
2000,3,0.05,10.0,0,2.7142794007709448,13.745211635687745,uniform,1,100,3.0,3.0,uniform_exact,2.6509809606272854,11.90940513951842,2000,0.0,1
2000,3,0.05,10.0,1,2.726308523162901,13.889554001701725,uniform,1,10,1.5,1.5,uniform,0.2589171309558027,1.4913651689282095,671,0.00825557941948382,1
2000,3,0.05,10.0,1,2.726308523162901,13.889554001701725,uniform,1,10,sqrt(log n),2.7569734238004693,uniform,0.2589171309558027,1.4913651689282095,671,0.00825557941948382,1
2000,3,0.05,10.0,1,2.726308523162901,13.889554001701725,uniform,1,10,3.0,3.0,uniform,0.2589171309558027,1.4913651689282095,671,0.00825557941948382,1
2000,3,0.05,10.0,1,2.726308523162901,13.889554001701725,uniform,1,30,1.5,1.5,is,2.5680370473052743,10.743207824683644,3041,0.03645721059110934,0
2000,3,0.05,10.0,1,2.726308523162901,13.889554001701725,uniform,1,30,sqrt(log n),2.7569734238004693,uniform_exact,2.5680370473052743,10.743207824683644,2000,0.0,1
2000,3,0.05,10.0,1,2.726308523162901,13.889554001701725,uniform,1,30,3.0,3.0,uniform_exact,2.5680370473052743,10.743207824683644,2000,0.0,1
2000,3,0.05,10.0,1,2.726308523162901,13.889554001701725,uniform,1,50,1.5,1.5,is,2.2257322073542247,7.31418307309683,3041,0.008209335393300191,0
2000,3,0.05,10.0,1,2.726308523162901,13.889554001701725,uniform,1,50,sqrt(log n),2.7569734238004693,uniform_exact,2.2257322073542247,7.31418307309683,2000,0.0,1
2000,3,0.05,10.0,1,2.726308523162901,13.889554001701725,uniform,1,50,3.0,3.0,uniform_exact,2.2257322073542247,7.31418307309683,2000,0.0,1
2000,3,0.05,10.0,1,2.726308523162901,13.889554001701725,uniform,1,100,1.5,1.5,is,2.830118279723031,14.821210890158666,3041,0.0042300275223990415,0
2000,3,0.05,10.0,1,2.726308523162901,13.889554001701725,uniform,1,100,sqrt(log n),2.7569734238004693,is,2.830118279723031,14.821210890158666,3041,0.0042300275223990415,0
2000,3,0.05,10.0,1,2.726308523162901,13.889554001701725,uniform,1,100,3.0,3.0,uniform_exact,2.830118279723031,14.821210890158666,2000,0.0,1
2000,3,0.05,10.0,2,2.7326270401993864,13.72668609604081,uniform,1,10,1.5,1.5,uniform,0.4102374262868693,1.6045499777138765,1683,0.008373951978140391,1
2000,3,0.05,10.0,2,2.7326270401993864,13.72668609604081,uniform,1,10,sqrt(log n),2.7569734238004693,uniform,0.4102374262868693,1.6045499777138765,1683,0.008373951978140391,1
2000,3,0.05,10.0,2,2.7326270401993864,13.72668609604081,uniform,1,10,3.0,3.0,uniform,0.4102374262868693,1.6045499777138765,1683,0.008373951978140391,1
2000,3,0.05,10.0,2,2.7326270401993864,13.72668609604081,uniform,1,30,1.5,1.5,is,2.846471497345524,16.01664267136829,3041,0.007999359668507736,0
2000,3,0.05,10.0,2,2.7326270401993864,13.72668609604081,uniform,1,30,sqrt(log n),2.7569734238004693,is,2.846471497345524,16.01664267136829,3041,0.007999359668507736,0
2000,3,0.05,10.0,2,2.7326270401993864,13.72668609604081,uniform,1,30,3.0,3.0,uniform_exact,2.846471497345524,16.01664267136829,2000,0.0,1
2000,3,0.05,10.0,2,2.7326270401993864,13.72668609604081,uniform,1,50,1.5,1.5,is,3.0913887071815713,22.341404560098567,3041,0.002134862901143214,0
2000,3,0.05,10.0,2,2.7326270401993864,13.72668609604081,uniform,1,50,sqrt(log n),2.7569734238004693,is,3.0913887071815713,22.341404560098567,3041,0.002134862901143214,0
2000,3,0.05,10.0,2,2.7326270401993864,13.72668609604081,uniform,1,50,3.0,3.0,is,3.0913887071815713,22.341404560098567,3041,0.002134862901143214,0
2000,3,0.05,10.0,2,2.7326270401993864,13.72668609604081,uniform,1,100,1.5,1.5,is,2.166216725349367,7.159076535087701,3041,0.00607038445448064,0
2000,3,0.05,10.0,2,2.7326270401993864,13.72668609604081,uniform,1,100,sqrt(log n),2.7569734238004693,uniform_exact,2.166216725349367,7.159076535087701,2000,0.0,1
2000,3,0.05,10.0,2,2.7326270401993864,13.72668609604081,uniform,1,100,3.0,3.0,uniform_exact,2.166216725349367,7.159076535087701,2000,0.0,1
2000,3,0.1,2.0,0,0.5866904178552818,6.882127609815075,uniform,0,10,1.5,1.5,uniform_exact,0.4608444731604173,1.6501491652799143,2000,0.0,1
2000,3,0.1,2.0,0,0.5866904178552818,6.882127609815075,uniform,0,10,sqrt(log n),2.7569734238004693,uniform_exact,0.4608444731604173,1.6501491652799143,2000,0.0,1
2000,3,0.1,2.0,0,0.5866904178552818,6.882127609815075,uniform,0,10,3.0,3.0,uniform_exact,0.4608444731604173,1.6501491652799143,2000,0.0,1
2000,3,0.1,2.0,0,0.5866904178552818,6.882127609815075,uniform,0,30,1.5,1.5,uniform_exact,0.5386630335443462,2.5779270035276594,2000,0.0,1
2000,3,0.1,2.0,0,0.5866904178552818,6.882127609815075,uniform,0,30,sqrt(log n),2.7569734238004693,uniform_exact,0.5386630335443462,2.5779270035276594,2000,0.0,1
2000,3,0.1,2.0,0,0.5866904178552818,6.882127609815075,uniform,0,30,3.0,3.0,uniform_exact,0.5386630335443462,2.5779270035276594,2000,0.0,1
2000,3,0.1,2.0,0,0.5866904178552818,6.882127609815075,uniform,0,50,1.5,1.5,uniform,0.375967574760697,1.9908988040068567,1414,0.01529869449866721,1
2000,3,0.1,2.0,0,0.5866904178552818,6.882127609815075,uniform,0,50,sqrt(log n),2.7569734238004693,uniform,0.375967574760697,1.9908988040068567,1414,0.01529869449866721,1
2000,3,0.1,2.0,0,0.5866904178552818,6.882127609815075,uniform,0,50,3.0,3.0,uniform,0.375967574760697,1.9908988040068567,1414,0.01529869449866721,1
2000,3,0.1,2.0,0,0.5866904178552818,6.882127609815075,uniform,0,100,1.5,1.5,uniform_exact,0.6163519474786459,3.3582322708639603,2000,0.0,1
2000,3,0.1,2.0,0,0.5866904178552818,6.882127609815075,uniform,0,100,sqrt(log n),2.7569734238004693,uniform_exact,0.6163519474786459,3.3582322708639603,2000,0.0,1
2000,3,0.1,2.0,0,0.5866904178552818,6.882127609815075,uniform,0,100,3.0,3.0,uniform_exact,0.6163519474786459,3.3582322708639603,2000,0.0,1
2000,3,0.1,2.0,1,0.6805166058317258,7.844182030189697,uniform,0,10,1.5,1.5,uniform_exact,0.5740169265135167,2.1566622751383746,2000,0.0,1
2000,3,0.1,2.0,1,0.6805166058317258,7.844182030189697,uniform,0,10,sqrt(log n),2.7569734238004693,uniform_exact,0.5740169265135167,2.1566622751383746,2000,0.0,1
2000,3,0.1,2.0,1,0.6805166058317258,7.844182030189697,uniform,0,10,3.0,3.0,uniform_exact,0.5740169265135167,2.1566622751383746,2000,0.0,1
2000,3,0.1,2.0,1,0.6805166058317258,7.844182030189697,uniform,0,30,1.5,1.5,uniform_exact,0.6380267681172349,3.1029809865383995,2000,0.0,1
2000,3,0.1,2.0,1,0.6805166058317258,7.844182030189697,uniform,0,30,sqrt(log n),2.7569734238004693,uniform_exact,0.6380267681172349,3.1029809865383995,2000,0.0,1
2000,3,0.1,2.0,1,0.6805166058317258,7.844182030189697,uniform,0,30,3.0,3.0,uniform_exact,0.6380267681172349,3.1029809865383995,2000,0.0,1
2000,3,0.1,2.0,1,0.6805166058317258,7.844182030189697,uniform,0,50,1.5,1.5,uniform_exact,0.588045398401328,3.4949658534708647,2000,0.0,1
2000,3,0.1,2.0,1,0.6805166058317258,7.844182030189697,uniform,0,50,sqrt(log n),2.7569734238004693,uniform_exact,0.588045398401328,3.4949658534708647,2000,0.0,1
2000,3,0.1,2.0,1,0.6805166058317258,7.844182030189697,uniform,0,50,3.0,3.0,uniform_exact,0.588045398401328,3.4949658534708647,2000,0.0,1
2000,3,0.1,2.0,1,0.6805166058317258,7.844182030189697,uniform,0,100,1.5,1.5,uniform_exact,0.7145812136108235,5.241882056180459,2000,0.0,1
2000,3,0.1,2.0,1,0.6805166058317258,7.844182030189697,uniform,0,100,sqrt(log n),2.7569734238004693,uniform_exact,0.7145812136108235,5.241882056180459,2000,0.0,1
2000,3,0.1,2.0,1,0.6805166058317258,7.844182030189697,uniform,0,100,3.0,3.0,uniform_exact,0.7145812136108235,5.241882056180459,2000,0.0,1
2000,3,0.1,2.0,2,0.6075248895724128,8.488601778181627,uniform,0,10,1.5,1.5,uniform,0.4289874477388623,2.1226549477553522,1841,0.002549246941095006,1
2000,3,0.1,2.0,2,0.6075248895724128,8.488601778181627,uniform,0,10,sqrt(log n),2.7569734238004693,uniform,0.4289874477388623,2.1226549477553522,1841,0.002549246941095006,1
2000,3,0.1,2.0,2,0.6075248895724128,8.488601778181627,uniform,0,10,3.0,3.0,uniform,0.4289874477388623,2.1226549477553522,1841,0.002549246941095006,1
2000,3,0.1,2.0,2,0.6075248895724128,8.488601778181627,uniform,0,30,1.5,1.5,uniform_exact,0.5025699014805718,2.1143673205709494,2000,0.0,1
2000,3,0.1,2.0,2,0.6075248895724128,8.488601778181627,uniform,0,30,sqrt(log n),2.7569734238004693,uniform_exact,0.5025699014805718,2.1143673205709494,2000,0.0,1
2000,3,0.1,2.0,2,0.6075248895724128,8.488601778181627,uniform,0,30,3.0,3.0,uniform_exact,0.5025699014805718,2.1143673205709494,2000,0.0,1
2000,3,0.1,2.0,2,0.6075248895724128,8.488601778181627,uniform,0,50,1.5,1.5,uniform_exact,0.581743107540741,2.8595645081691132,2000,0.0,1
2000,3,0.1,2.0,2,0.6075248895724128,8.488601778181627,uniform,0,50,sqrt(log n),2.7569734238004693,uniform_exact,0.581743107540741,2.8595645081691132,2000,0.0,1
2000,3,0.1,2.0,2,0.6075248895724128,8.488601778181627,uniform,0,50,3.0,3.0,uniform_exact,0.581743107540741,2.8595645081691132,2000,0.0,1
2000,3,0.1,2.0,2,0.6075248895724128,8.488601778181627,uniform,0,100,1.5,1.5,uniform,0.43712607062615105,2.5795492261126114,1911,0.006646616478340664,1
2000,3,0.1,2.0,2,0.6075248895724128,8.488601778181627,uniform,0,100,sqrt(log n),2.7569734238004693,uniform,0.43712607062615105,2.5795492261126114,1911,0.006646616478340664,1
2000,3,0.1,2.0,2,0.6075248895724128,8.488601778181627,uniform,0,100,3.0,3.0,uniform,0.43712607062615105,2.5795492261126114,1911,0.006646616478340664,1
2000,3,0.1,5.0,0,1.4612428196080953,6.753627793666996,uniform,0,10,1.5,1.5,uniform_exact,0.6607151014811707,2.691519807626222,2000,0.0,1
2000,3,0.1,5.0,0,1.4612428196080953,6.753627793666996,uniform,0,10,sqrt(log n),2.7569734238004693,uniform_exact,0.6607151014811707,2.691519807626222,2000,0.0,1
2000,3,0.1,5.0,0,1.4612428196080953,6.753627793666996,uniform,0,10,3.0,3.0,uniform_exact,0.6607151014811707,2.691519807626222,2000,0.0,1
2000,3,0.1,5.0,0,1.4612428196080953,6.753627793666996,uniform,0,30,1.5,1.5,uniform_exact,1.4677283964790382,5.111617829367033,2000,0.0,1
2000,3,0.1,5.0,0,1.4612428196080953,6.753627793666996,uniform,0,30,sqrt(log n),2.7569734238004693,uniform_exact,1.4677283964790382,5.111617829367033,2000,0.0,1
2000,3,0.1,5.0,0,1.4612428196080953,6.753627793666996,uniform,0,30,3.0,3.0,uniform_exact,1.4677283964790382,5.111617829367033,2000,0.0,1
2000,3,0.1,5.0,0,1.4612428196080953,6.753627793666996,uniform,0,50,1.5,1.5,uniform_exact,1.4488730285030327,6.187846918536936,2000,0.0,1
2000,3,0.1,5.0,0,1.4612428196080953,6.753627793666996,uniform,0,50,sqrt(log n),2.7569734238004693,uniform_exact,1.4488730285030327,6.187846918536936,2000,0.0,1
2000,3,0.1,5.0,0,1.4612428196080953,6.753627793666996,uniform,0,50,3.0,3.0,uniform_exact,1.4488730285030327,6.187846918536936,2000,0.0,1
2000,3,0.1,5.0,0,1.4612428196080953,6.753627793666996,uniform,0,100,1.5,1.5,uniform_exact,1.3990751559060404,6.189054857494004,2000,0.0,1
2000,3,0.1,5.0,0,1.4612428196080953,6.753627793666996,uniform,0,100,sqrt(log n),2.7569734238004693,uniform_exact,1.3990751559060404,6.189054857494004,2000,0.0,1
2000,3,0.1,5.0,0,1.4612428196080953,6.753627793666996,uniform,0,100,3.0,3.0,uniform_exact,1.3990751559060404,6.189054857494004,2000,0.0,1
2000,3,0.1,5.0,1,1.4764441467779024,6.956174126191189,uniform,0,10,1.5,1.5,uniform_exact,0.4515920160143459,1.6099213513828678,2000,0.0,1
2000,3,0.1,5.0,1,1.4764441467779024,6.956174126191189,uniform,0,10,sqrt(log n),2.7569734238004693,uniform_exact,0.4515920160143459,1.6099213513828678,2000,0.0,1
2000,3,0.1,5.0,1,1.4764441467779024,6.956174126191189,uniform,0,10,3.0,3.0,uniform_exact,0.4515920160143459,1.6099213513828678,2000,0.0,1
2000,3,0.1,5.0,1,1.4764441467779024,6.956174126191189,uniform,0,30,1.5,1.5,is,1.5448979912417777,4.735860507406428,3041,0.021422668334451854,0
2000,3,0.1,5.0,1,1.4764441467779024,6.956174126191189,uniform,0,30,sqrt(log n),2.7569734238004693,uniform_exact,1.5448979912417777,4.735860507406428,2000,0.0,1
2000,3,0.1,5.0,1,1.4764441467779024,6.956174126191189,uniform,0,30,3.0,3.0,uniform_exact,1.5448979912417777,4.735860507406428,2000,0.0,1
2000,3,0.1,5.0,1,1.4764441467779024,6.956174126191189,uniform,0,50,1.5,1.5,is,1.5141769725172003,5.762558207445257,3041,0.022571578736348054,0
2000,3,0.1,5.0,1,1.4764441467779024,6.956174126191189,uniform,0,50,sqrt(log n),2.7569734238004693,uniform_exact,1.5141769725172003,5.762558207445257,2000,0.0,1
2000,3,0.1,5.0,1,1.4764441467779024,6.956174126191189,uniform,0,50,3.0,3.0,uniform_exact,1.5141769725172003,5.762558207445257,2000,0.0,1
2000,3,0.1,5.0,1,1.4764441467779024,6.956174126191189,uniform,0,100,1.5,1.5,uniform_exact,1.4468689139696276,6.52201669595782,2000,0.0,1
2000,3,0.1,5.0,1,1.4764441467779024,6.956174126191189,uniform,0,100,sqrt(log n),2.7569734238004693,uniform_exact,1.4468689139696276,6.52201669595782,2000,0.0,1
2000,3,0.1,5.0,1,1.4764441467779024,6.956174126191189,uniform,0,100,3.0,3.0,uniform_exact,1.4468689139696276,6.52201669595782,2000,0.0,1
2000,3,0.1,5.0,2,1.4190922443740461,6.741387981806074,uniform,0,10,1.5,1.5,uniform_exact,0.7879126278082236,2.674315985996152,2000,0.0,1
2000,3,0.1,5.0,2,1.4190922443740461,6.741387981806074,uniform,0,10,sqrt(log n),2.7569734238004693,uniform_exact,0.7879126278082236,2.674315985996152,2000,0.0,1
2000,3,0.1,5.0,2,1.4190922443740461,6.741387981806074,uniform,0,10,3.0,3.0,uniform_exact,0.7879126278082236,2.674315985996152,2000,0.0,1
2000,3,0.1,5.0,2,1.4190922443740461,6.741387981806074,uniform,0,30,1.5,1.5,uniform_exact,1.2515519111270361,6.8635440066772,2000,0.0,1
2000,3,0.1,5.0,2,1.4190922443740461,6.741387981806074,uniform,0,30,sqrt(log n),2.7569734238004693,uniform_exact,1.2515519111270361,6.8635440066772,2000,0.0,1
2000,3,0.1,5.0,2,1.4190922443740461,6.741387981806074,uniform,0,30,3.0,3.0,uniform_exact,1.2515519111270361,6.8635440066772,2000,0.0,1
2000,3,0.1,5.0,2,1.4190922443740461,6.741387981806074,uniform,0,50,1.5,1.5,uniform_exact,1.3188076999634972,5.3530056070916,2000,0.0,1
2000,3,0.1,5.0,2,1.4190922443740461,6.741387981806074,uniform,0,50,sqrt(log n),2.7569734238004693,uniform_exact,1.3188076999634972,5.3530056070916,2000,0.0,1
2000,3,0.1,5.0,2,1.4190922443740461,6.741387981806074,uniform,0,50,3.0,3.0,uniform_exact,1.3188076999634972,5.3530056070916,2000,0.0,1
2000,3,0.1,5.0,2,1.4190922443740461,6.741387981806074,uniform,0,100,1.5,1.5,uniform_exact,1.3718853853852286,5.860529910946198,2000,0.0,1
2000,3,0.1,5.0,2,1.4190922443740461,6.741387981806074,uniform,0,100,sqrt(log n),2.7569734238004693,uniform_exact,1.3718853853852286,5.860529910946198,2000,0.0,1
2000,3,0.1,5.0,2,1.4190922443740461,6.741387981806074,uniform,0,100,3.0,3.0,uniform_exact,1.3718853853852286,5.860529910946198,2000,0.0,1
2000,3,0.1,10.0,0,2.301445779003562,8.777361115865295,uniform,0,10,1.5,1.5,is,2.316036287575673,7.573207122062641,3041,0.003640424291739265,0
2000,3,0.1,10.0,0,2.301445779003562,8.777361115865295,uniform,0,10,sqrt(log n),2.7569734238004693,uniform_exact,2.316036287575673,7.573207122062641,2000,0.0,1
2000,3,0.1,10.0,0,2.301445779003562,8.777361115865295,uniform,0,10,3.0,3.0,uniform_exact,2.316036287575673,7.573207122062641,2000,0.0,1
2000,3,0.1,10.0,0,2.301445779003562,8.777361115865295,uniform,0,30,1.5,1.5,is,2.1289234202130007,6.465557382905994,3041,0.008484214463841256,0
2000,3,0.1,10.0,0,2.301445779003562,8.777361115865295,uniform,0,30,sqrt(log n),2.7569734238004693,uniform_exact,2.1289234202130007,6.465557382905994,2000,0.0,1
2000,3,0.1,10.0,0,2.301445779003562,8.777361115865295,uniform,0,30,3.0,3.0,uniform_exact,2.1289234202130007,6.465557382905994,2000,0.0,1
2000,3,0.1,10.0,0,2.301445779003562,8.777361115865295,uniform,0,50,1.5,1.5,is,2.5258807604777935,11.265622765417682,3041,0.006103969594249269,0
2000,3,0.1,10.0,0,2.301445779003562,8.777361115865295,uniform,0,50,sqrt(log n),2.7569734238004693,uniform_exact,2.5258807604777935,11.265622765417682,2000,0.0,1
2000,3,0.1,10.0,0,2.301445779003562,8.777361115865295,uniform,0,50,3.0,3.0,uniform_exact,2.5258807604777935,11.265622765417682,2000,0.0,1
2000,3,0.1,10.0,0,2.301445779003562,8.777361115865295,uniform,0,100,1.5,1.5,is,2.064977098494455,6.743339796691009,3041,0.0049945984403551935,0
2000,3,0.1,10.0,0,2.301445779003562,8.777361115865295,uniform,0,100,sqrt(log n),2.7569734238004693,uniform_exact,2.064977098494455,6.743339796691009,2000,0.0,1
2000,3,0.1,10.0,0,2.301445779003562,8.777361115865295,uniform,0,100,3.0,3.0,uniform_exact,2.064977098494455,6.743339796691009,2000,0.0,1
2000,3,0.1,10.0,1,2.3152827988189686,8.658788130102245,uniform,1,10,1.5,1.5,is,2.4458529453577693,7.957765020516431,3041,0.004538737839173296,0
2000,3,0.1,10.0,1,2.3152827988189686,8.658788130102245,uniform,1,10,sqrt(log n),2.7569734238004693,uniform_exact,2.4458529453577693,7.957765020516431,2000,0.0,1
2000,3,0.1,10.0,1,2.3152827988189686,8.658788130102245,uniform,1,10,3.0,3.0,uniform_exact,2.4458529453577693,7.957765020516431,2000,0.0,1
2000,3,0.1,10.0,1,2.3152827988189686,8.658788130102245,uniform,1,30,1.5,1.5,is,2.1790663811949824,6.862786984501134,3041,0.008707356540872445,0
2000,3,0.1,10.0,1,2.3152827988189686,8.658788130102245,uniform,1,30,sqrt(log n),2.7569734238004693,uniform_exact,2.1790663811949824,6.862786984501134,2000,0.0,1
2000,3,0.1,10.0,1,2.3152827988189686,8.658788130102245,uniform,1,30,3.0,3.0,uniform_exact,2.1790663811949824,6.862786984501134,2000,0.0,1
2000,3,0.1,10.0,1,2.3152827988189686,8.658788130102245,uniform,1,50,1.5,1.5,is,1.9428432617760774,5.740200973143783,3041,0.0032880980072973647,0
2000,3,0.1,10.0,1,2.3152827988189686,8.658788130102245,uniform,1,50,sqrt(log n),2.7569734238004693,uniform_exact,1.9428432617760774,5.740200973143783,2000,0.0,1
2000,3,0.1,10.0,1,2.3152827988189686,8.658788130102245,uniform,1,50,3.0,3.0,uniform_exact,1.9428432617760774,5.740200973143783,2000,0.0,1
2000,3,0.1,10.0,1,2.3152827988189686,8.658788130102245,uniform,1,100,1.5,1.5,is,2.3217772444763356,8.551840210072704,3041,0.013094481140319617,0
2000,3,0.1,10.0,1,2.3152827988189686,8.658788130102245,uniform,1,100,sqrt(log n),2.7569734238004693,uniform_exact,2.3217772444763356,8.551840210072704,2000,0.0,1
2000,3,0.1,10.0,1,2.3152827988189686,8.658788130102245,uniform,1,100,3.0,3.0,uniform_exact,2.3217772444763356,8.551840210072704,2000,0.0,1
2000,3,0.1,10.0,2,2.30933321640677,8.687845653682372,uniform,1,10,1.5,1.5,is,1.8496972389421902,4.560161778286317,3041,0.0033683569319591248,0
2000,3,0.1,10.0,2,2.30933321640677,8.687845653682372,uniform,1,10,sqrt(log n),2.7569734238004693,uniform_exact,1.8496972389421902,4.560161778286317,2000,0.0,1
2000,3,0.1,10.0,2,2.30933321640677,8.687845653682372,uniform,1,10,3.0,3.0,uniform_exact,1.8496972389421902,4.560161778286317,2000,0.0,1
2000,3,0.1,10.0,2,2.30933321640677,8.687845653682372,uniform,1,30,1.5,1.5,is,2.3897927174455424,8.419097570436968,3041,0.016104131129390704,0
2000,3,0.1,10.0,2,2.30933321640677,8.687845653682372,uniform,1,30,sqrt(log n),2.7569734238004693,uniform_exact,2.3897927174455424,8.419097570436968,2000,0.0,1
2000,3,0.1,10.0,2,2.30933321640677,8.687845653682372,uniform,1,30,3.0,3.0,uniform_exact,2.3897927174455424,8.419097570436968,2000,0.0,1
2000,3,0.1,10.0,2,2.30933321640677,8.687845653682372,uniform,1,50,1.5,1.5,is,2.3908379332100886,8.548806498312613,3041,0.0015690987643105973,0
2000,3,0.1,10.0,2,2.30933321640677,8.687845653682372,uniform,1,50,sqrt(log n),2.7569734238004693,uniform_exact,2.3908379332100886,8.548806498312613,2000,0.0,1
2000,3,0.1,10.0,2,2.30933321640677,8.687845653682372,uniform,1,50,3.0,3.0,uniform_exact,2.3908379332100886,8.548806498312613,2000,0.0,1
2000,3,0.1,10.0,2,2.30933321640677,8.687845653682372,uniform,1,100,1.5,1.5,is,2.5778052983353423,10.65437940946748,3041,0.006381117289160491,0
2000,3,0.1,10.0,2,2.30933321640677,8.687845653682372,uniform,1,100,sqrt(log n),2.7569734238004693,uniform_exact,2.5778052983353423,10.65437940946748,2000,0.0,1
2000,3,0.1,10.0,2,2.30933321640677,8.687845653682372,uniform,1,100,3.0,3.0,uniform_exact,2.5778052983353423,10.65437940946748,2000,0.0,1
2000,3,0.2,2.0,0,0.5915941849529013,6.747218403782818,uniform,0,10,1.5,1.5,uniform_exact,0.5397788778275534,2.0388586590614297,2000,0.0,1
2000,3,0.2,2.0,0,0.5915941849529013,6.747218403782818,uniform,0,10,sqrt(log n),2.7569734238004693,uniform_exact,0.5397788778275534,2.0388586590614297,2000,0.0,1
2000,3,0.2,2.0,0,0.5915941849529013,6.747218403782818,uniform,0,10,3.0,3.0,uniform_exact,0.5397788778275534,2.0388586590614297,2000,0.0,1
2000,3,0.2,2.0,0,0.5915941849529013,6.747218403782818,uniform,0,30,1.5,1.5,uniform_exact,0.4494981976613443,2.0339902601360573,2000,0.0,1
2000,3,0.2,2.0,0,0.5915941849529013,6.747218403782818,uniform,0,30,sqrt(log n),2.7569734238004693,uniform_exact,0.4494981976613443,2.0339902601360573,2000,0.0,1
2000,3,0.2,2.0,0,0.5915941849529013,6.747218403782818,uniform,0,30,3.0,3.0,uniform_exact,0.4494981976613443,2.0339902601360573,2000,0.0,1
2000,3,0.2,2.0,0,0.5915941849529013,6.747218403782818,uniform,0,50,1.5,1.5,uniform_exact,0.4964947497222685,3.136005458211731,2000,0.0,1
2000,3,0.2,2.0,0,0.5915941849529013,6.747218403782818,uniform,0,50,sqrt(log n),2.7569734238004693,uniform_exact,0.4964947497222685,3.136005458211731,2000,0.0,1
2000,3,0.2,2.0,0,0.5915941849529013,6.747218403782818,uniform,0,50,3.0,3.0,uniform_exact,0.4964947497222685,3.136005458211731,2000,0.0,1
2000,3,0.2,2.0,0,0.5915941849529013,6.747218403782818,uniform,0,100,1.5,1.5,uniform_exact,0.47384490245577165,2.291911697666022,2000,0.0,1
2000,3,0.2,2.0,0,0.5915941849529013,6.747218403782818,uniform,0,100,sqrt(log n),2.7569734238004693,uniform_exact,0.47384490245577165,2.291911697666022,2000,0.0,1
2000,3,0.2,2.0,0,0.5915941849529013,6.747218403782818,uniform,0,100,3.0,3.0,uniform_exact,0.47384490245577165,2.291911697666022,2000,0.0,1
2000,3,0.2,2.0,1,0.5845956482433441,7.133862103294786,uniform,0,10,1.5,1.5,uniform,0.35841114840477606,1.413081904304281,1285,0.006354580979141084,1
2000,3,0.2,2.0,1,0.5845956482433441,7.133862103294786,uniform,0,10,sqrt(log n),2.7569734238004693,uniform,0.35841114840477606,1.413081904304281,1285,0.006354580979141084,1
2000,3,0.2,2.0,1,0.5845956482433441,7.133862103294786,uniform,0,10,3.0,3.0,uniform,0.35841114840477606,1.413081904304281,1285,0.006354580979141084,1
2000,3,0.2,2.0,1,0.5845956482433441,7.133862103294786,uniform,0,30,1.5,1.5,uniform,0.4458815340803525,2.1765818185055896,1989,0.0007392067463911563,1
2000,3,0.2,2.0,1,0.5845956482433441,7.133862103294786,uniform,0,30,sqrt(log n),2.7569734238004693,uniform,0.4458815340803525,2.1765818185055896,1989,0.0007392067463911563,1
2000,3,0.2,2.0,1,0.5845956482433441,7.133862103294786,uniform,0,30,3.0,3.0,uniform,0.4458815340803525,2.1765818185055896,1989,0.0007392067463911563,1
2000,3,0.2,2.0,1,0.5845956482433441,7.133862103294786,uniform,0,50,1.5,1.5,uniform_exact,0.5821371237476992,3.0417615153692705,2000,0.0,1
2000,3,0.2,2.0,1,0.5845956482433441,7.133862103294786,uniform,0,50,sqrt(log n),2.7569734238004693,uniform_exact,0.5821371237476992,3.0417615153692705,2000,0.0,1
2000,3,0.2,2.0,1,0.5845956482433441,7.133862103294786,uniform,0,50,3.0,3.0,uniform_exact,0.5821371237476992,3.0417615153692705,2000,0.0,1
2000,3,0.2,2.0,1,0.5845956482433441,7.133862103294786,uniform,0,100,1.5,1.5,uniform_exact,0.4814200112593432,2.878809289677887,2000,0.0,1
2000,3,0.2,2.0,1,0.5845956482433441,7.133862103294786,uniform,0,100,sqrt(log n),2.7569734238004693,uniform_exact,0.4814200112593432,2.878809289677887,2000,0.0,1
2000,3,0.2,2.0,1,0.5845956482433441,7.133862103294786,uniform,0,100,3.0,3.0,uniform_exact,0.4814200112593432,2.878809289677887,2000,0.0,1
2000,3,0.2,2.0,2,0.6364016724628121,6.162099158324124,uniform,0,10,1.5,1.5,uniform_exact,1.3356508122933428,4.715224399995061,2000,0.0,1
2000,3,0.2,2.0,2,0.6364016724628121,6.162099158324124,uniform,0,10,sqrt(log n),2.7569734238004693,uniform_exact,1.3356508122933428,4.715224399995061,2000,0.0,1
2000,3,0.2,2.0,2,0.6364016724628121,6.162099158324124,uniform,0,10,3.0,3.0,uniform_exact,1.3356508122933428,4.715224399995061,2000,0.0,1
2000,3,0.2,2.0,2,0.6364016724628121,6.162099158324124,uniform,0,30,1.5,1.5,uniform_exact,0.6303453714805803,3.2883911295694457,2000,0.0,1
2000,3,0.2,2.0,2,0.6364016724628121,6.162099158324124,uniform,0,30,sqrt(log n),2.7569734238004693,uniform_exact,0.6303453714805803,3.2883911295694457,2000,0.0,1
2000,3,0.2,2.0,2,0.6364016724628121,6.162099158324124,uniform,0,30,3.0,3.0,uniform_exact,0.6303453714805803,3.2883911295694457,2000,0.0,1
2000,3,0.2,2.0,2,0.6364016724628121,6.162099158324124,uniform,0,50,1.5,1.5,uniform_exact,0.5010972518100593,2.725278609765331,2000,0.0,1
2000,3,0.2,2.0,2,0.6364016724628121,6.162099158324124,uniform,0,50,sqrt(log n),2.7569734238004693,uniform_exact,0.5010972518100593,2.725278609765331,2000,0.0,1
2000,3,0.2,2.0,2,0.6364016724628121,6.162099158324124,uniform,0,50,3.0,3.0,uniform_exact,0.5010972518100593,2.725278609765331,2000,0.0,1
2000,3,0.2,2.0,2,0.6364016724628121,6.162099158324124,uniform,0,100,1.5,1.5,uniform_exact,0.4897358474030504,2.8045265201927276,2000,0.0,1
2000,3,0.2,2.0,2,0.6364016724628121,6.162099158324124,uniform,0,100,sqrt(log n),2.7569734238004693,uniform_exact,0.4897358474030504,2.8045265201927276,2000,0.0,1
2000,3,0.2,2.0,2,0.6364016724628121,6.162099158324124,uniform,0,100,3.0,3.0,uniform_exact,0.4897358474030504,2.8045265201927276,2000,0.0,1
2000,3,0.2,5.0,0,1.2983740571519216,4.789065542177101,uniform,0,10,1.5,1.5,uniform_exact,1.0042464175639274,2.3256315288285103,2000,0.0,1
2000,3,0.2,5.0,0,1.2983740571519216,4.789065542177101,uniform,0,10,sqrt(log n),2.7569734238004693,uniform_exact,1.0042464175639274,2.3256315288285103,2000,0.0,1
2000,3,0.2,5.0,0,1.2983740571519216,4.789065542177101,uniform,0,10,3.0,3.0,uniform_exact,1.0042464175639274,2.3256315288285103,2000,0.0,1
2000,3,0.2,5.0,0,1.2983740571519216,4.789065542177101,uniform,0,30,1.5,1.5,uniform_exact,1.26354288658229,3.720159970600375,2000,0.0,1
2000,3,0.2,5.0,0,1.2983740571519216,4.789065542177101,uniform,0,30,sqrt(log n),2.7569734238004693,uniform_exact,1.26354288658229,3.720159970600375,2000,0.0,1
2000,3,0.2,5.0,0,1.2983740571519216,4.789065542177101,uniform,0,30,3.0,3.0,uniform_exact,1.26354288658229,3.720159970600375,2000,0.0,1
2000,3,0.2,5.0,0,1.2983740571519216,4.789065542177101,uniform,0,50,1.5,1.5,uniform_exact,1.302599206635862,4.412518053004003,2000,0.0,1
2000,3,0.2,5.0,0,1.2983740571519216,4.789065542177101,uniform,0,50,sqrt(log n),2.7569734238004693,uniform_exact,1.302599206635862,4.412518053004003,2000,0.0,1
2000,3,0.2,5.0,0,1.2983740571519216,4.789065542177101,uniform,0,50,3.0,3.0,uniform_exact,1.302599206635862,4.412518053004003,2000,0.0,1
2000,3,0.2,5.0,0,1.2983740571519216,4.789065542177101,uniform,0,100,1.5,1.5,uniform_exact,1.3856862997042179,4.585364915272596,2000,0.0,1
2000,3,0.2,5.0,0,1.2983740571519216,4.789065542177101,uniform,0,100,sqrt(log n),2.7569734238004693,uniform_exact,1.3856862997042179,4.585364915272596,2000,0.0,1
2000,3,0.2,5.0,0,1.2983740571519216,4.789065542177101,uniform,0,100,3.0,3.0,uniform_exact,1.3856862997042179,4.585364915272596,2000,0.0,1
2000,3,0.2,5.0,1,1.3147579288921611,4.448881049791875,uniform,0,10,1.5,1.5,uniform_exact,0.715415106084165,1.7676370510013018,2000,0.0,1
2000,3,0.2,5.0,1,1.3147579288921611,4.448881049791875,uniform,0,10,sqrt(log n),2.7569734238004693,uniform_exact,0.715415106084165,1.7676370510013018,2000,0.0,1
2000,3,0.2,5.0,1,1.3147579288921611,4.448881049791875,uniform,0,10,3.0,3.0,uniform_exact,0.715415106084165,1.7676370510013018,2000,0.0,1
2000,3,0.2,5.0,1,1.3147579288921611,4.448881049791875,uniform,0,30,1.5,1.5,uniform_exact,1.2809976800199165,3.5422944480090486,2000,0.0,1
2000,3,0.2,5.0,1,1.3147579288921611,4.448881049791875,uniform,0,30,sqrt(log n),2.7569734238004693,uniform_exact,1.2809976800199165,3.5422944480090486,2000,0.0,1
2000,3,0.2,5.0,1,1.3147579288921611,4.448881049791875,uniform,0,30,3.0,3.0,uniform_exact,1.2809976800199165,3.5422944480090486,2000,0.0,1
2000,3,0.2,5.0,1,1.3147579288921611,4.448881049791875,uniform,0,50,1.5,1.5,uniform_exact,1.344538039660179,3.8561648150905605,2000,0.0,1
2000,3,0.2,5.0,1,1.3147579288921611,4.448881049791875,uniform,0,50,sqrt(log n),2.7569734238004693,uniform_exact,1.344538039660179,3.8561648150905605,2000,0.0,1
2000,3,0.2,5.0,1,1.3147579288921611,4.448881049791875,uniform,0,50,3.0,3.0,uniform_exact,1.344538039660179,3.8561648150905605,2000,0.0,1
2000,3,0.2,5.0,1,1.3147579288921611,4.448881049791875,uniform,0,100,1.5,1.5,uniform_exact,1.3075591629136105,4.3130470567104595,2000,0.0,1
2000,3,0.2,5.0,1,1.3147579288921611,4.448881049791875,uniform,0,100,sqrt(log n),2.7569734238004693,uniform_exact,1.3075591629136105,4.3130470567104595,2000,0.0,1
2000,3,0.2,5.0,1,1.3147579288921611,4.448881049791875,uniform,0,100,3.0,3.0,uniform_exact,1.3075591629136105,4.3130470567104595,2000,0.0,1
2000,3,0.2,5.0,2,1.3083480127020897,4.637299734571176,uniform,0,10,1.5,1.5,uniform_exact,1.2988412189563405,3.8232933823946653,2000,0.0,1
2000,3,0.2,5.0,2,1.3083480127020897,4.637299734571176,uniform,0,10,sqrt(log n),2.7569734238004693,uniform_exact,1.2988412189563405,3.8232933823946653,2000,0.0,1
2000,3,0.2,5.0,2,1.3083480127020897,4.637299734571176,uniform,0,10,3.0,3.0,uniform_exact,1.2988412189563405,3.8232933823946653,2000,0.0,1
2000,3,0.2,5.0,2,1.3083480127020897,4.637299734571176,uniform,0,30,1.5,1.5,uniform_exact,1.3140182254123316,4.164275444353236,2000,0.0,1
2000,3,0.2,5.0,2,1.3083480127020897,4.637299734571176,uniform,0,30,sqrt(log n),2.7569734238004693,uniform_exact,1.3140182254123316,4.164275444353236,2000,0.0,1
2000,3,0.2,5.0,2,1.3083480127020897,4.637299734571176,uniform,0,30,3.0,3.0,uniform_exact,1.3140182254123316,4.164275444353236,2000,0.0,1
2000,3,0.2,5.0,2,1.3083480127020897,4.637299734571176,uniform,0,50,1.5,1.5,uniform_exact,1.3689784693326348,4.672800188024037,2000,0.0,1
2000,3,0.2,5.0,2,1.3083480127020897,4.637299734571176,uniform,0,50,sqrt(log n),2.7569734238004693,uniform_exact,1.3689784693326348,4.672800188024037,2000,0.0,1
2000,3,0.2,5.0,2,1.3083480127020897,4.637299734571176,uniform,0,50,3.0,3.0,uniform_exact,1.3689784693326348,4.672800188024037,2000,0.0,1
2000,3,0.2,5.0,2,1.3083480127020897,4.637299734571176,uniform,0,100,1.5,1.5,uniform_exact,1.324222756955969,4.421549563298229,2000,0.0,1
2000,3,0.2,5.0,2,1.3083480127020897,4.637299734571176,uniform,0,100,sqrt(log n),2.7569734238004693,uniform_exact,1.324222756955969,4.421549563298229,2000,0.0,1
2000,3,0.2,5.0,2,1.3083480127020897,4.637299734571176,uniform,0,100,3.0,3.0,uniform_exact,1.324222756955969,4.421549563298229,2000,0.0,1
2000,3,0.2,10.0,0,1.7372109637686688,4.909762302581473,uniform,0,10,1.5,1.5,is,2.4096937828259986,7.8516828947180715,3041,0.005866512252857163,0
2000,3,0.2,10.0,0,1.7372109637686688,4.909762302581473,uniform,0,10,sqrt(log n),2.7569734238004693,uniform_exact,2.4096937828259986,7.8516828947180715,2000,0.0,1
2000,3,0.2,10.0,0,1.7372109637686688,4.909762302581473,uniform,0,10,3.0,3.0,uniform_exact,2.4096937828259986,7.8516828947180715,2000,0.0,1
2000,3,0.2,10.0,0,1.7372109637686688,4.909762302581473,uniform,0,30,1.5,1.5,is,1.748322960745242,4.610667665389958,3041,0.0028951581520901427,0
2000,3,0.2,10.0,0,1.7372109637686688,4.909762302581473,uniform,0,30,sqrt(log n),2.7569734238004693,uniform_exact,1.748322960745242,4.610667665389958,2000,0.0,1
2000,3,0.2,10.0,0,1.7372109637686688,4.909762302581473,uniform,0,30,3.0,3.0,uniform_exact,1.748322960745242,4.610667665389958,2000,0.0,1
2000,3,0.2,10.0,0,1.7372109637686688,4.909762302581473,uniform,0,50,1.5,1.5,is,1.7239010460003743,4.841962842352614,3041,0.0005533514192917564,0
2000,3,0.2,10.0,0,1.7372109637686688,4.909762302581473,uniform,0,50,sqrt(log n),2.7569734238004693,uniform_exact,1.7239010460003743,4.841962842352614,2000,0.0,1
2000,3,0.2,10.0,0,1.7372109637686688,4.909762302581473,uniform,0,50,3.0,3.0,uniform_exact,1.7239010460003743,4.841962842352614,2000,0.0,1
2000,3,0.2,10.0,0,1.7372109637686688,4.909762302581473,uniform,0,100,1.5,1.5,is,1.728644136341451,4.8058044540415255,3041,0.005806369306716884,0
2000,3,0.2,10.0,0,1.7372109637686688,4.909762302581473,uniform,0,100,sqrt(log n),2.7569734238004693,uniform_exact,1.728644136341451,4.8058044540415255,2000,0.0,1
2000,3,0.2,10.0,0,1.7372109637686688,4.909762302581473,uniform,0,100,3.0,3.0,uniform_exact,1.728644136341451,4.8058044540415255,2000,0.0,1
2000,3,0.2,10.0,1,1.7421178180833923,4.869082529210165,uniform,0,10,1.5,1.5,uniform_exact,1.4985739796581112,3.3244247920825223,2000,0.0,1
2000,3,0.2,10.0,1,1.7421178180833923,4.869082529210165,uniform,0,10,sqrt(log n),2.7569734238004693,uniform_exact,1.4985739796581112,3.3244247920825223,2000,0.0,1
2000,3,0.2,10.0,1,1.7421178180833923,4.869082529210165,uniform,0,10,3.0,3.0,uniform_exact,1.4985739796581112,3.3244247920825223,2000,0.0,1
2000,3,0.2,10.0,1,1.7421178180833923,4.869082529210165,uniform,0,30,1.5,1.5,is,1.7517444025082562,4.638664251106905,3041,0.002888485127367302,0
2000,3,0.2,10.0,1,1.7421178180833923,4.869082529210165,uniform,0,30,sqrt(log n),2.7569734238004693,uniform_exact,1.7517444025082562,4.638664251106905,2000,0.0,1
2000,3,0.2,10.0,1,1.7421178180833923,4.869082529210165,uniform,0,30,3.0,3.0,uniform_exact,1.7517444025082562,4.638664251106905,2000,0.0,1
2000,3,0.2,10.0,1,1.7421178180833923,4.869082529210165,uniform,0,50,1.5,1.5,is,1.7726373098592345,4.736806577737,3041,0.011289207640915793,0
2000,3,0.2,10.0,1,1.7421178180833923,4.869082529210165,uniform,0,50,sqrt(log n),2.7569734238004693,uniform_exact,1.7726373098592345,4.736806577737,2000,0.0,1
2000,3,0.2,10.0,1,1.7421178180833923,4.869082529210165,uniform,0,50,3.0,3.0,uniform_exact,1.7726373098592345,4.736806577737,2000,0.0,1
2000,3,0.2,10.0,1,1.7421178180833923,4.869082529210165,uniform,0,100,1.5,1.5,is,1.5669014399232273,3.887874480098505,3041,0.015481452350550115,0
2000,3,0.2,10.0,1,1.7421178180833923,4.869082529210165,uniform,0,100,sqrt(log n),2.7569734238004693,uniform_exact,1.5669014399232273,3.887874480098505,2000,0.0,1
2000,3,0.2,10.0,1,1.7421178180833923,4.869082529210165,uniform,0,100,3.0,3.0,uniform_exact,1.5669014399232273,3.887874480098505,2000,0.0,1
2000,3,0.2,10.0,2,1.7399890427199698,4.970317505328127,uniform,0,10,1.5,1.5,is,2.500156214640214,8.114038929351835,3041,0.005647789751994262,0
2000,3,0.2,10.0,2,1.7399890427199698,4.970317505328127,uniform,0,10,sqrt(log n),2.7569734238004693,uniform_exact,2.500156214640214,8.114038929351835,2000,0.0,1
2000,3,0.2,10.0,2,1.7399890427199698,4.970317505328127,uniform,0,10,3.0,3.0,uniform_exact,2.500156214640214,8.114038929351835,2000,0.0,1
2000,3,0.2,10.0,2,1.7399890427199698,4.970317505328127,uniform,0,30,1.5,1.5,is,1.5003110002972295,3.571174281806612,3041,0.0008925726810492247,0
2000,3,0.2,10.0,2,1.7399890427199698,4.970317505328127,uniform,0,30,sqrt(log n),2.7569734238004693,uniform_exact,1.5003110002972295,3.571174281806612,2000,0.0,1
2000,3,0.2,10.0,2,1.7399890427199698,4.970317505328127,uniform,0,30,3.0,3.0,uniform_exact,1.5003110002972295,3.571174281806612,2000,0.0,1
2000,3,0.2,10.0,2,1.7399890427199698,4.970317505328127,uniform,0,50,1.5,1.5,is,1.8446278657481237,5.304664825445241,3041,0.01819328831191171,0
2000,3,0.2,10.0,2,1.7399890427199698,4.970317505328127,uniform,0,50,sqrt(log n),2.7569734238004693,uniform_exact,1.8446278657481237,5.304664825445241,2000,0.0,1
2000,3,0.2,10.0,2,1.7399890427199698,4.970317505328127,uniform,0,50,3.0,3.0,uniform_exact,1.8446278657481237,5.304664825445241,2000,0.0,1
2000,3,0.2,10.0,2,1.7399890427199698,4.970317505328127,uniform,0,100,1.5,1.5,is,1.733937148200299,4.646818347203881,3041,0.0026928538355489246,0
2000,3,0.2,10.0,2,1.7399890427199698,4.970317505328127,uniform,0,100,sqrt(log n),2.7569734238004693,uniform_exact,1.733937148200299,4.646818347203881,2000,0.0,1
2000,3,0.2,10.0,2,1.7399890427199698,4.970317505328127,uniform,0,100,3.0,3.0,uniform_exact,1.733937148200299,4.646818347203881,2000,0.0,1
5000,3,0.0,2.0,0,0.7224807944290408,9.893139619301449,uniform,0,10,1.5,1.5,uniform,0.48511364442419136,1.7349166098848137,2354,0.002119014330384137,1
5000,3,0.0,2.0,0,0.7224807944290408,9.893139619301449,uniform,0,10,sqrt(log n),2.918423065872431,uniform,0.48511364442419136,1.7349166098848137,2354,0.002119014330384137,1
5000,3,0.0,2.0,0,0.7224807944290408,9.893139619301449,uniform,0,10,3.0,3.0,uniform,0.48511364442419136,1.7349166098848137,2354,0.002119014330384137,1
5000,3,0.0,2.0,0,0.7224807944290408,9.893139619301449,uniform,0,30,1.5,1.5,uniform,0.4422337566085499,2.4604570013792673,1956,0.007419211021052844,1
5000,3,0.0,2.0,0,0.7224807944290408,9.893139619301449,uniform,0,30,sqrt(log n),2.918423065872431,uniform,0.4422337566085499,2.4604570013792673,1956,0.007419211021052844,1
5000,3,0.0,2.0,0,0.7224807944290408,9.893139619301449,uniform,0,30,3.0,3.0,uniform,0.4422337566085499,2.4604570013792673,1956,0.007419211021052844,1
5000,3,0.0,2.0,0,0.7224807944290408,9.893139619301449,uniform,0,50,1.5,1.5,uniform,0.5611599795840145,2.7510583582507127,3150,0.008569089868343354,1
5000,3,0.0,2.0,0,0.7224807944290408,9.893139619301449,uniform,0,50,sqrt(log n),2.918423065872431,uniform,0.5611599795840145,2.7510583582507127,3150,0.008569089868343354,1
5000,3,0.0,2.0,0,0.7224807944290408,9.893139619301449,uniform,0,50,3.0,3.0,uniform,0.5611599795840145,2.7510583582507127,3150,0.008569089868343354,1
5000,3,0.0,2.0,0,0.7224807944290408,9.893139619301449,uniform,0,100,1.5,1.5,uniform,0.6004964414624385,3.317973393648955,3606,0.0015951737029466738,1
5000,3,0.0,2.0,0,0.7224807944290408,9.893139619301449,uniform,0,100,sqrt(log n),2.918423065872431,uniform,0.6004964414624385,3.317973393648955,3606,0.0015951737029466738,1
5000,3,0.0,2.0,0,0.7224807944290408,9.893139619301449,uniform,0,100,3.0,3.0,uniform,0.6004964414624385,3.317973393648955,3606,0.0015951737029466738,1
5000,3,0.0,2.0,1,0.6783674416504732,9.248645932905605,uniform,0,10,1.5,1.5,uniform,0.33828864961617483,1.4982469232441924,1145,0.05466903061339664,1
5000,3,0.0,2.0,1,0.6783674416504732,9.248645932905605,uniform,0,10,sqrt(log n),2.918423065872431,uniform,0.33828864961617483,1.4982469232441924,1145,0.05466903061339664,1
5000,3,0.0,2.0,1,0.6783674416504732,9.248645932905605,uniform,0,10,3.0,3.0,uniform,0.33828864961617483,1.4982469232441924,1145,0.05466903061339664,1
5000,3,0.0,2.0,1,0.6783674416504732,9.248645932905605,uniform,0,30,1.5,1.5,uniform,0.552285589178929,2.816347408077367,3051,0.008692635307451499,1
5000,3,0.0,2.0,1,0.6783674416504732,9.248645932905605,uniform,0,30,sqrt(log n),2.918423065872431,uniform,0.552285589178929,2.816347408077367,3051,0.008692635307451499,1
5000,3,0.0,2.0,1,0.6783674416504732,9.248645932905605,uniform,0,30,3.0,3.0,uniform,0.552285589178929,2.816347408077367,3051,0.008692635307451499,1
5000,3,0.0,2.0,1,0.6783674416504732,9.248645932905605,uniform,0,50,1.5,1.5,uniform,0.519874339491872,2.640589926043195,2703,0.015938194084992086,1
5000,3,0.0,2.0,1,0.6783674416504732,9.248645932905605,uniform,0,50,sqrt(log n),2.918423065872431,uniform,0.519874339491872,2.640589926043195,2703,0.015938194084992086,1
5000,3,0.0,2.0,1,0.6783674416504732,9.248645932905605,uniform,0,50,3.0,3.0,uniform,0.519874339491872,2.640589926043195,2703,0.015938194084992086,1
5000,3,0.0,2.0,1,0.6783674416504732,9.248645932905605,uniform,0,100,1.5,1.5,uniform_exact,0.73579285176321,4.162381529387495,5000,0.0,1
5000,3,0.0,2.0,1,0.6783674416504732,9.248645932905605,uniform,0,100,sqrt(log n),2.918423065872431,uniform_exact,0.73579285176321,4.162381529387495,5000,0.0,1
5000,3,0.0,2.0,1,0.6783674416504732,9.248645932905605,uniform,0,100,3.0,3.0,uniform_exact,0.73579285176321,4.162381529387495,5000,0.0,1
5000,3,0.0,2.0,2,0.6974014263102107,8.500077009248255,uniform,0,10,1.5,1.5,uniform,0.4056847681694077,1.9674959386003374,1646,0.000659127090229699,1
5000,3,0.0,2.0,2,0.6974014263102107,8.500077009248255,uniform,0,10,sqrt(log n),2.918423065872431,uniform,0.4056847681694077,1.9674959386003374,1646,0.000659127090229699,1
5000,3,0.0,2.0,2,0.6974014263102107,8.500077009248255,uniform,0,10,3.0,3.0,uniform,0.4056847681694077,1.9674959386003374,1646,0.000659127090229699,1
5000,3,0.0,2.0,2,0.6974014263102107,8.500077009248255,uniform,0,30,1.5,1.5,uniform_exact,0.7236489740342915,2.900818494760435,5000,0.0,1
5000,3,0.0,2.0,2,0.6974014263102107,8.500077009248255,uniform,0,30,sqrt(log n),2.918423065872431,uniform_exact,0.7236489740342915,2.900818494760435,5000,0.0,1
5000,3,0.0,2.0,2,0.6974014263102107,8.500077009248255,uniform,0,30,3.0,3.0,uniform_exact,0.7236489740342915,2.900818494760435,5000,0.0,1
5000,3,0.0,2.0,2,0.6974014263102107,8.500077009248255,uniform,0,50,1.5,1.5,uniform_exact,0.7140262129158146,4.293333522269784,5000,0.0,1
5000,3,0.0,2.0,2,0.6974014263102107,8.500077009248255,uniform,0,50,sqrt(log n),2.918423065872431,uniform_exact,0.7140262129158146,4.293333522269784,5000,0.0,1
5000,3,0.0,2.0,2,0.6974014263102107,8.500077009248255,uniform,0,50,3.0,3.0,uniform_exact,0.7140262129158146,4.293333522269784,5000,0.0,1
5000,3,0.0,2.0,2,0.6974014263102107,8.500077009248255,uniform,0,100,1.5,1.5,uniform,0.5584749866232436,3.6515803463426644,3119,0.0073064977447040175,1
5000,3,0.0,2.0,2,0.6974014263102107,8.500077009248255,uniform,0,100,sqrt(log n),2.918423065872431,uniform,0.5584749866232436,3.6515803463426644,3119,0.0073064977447040175,1
5000,3,0.0,2.0,2,0.6974014263102107,8.500077009248255,uniform,0,100,3.0,3.0,uniform,0.5584749866232436,3.6515803463426644,3119,0.0073064977447040175,1
5000,3,0.0,5.0,0,0.6966704990056833,11.78855723114979,uniform,0,10,1.5,1.5,uniform,0.67036294065468,2.7731530315013275,4494,0.0039853383936348805,1
5000,3,0.0,5.0,0,0.6966704990056833,11.78855723114979,uniform,0,10,sqrt(log n),2.918423065872431,uniform,0.67036294065468,2.7731530315013275,4494,0.0039853383936348805,1
5000,3,0.0,5.0,0,0.6966704990056833,11.78855723114979,uniform,0,10,3.0,3.0,uniform,0.67036294065468,2.7731530315013275,4494,0.0039853383936348805,1
5000,3,0.0,5.0,0,0.6966704990056833,11.78855723114979,uniform,0,30,1.5,1.5,uniform_exact,1.0027469262556783,5.599173618414346,5000,0.0,1
5000,3,0.0,5.0,0,0.6966704990056833,11.78855723114979,uniform,0,30,sqrt(log n),2.918423065872431,uniform_exact,1.0027469262556783,5.599173618414346,5000,0.0,1
5000,3,0.0,5.0,0,0.6966704990056833,11.78855723114979,uniform,0,30,3.0,3.0,uniform_exact,1.0027469262556783,5.599173618414346,5000,0.0,1
5000,3,0.0,5.0,0,0.6966704990056833,11.78855723114979,uniform,0,50,1.5,1.5,uniform_exact,0.7978581696328739,5.171239117697502,5000,0.0,1
5000,3,0.0,5.0,0,0.6966704990056833,11.78855723114979,uniform,0,50,sqrt(log n),2.918423065872431,uniform_exact,0.7978581696328739,5.171239117697502,5000,0.0,1
5000,3,0.0,5.0,0,0.6966704990056833,11.78855723114979,uniform,0,50,3.0,3.0,uniform_exact,0.7978581696328739,5.171239117697502,5000,0.0,1
5000,3,0.0,5.0,0,0.6966704990056833,11.78855723114979,uniform,0,100,1.5,1.5,uniform,0.6978645826633487,4.377168339615814,4871,3.2575642218869954e-05,1
5000,3,0.0,5.0,0,0.6966704990056833,11.78855723114979,uniform,0,100,sqrt(log n),2.918423065872431,uniform,0.6978645826633487,4.377168339615814,4871,3.2575642218869954e-05,1
5000,3,0.0,5.0,0,0.6966704990056833,11.78855723114979,uniform,0,100,3.0,3.0,uniform,0.6978645826633487,4.377168339615814,4871,3.2575642218869954e-05,1
5000,3,0.0,5.0,1,0.7020645774986704,10.493395057863204,uniform,0,10,1.5,1.5,uniform,0.3683507469762398,1.5433887843628282,1357,0.0007919803847961035,1
5000,3,0.0,5.0,1,0.7020645774986704,10.493395057863204,uniform,0,10,sqrt(log n),2.918423065872431,uniform,0.3683507469762398,1.5433887843628282,1357,0.0007919803847961035,1
5000,3,0.0,5.0,1,0.7020645774986704,10.493395057863204,uniform,0,10,3.0,3.0,uniform,0.3683507469762398,1.5433887843628282,1357,0.0007919803847961035,1
5000,3,0.0,5.0,1,0.7020645774986704,10.493395057863204,uniform,0,30,1.5,1.5,uniform_exact,0.8518881643713593,5.075311059250397,5000,0.0,1
5000,3,0.0,5.0,1,0.7020645774986704,10.493395057863204,uniform,0,30,sqrt(log n),2.918423065872431,uniform_exact,0.8518881643713593,5.075311059250397,5000,0.0,1
5000,3,0.0,5.0,1,0.7020645774986704,10.493395057863204,uniform,0,30,3.0,3.0,uniform_exact,0.8518881643713593,5.075311059250397,5000,0.0,1
5000,3,0.0,5.0,1,0.7020645774986704,10.493395057863204,uniform,0,50,1.5,1.5,uniform,0.6777056952663963,3.521652799333238,4593,0.002484331710805081,1
5000,3,0.0,5.0,1,0.7020645774986704,10.493395057863204,uniform,0,50,sqrt(log n),2.918423065872431,uniform,0.6777056952663963,3.521652799333238,4593,0.002484331710805081,1
5000,3,0.0,5.0,1,0.7020645774986704,10.493395057863204,uniform,0,50,3.0,3.0,uniform,0.6777056952663963,3.521652799333238,4593,0.002484331710805081,1
5000,3,0.0,5.0,1,0.7020645774986704,10.493395057863204,uniform,0,100,1.5,1.5,uniform,0.6292357551278221,4.047424699874459,3960,0.006730984136407237,1
5000,3,0.0,5.0,1,0.7020645774986704,10.493395057863204,uniform,0,100,sqrt(log n),2.918423065872431,uniform,0.6292357551278221,4.047424699874459,3960,0.006730984136407237,1
5000,3,0.0,5.0,1,0.7020645774986704,10.493395057863204,uniform,0,100,3.0,3.0,uniform,0.6292357551278221,4.047424699874459,3960,0.006730984136407237,1
5000,3,0.0,5.0,2,0.6964872202949357,12.14043386833435,uniform,0,10,1.5,1.5,uniform,0.38742344454900834,1.548377582706452,1501,0.03229526703383842,1
5000,3,0.0,5.0,2,0.6964872202949357,12.14043386833435,uniform,0,10,sqrt(log n),2.918423065872431,uniform,0.38742344454900834,1.548377582706452,1501,0.03229526703383842,1
5000,3,0.0,5.0,2,0.6964872202949357,12.14043386833435,uniform,0,10,3.0,3.0,uniform,0.38742344454900834,1.548377582706452,1501,0.03229526703383842,1
5000,3,0.0,5.0,2,0.6964872202949357,12.14043386833435,uniform,0,30,1.5,1.5,uniform,0.5278173431766043,2.5886523221110345,2786,0.0028002888311020107,1
5000,3,0.0,5.0,2,0.6964872202949357,12.14043386833435,uniform,0,30,sqrt(log n),2.918423065872431,uniform,0.5278173431766043,2.5886523221110345,2786,0.0028002888311020107,1
5000,3,0.0,5.0,2,0.6964872202949357,12.14043386833435,uniform,0,30,3.0,3.0,uniform,0.5278173431766043,2.5886523221110345,2786,0.0028002888311020107,1
5000,3,0.0,5.0,2,0.6964872202949357,12.14043386833435,uniform,0,50,1.5,1.5,uniform,0.43507925725221513,2.1274441627037355,1893,0.007875977103299455,1
5000,3,0.0,5.0,2,0.6964872202949357,12.14043386833435,uniform,0,50,sqrt(log n),2.918423065872431,uniform,0.43507925725221513,2.1274441627037355,1893,0.007875977103299455,1
5000,3,0.0,5.0,2,0.6964872202949357,12.14043386833435,uniform,0,50,3.0,3.0,uniform,0.43507925725221513,2.1274441627037355,1893,0.007875977103299455,1
5000,3,0.0,5.0,2,0.6964872202949357,12.14043386833435,uniform,0,100,1.5,1.5,uniform,0.5343344410712985,2.700691233469797,2856,0.008579066367971365,1
5000,3,0.0,5.0,2,0.6964872202949357,12.14043386833435,uniform,0,100,sqrt(log n),2.918423065872431,uniform,0.5343344410712985,2.700691233469797,2856,0.008579066367971365,1
5000,3,0.0,5.0,2,0.6964872202949357,12.14043386833435,uniform,0,100,3.0,3.0,uniform,0.5343344410712985,2.700691233469797,2856,0.008579066367971365,1
5000,3,0.0,10.0,0,0.6923142098960464,10.791047985600459,uniform,0,10,1.5,1.5,uniform_exact,1.4374028328820236,5.024636727032796,5000,0.0,1
5000,3,0.0,10.0,0,0.6923142098960464,10.791047985600459,uniform,0,10,sqrt(log n),2.918423065872431,uniform_exact,1.4374028328820236,5.024636727032796,5000,0.0,1
5000,3,0.0,10.0,0,0.6923142098960464,10.791047985600459,uniform,0,10,3.0,3.0,uniform_exact,1.4374028328820236,5.024636727032796,5000,0.0,1
5000,3,0.0,10.0,0,0.6923142098960464,10.791047985600459,uniform,0,30,1.5,1.5,uniform,0.7017701237513005,3.896641344610585,4925,0.001554855881965251,1
5000,3,0.0,10.0,0,0.6923142098960464,10.791047985600459,uniform,0,30,sqrt(log n),2.918423065872431,uniform,0.7017701237513005,3.896641344610585,4925,0.001554855881965251,1
5000,3,0.0,10.0,0,0.6923142098960464,10.791047985600459,uniform,0,30,3.0,3.0,uniform,0.7017701237513005,3.896641344610585,4925,0.001554855881965251,1
5000,3,0.0,10.0,0,0.6923142098960464,10.791047985600459,uniform,0,50,1.5,1.5,uniform,0.5609839856035188,3.5881434392408904,3148,0.011581741417662597,1
5000,3,0.0,10.0,0,0.6923142098960464,10.791047985600459,uniform,0,50,sqrt(log n),2.918423065872431,uniform,0.5609839856035188,3.5881434392408904,3148,0.011581741417662597,1
5000,3,0.0,10.0,0,0.6923142098960464,10.791047985600459,uniform,0,50,3.0,3.0,uniform,0.5609839856035188,3.5881434392408904,3148,0.011581741417662597,1
5000,3,0.0,10.0,0,0.6923142098960464,10.791047985600459,uniform,0,100,1.5,1.5,uniform,0.5207747158409619,2.5174505162140806,2713,0.0036962850481358253,1
5000,3,0.0,10.0,0,0.6923142098960464,10.791047985600459,uniform,0,100,sqrt(log n),2.918423065872431,uniform,0.5207747158409619,2.5174505162140806,2713,0.0036962850481358253,1
5000,3,0.0,10.0,0,0.6923142098960464,10.791047985600459,uniform,0,100,3.0,3.0,uniform,0.5207747158409619,2.5174505162140806,2713,0.0036962850481358253,1
5000,3,0.0,10.0,1,0.6749404683005831,10.377327086148796,uniform,0,10,1.5,1.5,uniform_exact,0.8681304188205607,2.614097519018026,5000,0.0,1
5000,3,0.0,10.0,1,0.6749404683005831,10.377327086148796,uniform,0,10,sqrt(log n),2.918423065872431,uniform_exact,0.8681304188205607,2.614097519018026,5000,0.0,1
5000,3,0.0,10.0,1,0.6749404683005831,10.377327086148796,uniform,0,10,3.0,3.0,uniform_exact,0.8681304188205607,2.614097519018026,5000,0.0,1
5000,3,0.0,10.0,1,0.6749404683005831,10.377327086148796,uniform,0,30,1.5,1.5,uniform,0.42962348163942005,2.217504212370663,1846,0.004856299190691674,1
5000,3,0.0,10.0,1,0.6749404683005831,10.377327086148796,uniform,0,30,sqrt(log n),2.918423065872431,uniform,0.42962348163942005,2.217504212370663,1846,0.004856299190691674,1
5000,3,0.0,10.0,1,0.6749404683005831,10.377327086148796,uniform,0,30,3.0,3.0,uniform,0.42962348163942005,2.217504212370663,1846,0.004856299190691674,1
5000,3,0.0,10.0,1,0.6749404683005831,10.377327086148796,uniform,0,50,1.5,1.5,uniform,0.6535813430208695,3.145253982459702,4272,0.0013298764568217807,1
5000,3,0.0,10.0,1,0.6749404683005831,10.377327086148796,uniform,0,50,sqrt(log n),2.918423065872431,uniform,0.6535813430208695,3.145253982459702,4272,0.0013298764568217807,1
5000,3,0.0,10.0,1,0.6749404683005831,10.377327086148796,uniform,0,50,3.0,3.0,uniform,0.6535813430208695,3.145253982459702,4272,0.0013298764568217807,1
5000,3,0.0,10.0,1,0.6749404683005831,10.377327086148796,uniform,0,100,1.5,1.5,uniform,0.5101475628654143,3.473303921338988,2603,0.0005885579341023941,1
5000,3,0.0,10.0,1,0.6749404683005831,10.377327086148796,uniform,0,100,sqrt(log n),2.918423065872431,uniform,0.5101475628654143,3.473303921338988,2603,0.0005885579341023941,1
5000,3,0.0,10.0,1,0.6749404683005831,10.377327086148796,uniform,0,100,3.0,3.0,uniform,0.5101475628654143,3.473303921338988,2603,0.0005885579341023941,1
5000,3,0.0,10.0,2,0.7043250568842707,9.485986571983513,uniform,0,10,1.5,1.5,uniform,0.4625936912303809,1.7553081255789005,2140,0.0036865349859830474,1
5000,3,0.0,10.0,2,0.7043250568842707,9.485986571983513,uniform,0,10,sqrt(log n),2.918423065872431,uniform,0.4625936912303809,1.7553081255789005,2140,0.0036865349859830474,1
5000,3,0.0,10.0,2,0.7043250568842707,9.485986571983513,uniform,0,10,3.0,3.0,uniform,0.4625936912303809,1.7553081255789005,2140,0.0036865349859830474,1
5000,3,0.0,10.0,2,0.7043250568842707,9.485986571983513,uniform,0,30,1.5,1.5,uniform,0.6012675474795566,2.8210873374700256,3616,0.0019884024000718565,1
5000,3,0.0,10.0,2,0.7043250568842707,9.485986571983513,uniform,0,30,sqrt(log n),2.918423065872431,uniform,0.6012675474795566,2.8210873374700256,3616,0.0019884024000718565,1
5000,3,0.0,10.0,2,0.7043250568842707,9.485986571983513,uniform,0,30,3.0,3.0,uniform,0.6012675474795566,2.8210873374700256,3616,0.0019884024000718565,1
5000,3,0.0,10.0,2,0.7043250568842707,9.485986571983513,uniform,0,50,1.5,1.5,uniform,0.6781415001580329,4.270502189870269,4599,0.0012446131237900963,1
5000,3,0.0,10.0,2,0.7043250568842707,9.485986571983513,uniform,0,50,sqrt(log n),2.918423065872431,uniform,0.6781415001580329,4.270502189870269,4599,0.0012446131237900963,1
5000,3,0.0,10.0,2,0.7043250568842707,9.485986571983513,uniform,0,50,3.0,3.0,uniform,0.6781415001580329,4.270502189870269,4599,0.0012446131237900963,1
5000,3,0.0,10.0,2,0.7043250568842707,9.485986571983513,uniform,0,100,1.5,1.5,uniform,0.6028176515121565,3.2787842463460137,3634,0.004427251553633728,1
5000,3,0.0,10.0,2,0.7043250568842707,9.485986571983513,uniform,0,100,sqrt(log n),2.918423065872431,uniform,0.6028176515121565,3.2787842463460137,3634,0.004427251553633728,1
5000,3,0.0,10.0,2,0.7043250568842707,9.485986571983513,uniform,0,100,3.0,3.0,uniform,0.6028176515121565,3.2787842463460137,3634,0.004427251553633728,1
5000,3,0.01,2.0,0,0.7278048746693839,12.570758348270179,uniform,0,10,1.5,1.5,uniform,0.3079975730918182,1.3078872226827678,949,0.02201566136561146,1
5000,3,0.01,2.0,0,0.7278048746693839,12.570758348270179,uniform,0,10,sqrt(log n),2.918423065872431,uniform,0.3079975730918182,1.3078872226827678,949,0.02201566136561146,1
5000,3,0.01,2.0,0,0.7278048746693839,12.570758348270179,uniform,0,10,3.0,3.0,uniform,0.3079975730918182,1.3078872226827678,949,0.02201566136561146,1
5000,3,0.01,2.0,0,0.7278048746693839,12.570758348270179,uniform,0,30,1.5,1.5,uniform_exact,0.7329155876765282,3.446579886949718,5000,0.0,1
5000,3,0.01,2.0,0,0.7278048746693839,12.570758348270179,uniform,0,30,sqrt(log n),2.918423065872431,uniform_exact,0.7329155876765282,3.446579886949718,5000,0.0,1
5000,3,0.01,2.0,0,0.7278048746693839,12.570758348270179,uniform,0,30,3.0,3.0,uniform_exact,0.7329155876765282,3.446579886949718,5000,0.0,1
5000,3,0.01,2.0,0,0.7278048746693839,12.570758348270179,uniform,0,50,1.5,1.5,uniform,0.5426548303537596,2.966876288431846,2945,7.826441053137767e-05,1
5000,3,0.01,2.0,0,0.7278048746693839,12.570758348270179,uniform,0,50,sqrt(log n),2.918423065872431,uniform,0.5426548303537596,2.966876288431846,2945,7.826441053137767e-05,1
5000,3,0.01,2.0,0,0.7278048746693839,12.570758348270179,uniform,0,50,3.0,3.0,uniform,0.5426548303537596,2.966876288431846,2945,7.826441053137767e-05,1
5000,3,0.01,2.0,0,0.7278048746693839,12.570758348270179,uniform,0,100,1.5,1.5,uniform,0.556104951641299,3.2173484301409587,3093,0.015752189745381538,1
5000,3,0.01,2.0,0,0.7278048746693839,12.570758348270179,uniform,0,100,sqrt(log n),2.918423065872431,uniform,0.556104951641299,3.2173484301409587,3093,0.015752189745381538,1
5000,3,0.01,2.0,0,0.7278048746693839,12.570758348270179,uniform,0,100,3.0,3.0,uniform,0.556104951641299,3.2173484301409587,3093,0.015752189745381538,1
5000,3,0.01,2.0,1,0.6959390046794844,8.19052749199074,uniform,0,10,1.5,1.5,uniform,0.4832782490745272,1.8459016790575369,2336,0.0101763719223502,1
5000,3,0.01,2.0,1,0.6959390046794844,8.19052749199074,uniform,0,10,sqrt(log n),2.918423065872431,uniform,0.4832782490745272,1.8459016790575369,2336,0.0101763719223502,1
5000,3,0.01,2.0,1,0.6959390046794844,8.19052749199074,uniform,0,10,3.0,3.0,uniform,0.4832782490745272,1.8459016790575369,2336,0.0101763719223502,1
5000,3,0.01,2.0,1,0.6959390046794844,8.19052749199074,uniform,0,30,1.5,1.5,uniform_exact,0.8397875830622271,4.745497659203701,5000,0.0,1
5000,3,0.01,2.0,1,0.6959390046794844,8.19052749199074,uniform,0,30,sqrt(log n),2.918423065872431,uniform_exact,0.8397875830622271,4.745497659203701,5000,0.0,1
5000,3,0.01,2.0,1,0.6959390046794844,8.19052749199074,uniform,0,30,3.0,3.0,uniform_exact,0.8397875830622271,4.745497659203701,5000,0.0,1
5000,3,0.01,2.0,1,0.6959390046794844,8.19052749199074,uniform,0,50,1.5,1.5,uniform,0.5532980097874026,2.7799883385959303,3062,0.0012722361063738235,1
5000,3,0.01,2.0,1,0.6959390046794844,8.19052749199074,uniform,0,50,sqrt(log n),2.918423065872431,uniform,0.5532980097874026,2.7799883385959303,3062,0.0012722361063738235,1
5000,3,0.01,2.0,1,0.6959390046794844,8.19052749199074,uniform,0,50,3.0,3.0,uniform,0.5532980097874026,2.7799883385959303,3062,0.0012722361063738235,1
5000,3,0.01,2.0,1,0.6959390046794844,8.19052749199074,uniform,0,100,1.5,1.5,uniform_exact,0.938883307897999,6.783520634304242,5000,0.0,1
5000,3,0.01,2.0,1,0.6959390046794844,8.19052749199074,uniform,0,100,sqrt(log n),2.918423065872431,uniform_exact,0.938883307897999,6.783520634304242,5000,0.0,1
5000,3,0.01,2.0,1,0.6959390046794844,8.19052749199074,uniform,0,100,3.0,3.0,uniform_exact,0.938883307897999,6.783520634304242,5000,0.0,1
5000,3,0.01,2.0,2,0.7275752487361427,11.991683623295147,uniform,0,10,1.5,1.5,uniform,0.66195915405451,2.676451462479032,4382,0.00441374185016775,1
5000,3,0.01,2.0,2,0.7275752487361427,11.991683623295147,uniform,0,10,sqrt(log n),2.918423065872431,uniform,0.66195915405451,2.676451462479032,4382,0.00441374185016775,1
5000,3,0.01,2.0,2,0.7275752487361427,11.991683623295147,uniform,0,10,3.0,3.0,uniform,0.66195915405451,2.676451462479032,4382,0.00441374185016775,1
5000,3,0.01,2.0,2,0.7275752487361427,11.991683623295147,uniform,0,30,1.5,1.5,uniform,0.5817515612004897,2.995949604710359,3385,0.004611074270447107,1
5000,3,0.01,2.0,2,0.7275752487361427,11.991683623295147,uniform,0,30,sqrt(log n),2.918423065872431,uniform,0.5817515612004897,2.995949604710359,3385,0.004611074270447107,1
5000,3,0.01,2.0,2,0.7275752487361427,11.991683623295147,uniform,0,30,3.0,3.0,uniform,0.5817515612004897,2.995949604710359,3385,0.004611074270447107,1
5000,3,0.01,2.0,2,0.7275752487361427,11.991683623295147,uniform,0,50,1.5,1.5,uniform,0.6896090388765771,5.121850293427099,4756,0.0010445932655335742,1
5000,3,0.01,2.0,2,0.7275752487361427,11.991683623295147,uniform,0,50,sqrt(log n),2.918423065872431,uniform,0.6896090388765771,5.121850293427099,4756,0.0010445932655335742,1
5000,3,0.01,2.0,2,0.7275752487361427,11.991683623295147,uniform,0,50,3.0,3.0,uniform,0.6896090388765771,5.121850293427099,4756,0.0010445932655335742,1
5000,3,0.01,2.0,2,0.7275752487361427,11.991683623295147,uniform,0,100,1.5,1.5,uniform,0.6145773820275003,4.176529920814385,3778,0.004335495639482772,1
5000,3,0.01,2.0,2,0.7275752487361427,11.991683623295147,uniform,0,100,sqrt(log n),2.918423065872431,uniform,0.6145773820275003,4.176529920814385,3778,0.004335495639482772,1
5000,3,0.01,2.0,2,0.7275752487361427,11.991683623295147,uniform,0,100,3.0,3.0,uniform,0.6145773820275003,4.176529920814385,3778,0.004335495639482772,1
5000,3,0.01,5.0,0,1.1514945012448503,13.921170970329356,uniform,0,10,1.5,1.5,is,1.8278358833062938,6.1718843620044455,3407,0.005622291614582006,0
5000,3,0.01,5.0,0,1.1514945012448503,13.921170970329356,uniform,0,10,sqrt(log n),2.918423065872431,uniform_exact,1.8278358833062938,6.1718843620044455,5000,0.0,1
5000,3,0.01,5.0,0,1.1514945012448503,13.921170970329356,uniform,0,10,3.0,3.0,uniform_exact,1.8278358833062938,6.1718843620044455,5000,0.0,1
5000,3,0.01,5.0,0,1.1514945012448503,13.921170970329356,uniform,0,30,1.5,1.5,is,1.5295694869360907,8.819415195840223,3407,0.02826118827620099,0
5000,3,0.01,5.0,0,1.1514945012448503,13.921170970329356,uniform,0,30,sqrt(log n),2.918423065872431,uniform_exact,1.5295694869360907,8.819415195840223,5000,0.0,1
5000,3,0.01,5.0,0,1.1514945012448503,13.921170970329356,uniform,0,30,3.0,3.0,uniform_exact,1.5295694869360907,8.819415195840223,5000,0.0,1
5000,3,0.01,5.0,0,1.1514945012448503,13.921170970329356,uniform,0,50,1.5,1.5,uniform,0.47874667528675424,2.412148875985864,2292,0.009370617360248617,1
5000,3,0.01,5.0,0,1.1514945012448503,13.921170970329356,uniform,0,50,sqrt(log n),2.918423065872431,uniform,0.47874667528675424,2.412148875985864,2292,0.009370617360248617,1
5000,3,0.01,5.0,0,1.1514945012448503,13.921170970329356,uniform,0,50,3.0,3.0,uniform,0.47874667528675424,2.412148875985864,2292,0.009370617360248617,1
5000,3,0.01,5.0,0,1.1514945012448503,13.921170970329356,uniform,0,100,1.5,1.5,uniform_exact,1.0000966667422295,8.912366298761397,5000,0.0,1
5000,3,0.01,5.0,0,1.1514945012448503,13.921170970329356,uniform,0,100,sqrt(log n),2.918423065872431,uniform_exact,1.0000966667422295,8.912366298761397,5000,0.0,1
5000,3,0.01,5.0,0,1.1514945012448503,13.921170970329356,uniform,0,100,3.0,3.0,uniform_exact,1.0000966667422295,8.912366298761397,5000,0.0,1
5000,3,0.01,5.0,1,1.1000620070210954,13.282787825099584,uniform,0,10,1.5,1.5,uniform,0.5411433332045165,2.2067915136547116,2929,0.0033172182222137867,1
5000,3,0.01,5.0,1,1.1000620070210954,13.282787825099584,uniform,0,10,sqrt(log n),2.918423065872431,uniform,0.5411433332045165,2.2067915136547116,2929,0.0033172182222137867,1
5000,3,0.01,5.0,1,1.1000620070210954,13.282787825099584,uniform,0,10,3.0,3.0,uniform,0.5411433332045165,2.2067915136547116,2929,0.0033172182222137867,1
5000,3,0.01,5.0,1,1.1000620070210954,13.282787825099584,uniform,0,30,1.5,1.5,uniform_exact,0.9718383840850818,4.514792263595022,5000,0.0,1
5000,3,0.01,5.0,1,1.1000620070210954,13.282787825099584,uniform,0,30,sqrt(log n),2.918423065872431,uniform_exact,0.9718383840850818,4.514792263595022,5000,0.0,1
5000,3,0.01,5.0,1,1.1000620070210954,13.282787825099584,uniform,0,30,3.0,3.0,uniform_exact,0.9718383840850818,4.514792263595022,5000,0.0,1
5000,3,0.01,5.0,1,1.1000620070210954,13.282787825099584,uniform,0,50,1.5,1.5,uniform,0.6035734867085967,3.296013957470399,3644,0.012737057278675018,1
5000,3,0.01,5.0,1,1.1000620070210954,13.282787825099584,uniform,0,50,sqrt(log n),2.918423065872431,uniform,0.6035734867085967,3.296013957470399,3644,0.012737057278675018,1
5000,3,0.01,5.0,1,1.1000620070210954,13.282787825099584,uniform,0,50,3.0,3.0,uniform,0.6035734867085967,3.296013957470399,3644,0.012737057278675018,1
5000,3,0.01,5.0,1,1.1000620070210954,13.282787825099584,uniform,0,100,1.5,1.5,uniform_exact,1.1461285287712473,9.342163405188805,5000,0.0,1
5000,3,0.01,5.0,1,1.1000620070210954,13.282787825099584,uniform,0,100,sqrt(log n),2.918423065872431,uniform_exact,1.1461285287712473,9.342163405188805,5000,0.0,1
5000,3,0.01,5.0,1,1.1000620070210954,13.282787825099584,uniform,0,100,3.0,3.0,uniform_exact,1.1461285287712473,9.342163405188805,5000,0.0,1
5000,3,0.01,5.0,2,1.169644960173019,14.047324928197764,uniform,0,10,1.5,1.5,uniform,0.49844266848497737,2.0931413727893218,2485,0.009109359990499343,1
5000,3,0.01,5.0,2,1.169644960173019,14.047324928197764,uniform,0,10,sqrt(log n),2.918423065872431,uniform,0.49844266848497737,2.0931413727893218,2485,0.009109359990499343,1
5000,3,0.01,5.0,2,1.169644960173019,14.047324928197764,uniform,0,10,3.0,3.0,uniform,0.49844266848497737,2.0931413727893218,2485,0.009109359990499343,1
5000,3,0.01,5.0,2,1.169644960173019,14.047324928197764,uniform,0,30,1.5,1.5,is,1.5988477202192493,6.720111220789284,3407,0.0021155746421487884,0
5000,3,0.01,5.0,2,1.169644960173019,14.047324928197764,uniform,0,30,sqrt(log n),2.918423065872431,uniform_exact,1.5988477202192493,6.720111220789284,5000,0.0,1
5000,3,0.01,5.0,2,1.169644960173019,14.047324928197764,uniform,0,30,3.0,3.0,uniform_exact,1.5988477202192493,6.720111220789284,5000,0.0,1
5000,3,0.01,5.0,2,1.169644960173019,14.047324928197764,uniform,0,50,1.5,1.5,uniform_exact,0.7910379935229096,4.14354357990085,5000,0.0,1
5000,3,0.01,5.0,2,1.169644960173019,14.047324928197764,uniform,0,50,sqrt(log n),2.918423065872431,uniform_exact,0.7910379935229096,4.14354357990085,5000,0.0,1
5000,3,0.01,5.0,2,1.169644960173019,14.047324928197764,uniform,0,50,3.0,3.0,uniform_exact,0.7910379935229096,4.14354357990085,5000,0.0,1
5000,3,0.01,5.0,2,1.169644960173019,14.047324928197764,uniform,0,100,1.5,1.5,uniform_exact,1.1074705973132448,7.358162074869637,5000,0.0,1
5000,3,0.01,5.0,2,1.169644960173019,14.047324928197764,uniform,0,100,sqrt(log n),2.918423065872431,uniform_exact,1.1074705973132448,7.358162074869637,5000,0.0,1
5000,3,0.01,5.0,2,1.169644960173019,14.047324928197764,uniform,0,100,3.0,3.0,uniform_exact,1.1074705973132448,7.358162074869637,5000,0.0,1
5000,3,0.01,10.0,0,3.012040993380712,33.184170841399485,is,1,10,1.5,1.5,uniform,0.4894634407452192,1.94115390269493,2396,0.06924680169001118,0
5000,3,0.01,10.0,0,3.012040993380712,33.184170841399485,is,1,10,sqrt(log n),2.918423065872431,uniform,0.4894634407452192,1.94115390269493,2396,0.06924680169001118,0
5000,3,0.01,10.0,0,3.012040993380712,33.184170841399485,is,1,10,3.0,3.0,uniform,0.4894634407452192,1.94115390269493,2396,0.06924680169001118,0
5000,3,0.01,10.0,0,3.012040993380712,33.184170841399485,is,1,30,1.5,1.5,uniform,0.5230159210952844,2.7056514572471353,2736,0.010729178040493533,0
5000,3,0.01,10.0,0,3.012040993380712,33.184170841399485,is,1,30,sqrt(log n),2.918423065872431,uniform,0.5230159210952844,2.7056514572471353,2736,0.010729178040493533,0
5000,3,0.01,10.0,0,3.012040993380712,33.184170841399485,is,1,30,3.0,3.0,uniform,0.5230159210952844,2.7056514572471353,2736,0.010729178040493533,0
5000,3,0.01,10.0,0,3.012040993380712,33.184170841399485,is,1,50,1.5,1.5,is,3.4312562961732707,24.624181607987882,3407,0.00563053494196162,1
5000,3,0.01,10.0,0,3.012040993380712,33.184170841399485,is,1,50,sqrt(log n),2.918423065872431,is,3.4312562961732707,24.624181607987882,3407,0.00563053494196162,1
5000,3,0.01,10.0,0,3.012040993380712,33.184170841399485,is,1,50,3.0,3.0,is,3.4312562961732707,24.624181607987882,3407,0.00563053494196162,1
5000,3,0.01,10.0,0,3.012040993380712,33.184170841399485,is,1,100,1.5,1.5,uniform_exact,0.8102857778970147,6.784748331617368,5000,0.0,0
5000,3,0.01,10.0,0,3.012040993380712,33.184170841399485,is,1,100,sqrt(log n),2.918423065872431,uniform_exact,0.8102857778970147,6.784748331617368,5000,0.0,0
5000,3,0.01,10.0,0,3.012040993380712,33.184170841399485,is,1,100,3.0,3.0,uniform_exact,0.8102857778970147,6.784748331617368,5000,0.0,0
5000,3,0.01,10.0,1,3.05512119238724,33.62125804296652,is,1,10,1.5,1.5,uniform_exact,0.8941072324912607,3.4535737909627207,5000,0.0,0
5000,3,0.01,10.0,1,3.05512119238724,33.62125804296652,is,1,10,sqrt(log n),2.918423065872431,uniform_exact,0.8941072324912607,3.4535737909627207,5000,0.0,0
5000,3,0.01,10.0,1,3.05512119238724,33.62125804296652,is,1,10,3.0,3.0,uniform_exact,0.8941072324912607,3.4535737909627207,5000,0.0,0
5000,3,0.01,10.0,1,3.05512119238724,33.62125804296652,is,1,30,1.5,1.5,uniform,0.5229653520793982,2.09019053974352,2735,0.019124009435878598,0
5000,3,0.01,10.0,1,3.05512119238724,33.62125804296652,is,1,30,sqrt(log n),2.918423065872431,uniform,0.5229653520793982,2.09019053974352,2735,0.019124009435878598,0
5000,3,0.01,10.0,1,3.05512119238724,33.62125804296652,is,1,30,3.0,3.0,uniform,0.5229653520793982,2.09019053974352,2735,0.019124009435878598,0
5000,3,0.01,10.0,1,3.05512119238724,33.62125804296652,is,1,50,1.5,1.5,is,2.9842896280070437,13.164754020857663,3407,0.015596775318154073,1
5000,3,0.01,10.0,1,3.05512119238724,33.62125804296652,is,1,50,sqrt(log n),2.918423065872431,is,2.9842896280070437,13.164754020857663,3407,0.015596775318154073,1
5000,3,0.01,10.0,1,3.05512119238724,33.62125804296652,is,1,50,3.0,3.0,uniform_exact,2.9842896280070437,13.164754020857663,5000,0.0,0
5000,3,0.01,10.0,1,3.05512119238724,33.62125804296652,is,1,100,1.5,1.5,is,3.249909460150408,33.035338770907906,3407,0.00026395080553067145,1
5000,3,0.01,10.0,1,3.05512119238724,33.62125804296652,is,1,100,sqrt(log n),2.918423065872431,is,3.249909460150408,33.035338770907906,3407,0.00026395080553067145,1
5000,3,0.01,10.0,1,3.05512119238724,33.62125804296652,is,1,100,3.0,3.0,is,3.249909460150408,33.035338770907906,3407,0.00026395080553067145,1
5000,3,0.01,10.0,2,3.0106207049135034,32.90968384374054,is,1,10,1.5,1.5,uniform,0.6828231336653684,2.2051269389306603,4663,0.004223128942837459,0
5000,3,0.01,10.0,2,3.0106207049135034,32.90968384374054,is,1,10,sqrt(log n),2.918423065872431,uniform,0.6828231336653684,2.2051269389306603,4663,0.004223128942837459,0
5000,3,0.01,10.0,2,3.0106207049135034,32.90968384374054,is,1,10,3.0,3.0,uniform,0.6828231336653684,2.2051269389306603,4663,0.004223128942837459,0
5000,3,0.01,10.0,2,3.0106207049135034,32.90968384374054,is,1,30,1.5,1.5,uniform,0.48156311148915304,2.3502140638773867,2320,0.05356376758567967,0
5000,3,0.01,10.0,2,3.0106207049135034,32.90968384374054,is,1,30,sqrt(log n),2.918423065872431,uniform,0.48156311148915304,2.3502140638773867,2320,0.05356376758567967,0
5000,3,0.01,10.0,2,3.0106207049135034,32.90968384374054,is,1,30,3.0,3.0,uniform,0.48156311148915304,2.3502140638773867,2320,0.05356376758567967,0
5000,3,0.01,10.0,2,3.0106207049135034,32.90968384374054,is,1,50,1.5,1.5,uniform,0.6206403309393201,3.0205044501338643,3852,0.006361252330860227,0
5000,3,0.01,10.0,2,3.0106207049135034,32.90968384374054,is,1,50,sqrt(log n),2.918423065872431,uniform,0.6206403309393201,3.0205044501338643,3852,0.006361252330860227,0
5000,3,0.01,10.0,2,3.0106207049135034,32.90968384374054,is,1,50,3.0,3.0,uniform,0.6206403309393201,3.0205044501338643,3852,0.006361252330860227,0
5000,3,0.01,10.0,2,3.0106207049135034,32.90968384374054,is,1,100,1.5,1.5,is,3.173401938016287,24.942144623665413,3407,0.0018352656585734837,1
5000,3,0.01,10.0,2,3.0106207049135034,32.90968384374054,is,1,100,sqrt(log n),2.918423065872431,is,3.173401938016287,24.942144623665413,3407,0.0018352656585734837,1
5000,3,0.01,10.0,2,3.0106207049135034,32.90968384374054,is,1,100,3.0,3.0,is,3.173401938016287,24.942144623665413,3407,0.0018352656585734837,1
5000,3,0.02,2.0,0,0.6966747062003946,7.519776239119451,uniform,0,10,1.5,1.5,uniform,0.6562562034125039,2.3546192728545186,4307,0.0006336973287534259,1
5000,3,0.02,2.0,0,0.6966747062003946,7.519776239119451,uniform,0,10,sqrt(log n),2.918423065872431,uniform,0.6562562034125039,2.3546192728545186,4307,0.0006336973287534259,1
5000,3,0.02,2.0,0,0.6966747062003946,7.519776239119451,uniform,0,10,3.0,3.0,uniform,0.6562562034125039,2.3546192728545186,4307,0.0006336973287534259,1
5000,3,0.02,2.0,0,0.6966747062003946,7.519776239119451,uniform,0,30,1.5,1.5,uniform,0.4917443761806155,3.0079299839339346,2419,0.007144264835925591,1
5000,3,0.02,2.0,0,0.6966747062003946,7.519776239119451,uniform,0,30,sqrt(log n),2.918423065872431,uniform,0.4917443761806155,3.0079299839339346,2419,0.007144264835925591,1
5000,3,0.02,2.0,0,0.6966747062003946,7.519776239119451,uniform,0,30,3.0,3.0,uniform,0.4917443761806155,3.0079299839339346,2419,0.007144264835925591,1
5000,3,0.02,2.0,0,0.6966747062003946,7.519776239119451,uniform,0,50,1.5,1.5,uniform,0.5864647894752509,3.4698596077055956,3440,0.0004222959953013218,1
5000,3,0.02,2.0,0,0.6966747062003946,7.519776239119451,uniform,0,50,sqrt(log n),2.918423065872431,uniform,0.5864647894752509,3.4698596077055956,3440,0.0004222959953013218,1
5000,3,0.02,2.0,0,0.6966747062003946,7.519776239119451,uniform,0,50,3.0,3.0,uniform,0.5864647894752509,3.4698596077055956,3440,0.0004222959953013218,1
5000,3,0.02,2.0,0,0.6966747062003946,7.519776239119451,uniform,0,100,1.5,1.5,uniform,0.6288872739805551,4.263672616321309,3955,0.005060593663834157,1
5000,3,0.02,2.0,0,0.6966747062003946,7.519776239119451,uniform,0,100,sqrt(log n),2.918423065872431,uniform,0.6288872739805551,4.263672616321309,3955,0.005060593663834157,1
5000,3,0.02,2.0,0,0.6966747062003946,7.519776239119451,uniform,0,100,3.0,3.0,uniform,0.6288872739805551,4.263672616321309,3955,0.005060593663834157,1
5000,3,0.02,2.0,1,0.7118330565326979,11.001515450812754,uniform,0,10,1.5,1.5,uniform,0.4756214169775038,1.68319815703923,2263,0.006746923704420669,1
5000,3,0.02,2.0,1,0.7118330565326979,11.001515450812754,uniform,0,10,sqrt(log n),2.918423065872431,uniform,0.4756214169775038,1.68319815703923,2263,0.006746923704420669,1
5000,3,0.02,2.0,1,0.7118330565326979,11.001515450812754,uniform,0,10,3.0,3.0,uniform,0.4756214169775038,1.68319815703923,2263,0.006746923704420669,1
5000,3,0.02,2.0,1,0.7118330565326979,11.001515450812754,uniform,0,30,1.5,1.5,uniform_exact,0.7112787543704848,3.34140843281803,5000,0.0,1
5000,3,0.02,2.0,1,0.7118330565326979,11.001515450812754,uniform,0,30,sqrt(log n),2.918423065872431,uniform_exact,0.7112787543704848,3.34140843281803,5000,0.0,1
5000,3,0.02,2.0,1,0.7118330565326979,11.001515450812754,uniform,0,30,3.0,3.0,uniform_exact,0.7112787543704848,3.34140843281803,5000,0.0,1
5000,3,0.02,2.0,1,0.7118330565326979,11.001515450812754,uniform,0,50,1.5,1.5,uniform_exact,0.7614616942643601,4.16891895939358,5000,0.0,1
5000,3,0.02,2.0,1,0.7118330565326979,11.001515450812754,uniform,0,50,sqrt(log n),2.918423065872431,uniform_exact,0.7614616942643601,4.16891895939358,5000,0.0,1
5000,3,0.02,2.0,1,0.7118330565326979,11.001515450812754,uniform,0,50,3.0,3.0,uniform_exact,0.7614616942643601,4.16891895939358,5000,0.0,1
5000,3,0.02,2.0,1,0.7118330565326979,11.001515450812754,uniform,0,100,1.5,1.5,uniform,0.5162797149349769,3.7485294431823264,2666,0.017775100268658677,1
5000,3,0.02,2.0,1,0.7118330565326979,11.001515450812754,uniform,0,100,sqrt(log n),2.918423065872431,uniform,0.5162797149349769,3.7485294431823264,2666,0.017775100268658677,1
5000,3,0.02,2.0,1,0.7118330565326979,11.001515450812754,uniform,0,100,3.0,3.0,uniform,0.5162797149349769,3.7485294431823264,2666,0.017775100268658677,1
5000,3,0.02,2.0,2,0.65806351816426,9.25657713996702,uniform,0,10,1.5,1.5,uniform,0.5070295707647451,1.6837873479390701,2571,0.021546564355645153,1
5000,3,0.02,2.0,2,0.65806351816426,9.25657713996702,uniform,0,10,sqrt(log n),2.918423065872431,uniform,0.5070295707647451,1.6837873479390701,2571,0.021546564355645153,1
5000,3,0.02,2.0,2,0.65806351816426,9.25657713996702,uniform,0,10,3.0,3.0,uniform,0.5070295707647451,1.6837873479390701,2571,0.021546564355645153,1
5000,3,0.02,2.0,2,0.65806351816426,9.25657713996702,uniform,0,30,1.5,1.5,uniform,0.420797763411174,1.9446913341201846,1771,0.008215946748525698,1
5000,3,0.02,2.0,2,0.65806351816426,9.25657713996702,uniform,0,30,sqrt(log n),2.918423065872431,uniform,0.420797763411174,1.9446913341201846,1771,0.008215946748525698,1
5000,3,0.02,2.0,2,0.65806351816426,9.25657713996702,uniform,0,30,3.0,3.0,uniform,0.420797763411174,1.9446913341201846,1771,0.008215946748525698,1
5000,3,0.02,2.0,2,0.65806351816426,9.25657713996702,uniform,0,50,1.5,1.5,uniform,0.5189906110039727,2.8037760281554984,2694,0.012421238623838373,1
5000,3,0.02,2.0,2,0.65806351816426,9.25657713996702,uniform,0,50,sqrt(log n),2.918423065872431,uniform,0.5189906110039727,2.8037760281554984,2694,0.012421238623838373,1
5000,3,0.02,2.0,2,0.65806351816426,9.25657713996702,uniform,0,50,3.0,3.0,uniform,0.5189906110039727,2.8037760281554984,2694,0.012421238623838373,1
5000,3,0.02,2.0,2,0.65806351816426,9.25657713996702,uniform,0,100,1.5,1.5,uniform,0.6890792111371684,3.7946818275409187,4749,0.0024820142459963486,1
5000,3,0.02,2.0,2,0.65806351816426,9.25657713996702,uniform,0,100,sqrt(log n),2.918423065872431,uniform,0.6890792111371684,3.7946818275409187,4749,0.0024820142459963486,1
5000,3,0.02,2.0,2,0.65806351816426,9.25657713996702,uniform,0,100,3.0,3.0,uniform,0.6890792111371684,3.7946818275409187,4749,0.0024820142459963486,1
5000,3,0.02,5.0,0,1.324498034040619,12.321985384365552,uniform,0,10,1.5,1.5,uniform,0.4488946495492603,1.596061837847406,2016,6.351467346270096e-05,1
5000,3,0.02,5.0,0,1.324498034040619,12.321985384365552,uniform,0,10,sqrt(log n),2.918423065872431,uniform,0.4488946495492603,1.596061837847406,2016,6.351467346270096e-05,1
5000,3,0.02,5.0,0,1.324498034040619,12.321985384365552,uniform,0,10,3.0,3.0,uniform,0.4488946495492603,1.596061837847406,2016,6.351467346270096e-05,1
5000,3,0.02,5.0,0,1.324498034040619,12.321985384365552,uniform,0,30,1.5,1.5,uniform_exact,1.2045230745045337,6.393052820993455,5000,0.0,1
5000,3,0.02,5.0,0,1.324498034040619,12.321985384365552,uniform,0,30,sqrt(log n),2.918423065872431,uniform_exact,1.2045230745045337,6.393052820993455,5000,0.0,1
5000,3,0.02,5.0,0,1.324498034040619,12.321985384365552,uniform,0,30,3.0,3.0,uniform_exact,1.2045230745045337,6.393052820993455,5000,0.0,1
5000,3,0.02,5.0,0,1.324498034040619,12.321985384365552,uniform,0,50,1.5,1.5,is,1.717423423435004,8.748469499860876,3407,0.013553210406144671,0
5000,3,0.02,5.0,0,1.324498034040619,12.321985384365552,uniform,0,50,sqrt(log n),2.918423065872431,uniform_exact,1.717423423435004,8.748469499860876,5000,0.0,1
5000,3,0.02,5.0,0,1.324498034040619,12.321985384365552,uniform,0,50,3.0,3.0,uniform_exact,1.717423423435004,8.748469499860876,5000,0.0,1
5000,3,0.02,5.0,0,1.324498034040619,12.321985384365552,uniform,0,100,1.5,1.5,uniform_exact,1.3494616473183128,9.36768761125933,5000,0.0,1
5000,3,0.02,5.0,0,1.324498034040619,12.321985384365552,uniform,0,100,sqrt(log n),2.918423065872431,uniform_exact,1.3494616473183128,9.36768761125933,5000,0.0,1
5000,3,0.02,5.0,0,1.324498034040619,12.321985384365552,uniform,0,100,3.0,3.0,uniform_exact,1.3494616473183128,9.36768761125933,5000,0.0,1
5000,3,0.02,5.0,1,1.3258723349377788,12.187571001132723,uniform,0,10,1.5,1.5,uniform_exact,0.8602293914873376,2.7087211806499365,5000,0.0,1
5000,3,0.02,5.0,1,1.3258723349377788,12.187571001132723,uniform,0,10,sqrt(log n),2.918423065872431,uniform_exact,0.8602293914873376,2.7087211806499365,5000,0.0,1
5000,3,0.02,5.0,1,1.3258723349377788,12.187571001132723,uniform,0,10,3.0,3.0,uniform_exact,0.8602293914873376,2.7087211806499365,5000,0.0,1
5000,3,0.02,5.0,1,1.3258723349377788,12.187571001132723,uniform,0,30,1.5,1.5,uniform_exact,1.0181807198440678,5.991528958750187,5000,0.0,1
5000,3,0.02,5.0,1,1.3258723349377788,12.187571001132723,uniform,0,30,sqrt(log n),2.918423065872431,uniform_exact,1.0181807198440678,5.991528958750187,5000,0.0,1
5000,3,0.02,5.0,1,1.3258723349377788,12.187571001132723,uniform,0,30,3.0,3.0,uniform_exact,1.0181807198440678,5.991528958750187,5000,0.0,1
5000,3,0.02,5.0,1,1.3258723349377788,12.187571001132723,uniform,0,50,1.5,1.5,is,1.8265827561458783,9.41206111068874,3407,0.009243524223149613,0
5000,3,0.02,5.0,1,1.3258723349377788,12.187571001132723,uniform,0,50,sqrt(log n),2.918423065872431,uniform_exact,1.8265827561458783,9.41206111068874,5000,0.0,1
5000,3,0.02,5.0,1,1.3258723349377788,12.187571001132723,uniform,0,50,3.0,3.0,uniform_exact,1.8265827561458783,9.41206111068874,5000,0.0,1
5000,3,0.02,5.0,1,1.3258723349377788,12.187571001132723,uniform,0,100,1.5,1.5,uniform_exact,1.1961691643105705,10.946569968646644,5000,0.0,1
5000,3,0.02,5.0,1,1.3258723349377788,12.187571001132723,uniform,0,100,sqrt(log n),2.918423065872431,uniform_exact,1.1961691643105705,10.946569968646644,5000,0.0,1
5000,3,0.02,5.0,1,1.3258723349377788,12.187571001132723,uniform,0,100,3.0,3.0,uniform_exact,1.1961691643105705,10.946569968646644,5000,0.0,1
5000,3,0.02,5.0,2,1.3582145587406718,12.411829353085658,uniform,0,10,1.5,1.5,uniform,0.387816267887848,1.6465458699654711,1505,0.011884022359108693,1
5000,3,0.02,5.0,2,1.3582145587406718,12.411829353085658,uniform,0,10,sqrt(log n),2.918423065872431,uniform,0.387816267887848,1.6465458699654711,1505,0.011884022359108693,1
5000,3,0.02,5.0,2,1.3582145587406718,12.411829353085658,uniform,0,10,3.0,3.0,uniform,0.387816267887848,1.6465458699654711,1505,0.011884022359108693,1
5000,3,0.02,5.0,2,1.3582145587406718,12.411829353085658,uniform,0,30,1.5,1.5,uniform_exact,0.722367788483993,3.3948837446195275,5000,0.0,1
5000,3,0.02,5.0,2,1.3582145587406718,12.411829353085658,uniform,0,30,sqrt(log n),2.918423065872431,uniform_exact,0.722367788483993,3.3948837446195275,5000,0.0,1
5000,3,0.02,5.0,2,1.3582145587406718,12.411829353085658,uniform,0,30,3.0,3.0,uniform_exact,0.722367788483993,3.3948837446195275,5000,0.0,1
5000,3,0.02,5.0,2,1.3582145587406718,12.411829353085658,uniform,0,50,1.5,1.5,is,1.5371158952305728,11.145192576987732,3407,0.02674240114595723,0
5000,3,0.02,5.0,2,1.3582145587406718,12.411829353085658,uniform,0,50,sqrt(log n),2.918423065872431,uniform_exact,1.5371158952305728,11.145192576987732,5000,0.0,1
5000,3,0.02,5.0,2,1.3582145587406718,12.411829353085658,uniform,0,50,3.0,3.0,uniform_exact,1.5371158952305728,11.145192576987732,5000,0.0,1
5000,3,0.02,5.0,2,1.3582145587406718,12.411829353085658,uniform,0,100,1.5,1.5,is,1.814661779205547,10.426522850849981,3407,0.011626994061628081,0
5000,3,0.02,5.0,2,1.3582145587406718,12.411829353085658,uniform,0,100,sqrt(log n),2.918423065872431,uniform_exact,1.814661779205547,10.426522850849981,5000,0.0,1
5000,3,0.02,5.0,2,1.3582145587406718,12.411829353085658,uniform,0,100,3.0,3.0,uniform_exact,1.814661779205547,10.426522850849981,5000,0.0,1
5000,3,0.02,10.0,0,3.273305510801266,25.581420388004364,is,1,10,1.5,1.5,uniform,0.6264464320625339,2.04476705411994,3925,0.024127626953361483,0
5000,3,0.02,10.0,0,3.273305510801266,25.581420388004364,is,1,10,sqrt(log n),2.918423065872431,uniform,0.6264464320625339,2.04476705411994,3925,0.024127626953361483,0
5000,3,0.02,10.0,0,3.273305510801266,25.581420388004364,is,1,10,3.0,3.0,uniform,0.6264464320625339,2.04476705411994,3925,0.024127626953361483,0
5000,3,0.02,10.0,0,3.273305510801266,25.581420388004364,is,1,30,1.5,1.5,uniform,0.5432639134062311,2.2870402353065136,2952,0.01721559201949232,0
5000,3,0.02,10.0,0,3.273305510801266,25.581420388004364,is,1,30,sqrt(log n),2.918423065872431,uniform,0.5432639134062311,2.2870402353065136,2952,0.01721559201949232,0
5000,3,0.02,10.0,0,3.273305510801266,25.581420388004364,is,1,30,3.0,3.0,uniform,0.5432639134062311,2.2870402353065136,2952,0.01721559201949232,0
5000,3,0.02,10.0,0,3.273305510801266,25.581420388004364,is,1,50,1.5,1.5,uniform_exact,0.8967394251831113,6.720772211256964,5000,0.0,0
5000,3,0.02,10.0,0,3.273305510801266,25.581420388004364,is,1,50,sqrt(log n),2.918423065872431,uniform_exact,0.8967394251831113,6.720772211256964,5000,0.0,0
5000,3,0.02,10.0,0,3.273305510801266,25.581420388004364,is,1,50,3.0,3.0,uniform_exact,0.8967394251831113,6.720772211256964,5000,0.0,0
5000,3,0.02,10.0,0,3.273305510801266,25.581420388004364,is,1,100,1.5,1.5,is,3.267223705361331,23.520962126009834,3407,0.006368030017748054,1
5000,3,0.02,10.0,0,3.273305510801266,25.581420388004364,is,1,100,sqrt(log n),2.918423065872431,is,3.267223705361331,23.520962126009834,3407,0.006368030017748054,1
5000,3,0.02,10.0,0,3.273305510801266,25.581420388004364,is,1,100,3.0,3.0,is,3.267223705361331,23.520962126009834,3407,0.006368030017748054,1
5000,3,0.02,10.0,1,3.270192893939796,25.42383972037984,is,1,10,1.5,1.5,uniform,0.5611897809582446,2.329514842333051,3150,0.004783589988905106,0
5000,3,0.02,10.0,1,3.270192893939796,25.42383972037984,is,1,10,sqrt(log n),2.918423065872431,uniform,0.5611897809582446,2.329514842333051,3150,0.004783589988905106,0
5000,3,0.02,10.0,1,3.270192893939796,25.42383972037984,is,1,10,3.0,3.0,uniform,0.5611897809582446,2.329514842333051,3150,0.004783589988905106,0
5000,3,0.02,10.0,1,3.270192893939796,25.42383972037984,is,1,30,1.5,1.5,is,2.926887528804361,12.027713674417024,3407,0.0031875754236997842,1
5000,3,0.02,10.0,1,3.270192893939796,25.42383972037984,is,1,30,sqrt(log n),2.918423065872431,is,2.926887528804361,12.027713674417024,3407,0.0031875754236997842,1
5000,3,0.02,10.0,1,3.270192893939796,25.42383972037984,is,1,30,3.0,3.0,uniform_exact,2.926887528804361,12.027713674417024,5000,0.0,0
5000,3,0.02,10.0,1,3.270192893939796,25.42383972037984,is,1,50,1.5,1.5,uniform,0.6425605565665771,3.779216649274722,4129,0.03783451202749756,0
5000,3,0.02,10.0,1,3.270192893939796,25.42383972037984,is,1,50,sqrt(log n),2.918423065872431,uniform,0.6425605565665771,3.779216649274722,4129,0.03783451202749756,0
5000,3,0.02,10.0,1,3.270192893939796,25.42383972037984,is,1,50,3.0,3.0,uniform,0.6425605565665771,3.779216649274722,4129,0.03783451202749756,0
5000,3,0.02,10.0,1,3.270192893939796,25.42383972037984,is,1,100,1.5,1.5,is,3.4671938264710493,21.198271520563395,3407,0.008258431167022566,1
5000,3,0.02,10.0,1,3.270192893939796,25.42383972037984,is,1,100,sqrt(log n),2.918423065872431,is,3.4671938264710493,21.198271520563395,3407,0.008258431167022566,1
5000,3,0.02,10.0,1,3.270192893939796,25.42383972037984,is,1,100,3.0,3.0,is,3.4671938264710493,21.198271520563395,3407,0.008258431167022566,1
5000,3,0.02,10.0,2,3.2584141459449203,25.386482551776233,is,1,10,1.5,1.5,uniform,0.7038052693327531,2.270021126923851,4954,0.0038083417710857146,0
5000,3,0.02,10.0,2,3.2584141459449203,25.386482551776233,is,1,10,sqrt(log n),2.918423065872431,uniform,0.7038052693327531,2.270021126923851,4954,0.0038083417710857146,0
5000,3,0.02,10.0,2,3.2584141459449203,25.386482551776233,is,1,10,3.0,3.0,uniform,0.7038052693327531,2.270021126923851,4954,0.0038083417710857146,0
5000,3,0.02,10.0,2,3.2584141459449203,25.386482551776233,is,1,30,1.5,1.5,is,3.0874551069978002,16.966933516917663,3407,0.0025337161779008205,1
5000,3,0.02,10.0,2,3.2584141459449203,25.386482551776233,is,1,30,sqrt(log n),2.918423065872431,is,3.0874551069978002,16.966933516917663,3407,0.0025337161779008205,1
5000,3,0.02,10.0,2,3.2584141459449203,25.386482551776233,is,1,30,3.0,3.0,is,3.0874551069978002,16.966933516917663,3407,0.0025337161779008205,1
5000,3,0.02,10.0,2,3.2584141459449203,25.386482551776233,is,1,50,1.5,1.5,is,2.966466223323649,21.374345274503593,3407,0.00698675938727083,1
5000,3,0.02,10.0,2,3.2584141459449203,25.386482551776233,is,1,50,sqrt(log n),2.918423065872431,is,2.966466223323649,21.374345274503593,3407,0.00698675938727083,1
5000,3,0.02,10.0,2,3.2584141459449203,25.386482551776233,is,1,50,3.0,3.0,uniform_exact,2.966466223323649,21.374345274503593,5000,0.0,0
5000,3,0.02,10.0,2,3.2584141459449203,25.386482551776233,is,1,100,1.5,1.5,is,2.9836015708420427,30.277575147023928,3407,0.015064181701676326,1
5000,3,0.02,10.0,2,3.2584141459449203,25.386482551776233,is,1,100,sqrt(log n),2.918423065872431,is,2.9836015708420427,30.277575147023928,3407,0.015064181701676326,1
5000,3,0.02,10.0,2,3.2584141459449203,25.386482551776233,is,1,100,3.0,3.0,uniform_exact,2.9836015708420427,30.277575147023928,5000,0.0,0
5000,3,0.05,2.0,0,0.6808824421638225,9.063293680601529,uniform,0,10,1.5,1.5,uniform,0.4052016753867341,1.728936038563371,1642,0.00814980680404746,1
5000,3,0.05,2.0,0,0.6808824421638225,9.063293680601529,uniform,0,10,sqrt(log n),2.918423065872431,uniform,0.4052016753867341,1.728936038563371,1642,0.00814980680404746,1
5000,3,0.05,2.0,0,0.6808824421638225,9.063293680601529,uniform,0,10,3.0,3.0,uniform,0.4052016753867341,1.728936038563371,1642,0.00814980680404746,1
5000,3,0.05,2.0,0,0.6808824421638225,9.063293680601529,uniform,0,30,1.5,1.5,uniform,0.6932915022183659,3.2122778454691545,4807,0.0008273308650314615,1
5000,3,0.05,2.0,0,0.6808824421638225,9.063293680601529,uniform,0,30,sqrt(log n),2.918423065872431,uniform,0.6932915022183659,3.2122778454691545,4807,0.0008273308650314615,1
5000,3,0.05,2.0,0,0.6808824421638225,9.063293680601529,uniform,0,30,3.0,3.0,uniform,0.6932915022183659,3.2122778454691545,4807,0.0008273308650314615,1
5000,3,0.05,2.0,0,0.6808824421638225,9.063293680601529,uniform,0,50,1.5,1.5,uniform,0.6085257187995842,2.481637412800949,3704,0.0015231851361575733,1
5000,3,0.05,2.0,0,0.6808824421638225,9.063293680601529,uniform,0,50,sqrt(log n),2.918423065872431,uniform,0.6085257187995842,2.481637412800949,3704,0.0015231851361575733,1
5000,3,0.05,2.0,0,0.6808824421638225,9.063293680601529,uniform,0,50,3.0,3.0,uniform,0.6085257187995842,2.481637412800949,3704,0.0015231851361575733,1
5000,3,0.05,2.0,0,0.6808824421638225,9.063293680601529,uniform,0,100,1.5,1.5,uniform_exact,0.8498661353235748,7.123940047500669,5000,0.0,1
5000,3,0.05,2.0,0,0.6808824421638225,9.063293680601529,uniform,0,100,sqrt(log n),2.918423065872431,uniform_exact,0.8498661353235748,7.123940047500669,5000,0.0,1
5000,3,0.05,2.0,0,0.6808824421638225,9.063293680601529,uniform,0,100,3.0,3.0,uniform_exact,0.8498661353235748,7.123940047500669,5000,0.0,1
5000,3,0.05,2.0,1,0.6814735797847691,8.168079323694936,uniform,0,10,1.5,1.5,uniform,0.41999950575383604,1.8040865054763184,1764,0.0012214557970814896,1
5000,3,0.05,2.0,1,0.6814735797847691,8.168079323694936,uniform,0,10,sqrt(log n),2.918423065872431,uniform,0.41999950575383604,1.8040865054763184,1764,0.0012214557970814896,1
5000,3,0.05,2.0,1,0.6814735797847691,8.168079323694936,uniform,0,10,3.0,3.0,uniform,0.41999950575383604,1.8040865054763184,1764,0.0012214557970814896,1
5000,3,0.05,2.0,1,0.6814735797847691,8.168079323694936,uniform,0,30,1.5,1.5,uniform_exact,0.7809521923800036,4.004837484470657,5000,0.0,1
5000,3,0.05,2.0,1,0.6814735797847691,8.168079323694936,uniform,0,30,sqrt(log n),2.918423065872431,uniform_exact,0.7809521923800036,4.004837484470657,5000,0.0,1
5000,3,0.05,2.0,1,0.6814735797847691,8.168079323694936,uniform,0,30,3.0,3.0,uniform_exact,0.7809521923800036,4.004837484470657,5000,0.0,1
5000,3,0.05,2.0,1,0.6814735797847691,8.168079323694936,uniform,0,50,1.5,1.5,uniform,0.44911225942720584,2.301165512339398,2018,0.0005943244252556622,1
5000,3,0.05,2.0,1,0.6814735797847691,8.168079323694936,uniform,0,50,sqrt(log n),2.918423065872431,uniform,0.44911225942720584,2.301165512339398,2018,0.0005943244252556622,1
5000,3,0.05,2.0,1,0.6814735797847691,8.168079323694936,uniform,0,50,3.0,3.0,uniform,0.44911225942720584,2.301165512339398,2018,0.0005943244252556622,1
5000,3,0.05,2.0,1,0.6814735797847691,8.168079323694936,uniform,0,100,1.5,1.5,uniform,0.5403839915647499,3.5013766994352413,2921,0.009602308092756692,1
5000,3,0.05,2.0,1,0.6814735797847691,8.168079323694936,uniform,0,100,sqrt(log n),2.918423065872431,uniform,0.5403839915647499,3.5013766994352413,2921,0.009602308092756692,1
5000,3,0.05,2.0,1,0.6814735797847691,8.168079323694936,uniform,0,100,3.0,3.0,uniform,0.5403839915647499,3.5013766994352413,2921,0.009602308092756692,1
5000,3,0.05,2.0,2,0.6730762768779296,7.51328610662532,uniform,0,10,1.5,1.5,uniform_exact,0.9399901116382008,3.54345279008886,5000,0.0,1
5000,3,0.05,2.0,2,0.6730762768779296,7.51328610662532,uniform,0,10,sqrt(log n),2.918423065872431,uniform_exact,0.9399901116382008,3.54345279008886,5000,0.0,1
5000,3,0.05,2.0,2,0.6730762768779296,7.51328610662532,uniform,0,10,3.0,3.0,uniform_exact,0.9399901116382008,3.54345279008886,5000,0.0,1
5000,3,0.05,2.0,2,0.6730762768779296,7.51328610662532,uniform,0,30,1.5,1.5,uniform,0.5984704374298476,2.6874444902952366,3582,0.008303461260094413,1
5000,3,0.05,2.0,2,0.6730762768779296,7.51328610662532,uniform,0,30,sqrt(log n),2.918423065872431,uniform,0.5984704374298476,2.6874444902952366,3582,0.008303461260094413,1
5000,3,0.05,2.0,2,0.6730762768779296,7.51328610662532,uniform,0,30,3.0,3.0,uniform,0.5984704374298476,2.6874444902952366,3582,0.008303461260094413,1
5000,3,0.05,2.0,2,0.6730762768779296,7.51328610662532,uniform,0,50,1.5,1.5,uniform,0.48099489995833183,2.447735056616422,2314,0.0001705349111095533,1
5000,3,0.05,2.0,2,0.6730762768779296,7.51328610662532,uniform,0,50,sqrt(log n),2.918423065872431,uniform,0.48099489995833183,2.447735056616422,2314,0.0001705349111095533,1
5000,3,0.05,2.0,2,0.6730762768779296,7.51328610662532,uniform,0,50,3.0,3.0,uniform,0.48099489995833183,2.447735056616422,2314,0.0001705349111095533,1
5000,3,0.05,2.0,2,0.6730762768779296,7.51328610662532,uniform,0,100,1.5,1.5,uniform,0.6765107110942307,4.486085278072275,4577,0.0009332098717690827,1
5000,3,0.05,2.0,2,0.6730762768779296,7.51328610662532,uniform,0,100,sqrt(log n),2.918423065872431,uniform,0.6765107110942307,4.486085278072275,4577,0.0009332098717690827,1
5000,3,0.05,2.0,2,0.6730762768779296,7.51328610662532,uniform,0,100,3.0,3.0,uniform,0.6765107110942307,4.486085278072275,4577,0.0009332098717690827,1
5000,3,0.05,5.0,0,1.5610511723927194,9.482297366454727,uniform,0,10,1.5,1.5,uniform_exact,1.2994094970897638,3.93249370058913,5000,0.0,1
5000,3,0.05,5.0,0,1.5610511723927194,9.482297366454727,uniform,0,10,sqrt(log n),2.918423065872431,uniform_exact,1.2994094970897638,3.93249370058913,5000,0.0,1
5000,3,0.05,5.0,0,1.5610511723927194,9.482297366454727,uniform,0,10,3.0,3.0,uniform_exact,1.2994094970897638,3.93249370058913,5000,0.0,1
5000,3,0.05,5.0,0,1.5610511723927194,9.482297366454727,uniform,0,30,1.5,1.5,uniform,0.5102267619763348,2.416352236937553,2604,0.010535448344116743,1
5000,3,0.05,5.0,0,1.5610511723927194,9.482297366454727,uniform,0,30,sqrt(log n),2.918423065872431,uniform,0.5102267619763348,2.416352236937553,2604,0.010535448344116743,1
5000,3,0.05,5.0,0,1.5610511723927194,9.482297366454727,uniform,0,30,3.0,3.0,uniform,0.5102267619763348,2.416352236937553,2604,0.010535448344116743,1
5000,3,0.05,5.0,0,1.5610511723927194,9.482297366454727,uniform,0,50,1.5,1.5,is,1.6368184894450168,8.909785161452312,3407,0.00278650015292904,0
5000,3,0.05,5.0,0,1.5610511723927194,9.482297366454727,uniform,0,50,sqrt(log n),2.918423065872431,uniform_exact,1.6368184894450168,8.909785161452312,5000,0.0,1
5000,3,0.05,5.0,0,1.5610511723927194,9.482297366454727,uniform,0,50,3.0,3.0,uniform_exact,1.6368184894450168,8.909785161452312,5000,0.0,1
5000,3,0.05,5.0,0,1.5610511723927194,9.482297366454727,uniform,0,100,1.5,1.5,is,1.6417713218658005,7.094868021928287,3407,0.0017970051181309668,0
5000,3,0.05,5.0,0,1.5610511723927194,9.482297366454727,uniform,0,100,sqrt(log n),2.918423065872431,uniform_exact,1.6417713218658005,7.094868021928287,5000,0.0,1
5000,3,0.05,5.0,0,1.5610511723927194,9.482297366454727,uniform,0,100,3.0,3.0,uniform_exact,1.6417713218658005,7.094868021928287,5000,0.0,1
5000,3,0.05,5.0,1,1.5983515327881193,10.05179141412876,uniform,0,10,1.5,1.5,is,1.5019040774504897,5.147770084912173,3407,0.029319300508146483,0
5000,3,0.05,5.0,1,1.5983515327881193,10.05179141412876,uniform,0,10,sqrt(log n),2.918423065872431,uniform_exact,1.5019040774504897,5.147770084912173,5000,0.0,1
5000,3,0.05,5.0,1,1.5983515327881193,10.05179141412876,uniform,0,10,3.0,3.0,uniform_exact,1.5019040774504897,5.147770084912173,5000,0.0,1
5000,3,0.05,5.0,1,1.5983515327881193,10.05179141412876,uniform,0,30,1.5,1.5,is,1.6410505626851835,9.28875115754114,3407,0.046254930963887685,0
5000,3,0.05,5.0,1,1.5983515327881193,10.05179141412876,uniform,0,30,sqrt(log n),2.918423065872431,uniform_exact,1.6410505626851835,9.28875115754114,5000,0.0,1
5000,3,0.05,5.0,1,1.5983515327881193,10.05179141412876,uniform,0,30,3.0,3.0,uniform_exact,1.6410505626851835,9.28875115754114,5000,0.0,1
5000,3,0.05,5.0,1,1.5983515327881193,10.05179141412876,uniform,0,50,1.5,1.5,is,1.6560882194943805,6.747942950523898,3407,0.004912970103711609,0
5000,3,0.05,5.0,1,1.5983515327881193,10.05179141412876,uniform,0,50,sqrt(log n),2.918423065872431,uniform_exact,1.6560882194943805,6.747942950523898,5000,0.0,1
5000,3,0.05,5.0,1,1.5983515327881193,10.05179141412876,uniform,0,50,3.0,3.0,uniform_exact,1.6560882194943805,6.747942950523898,5000,0.0,1
5000,3,0.05,5.0,1,1.5983515327881193,10.05179141412876,uniform,0,100,1.5,1.5,uniform,0.6242565061777616,3.778416738598604,3897,0.007375465592310203,1
5000,3,0.05,5.0,1,1.5983515327881193,10.05179141412876,uniform,0,100,sqrt(log n),2.918423065872431,uniform,0.6242565061777616,3.778416738598604,3897,0.007375465592310203,1
5000,3,0.05,5.0,1,1.5983515327881193,10.05179141412876,uniform,0,100,3.0,3.0,uniform,0.6242565061777616,3.778416738598604,3897,0.007375465592310203,1
5000,3,0.05,5.0,2,1.564054233622819,9.903368559014538,uniform,0,10,1.5,1.5,is,1.5092329361185681,4.9786336808163725,3407,0.019199782099150495,0
5000,3,0.05,5.0,2,1.564054233622819,9.903368559014538,uniform,0,10,sqrt(log n),2.918423065872431,uniform_exact,1.5092329361185681,4.9786336808163725,5000,0.0,1
5000,3,0.05,5.0,2,1.564054233622819,9.903368559014538,uniform,0,10,3.0,3.0,uniform_exact,1.5092329361185681,4.9786336808163725,5000,0.0,1
5000,3,0.05,5.0,2,1.564054233622819,9.903368559014538,uniform,0,30,1.5,1.5,is,1.6062960068824998,9.316486014870266,3407,0.01969275624445761,0
5000,3,0.05,5.0,2,1.564054233622819,9.903368559014538,uniform,0,30,sqrt(log n),2.918423065872431,uniform_exact,1.6062960068824998,9.316486014870266,5000,0.0,1
5000,3,0.05,5.0,2,1.564054233622819,9.903368559014538,uniform,0,30,3.0,3.0,uniform_exact,1.6062960068824998,9.316486014870266,5000,0.0,1
5000,3,0.05,5.0,2,1.564054233622819,9.903368559014538,uniform,0,50,1.5,1.5,is,1.6089455413463276,10.44539185199645,3407,0.006365022624344308,0
5000,3,0.05,5.0,2,1.564054233622819,9.903368559014538,uniform,0,50,sqrt(log n),2.918423065872431,uniform_exact,1.6089455413463276,10.44539185199645,5000,0.0,1
5000,3,0.05,5.0,2,1.564054233622819,9.903368559014538,uniform,0,50,3.0,3.0,uniform_exact,1.6089455413463276,10.44539185199645,5000,0.0,1
5000,3,0.05,5.0,2,1.564054233622819,9.903368559014538,uniform,0,100,1.5,1.5,is,1.7658612950941313,8.023964236099403,3407,0.016254192606021813,0
5000,3,0.05,5.0,2,1.564054233622819,9.903368559014538,uniform,0,100,sqrt(log n),2.918423065872431,uniform_exact,1.7658612950941313,8.023964236099403,5000,0.0,1
5000,3,0.05,5.0,2,1.564054233622819,9.903368559014538,uniform,0,100,3.0,3.0,uniform_exact,1.7658612950941313,8.023964236099403,5000,0.0,1
5000,3,0.05,10.0,0,3.0064614329892705,15.45576789854595,is,1,10,1.5,1.5,uniform,0.5244294998599767,2.0824004884158476,2751,0.008772041174381266,0
5000,3,0.05,10.0,0,3.0064614329892705,15.45576789854595,is,1,10,sqrt(log n),2.918423065872431,uniform,0.5244294998599767,2.0824004884158476,2751,0.008772041174381266,0
5000,3,0.05,10.0,0,3.0064614329892705,15.45576789854595,is,1,10,3.0,3.0,uniform,0.5244294998599767,2.0824004884158476,2751,0.008772041174381266,0
5000,3,0.05,10.0,0,3.0064614329892705,15.45576789854595,is,1,30,1.5,1.5,is,2.2711824996230305,7.167077177775559,3407,0.0073007968683047346,1
5000,3,0.05,10.0,0,3.0064614329892705,15.45576789854595,is,1,30,sqrt(log n),2.918423065872431,uniform_exact,2.2711824996230305,7.167077177775559,5000,0.0,0
5000,3,0.05,10.0,0,3.0064614329892705,15.45576789854595,is,1,30,3.0,3.0,uniform_exact,2.2711824996230305,7.167077177775559,5000,0.0,0
5000,3,0.05,10.0,0,3.0064614329892705,15.45576789854595,is,1,50,1.5,1.5,is,3.2941728590972286,23.662390272242046,3407,0.0019950771011238684,1
5000,3,0.05,10.0,0,3.0064614329892705,15.45576789854595,is,1,50,sqrt(log n),2.918423065872431,is,3.2941728590972286,23.662390272242046,3407,0.0019950771011238684,1
5000,3,0.05,10.0,0,3.0064614329892705,15.45576789854595,is,1,50,3.0,3.0,is,3.2941728590972286,23.662390272242046,3407,0.0019950771011238684,1
5000,3,0.05,10.0,0,3.0064614329892705,15.45576789854595,is,1,100,1.5,1.5,is,3.4427716047557686,25.686884322804808,3407,0.013149327890956644,1
5000,3,0.05,10.0,0,3.0064614329892705,15.45576789854595,is,1,100,sqrt(log n),2.918423065872431,is,3.4427716047557686,25.686884322804808,3407,0.013149327890956644,1
5000,3,0.05,10.0,0,3.0064614329892705,15.45576789854595,is,1,100,3.0,3.0,is,3.4427716047557686,25.686884322804808,3407,0.013149327890956644,1
5000,3,0.05,10.0,1,2.975958669383625,15.516826552718598,is,1,10,1.5,1.5,is,2.4714163914362,8.026103813512094,3407,0.003125398048655533,1
5000,3,0.05,10.0,1,2.975958669383625,15.516826552718598,is,1,10,sqrt(log n),2.918423065872431,uniform_exact,2.4714163914362,8.026103813512094,5000,0.0,0
5000,3,0.05,10.0,1,2.975958669383625,15.516826552718598,is,1,10,3.0,3.0,uniform_exact,2.4714163914362,8.026103813512094,5000,0.0,0
5000,3,0.05,10.0,1,2.975958669383625,15.516826552718598,is,1,30,1.5,1.5,uniform_exact,0.8501505388051525,4.699215828105486,5000,0.0,0
5000,3,0.05,10.0,1,2.975958669383625,15.516826552718598,is,1,30,sqrt(log n),2.918423065872431,uniform_exact,0.8501505388051525,4.699215828105486,5000,0.0,0
5000,3,0.05,10.0,1,2.975958669383625,15.516826552718598,is,1,30,3.0,3.0,uniform_exact,0.8501505388051525,4.699215828105486,5000,0.0,0
5000,3,0.05,10.0,1,2.975958669383625,15.516826552718598,is,1,50,1.5,1.5,is,3.0085469740953363,13.147363706248157,3407,0.0055600861244206965,1
5000,3,0.05,10.0,1,2.975958669383625,15.516826552718598,is,1,50,sqrt(log n),2.918423065872431,is,3.0085469740953363,13.147363706248157,3407,0.0055600861244206965,1
5000,3,0.05,10.0,1,2.975958669383625,15.516826552718598,is,1,50,3.0,3.0,is,3.0085469740953363,13.147363706248157,3407,0.0055600861244206965,1
5000,3,0.05,10.0,1,2.975958669383625,15.516826552718598,is,1,100,1.5,1.5,is,2.9788032570472556,16.383095146236254,3407,0.011594255497560324,1
5000,3,0.05,10.0,1,2.975958669383625,15.516826552718598,is,1,100,sqrt(log n),2.918423065872431,is,2.9788032570472556,16.383095146236254,3407,0.011594255497560324,1
5000,3,0.05,10.0,1,2.975958669383625,15.516826552718598,is,1,100,3.0,3.0,uniform_exact,2.9788032570472556,16.383095146236254,5000,0.0,0
5000,3,0.05,10.0,2,2.994754765488841,15.286751648815459,is,1,10,1.5,1.5,uniform,0.3459956584480129,1.5629950386754834,1198,0.056871866974352744,0
5000,3,0.05,10.0,2,2.994754765488841,15.286751648815459,is,1,10,sqrt(log n),2.918423065872431,uniform,0.3459956584480129,1.5629950386754834,1198,0.056871866974352744,0
5000,3,0.05,10.0,2,2.994754765488841,15.286751648815459,is,1,10,3.0,3.0,uniform,0.3459956584480129,1.5629950386754834,1198,0.056871866974352744,0
5000,3,0.05,10.0,2,2.994754765488841,15.286751648815459,is,1,30,1.5,1.5,is,2.9004872328826408,12.056951545747635,3407,0.0043567224271061035,1
5000,3,0.05,10.0,2,2.994754765488841,15.286751648815459,is,1,30,sqrt(log n),2.918423065872431,uniform_exact,2.9004872328826408,12.056951545747635,5000,0.0,0
5000,3,0.05,10.0,2,2.994754765488841,15.286751648815459,is,1,30,3.0,3.0,uniform_exact,2.9004872328826408,12.056951545747635,5000,0.0,0
5000,3,0.05,10.0,2,2.994754765488841,15.286751648815459,is,1,50,1.5,1.5,is,3.20300617090299,17.109097708012822,3407,0.0076891373710183345,1
5000,3,0.05,10.0,2,2.994754765488841,15.286751648815459,is,1,50,sqrt(log n),2.918423065872431,is,3.20300617090299,17.109097708012822,3407,0.0076891373710183345,1
5000,3,0.05,10.0,2,2.994754765488841,15.286751648815459,is,1,50,3.0,3.0,is,3.20300617090299,17.109097708012822,3407,0.0076891373710183345,1
5000,3,0.05,10.0,2,2.994754765488841,15.286751648815459,is,1,100,1.5,1.5,is,2.997814625519183,14.122183326837828,3407,0.008426547306276656,1
5000,3,0.05,10.0,2,2.994754765488841,15.286751648815459,is,1,100,sqrt(log n),2.918423065872431,is,2.997814625519183,14.122183326837828,3407,0.008426547306276656,1
5000,3,0.05,10.0,2,2.994754765488841,15.286751648815459,is,1,100,3.0,3.0,uniform_exact,2.997814625519183,14.122183326837828,5000,0.0,0
5000,3,0.1,2.0,0,0.6452892873409604,7.975916618900835,uniform,0,10,1.5,1.5,uniform,0.3403261341178988,1.628195388095073,1159,0.011191411051153748,1
5000,3,0.1,2.0,0,0.6452892873409604,7.975916618900835,uniform,0,10,sqrt(log n),2.918423065872431,uniform,0.3403261341178988,1.628195388095073,1159,0.011191411051153748,1
5000,3,0.1,2.0,0,0.6452892873409604,7.975916618900835,uniform,0,10,3.0,3.0,uniform,0.3403261341178988,1.628195388095073,1159,0.011191411051153748,1
5000,3,0.1,2.0,0,0.6452892873409604,7.975916618900835,uniform,0,30,1.5,1.5,uniform_exact,0.8503233707671161,4.227437779036348,5000,0.0,1
5000,3,0.1,2.0,0,0.6452892873409604,7.975916618900835,uniform,0,30,sqrt(log n),2.918423065872431,uniform_exact,0.8503233707671161,4.227437779036348,5000,0.0,1
5000,3,0.1,2.0,0,0.6452892873409604,7.975916618900835,uniform,0,30,3.0,3.0,uniform_exact,0.8503233707671161,4.227437779036348,5000,0.0,1
5000,3,0.1,2.0,0,0.6452892873409604,7.975916618900835,uniform,0,50,1.5,1.5,uniform,0.5649586394949939,3.214288726208692,3192,0.005521414828777548,1
5000,3,0.1,2.0,0,0.6452892873409604,7.975916618900835,uniform,0,50,sqrt(log n),2.918423065872431,uniform,0.5649586394949939,3.214288726208692,3192,0.005521414828777548,1
5000,3,0.1,2.0,0,0.6452892873409604,7.975916618900835,uniform,0,50,3.0,3.0,uniform,0.5649586394949939,3.214288726208692,3192,0.005521414828777548,1
5000,3,0.1,2.0,0,0.6452892873409604,7.975916618900835,uniform,0,100,1.5,1.5,uniform_exact,0.747409099499315,4.044653120291325,5000,0.0,1
5000,3,0.1,2.0,0,0.6452892873409604,7.975916618900835,uniform,0,100,sqrt(log n),2.918423065872431,uniform_exact,0.747409099499315,4.044653120291325,5000,0.0,1
5000,3,0.1,2.0,0,0.6452892873409604,7.975916618900835,uniform,0,100,3.0,3.0,uniform_exact,0.747409099499315,4.044653120291325,5000,0.0,1
5000,3,0.1,2.0,1,0.6342794906340355,7.439749972949388,uniform,0,10,1.5,1.5,uniform_exact,0.8321205413789421,3.0173533564704735,5000,0.0,1
5000,3,0.1,2.0,1,0.6342794906340355,7.439749972949388,uniform,0,10,sqrt(log n),2.918423065872431,uniform_exact,0.8321205413789421,3.0173533564704735,5000,0.0,1
5000,3,0.1,2.0,1,0.6342794906340355,7.439749972949388,uniform,0,10,3.0,3.0,uniform_exact,0.8321205413789421,3.0173533564704735,5000,0.0,1
5000,3,0.1,2.0,1,0.6342794906340355,7.439749972949388,uniform,0,30,1.5,1.5,uniform,0.36490829498404526,1.8078610680184128,1332,0.025890051659096903,1
5000,3,0.1,2.0,1,0.6342794906340355,7.439749972949388,uniform,0,30,sqrt(log n),2.918423065872431,uniform,0.36490829498404526,1.8078610680184128,1332,0.025890051659096903,1
5000,3,0.1,2.0,1,0.6342794906340355,7.439749972949388,uniform,0,30,3.0,3.0,uniform,0.36490829498404526,1.8078610680184128,1332,0.025890051659096903,1
5000,3,0.1,2.0,1,0.6342794906340355,7.439749972949388,uniform,0,50,1.5,1.5,uniform,0.5974855091234869,3.4265455792770996,3570,0.0026743535427514735,1
5000,3,0.1,2.0,1,0.6342794906340355,7.439749972949388,uniform,0,50,sqrt(log n),2.918423065872431,uniform,0.5974855091234869,3.4265455792770996,3570,0.0026743535427514735,1
5000,3,0.1,2.0,1,0.6342794906340355,7.439749972949388,uniform,0,50,3.0,3.0,uniform,0.5974855091234869,3.4265455792770996,3570,0.0026743535427514735,1
5000,3,0.1,2.0,1,0.6342794906340355,7.439749972949388,uniform,0,100,1.5,1.5,uniform,0.5167396342228346,2.6463603771840036,2671,0.006165409087891014,1
5000,3,0.1,2.0,1,0.6342794906340355,7.439749972949388,uniform,0,100,sqrt(log n),2.918423065872431,uniform,0.5167396342228346,2.6463603771840036,2671,0.006165409087891014,1
5000,3,0.1,2.0,1,0.6342794906340355,7.439749972949388,uniform,0,100,3.0,3.0,uniform,0.5167396342228346,2.6463603771840036,2671,0.006165409087891014,1
5000,3,0.1,2.0,2,0.6753511690743486,10.273263459798766,uniform,0,10,1.5,1.5,uniform,0.5632726536950677,1.9294192869640243,3173,0.008689766818337673,1
5000,3,0.1,2.0,2,0.6753511690743486,10.273263459798766,uniform,0,10,sqrt(log n),2.918423065872431,uniform,0.5632726536950677,1.9294192869640243,3173,0.008689766818337673,1
5000,3,0.1,2.0,2,0.6753511690743486,10.273263459798766,uniform,0,10,3.0,3.0,uniform,0.5632726536950677,1.9294192869640243,3173,0.008689766818337673,1
5000,3,0.1,2.0,2,0.6753511690743486,10.273263459798766,uniform,0,30,1.5,1.5,uniform,0.6092906359276913,2.646641246126783,3713,0.0008320287381063353,1
5000,3,0.1,2.0,2,0.6753511690743486,10.273263459798766,uniform,0,30,sqrt(log n),2.918423065872431,uniform,0.6092906359276913,2.646641246126783,3713,0.0008320287381063353,1
5000,3,0.1,2.0,2,0.6753511690743486,10.273263459798766,uniform,0,30,3.0,3.0,uniform,0.6092906359276913,2.646641246126783,3713,0.0008320287381063353,1
5000,3,0.1,2.0,2,0.6753511690743486,10.273263459798766,uniform,0,50,1.5,1.5,uniform,0.6345974032480561,3.7318045624502925,4028,0.0015316983062996297,1
5000,3,0.1,2.0,2,0.6753511690743486,10.273263459798766,uniform,0,50,sqrt(log n),2.918423065872431,uniform,0.6345974032480561,3.7318045624502925,4028,0.0015316983062996297,1
5000,3,0.1,2.0,2,0.6753511690743486,10.273263459798766,uniform,0,50,3.0,3.0,uniform,0.6345974032480561,3.7318045624502925,4028,0.0015316983062996297,1
5000,3,0.1,2.0,2,0.6753511690743486,10.273263459798766,uniform,0,100,1.5,1.5,uniform,0.6053472461156096,3.2789923531340692,3665,0.013004786976639633,1
5000,3,0.1,2.0,2,0.6753511690743486,10.273263459798766,uniform,0,100,sqrt(log n),2.918423065872431,uniform,0.6053472461156096,3.2789923531340692,3665,0.013004786976639633,1
5000,3,0.1,2.0,2,0.6753511690743486,10.273263459798766,uniform,0,100,3.0,3.0,uniform,0.6053472461156096,3.2789923531340692,3665,0.013004786976639633,1
5000,3,0.1,5.0,0,1.5642034237759075,7.461215325213151,uniform,0,10,1.5,1.5,uniform,0.4571613771482225,1.4614764797297357,2090,0.007945488067389646,1
5000,3,0.1,5.0,0,1.5642034237759075,7.461215325213151,uniform,0,10,sqrt(log n),2.918423065872431,uniform,0.4571613771482225,1.4614764797297357,2090,0.007945488067389646,1
5000,3,0.1,5.0,0,1.5642034237759075,7.461215325213151,uniform,0,10,3.0,3.0,uniform,0.4571613771482225,1.4614764797297357,2090,0.007945488067389646,1
5000,3,0.1,5.0,0,1.5642034237759075,7.461215325213151,uniform,0,30,1.5,1.5,uniform_exact,1.4767767941009275,6.142248468532328,5000,0.0,1
5000,3,0.1,5.0,0,1.5642034237759075,7.461215325213151,uniform,0,30,sqrt(log n),2.918423065872431,uniform_exact,1.4767767941009275,6.142248468532328,5000,0.0,1
5000,3,0.1,5.0,0,1.5642034237759075,7.461215325213151,uniform,0,30,3.0,3.0,uniform_exact,1.4767767941009275,6.142248468532328,5000,0.0,1
5000,3,0.1,5.0,0,1.5642034237759075,7.461215325213151,uniform,0,50,1.5,1.5,uniform_exact,1.4010702361023897,6.03515792737252,5000,0.0,1
5000,3,0.1,5.0,0,1.5642034237759075,7.461215325213151,uniform,0,50,sqrt(log n),2.918423065872431,uniform_exact,1.4010702361023897,6.03515792737252,5000,0.0,1
5000,3,0.1,5.0,0,1.5642034237759075,7.461215325213151,uniform,0,50,3.0,3.0,uniform_exact,1.4010702361023897,6.03515792737252,5000,0.0,1
5000,3,0.1,5.0,0,1.5642034237759075,7.461215325213151,uniform,0,100,1.5,1.5,is,1.6351414677447649,7.0765534827023835,3407,0.008545301104719865,0
5000,3,0.1,5.0,0,1.5642034237759075,7.461215325213151,uniform,0,100,sqrt(log n),2.918423065872431,uniform_exact,1.6351414677447649,7.0765534827023835,5000,0.0,1
5000,3,0.1,5.0,0,1.5642034237759075,7.461215325213151,uniform,0,100,3.0,3.0,uniform_exact,1.6351414677447649,7.0765534827023835,5000,0.0,1
5000,3,0.1,5.0,1,1.6069129255861263,7.627573339463385,uniform,0,10,1.5,1.5,uniform_exact,1.4899409879843026,3.8489953389296323,5000,0.0,1
5000,3,0.1,5.0,1,1.6069129255861263,7.627573339463385,uniform,0,10,sqrt(log n),2.918423065872431,uniform_exact,1.4899409879843026,3.8489953389296323,5000,0.0,1
5000,3,0.1,5.0,1,1.6069129255861263,7.627573339463385,uniform,0,10,3.0,3.0,uniform_exact,1.4899409879843026,3.8489953389296323,5000,0.0,1
5000,3,0.1,5.0,1,1.6069129255861263,7.627573339463385,uniform,0,30,1.5,1.5,is,1.8051932750336364,6.4567134739957845,3407,0.06128750921397432,0
5000,3,0.1,5.0,1,1.6069129255861263,7.627573339463385,uniform,0,30,sqrt(log n),2.918423065872431,uniform_exact,1.8051932750336364,6.4567134739957845,5000,0.0,1
5000,3,0.1,5.0,1,1.6069129255861263,7.627573339463385,uniform,0,30,3.0,3.0,uniform_exact,1.8051932750336364,6.4567134739957845,5000,0.0,1
5000,3,0.1,5.0,1,1.6069129255861263,7.627573339463385,uniform,0,50,1.5,1.5,uniform_exact,1.498898209887453,5.190189726554872,5000,0.0,1
5000,3,0.1,5.0,1,1.6069129255861263,7.627573339463385,uniform,0,50,sqrt(log n),2.918423065872431,uniform_exact,1.498898209887453,5.190189726554872,5000,0.0,1
5000,3,0.1,5.0,1,1.6069129255861263,7.627573339463385,uniform,0,50,3.0,3.0,uniform_exact,1.498898209887453,5.190189726554872,5000,0.0,1
5000,3,0.1,5.0,1,1.6069129255861263,7.627573339463385,uniform,0,100,1.5,1.5,is,1.6307199619041486,7.510238680371503,3407,0.004197596100290457,0
5000,3,0.1,5.0,1,1.6069129255861263,7.627573339463385,uniform,0,100,sqrt(log n),2.918423065872431,uniform_exact,1.6307199619041486,7.510238680371503,5000,0.0,1
5000,3,0.1,5.0,1,1.6069129255861263,7.627573339463385,uniform,0,100,3.0,3.0,uniform_exact,1.6307199619041486,7.510238680371503,5000,0.0,1
5000,3,0.1,5.0,2,1.5835535573326203,7.463665704236842,uniform,0,10,1.5,1.5,is,1.8384414816127308,6.206378163663323,3407,0.005706382802505294,0
5000,3,0.1,5.0,2,1.5835535573326203,7.463665704236842,uniform,0,10,sqrt(log n),2.918423065872431,uniform_exact,1.8384414816127308,6.206378163663323,5000,0.0,1
5000,3,0.1,5.0,2,1.5835535573326203,7.463665704236842,uniform,0,10,3.0,3.0,uniform_exact,1.8384414816127308,6.206378163663323,5000,0.0,1
5000,3,0.1,5.0,2,1.5835535573326203,7.463665704236842,uniform,0,30,1.5,1.5,is,1.5999766062154044,6.636282664566932,3407,0.03822273743405594,0
5000,3,0.1,5.0,2,1.5835535573326203,7.463665704236842,uniform,0,30,sqrt(log n),2.918423065872431,uniform_exact,1.5999766062154044,6.636282664566932,5000,0.0,1
5000,3,0.1,5.0,2,1.5835535573326203,7.463665704236842,uniform,0,30,3.0,3.0,uniform_exact,1.5999766062154044,6.636282664566932,5000,0.0,1
5000,3,0.1,5.0,2,1.5835535573326203,7.463665704236842,uniform,0,50,1.5,1.5,is,1.7170033702358434,6.1520249440035055,3407,0.010879086917093543,0
5000,3,0.1,5.0,2,1.5835535573326203,7.463665704236842,uniform,0,50,sqrt(log n),2.918423065872431,uniform_exact,1.7170033702358434,6.1520249440035055,5000,0.0,1
5000,3,0.1,5.0,2,1.5835535573326203,7.463665704236842,uniform,0,50,3.0,3.0,uniform_exact,1.7170033702358434,6.1520249440035055,5000,0.0,1
5000,3,0.1,5.0,2,1.5835535573326203,7.463665704236842,uniform,0,100,1.5,1.5,is,1.5016267389333817,5.724861605905709,3407,0.03976761456879161,0
5000,3,0.1,5.0,2,1.5835535573326203,7.463665704236842,uniform,0,100,sqrt(log n),2.918423065872431,uniform_exact,1.5016267389333817,5.724861605905709,5000,0.0,1
5000,3,0.1,5.0,2,1.5835535573326203,7.463665704236842,uniform,0,100,3.0,3.0,uniform_exact,1.5016267389333817,5.724861605905709,5000,0.0,1
5000,3,0.1,10.0,0,2.4387528204411435,9.085143647908605,is,0,10,1.5,1.5,uniform,0.49944237316965107,2.051894526946496,2495,0.04595556803759913,0
5000,3,0.1,10.0,0,2.4387528204411435,9.085143647908605,is,0,10,sqrt(log n),2.918423065872431,uniform,0.49944237316965107,2.051894526946496,2495,0.04595556803759913,0
5000,3,0.1,10.0,0,2.4387528204411435,9.085143647908605,is,0,10,3.0,3.0,uniform,0.49944237316965107,2.051894526946496,2495,0.04595556803759913,0
5000,3,0.1,10.0,0,2.4387528204411435,9.085143647908605,is,0,30,1.5,1.5,is,2.5359320426738905,8.942000740594178,3407,0.008239525551194778,1
5000,3,0.1,10.0,0,2.4387528204411435,9.085143647908605,is,0,30,sqrt(log n),2.918423065872431,uniform_exact,2.5359320426738905,8.942000740594178,5000,0.0,0
5000,3,0.1,10.0,0,2.4387528204411435,9.085143647908605,is,0,30,3.0,3.0,uniform_exact,2.5359320426738905,8.942000740594178,5000,0.0,0
5000,3,0.1,10.0,0,2.4387528204411435,9.085143647908605,is,0,50,1.5,1.5,is,3.1491529565707848,16.48727050706025,3407,0.004171678208156378,1
5000,3,0.1,10.0,0,2.4387528204411435,9.085143647908605,is,0,50,sqrt(log n),2.918423065872431,is,3.1491529565707848,16.48727050706025,3407,0.004171678208156378,1
5000,3,0.1,10.0,0,2.4387528204411435,9.085143647908605,is,0,50,3.0,3.0,is,3.1491529565707848,16.48727050706025,3407,0.004171678208156378,1
5000,3,0.1,10.0,0,2.4387528204411435,9.085143647908605,is,0,100,1.5,1.5,is,2.615802669117973,10.43420877524177,3407,0.017704771901513983,1
5000,3,0.1,10.0,0,2.4387528204411435,9.085143647908605,is,0,100,sqrt(log n),2.918423065872431,uniform_exact,2.615802669117973,10.43420877524177,5000,0.0,0
5000,3,0.1,10.0,0,2.4387528204411435,9.085143647908605,is,0,100,3.0,3.0,uniform_exact,2.615802669117973,10.43420877524177,5000,0.0,0
5000,3,0.1,10.0,1,2.44827057345472,9.074192457210252,is,1,10,1.5,1.5,is,2.488085585822098,8.075458547292012,3407,0.0014116147937210618,1
5000,3,0.1,10.0,1,2.44827057345472,9.074192457210252,is,1,10,sqrt(log n),2.918423065872431,uniform_exact,2.488085585822098,8.075458547292012,5000,0.0,0
5000,3,0.1,10.0,1,2.44827057345472,9.074192457210252,is,1,10,3.0,3.0,uniform_exact,2.488085585822098,8.075458547292012,5000,0.0,0
5000,3,0.1,10.0,1,2.44827057345472,9.074192457210252,is,1,30,1.5,1.5,is,2.2908028466214216,7.020935503710955,3407,0.010150208951263324,1
5000,3,0.1,10.0,1,2.44827057345472,9.074192457210252,is,1,30,sqrt(log n),2.918423065872431,uniform_exact,2.2908028466214216,7.020935503710955,5000,0.0,0
5000,3,0.1,10.0,1,2.44827057345472,9.074192457210252,is,1,30,3.0,3.0,uniform_exact,2.2908028466214216,7.020935503710955,5000,0.0,0
5000,3,0.1,10.0,1,2.44827057345472,9.074192457210252,is,1,50,1.5,1.5,is,2.675320656676271,10.229048660123427,3407,0.015173946620610617,1
5000,3,0.1,10.0,1,2.44827057345472,9.074192457210252,is,1,50,sqrt(log n),2.918423065872431,uniform_exact,2.675320656676271,10.229048660123427,5000,0.0,0
5000,3,0.1,10.0,1,2.44827057345472,9.074192457210252,is,1,50,3.0,3.0,uniform_exact,2.675320656676271,10.229048660123427,5000,0.0,0
5000,3,0.1,10.0,1,2.44827057345472,9.074192457210252,is,1,100,1.5,1.5,is,2.32882404212924,7.92052320293566,3407,0.00036495925969645833,1
5000,3,0.1,10.0,1,2.44827057345472,9.074192457210252,is,1,100,sqrt(log n),2.918423065872431,uniform_exact,2.32882404212924,7.92052320293566,5000,0.0,0
5000,3,0.1,10.0,1,2.44827057345472,9.074192457210252,is,1,100,3.0,3.0,uniform_exact,2.32882404212924,7.92052320293566,5000,0.0,0
5000,3,0.1,10.0,2,2.4335609917695766,9.037567396165114,is,0,10,1.5,1.5,is,1.9121966957680723,4.642473293764658,3407,0.0004842781615631104,1
5000,3,0.1,10.0,2,2.4335609917695766,9.037567396165114,is,0,10,sqrt(log n),2.918423065872431,uniform_exact,1.9121966957680723,4.642473293764658,5000,0.0,0
5000,3,0.1,10.0,2,2.4335609917695766,9.037567396165114,is,0,10,3.0,3.0,uniform_exact,1.9121966957680723,4.642473293764658,5000,0.0,0
5000,3,0.1,10.0,2,2.4335609917695766,9.037567396165114,is,0,30,1.5,1.5,is,2.6821971903138295,11.53623715390831,3407,0.011472422511529795,1
5000,3,0.1,10.0,2,2.4335609917695766,9.037567396165114,is,0,30,sqrt(log n),2.918423065872431,uniform_exact,2.6821971903138295,11.53623715390831,5000,0.0,0
5000,3,0.1,10.0,2,2.4335609917695766,9.037567396165114,is,0,30,3.0,3.0,uniform_exact,2.6821971903138295,11.53623715390831,5000,0.0,0
5000,3,0.1,10.0,2,2.4335609917695766,9.037567396165114,is,0,50,1.5,1.5,is,2.2088577107639273,7.202462755639102,3407,0.004053065286022292,1
5000,3,0.1,10.0,2,2.4335609917695766,9.037567396165114,is,0,50,sqrt(log n),2.918423065872431,uniform_exact,2.2088577107639273,7.202462755639102,5000,0.0,0
5000,3,0.1,10.0,2,2.4335609917695766,9.037567396165114,is,0,50,3.0,3.0,uniform_exact,2.2088577107639273,7.202462755639102,5000,0.0,0
5000,3,0.1,10.0,2,2.4335609917695766,9.037567396165114,is,0,100,1.5,1.5,is,2.292748043864918,7.412362527588811,3407,0.01692963305785173,1
5000,3,0.1,10.0,2,2.4335609917695766,9.037567396165114,is,0,100,sqrt(log n),2.918423065872431,uniform_exact,2.292748043864918,7.412362527588811,5000,0.0,0
5000,3,0.1,10.0,2,2.4335609917695766,9.037567396165114,is,0,100,3.0,3.0,uniform_exact,2.292748043864918,7.412362527588811,5000,0.0,0
5000,3,0.2,2.0,0,0.6519470284472162,8.754530513444111,uniform,0,10,1.5,1.5,uniform,0.6548598018501414,2.679854558679141,4289,0.006599312835065995,1
5000,3,0.2,2.0,0,0.6519470284472162,8.754530513444111,uniform,0,10,sqrt(log n),2.918423065872431,uniform,0.6548598018501414,2.679854558679141,4289,0.006599312835065995,1
5000,3,0.2,2.0,0,0.6519470284472162,8.754530513444111,uniform,0,10,3.0,3.0,uniform,0.6548598018501414,2.679854558679141,4289,0.006599312835065995,1
5000,3,0.2,2.0,0,0.6519470284472162,8.754530513444111,uniform,0,30,1.5,1.5,uniform_exact,1.1306656819906447,6.628838307955037,5000,0.0,1
5000,3,0.2,2.0,0,0.6519470284472162,8.754530513444111,uniform,0,30,sqrt(log n),2.918423065872431,uniform_exact,1.1306656819906447,6.628838307955037,5000,0.0,1
5000,3,0.2,2.0,0,0.6519470284472162,8.754530513444111,uniform,0,30,3.0,3.0,uniform_exact,1.1306656819906447,6.628838307955037,5000,0.0,1
5000,3,0.2,2.0,0,0.6519470284472162,8.754530513444111,uniform,0,50,1.5,1.5,uniform,0.49952236606751754,2.777858489385643,2496,0.00516668035350283,1
5000,3,0.2,2.0,0,0.6519470284472162,8.754530513444111,uniform,0,50,sqrt(log n),2.918423065872431,uniform,0.49952236606751754,2.777858489385643,2496,0.00516668035350283,1
5000,3,0.2,2.0,0,0.6519470284472162,8.754530513444111,uniform,0,50,3.0,3.0,uniform,0.49952236606751754,2.777858489385643,2496,0.00516668035350283,1
5000,3,0.2,2.0,0,0.6519470284472162,8.754530513444111,uniform,0,100,1.5,1.5,uniform,0.6006172482421328,3.597920972116379,3608,0.0057165723771796205,1
5000,3,0.2,2.0,0,0.6519470284472162,8.754530513444111,uniform,0,100,sqrt(log n),2.918423065872431,uniform,0.6006172482421328,3.597920972116379,3608,0.0057165723771796205,1
5000,3,0.2,2.0,0,0.6519470284472162,8.754530513444111,uniform,0,100,3.0,3.0,uniform,0.6006172482421328,3.597920972116379,3608,0.0057165723771796205,1
5000,3,0.2,2.0,1,0.6299048125270215,10.880578863376364,uniform,0,10,1.5,1.5,uniform,0.3419022044479183,1.4396613379911865,1169,0.03021094686251999,1
5000,3,0.2,2.0,1,0.6299048125270215,10.880578863376364,uniform,0,10,sqrt(log n),2.918423065872431,uniform,0.3419022044479183,1.4396613379911865,1169,0.03021094686251999,1
5000,3,0.2,2.0,1,0.6299048125270215,10.880578863376364,uniform,0,10,3.0,3.0,uniform,0.3419022044479183,1.4396613379911865,1169,0.03021094686251999,1
5000,3,0.2,2.0,1,0.6299048125270215,10.880578863376364,uniform,0,30,1.5,1.5,uniform,0.5678523995962291,2.834011362036608,3225,0.0054298263184619855,1
5000,3,0.2,2.0,1,0.6299048125270215,10.880578863376364,uniform,0,30,sqrt(log n),2.918423065872431,uniform,0.5678523995962291,2.834011362036608,3225,0.0054298263184619855,1
5000,3,0.2,2.0,1,0.6299048125270215,10.880578863376364,uniform,0,30,3.0,3.0,uniform,0.5678523995962291,2.834011362036608,3225,0.0054298263184619855,1
5000,3,0.2,2.0,1,0.6299048125270215,10.880578863376364,uniform,0,50,1.5,1.5,uniform,0.48273116798013677,2.639535017351102,2331,0.006768408471611382,1
5000,3,0.2,2.0,1,0.6299048125270215,10.880578863376364,uniform,0,50,sqrt(log n),2.918423065872431,uniform,0.48273116798013677,2.639535017351102,2331,0.006768408471611382,1
5000,3,0.2,2.0,1,0.6299048125270215,10.880578863376364,uniform,0,50,3.0,3.0,uniform,0.48273116798013677,2.639535017351102,2331,0.006768408471611382,1
5000,3,0.2,2.0,1,0.6299048125270215,10.880578863376364,uniform,0,100,1.5,1.5,uniform,0.6010383891827549,4.205336044655821,3613,0.006193081901699288,1
5000,3,0.2,2.0,1,0.6299048125270215,10.880578863376364,uniform,0,100,sqrt(log n),2.918423065872431,uniform,0.6010383891827549,4.205336044655821,3613,0.006193081901699288,1
5000,3,0.2,2.0,1,0.6299048125270215,10.880578863376364,uniform,0,100,3.0,3.0,uniform,0.6010383891827549,4.205336044655821,3613,0.006193081901699288,1
5000,3,0.2,2.0,2,0.6870579308218044,13.544762416249597,uniform,0,10,1.5,1.5,uniform,0.374508607768322,1.4777446952614923,1403,0.0005783029845481775,1
5000,3,0.2,2.0,2,0.6870579308218044,13.544762416249597,uniform,0,10,sqrt(log n),2.918423065872431,uniform,0.374508607768322,1.4777446952614923,1403,0.0005783029845481775,1
5000,3,0.2,2.0,2,0.6870579308218044,13.544762416249597,uniform,0,10,3.0,3.0,uniform,0.374508607768322,1.4777446952614923,1403,0.0005783029845481775,1
5000,3,0.2,2.0,2,0.6870579308218044,13.544762416249597,uniform,0,30,1.5,1.5,uniform,0.539359168140106,2.328230155994072,2910,0.001102100400392576,1
5000,3,0.2,2.0,2,0.6870579308218044,13.544762416249597,uniform,0,30,sqrt(log n),2.918423065872431,uniform,0.539359168140106,2.328230155994072,2910,0.001102100400392576,1
5000,3,0.2,2.0,2,0.6870579308218044,13.544762416249597,uniform,0,30,3.0,3.0,uniform,0.539359168140106,2.328230155994072,2910,0.001102100400392576,1
5000,3,0.2,2.0,2,0.6870579308218044,13.544762416249597,uniform,0,50,1.5,1.5,uniform,0.6021307307407835,3.264858328025515,3626,0.006088296467730843,1
5000,3,0.2,2.0,2,0.6870579308218044,13.544762416249597,uniform,0,50,sqrt(log n),2.918423065872431,uniform,0.6021307307407835,3.264858328025515,3626,0.006088296467730843,1
5000,3,0.2,2.0,2,0.6870579308218044,13.544762416249597,uniform,0,50,3.0,3.0,uniform,0.6021307307407835,3.264858328025515,3626,0.006088296467730843,1
5000,3,0.2,2.0,2,0.6870579308218044,13.544762416249597,uniform,0,100,1.5,1.5,uniform_exact,0.7363757622149211,5.558411617667805,5000,0.0,1
5000,3,0.2,2.0,2,0.6870579308218044,13.544762416249597,uniform,0,100,sqrt(log n),2.918423065872431,uniform_exact,0.7363757622149211,5.558411617667805,5000,0.0,1
5000,3,0.2,2.0,2,0.6870579308218044,13.544762416249597,uniform,0,100,3.0,3.0,uniform_exact,0.7363757622149211,5.558411617667805,5000,0.0,1
5000,3,0.2,5.0,0,1.3838458656873216,5.062593836717688,uniform,0,10,1.5,1.5,uniform_exact,1.2371086670838558,2.934773262906858,5000,0.0,1
5000,3,0.2,5.0,0,1.3838458656873216,5.062593836717688,uniform,0,10,sqrt(log n),2.918423065872431,uniform_exact,1.2371086670838558,2.934773262906858,5000,0.0,1
5000,3,0.2,5.0,0,1.3838458656873216,5.062593836717688,uniform,0,10,3.0,3.0,uniform_exact,1.2371086670838558,2.934773262906858,5000,0.0,1
5000,3,0.2,5.0,0,1.3838458656873216,5.062593836717688,uniform,0,30,1.5,1.5,uniform_exact,1.260090421204867,3.5546038011613996,5000,0.0,1
5000,3,0.2,5.0,0,1.3838458656873216,5.062593836717688,uniform,0,30,sqrt(log n),2.918423065872431,uniform_exact,1.260090421204867,3.5546038011613996,5000,0.0,1
5000,3,0.2,5.0,0,1.3838458656873216,5.062593836717688,uniform,0,30,3.0,3.0,uniform_exact,1.260090421204867,3.5546038011613996,5000,0.0,1
5000,3,0.2,5.0,0,1.3838458656873216,5.062593836717688,uniform,0,50,1.5,1.5,uniform_exact,1.3020493953207746,3.8643275410403386,5000,0.0,1
5000,3,0.2,5.0,0,1.3838458656873216,5.062593836717688,uniform,0,50,sqrt(log n),2.918423065872431,uniform_exact,1.3020493953207746,3.8643275410403386,5000,0.0,1
5000,3,0.2,5.0,0,1.3838458656873216,5.062593836717688,uniform,0,50,3.0,3.0,uniform_exact,1.3020493953207746,3.8643275410403386,5000,0.0,1
5000,3,0.2,5.0,0,1.3838458656873216,5.062593836717688,uniform,0,100,1.5,1.5,uniform_exact,1.363121669061404,4.217409760412551,5000,0.0,1
5000,3,0.2,5.0,0,1.3838458656873216,5.062593836717688,uniform,0,100,sqrt(log n),2.918423065872431,uniform_exact,1.363121669061404,4.217409760412551,5000,0.0,1
5000,3,0.2,5.0,0,1.3838458656873216,5.062593836717688,uniform,0,100,3.0,3.0,uniform_exact,1.363121669061404,4.217409760412551,5000,0.0,1
5000,3,0.2,5.0,1,1.398083832516939,5.098880683600188,uniform,0,10,1.5,1.5,is,1.6279185335818682,4.369812949332661,3407,0.010993647278296872,0
5000,3,0.2,5.0,1,1.398083832516939,5.098880683600188,uniform,0,10,sqrt(log n),2.918423065872431,uniform_exact,1.6279185335818682,4.369812949332661,5000,0.0,1
5000,3,0.2,5.0,1,1.398083832516939,5.098880683600188,uniform,0,10,3.0,3.0,uniform_exact,1.6279185335818682,4.369812949332661,5000,0.0,1
5000,3,0.2,5.0,1,1.398083832516939,5.098880683600188,uniform,0,30,1.5,1.5,is,1.53209299939755,5.054486514522582,3407,0.007931643865425978,0
5000,3,0.2,5.0,1,1.398083832516939,5.098880683600188,uniform,0,30,sqrt(log n),2.918423065872431,uniform_exact,1.53209299939755,5.054486514522582,5000,0.0,1
5000,3,0.2,5.0,1,1.398083832516939,5.098880683600188,uniform,0,30,3.0,3.0,uniform_exact,1.53209299939755,5.054486514522582,5000,0.0,1
5000,3,0.2,5.0,1,1.398083832516939,5.098880683600188,uniform,0,50,1.5,1.5,uniform_exact,1.4086708588475398,4.201192843840946,5000,0.0,1
5000,3,0.2,5.0,1,1.398083832516939,5.098880683600188,uniform,0,50,sqrt(log n),2.918423065872431,uniform_exact,1.4086708588475398,4.201192843840946,5000,0.0,1
5000,3,0.2,5.0,1,1.398083832516939,5.098880683600188,uniform,0,50,3.0,3.0,uniform_exact,1.4086708588475398,4.201192843840946,5000,0.0,1
5000,3,0.2,5.0,1,1.398083832516939,5.098880683600188,uniform,0,100,1.5,1.5,uniform_exact,1.440751625781102,4.844435224739826,5000,0.0,1
5000,3,0.2,5.0,1,1.398083832516939,5.098880683600188,uniform,0,100,sqrt(log n),2.918423065872431,uniform_exact,1.440751625781102,4.844435224739826,5000,0.0,1
5000,3,0.2,5.0,1,1.398083832516939,5.098880683600188,uniform,0,100,3.0,3.0,uniform_exact,1.440751625781102,4.844435224739826,5000,0.0,1
5000,3,0.2,5.0,2,1.3909424378180453,5.143704401559593,uniform,0,10,1.5,1.5,uniform_exact,1.1757003001893354,3.2300234849748324,5000,0.0,1
5000,3,0.2,5.0,2,1.3909424378180453,5.143704401559593,uniform,0,10,sqrt(log n),2.918423065872431,uniform_exact,1.1757003001893354,3.2300234849748324,5000,0.0,1
5000,3,0.2,5.0,2,1.3909424378180453,5.143704401559593,uniform,0,10,3.0,3.0,uniform_exact,1.1757003001893354,3.2300234849748324,5000,0.0,1
5000,3,0.2,5.0,2,1.3909424378180453,5.143704401559593,uniform,0,30,1.5,1.5,uniform_exact,1.0992182228597938,3.1109679344269416,5000,0.0,1
5000,3,0.2,5.0,2,1.3909424378180453,5.143704401559593,uniform,0,30,sqrt(log n),2.918423065872431,uniform_exact,1.0992182228597938,3.1109679344269416,5000,0.0,1
5000,3,0.2,5.0,2,1.3909424378180453,5.143704401559593,uniform,0,30,3.0,3.0,uniform_exact,1.0992182228597938,3.1109679344269416,5000,0.0,1
5000,3,0.2,5.0,2,1.3909424378180453,5.143704401559593,uniform,0,50,1.5,1.5,is,1.599135250744805,6.338917959997923,3407,0.009676538123052811,0
5000,3,0.2,5.0,2,1.3909424378180453,5.143704401559593,uniform,0,50,sqrt(log n),2.918423065872431,uniform_exact,1.599135250744805,6.338917959997923,5000,0.0,1
5000,3,0.2,5.0,2,1.3909424378180453,5.143704401559593,uniform,0,50,3.0,3.0,uniform_exact,1.599135250744805,6.338917959997923,5000,0.0,1
5000,3,0.2,5.0,2,1.3909424378180453,5.143704401559593,uniform,0,100,1.5,1.5,uniform_exact,1.3907064740426531,4.580052347134643,5000,0.0,1
5000,3,0.2,5.0,2,1.3909424378180453,5.143704401559593,uniform,0,100,sqrt(log n),2.918423065872431,uniform_exact,1.3907064740426531,4.580052347134643,5000,0.0,1
5000,3,0.2,5.0,2,1.3909424378180453,5.143704401559593,uniform,0,100,3.0,3.0,uniform_exact,1.3907064740426531,4.580052347134643,5000,0.0,1
5000,3,0.2,10.0,0,1.7911999033758386,5.04722867967325,is,0,10,1.5,1.5,is,1.9469479848790496,4.751257849257786,3407,0.01348385027409967,1
5000,3,0.2,10.0,0,1.7911999033758386,5.04722867967325,is,0,10,sqrt(log n),2.918423065872431,uniform_exact,1.9469479848790496,4.751257849257786,5000,0.0,0
5000,3,0.2,10.0,0,1.7911999033758386,5.04722867967325,is,0,10,3.0,3.0,uniform_exact,1.9469479848790496,4.751257849257786,5000,0.0,0
5000,3,0.2,10.0,0,1.7911999033758386,5.04722867967325,is,0,30,1.5,1.5,is,1.8168340385203057,4.686891354596953,3407,0.015010839946952546,1
5000,3,0.2,10.0,0,1.7911999033758386,5.04722867967325,is,0,30,sqrt(log n),2.918423065872431,uniform_exact,1.8168340385203057,4.686891354596953,5000,0.0,0
5000,3,0.2,10.0,0,1.7911999033758386,5.04722867967325,is,0,30,3.0,3.0,uniform_exact,1.8168340385203057,4.686891354596953,5000,0.0,0
5000,3,0.2,10.0,0,1.7911999033758386,5.04722867967325,is,0,50,1.5,1.5,uniform_exact,1.4840036275652255,3.6398307059374138,5000,0.0,0
5000,3,0.2,10.0,0,1.7911999033758386,5.04722867967325,is,0,50,sqrt(log n),2.918423065872431,uniform_exact,1.4840036275652255,3.6398307059374138,5000,0.0,0
5000,3,0.2,10.0,0,1.7911999033758386,5.04722867967325,is,0,50,3.0,3.0,uniform_exact,1.4840036275652255,3.6398307059374138,5000,0.0,0
5000,3,0.2,10.0,0,1.7911999033758386,5.04722867967325,is,0,100,1.5,1.5,is,1.9488834957710084,5.63120454556234,3407,0.003257196793651588,1
5000,3,0.2,10.0,0,1.7911999033758386,5.04722867967325,is,0,100,sqrt(log n),2.918423065872431,uniform_exact,1.9488834957710084,5.63120454556234,5000,0.0,0
5000,3,0.2,10.0,0,1.7911999033758386,5.04722867967325,is,0,100,3.0,3.0,uniform_exact,1.9488834957710084,5.63120454556234,5000,0.0,0
5000,3,0.2,10.0,1,1.7925498435757545,5.031734118828527,is,0,10,1.5,1.5,uniform,0.6655845290639488,2.2998734981621216,4431,0.008112965752533391,0
5000,3,0.2,10.0,1,1.7925498435757545,5.031734118828527,is,0,10,sqrt(log n),2.918423065872431,uniform,0.6655845290639488,2.2998734981621216,4431,0.008112965752533391,0
5000,3,0.2,10.0,1,1.7925498435757545,5.031734118828527,is,0,10,3.0,3.0,uniform,0.6655845290639488,2.2998734981621216,4431,0.008112965752533391,0
5000,3,0.2,10.0,1,1.7925498435757545,5.031734118828527,is,0,30,1.5,1.5,is,2.4656663213074874,8.62213951549536,3407,0.0073624079457893215,1
5000,3,0.2,10.0,1,1.7925498435757545,5.031734118828527,is,0,30,sqrt(log n),2.918423065872431,uniform_exact,2.4656663213074874,8.62213951549536,5000,0.0,0
5000,3,0.2,10.0,1,1.7925498435757545,5.031734118828527,is,0,30,3.0,3.0,uniform_exact,2.4656663213074874,8.62213951549536,5000,0.0,0
5000,3,0.2,10.0,1,1.7925498435757545,5.031734118828527,is,0,50,1.5,1.5,uniform_exact,1.4915788152534322,3.5704276955533065,5000,0.0,0
5000,3,0.2,10.0,1,1.7925498435757545,5.031734118828527,is,0,50,sqrt(log n),2.918423065872431,uniform_exact,1.4915788152534322,3.5704276955533065,5000,0.0,0
5000,3,0.2,10.0,1,1.7925498435757545,5.031734118828527,is,0,50,3.0,3.0,uniform_exact,1.4915788152534322,3.5704276955533065,5000,0.0,0
5000,3,0.2,10.0,1,1.7925498435757545,5.031734118828527,is,0,100,1.5,1.5,is,1.7015114188276452,4.562627637982907,3407,0.005323137307085934,1
5000,3,0.2,10.0,1,1.7925498435757545,5.031734118828527,is,0,100,sqrt(log n),2.918423065872431,uniform_exact,1.7015114188276452,4.562627637982907,5000,0.0,0
5000,3,0.2,10.0,1,1.7925498435757545,5.031734118828527,is,0,100,3.0,3.0,uniform_exact,1.7015114188276452,4.562627637982907,5000,0.0,0
5000,3,0.2,10.0,2,1.799646793110485,5.033057676968276,is,0,10,1.5,1.5,uniform_exact,1.4568415732432074,3.1829573160610543,5000,0.0,0
5000,3,0.2,10.0,2,1.799646793110485,5.033057676968276,is,0,10,sqrt(log n),2.918423065872431,uniform_exact,1.4568415732432074,3.1829573160610543,5000,0.0,0
5000,3,0.2,10.0,2,1.799646793110485,5.033057676968276,is,0,10,3.0,3.0,uniform_exact,1.4568415732432074,3.1829573160610543,5000,0.0,0
5000,3,0.2,10.0,2,1.799646793110485,5.033057676968276,is,0,30,1.5,1.5,is,1.6595816293117276,4.138916431626949,3407,0.0032613166600450427,1
5000,3,0.2,10.0,2,1.799646793110485,5.033057676968276,is,0,30,sqrt(log n),2.918423065872431,uniform_exact,1.6595816293117276,4.138916431626949,5000,0.0,0
5000,3,0.2,10.0,2,1.799646793110485,5.033057676968276,is,0,30,3.0,3.0,uniform_exact,1.6595816293117276,4.138916431626949,5000,0.0,0
5000,3,0.2,10.0,2,1.799646793110485,5.033057676968276,is,0,50,1.5,1.5,is,2.179647013196248,6.668247195549421,3407,0.006288543249531831,1
5000,3,0.2,10.0,2,1.799646793110485,5.033057676968276,is,0,50,sqrt(log n),2.918423065872431,uniform_exact,2.179647013196248,6.668247195549421,5000,0.0,0
5000,3,0.2,10.0,2,1.799646793110485,5.033057676968276,is,0,50,3.0,3.0,uniform_exact,2.179647013196248,6.668247195549421,5000,0.0,0
5000,3,0.2,10.0,2,1.799646793110485,5.033057676968276,is,0,100,1.5,1.5,is,1.9353504824818226,5.525761231276515,3407,0.01357979707217011,1
5000,3,0.2,10.0,2,1.799646793110485,5.033057676968276,is,0,100,sqrt(log n),2.918423065872431,uniform_exact,1.9353504824818226,5.525761231276515,5000,0.0,0
5000,3,0.2,10.0,2,1.799646793110485,5.033057676968276,is,0,100,3.0,3.0,uniform_exact,1.9353504824818226,5.525761231276515,5000,0.0,0
