n,true_cv,true_M,M_hat,tau,tau_name,s,branch_taken,oracle_decision,rel_error,in_borderline
1000,0.617599978331471,6.544485015745742,2.0123244171777577,1.5,1.5,10,uniform_exact,uniform,0.0,0
1000,0.617599978331471,6.544485015745742,2.0123244171777577,2.628260884878466,sqrt(log n),10,uniform_exact,uniform,0.0,0
1000,0.617599978331471,6.544485015745742,2.0123244171777577,3.0,3.0,10,uniform_exact,uniform,0.0,0
1000,0.617599978331471,6.544485015745742,3.2690887067792924,1.5,1.5,30,uniform_exact,uniform,0.0,0
1000,0.617599978331471,6.544485015745742,3.2690887067792924,2.628260884878466,sqrt(log n),30,uniform_exact,uniform,0.0,0
1000,0.617599978331471,6.544485015745742,3.2690887067792924,3.0,3.0,30,uniform_exact,uniform,0.0,0
1000,0.617599978331471,6.544485015745742,2.5907157283051494,1.5,1.5,50,uniform_exact,uniform,0.0,0
1000,0.617599978331471,6.544485015745742,2.5907157283051494,2.628260884878466,sqrt(log n),50,uniform_exact,uniform,0.0,0
1000,0.617599978331471,6.544485015745742,2.5907157283051494,3.0,3.0,50,uniform_exact,uniform,0.0,0
1000,0.617599978331471,6.544485015745742,3.292768957065315,1.5,1.5,100,uniform_exact,uniform,0.0,0
1000,0.617599978331471,6.544485015745742,3.292768957065315,2.628260884878466,sqrt(log n),100,uniform_exact,uniform,0.0,0
1000,0.617599978331471,6.544485015745742,3.292768957065315,3.0,3.0,100,uniform_exact,uniform,0.0,0
1000,0.7016203194983847,6.4257658382788225,1.8130291190600347,1.5,1.5,10,uniform_exact,uniform,0.0,0
1000,0.7016203194983847,6.4257658382788225,1.8130291190600347,2.628260884878466,sqrt(log n),10,uniform_exact,uniform,0.0,0
1000,0.7016203194983847,6.4257658382788225,1.8130291190600347,3.0,3.0,10,uniform_exact,uniform,0.0,0
1000,0.7016203194983847,6.4257658382788225,3.865161978575813,1.5,1.5,30,uniform_exact,uniform,0.0,0
1000,0.7016203194983847,6.4257658382788225,3.865161978575813,2.628260884878466,sqrt(log n),30,uniform_exact,uniform,0.0,0
1000,0.7016203194983847,6.4257658382788225,3.865161978575813,3.0,3.0,30,uniform_exact,uniform,0.0,0
1000,0.7016203194983847,6.4257658382788225,3.622119403834327,1.5,1.5,50,uniform_exact,uniform,0.0,0
1000,0.7016203194983847,6.4257658382788225,3.622119403834327,2.628260884878466,sqrt(log n),50,uniform_exact,uniform,0.0,0
1000,0.7016203194983847,6.4257658382788225,3.622119403834327,3.0,3.0,50,uniform_exact,uniform,0.0,0
1000,0.7016203194983847,6.4257658382788225,3.2843787213256572,1.5,1.5,100,uniform_exact,uniform,0.0,0
1000,0.7016203194983847,6.4257658382788225,3.2843787213256572,2.628260884878466,sqrt(log n),100,uniform_exact,uniform,0.0,0
1000,0.7016203194983847,6.4257658382788225,3.2843787213256572,3.0,3.0,100,uniform_exact,uniform,0.0,0
1000,0.633503586176026,5.578210996800821,1.8977848635947492,1.5,1.5,10,uniform_exact,uniform,0.0,0
1000,0.633503586176026,5.578210996800821,1.8977848635947492,2.628260884878466,sqrt(log n),10,uniform_exact,uniform,0.0,0
1000,0.633503586176026,5.578210996800821,1.8977848635947492,3.0,3.0,10,uniform_exact,uniform,0.0,0
1000,0.633503586176026,5.578210996800821,2.632078717272906,1.5,1.5,30,uniform_exact,uniform,0.0,0
1000,0.633503586176026,5.578210996800821,2.632078717272906,2.628260884878466,sqrt(log n),30,uniform_exact,uniform,0.0,0
1000,0.633503586176026,5.578210996800821,2.632078717272906,3.0,3.0,30,uniform_exact,uniform,0.0,0
1000,0.633503586176026,5.578210996800821,2.7761108587446937,1.5,1.5,50,uniform_exact,uniform,0.0,0
1000,0.633503586176026,5.578210996800821,2.7761108587446937,2.628260884878466,sqrt(log n),50,uniform_exact,uniform,0.0,0
1000,0.633503586176026,5.578210996800821,2.7761108587446937,3.0,3.0,50,uniform_exact,uniform,0.0,0
1000,0.633503586176026,5.578210996800821,2.908737888262764,1.5,1.5,100,uniform_exact,uniform,0.0,0
1000,0.633503586176026,5.578210996800821,2.908737888262764,2.628260884878466,sqrt(log n),100,uniform_exact,uniform,0.0,0
1000,0.633503586176026,5.578210996800821,2.908737888262764,3.0,3.0,100,uniform_exact,uniform,0.0,0
1000,0.6607087487078306,6.077985671873188,1.5811567541016927,1.5,1.5,10,uniform_exact,uniform,0.0,0
1000,0.6607087487078306,6.077985671873188,1.5811567541016927,2.628260884878466,sqrt(log n),10,uniform_exact,uniform,0.0,0
1000,0.6607087487078306,6.077985671873188,1.5811567541016927,3.0,3.0,10,uniform_exact,uniform,0.0,0
1000,0.6607087487078306,6.077985671873188,2.798195485041038,1.5,1.5,30,uniform_exact,uniform,0.0,0
1000,0.6607087487078306,6.077985671873188,2.798195485041038,2.628260884878466,sqrt(log n),30,uniform_exact,uniform,0.0,0
1000,0.6607087487078306,6.077985671873188,2.798195485041038,3.0,3.0,30,uniform_exact,uniform,0.0,0
1000,0.6607087487078306,6.077985671873188,3.7790097690437294,1.5,1.5,50,uniform_exact,uniform,0.0,0
1000,0.6607087487078306,6.077985671873188,3.7790097690437294,2.628260884878466,sqrt(log n),50,uniform_exact,uniform,0.0,0
1000,0.6607087487078306,6.077985671873188,3.7790097690437294,3.0,3.0,50,uniform_exact,uniform,0.0,0
1000,0.6607087487078306,6.077985671873188,2.626778456331656,1.5,1.5,100,uniform_exact,uniform,0.0,0
1000,0.6607087487078306,6.077985671873188,2.626778456331656,2.628260884878466,sqrt(log n),100,uniform_exact,uniform,0.0,0
1000,0.6607087487078306,6.077985671873188,2.626778456331656,3.0,3.0,100,uniform_exact,uniform,0.0,0
1000,0.6504739835154975,5.5695015501111715,2.7762449781991627,1.5,1.5,10,uniform_exact,uniform,0.0,0
1000,0.6504739835154975,5.5695015501111715,2.7762449781991627,2.628260884878466,sqrt(log n),10,uniform_exact,uniform,0.0,0
1000,0.6504739835154975,5.5695015501111715,2.7762449781991627,3.0,3.0,10,uniform_exact,uniform,0.0,0
1000,0.6504739835154975,5.5695015501111715,3.3831568395707836,1.5,1.5,30,uniform_exact,uniform,0.0,0
1000,0.6504739835154975,5.5695015501111715,3.3831568395707836,2.628260884878466,sqrt(log n),30,uniform_exact,uniform,0.0,0
1000,0.6504739835154975,5.5695015501111715,3.3831568395707836,3.0,3.0,30,uniform_exact,uniform,0.0,0
1000,0.6504739835154975,5.5695015501111715,2.383774647052662,1.5,1.5,50,uniform_exact,uniform,0.0,0
1000,0.6504739835154975,5.5695015501111715,2.383774647052662,2.628260884878466,sqrt(log n),50,uniform_exact,uniform,0.0,0
1000,0.6504739835154975,5.5695015501111715,2.383774647052662,3.0,3.0,50,uniform_exact,uniform,0.0,0
1000,0.6504739835154975,5.5695015501111715,3.8983465463591114,1.5,1.5,100,uniform_exact,uniform,0.0,0
1000,0.6504739835154975,5.5695015501111715,3.8983465463591114,2.628260884878466,sqrt(log n),100,uniform_exact,uniform,0.0,0
1000,0.6504739835154975,5.5695015501111715,3.8983465463591114,3.0,3.0,100,uniform_exact,uniform,0.0,0
1000,0.6694892343956219,5.3838442549691585,1.549191410461173,1.5,1.5,10,uniform,uniform,0.022132648228181173,0
1000,0.6694892343956219,5.3838442549691585,1.549191410461173,2.628260884878466,sqrt(log n),10,uniform,uniform,0.022132648228181173,0
1000,0.6694892343956219,5.3838442549691585,1.549191410461173,3.0,3.0,10,uniform,uniform,0.022132648228181173,0
1000,0.6694892343956219,5.3838442549691585,2.3362140538542935,1.5,1.5,30,uniform_exact,uniform,0.0,0
1000,0.6694892343956219,5.3838442549691585,2.3362140538542935,2.628260884878466,sqrt(log n),30,uniform_exact,uniform,0.0,0
1000,0.6694892343956219,5.3838442549691585,2.3362140538542935,3.0,3.0,30,uniform_exact,uniform,0.0,0
1000,0.6694892343956219,5.3838442549691585,3.944076675955113,1.5,1.5,50,uniform_exact,uniform,0.0,0
1000,0.6694892343956219,5.3838442549691585,3.944076675955113,2.628260884878466,sqrt(log n),50,uniform_exact,uniform,0.0,0
1000,0.6694892343956219,5.3838442549691585,3.944076675955113,3.0,3.0,50,uniform_exact,uniform,0.0,0
1000,0.6694892343956219,5.3838442549691585,3.450705641114502,1.5,1.5,100,uniform_exact,uniform,0.0,0
1000,0.6694892343956219,5.3838442549691585,3.450705641114502,2.628260884878466,sqrt(log n),100,uniform_exact,uniform,0.0,0
1000,0.6694892343956219,5.3838442549691585,3.450705641114502,3.0,3.0,100,uniform_exact,uniform,0.0,0
1000,0.6398166324088268,6.140337691272391,1.9216196803304446,1.5,1.5,10,uniform_exact,uniform,0.0,0
1000,0.6398166324088268,6.140337691272391,1.9216196803304446,2.628260884878466,sqrt(log n),10,uniform_exact,uniform,0.0,0
1000,0.6398166324088268,6.140337691272391,1.9216196803304446,3.0,3.0,10,uniform_exact,uniform,0.0,0
1000,0.6398166324088268,6.140337691272391,2.702715952090149,1.5,1.5,30,uniform_exact,uniform,0.0,0
1000,0.6398166324088268,6.140337691272391,2.702715952090149,2.628260884878466,sqrt(log n),30,uniform_exact,uniform,0.0,0
1000,0.6398166324088268,6.140337691272391,2.702715952090149,3.0,3.0,30,uniform_exact,uniform,0.0,0
1000,0.6398166324088268,6.140337691272391,2.939420782445579,1.5,1.5,50,uniform_exact,uniform,0.0,0
1000,0.6398166324088268,6.140337691272391,2.939420782445579,2.628260884878466,sqrt(log n),50,uniform_exact,uniform,0.0,0
1000,0.6398166324088268,6.140337691272391,2.939420782445579,3.0,3.0,50,uniform_exact,uniform,0.0,0
1000,0.6398166324088268,6.140337691272391,2.4555049008147134,1.5,1.5,100,uniform_exact,uniform,0.0,0
1000,0.6398166324088268,6.140337691272391,2.4555049008147134,2.628260884878466,sqrt(log n),100,uniform_exact,uniform,0.0,0
1000,0.6398166324088268,6.140337691272391,2.4555049008147134,3.0,3.0,100,uniform_exact,uniform,0.0,0
1000,0.6645481406412764,5.726033896808133,2.661957925759733,1.5,1.5,10,uniform_exact,uniform,0.0,0
1000,0.6645481406412764,5.726033896808133,2.661957925759733,2.628260884878466,sqrt(log n),10,uniform_exact,uniform,0.0,0
1000,0.6645481406412764,5.726033896808133,2.661957925759733,3.0,3.0,10,uniform_exact,uniform,0.0,0
1000,0.6645481406412764,5.726033896808133,3.1341938178876037,1.5,1.5,30,uniform_exact,uniform,0.0,0
1000,0.6645481406412764,5.726033896808133,3.1341938178876037,2.628260884878466,sqrt(log n),30,uniform_exact,uniform,0.0,0
1000,0.6645481406412764,5.726033896808133,3.1341938178876037,3.0,3.0,30,uniform_exact,uniform,0.0,0
1000,0.6645481406412764,5.726033896808133,3.521526837047117,1.5,1.5,50,uniform_exact,uniform,0.0,0
1000,0.6645481406412764,5.726033896808133,3.521526837047117,2.628260884878466,sqrt(log n),50,uniform_exact,uniform,0.0,0
1000,0.6645481406412764,5.726033896808133,3.521526837047117,3.0,3.0,50,uniform_exact,uniform,0.0,0
1000,0.6645481406412764,5.726033896808133,4.0347647015111905,1.5,1.5,100,uniform_exact,uniform,0.0,0
1000,0.6645481406412764,5.726033896808133,4.0347647015111905,2.628260884878466,sqrt(log n),100,uniform_exact,uniform,0.0,0
1000,0.6645481406412764,5.726033896808133,4.0347647015111905,3.0,3.0,100,uniform_exact,uniform,0.0,0
1000,0.6625855174916219,6.889022080403152,1.6850280304141945,1.5,1.5,10,uniform_exact,uniform,0.0,0
1000,0.6625855174916219,6.889022080403152,1.6850280304141945,2.628260884878466,sqrt(log n),10,uniform_exact,uniform,0.0,0
1000,0.6625855174916219,6.889022080403152,1.6850280304141945,3.0,3.0,10,uniform_exact,uniform,0.0,0
1000,0.6625855174916219,6.889022080403152,3.125169953827145,1.5,1.5,30,uniform_exact,uniform,0.0,0
1000,0.6625855174916219,6.889022080403152,3.125169953827145,2.628260884878466,sqrt(log n),30,uniform_exact,uniform,0.0,0
1000,0.6625855174916219,6.889022080403152,3.125169953827145,3.0,3.0,30,uniform_exact,uniform,0.0,0
1000,0.6625855174916219,6.889022080403152,2.9048152274229104,1.5,1.5,50,uniform_exact,uniform,0.0,0
1000,0.6625855174916219,6.889022080403152,2.9048152274229104,2.628260884878466,sqrt(log n),50,uniform_exact,uniform,0.0,0
1000,0.6625855174916219,6.889022080403152,2.9048152274229104,3.0,3.0,50,uniform_exact,uniform,0.0,0
1000,0.6625855174916219,6.889022080403152,2.633620171226554,1.5,1.5,100,uniform_exact,uniform,0.0,0
1000,0.6625855174916219,6.889022080403152,2.633620171226554,2.628260884878466,sqrt(log n),100,uniform_exact,uniform,0.0,0
1000,0.6625855174916219,6.889022080403152,2.633620171226554,3.0,3.0,100,uniform_exact,uniform,0.0,0
1000,0.6194948810036581,4.431036671722072,2.435144139746459,1.5,1.5,10,uniform_exact,uniform,0.0,0
1000,0.6194948810036581,4.431036671722072,2.435144139746459,2.628260884878466,sqrt(log n),10,uniform_exact,uniform,0.0,0
1000,0.6194948810036581,4.431036671722072,2.435144139746459,3.0,3.0,10,uniform_exact,uniform,0.0,0
1000,0.6194948810036581,4.431036671722072,2.7327566832276573,1.5,1.5,30,uniform_exact,uniform,0.0,0
1000,0.6194948810036581,4.431036671722072,2.7327566832276573,2.628260884878466,sqrt(log n),30,uniform_exact,uniform,0.0,0
1000,0.6194948810036581,4.431036671722072,2.7327566832276573,3.0,3.0,30,uniform_exact,uniform,0.0,0
1000,0.6194948810036581,4.431036671722072,2.6298388163907562,1.5,1.5,50,uniform_exact,uniform,0.0,0
1000,0.6194948810036581,4.431036671722072,2.6298388163907562,2.628260884878466,sqrt(log n),50,uniform_exact,uniform,0.0,0
1000,0.6194948810036581,4.431036671722072,2.6298388163907562,3.0,3.0,50,uniform_exact,uniform,0.0,0
1000,0.6194948810036581,4.431036671722072,3.88410806462943,1.5,1.5,100,uniform_exact,uniform,0.0,0
1000,0.6194948810036581,4.431036671722072,3.88410806462943,2.628260884878466,sqrt(log n),100,uniform_exact,uniform,0.0,0
1000,0.6194948810036581,4.431036671722072,3.88410806462943,3.0,3.0,100,uniform_exact,uniform,0.0,0
1000,0.6419604984348997,5.780451621515172,1.61932268362969,1.5,1.5,10,uniform_exact,uniform,0.0,0
1000,0.6419604984348997,5.780451621515172,1.61932268362969,2.628260884878466,sqrt(log n),10,uniform_exact,uniform,0.0,0
1000,0.6419604984348997,5.780451621515172,1.61932268362969,3.0,3.0,10,uniform_exact,uniform,0.0,0
1000,0.6419604984348997,5.780451621515172,2.13652143693654,1.5,1.5,30,uniform_exact,uniform,0.0,0
1000,0.6419604984348997,5.780451621515172,2.13652143693654,2.628260884878466,sqrt(log n),30,uniform_exact,uniform,0.0,0
1000,0.6419604984348997,5.780451621515172,2.13652143693654,3.0,3.0,30,uniform_exact,uniform,0.0,0
1000,0.6419604984348997,5.780451621515172,3.179613421850433,1.5,1.5,50,uniform_exact,uniform,0.0,0
1000,0.6419604984348997,5.780451621515172,3.179613421850433,2.628260884878466,sqrt(log n),50,uniform_exact,uniform,0.0,0
1000,0.6419604984348997,5.780451621515172,3.179613421850433,3.0,3.0,50,uniform_exact,uniform,0.0,0
1000,0.6419604984348997,5.780451621515172,2.79405598518559,1.5,1.5,100,uniform_exact,uniform,0.0,0
1000,0.6419604984348997,5.780451621515172,2.79405598518559,2.628260884878466,sqrt(log n),100,uniform_exact,uniform,0.0,0
1000,0.6419604984348997,5.780451621515172,2.79405598518559,3.0,3.0,100,uniform_exact,uniform,0.0,0
1000,0.6478534945181104,7.295799872829969,1.525134215301213,1.5,1.5,10,uniform_exact,uniform,0.0,0
1000,0.6478534945181104,7.295799872829969,1.525134215301213,2.628260884878466,sqrt(log n),10,uniform_exact,uniform,0.0,0
1000,0.6478534945181104,7.295799872829969,1.525134215301213,3.0,3.0,10,uniform_exact,uniform,0.0,0
1000,0.6478534945181104,7.295799872829969,2.660095210849848,1.5,1.5,30,uniform_exact,uniform,0.0,0
1000,0.6478534945181104,7.295799872829969,2.660095210849848,2.628260884878466,sqrt(log n),30,uniform_exact,uniform,0.0,0
1000,0.6478534945181104,7.295799872829969,2.660095210849848,3.0,3.0,30,uniform_exact,uniform,0.0,0
1000,0.6478534945181104,7.295799872829969,2.1286690511994903,1.5,1.5,50,uniform_exact,uniform,0.0,0
1000,0.6478534945181104,7.295799872829969,2.1286690511994903,2.628260884878466,sqrt(log n),50,uniform_exact,uniform,0.0,0
1000,0.6478534945181104,7.295799872829969,2.1286690511994903,3.0,3.0,50,uniform_exact,uniform,0.0,0
1000,0.6478534945181104,7.295799872829969,2.6871772837741887,1.5,1.5,100,uniform_exact,uniform,0.0,0
1000,0.6478534945181104,7.295799872829969,2.6871772837741887,2.628260884878466,sqrt(log n),100,uniform_exact,uniform,0.0,0
1000,0.6478534945181104,7.295799872829969,2.6871772837741887,3.0,3.0,100,uniform_exact,uniform,0.0,0
1000,0.9275708025452007,9.067911114745035,2.704021466901759,1.5,1.5,10,uniform_exact,uniform,0.0,0
1000,0.9275708025452007,9.067911114745035,2.704021466901759,2.628260884878466,sqrt(log n),10,uniform_exact,uniform,0.0,0
1000,0.9275708025452007,9.067911114745035,2.704021466901759,3.0,3.0,10,uniform_exact,uniform,0.0,0
1000,0.9275708025452007,9.067911114745035,2.2947998891230386,1.5,1.5,30,uniform_exact,uniform,0.0,0
1000,0.9275708025452007,9.067911114745035,2.2947998891230386,2.628260884878466,sqrt(log n),30,uniform_exact,uniform,0.0,0
1000,0.9275708025452007,9.067911114745035,2.2947998891230386,3.0,3.0,30,uniform_exact,uniform,0.0,0
1000,0.9275708025452007,9.067911114745035,4.462038548867189,1.5,1.5,50,uniform_exact,uniform,0.0,0
1000,0.9275708025452007,9.067911114745035,4.462038548867189,2.628260884878466,sqrt(log n),50,uniform_exact,uniform,0.0,0
1000,0.9275708025452007,9.067911114745035,4.462038548867189,3.0,3.0,50,uniform_exact,uniform,0.0,0
1000,0.9275708025452007,9.067911114745035,8.14333367226407,1.5,1.5,100,uniform_exact,uniform,0.0,0
1000,0.9275708025452007,9.067911114745035,8.14333367226407,2.628260884878466,sqrt(log n),100,uniform_exact,uniform,0.0,0
1000,0.9275708025452007,9.067911114745035,8.14333367226407,3.0,3.0,100,uniform_exact,uniform,0.0,0
1000,0.8826442516694574,9.20078801072338,1.6114375142952524,1.5,1.5,10,uniform_exact,uniform,0.0,0
1000,0.8826442516694574,9.20078801072338,1.6114375142952524,2.628260884878466,sqrt(log n),10,uniform_exact,uniform,0.0,0
1000,0.8826442516694574,9.20078801072338,1.6114375142952524,3.0,3.0,10,uniform_exact,uniform,0.0,0
1000,0.8826442516694574,9.20078801072338,6.238276197960493,1.5,1.5,30,uniform_exact,uniform,0.0,0
1000,0.8826442516694574,9.20078801072338,6.238276197960493,2.628260884878466,sqrt(log n),30,uniform_exact,uniform,0.0,0
1000,0.8826442516694574,9.20078801072338,6.238276197960493,3.0,3.0,30,uniform_exact,uniform,0.0,0
1000,0.8826442516694574,9.20078801072338,6.732597055151973,1.5,1.5,50,uniform_exact,uniform,0.0,0
1000,0.8826442516694574,9.20078801072338,6.732597055151973,2.628260884878466,sqrt(log n),50,uniform_exact,uniform,0.0,0
1000,0.8826442516694574,9.20078801072338,6.732597055151973,3.0,3.0,50,uniform_exact,uniform,0.0,0
1000,0.8826442516694574,9.20078801072338,6.996929598323135,1.5,1.5,100,uniform_exact,uniform,0.0,0
1000,0.8826442516694574,9.20078801072338,6.996929598323135,2.628260884878466,sqrt(log n),100,uniform_exact,uniform,0.0,0
1000,0.8826442516694574,9.20078801072338,6.996929598323135,3.0,3.0,100,uniform_exact,uniform,0.0,0
1000,0.8944373892679047,9.492564196854993,5.0978661538887895,1.5,1.5,10,uniform_exact,uniform,0.0,0
1000,0.8944373892679047,9.492564196854993,5.0978661538887895,2.628260884878466,sqrt(log n),10,uniform_exact,uniform,0.0,0
1000,0.8944373892679047,9.492564196854993,5.0978661538887895,3.0,3.0,10,uniform_exact,uniform,0.0,0
1000,0.8944373892679047,9.492564196854993,1.726085670315227,1.5,1.5,30,uniform_exact,uniform,0.0,0
1000,0.8944373892679047,9.492564196854993,1.726085670315227,2.628260884878466,sqrt(log n),30,uniform_exact,uniform,0.0,0
1000,0.8944373892679047,9.492564196854993,1.726085670315227,3.0,3.0,30,uniform_exact,uniform,0.0,0
1000,0.8944373892679047,9.492564196854993,2.8757719506872035,1.5,1.5,50,uniform_exact,uniform,0.0,0
1000,0.8944373892679047,9.492564196854993,2.8757719506872035,2.628260884878466,sqrt(log n),50,uniform_exact,uniform,0.0,0
1000,0.8944373892679047,9.492564196854993,2.8757719506872035,3.0,3.0,50,uniform_exact,uniform,0.0,0
1000,0.8944373892679047,9.492564196854993,2.5167001483926326,1.5,1.5,100,uniform_exact,uniform,0.0,0
1000,0.8944373892679047,9.492564196854993,2.5167001483926326,2.628260884878466,sqrt(log n),100,uniform_exact,uniform,0.0,0
1000,0.8944373892679047,9.492564196854993,2.5167001483926326,3.0,3.0,100,uniform_exact,uniform,0.0,0
1000,2.1600848596659037,23.591190740265375,1.4804679445368445,1.5,1.5,10,uniform,uniform,0.0017648486707478454,0
1000,2.1600848596659037,23.591190740265375,1.4804679445368445,2.628260884878466,sqrt(log n),10,uniform,uniform,0.0017648486707478454,0
1000,2.1600848596659037,23.591190740265375,1.4804679445368445,3.0,3.0,10,uniform,uniform,0.0017648486707478454,0
1000,2.1600848596659037,23.591190740265375,14.219100973316909,1.5,1.5,30,is,uniform,0.006330850400641984,0
1000,2.1600848596659037,23.591190740265375,14.219100973316909,2.628260884878466,sqrt(log n),30,uniform_exact,uniform,0.0,0
1000,2.1600848596659037,23.591190740265375,14.219100973316909,3.0,3.0,30,uniform_exact,uniform,0.0,0
1000,2.1600848596659037,23.591190740265375,2.089051851218011,1.5,1.5,50,uniform_exact,uniform,0.0,0
1000,2.1600848596659037,23.591190740265375,2.089051851218011,2.628260884878466,sqrt(log n),50,uniform_exact,uniform,0.0,0
1000,2.1600848596659037,23.591190740265375,2.089051851218011,3.0,3.0,50,uniform_exact,uniform,0.0,0
1000,2.1600848596659037,23.591190740265375,20.238290420569356,1.5,1.5,100,is,uniform,0.014244526866683115,0
1000,2.1600848596659037,23.591190740265375,20.238290420569356,2.628260884878466,sqrt(log n),100,uniform_exact,uniform,0.0,0
1000,2.1600848596659037,23.591190740265375,20.238290420569356,3.0,3.0,100,uniform_exact,uniform,0.0,0
1000,2.186629044024305,23.67565527185168,2.826297016695321,1.5,1.5,10,uniform_exact,uniform,0.0,0
1000,2.186629044024305,23.67565527185168,2.826297016695321,2.628260884878466,sqrt(log n),10,uniform_exact,uniform,0.0,0
1000,2.186629044024305,23.67565527185168,2.826297016695321,3.0,3.0,10,uniform_exact,uniform,0.0,0
1000,2.186629044024305,23.67565527185168,1.9449023871379305,1.5,1.5,30,uniform_exact,uniform,0.0,0
1000,2.186629044024305,23.67565527185168,1.9449023871379305,2.628260884878466,sqrt(log n),30,uniform_exact,uniform,0.0,0
1000,2.186629044024305,23.67565527185168,1.9449023871379305,3.0,3.0,30,uniform_exact,uniform,0.0,0
1000,2.186629044024305,23.67565527185168,4.142299284623917,1.5,1.5,50,uniform_exact,uniform,0.0,0
1000,2.186629044024305,23.67565527185168,4.142299284623917,2.628260884878466,sqrt(log n),50,uniform_exact,uniform,0.0,0
1000,2.186629044024305,23.67565527185168,4.142299284623917,3.0,3.0,50,uniform_exact,uniform,0.0,0
1000,2.186629044024305,23.67565527185168,5.2954566895652295,1.5,1.5,100,uniform_exact,uniform,0.0,0
1000,2.186629044024305,23.67565527185168,5.2954566895652295,2.628260884878466,sqrt(log n),100,uniform_exact,uniform,0.0,0
1000,2.186629044024305,23.67565527185168,5.2954566895652295,3.0,3.0,100,uniform_exact,uniform,0.0,0
1000,2.202788337834508,23.474969597415352,1.793412719646347,1.5,1.5,10,uniform_exact,uniform,0.0,1
1000,2.202788337834508,23.474969597415352,1.793412719646347,2.628260884878466,sqrt(log n),10,uniform_exact,uniform,0.0,1
1000,2.202788337834508,23.474969597415352,1.793412719646347,3.0,3.0,10,uniform_exact,uniform,0.0,1
1000,2.202788337834508,23.474969597415352,3.7691460032825113,1.5,1.5,30,uniform_exact,uniform,0.0,1
1000,2.202788337834508,23.474969597415352,3.7691460032825113,2.628260884878466,sqrt(log n),30,uniform_exact,uniform,0.0,1
1000,2.202788337834508,23.474969597415352,3.7691460032825113,3.0,3.0,30,uniform_exact,uniform,0.0,1
1000,2.202788337834508,23.474969597415352,3.619768297844281,1.5,1.5,50,uniform_exact,uniform,0.0,1
1000,2.202788337834508,23.474969597415352,3.619768297844281,2.628260884878466,sqrt(log n),50,uniform_exact,uniform,0.0,1
1000,2.202788337834508,23.474969597415352,3.619768297844281,3.0,3.0,50,uniform_exact,uniform,0.0,1
1000,2.202788337834508,23.474969597415352,21.619384534725793,1.5,1.5,100,is,uniform,0.006076283557285327,1
1000,2.202788337834508,23.474969597415352,21.619384534725793,2.628260884878466,sqrt(log n),100,uniform_exact,uniform,0.0,1
1000,2.202788337834508,23.474969597415352,21.619384534725793,3.0,3.0,100,uniform_exact,uniform,0.0,1
1000,0.668926440883736,6.047119721303887,1.9412178072885848,1.5,1.5,10,uniform_exact,uniform,0.0,0
1000,0.668926440883736,6.047119721303887,1.9412178072885848,2.628260884878466,sqrt(log n),10,uniform_exact,uniform,0.0,0
1000,0.668926440883736,6.047119721303887,1.9412178072885848,3.0,3.0,10,uniform_exact,uniform,0.0,0
1000,0.668926440883736,6.047119721303887,2.78983327190557,1.5,1.5,30,uniform_exact,uniform,0.0,0
1000,0.668926440883736,6.047119721303887,2.78983327190557,2.628260884878466,sqrt(log n),30,uniform_exact,uniform,0.0,0
1000,0.668926440883736,6.047119721303887,2.78983327190557,3.0,3.0,30,uniform_exact,uniform,0.0,0
1000,0.668926440883736,6.047119721303887,2.9417929721679017,1.5,1.5,50,uniform_exact,uniform,0.0,0
1000,0.668926440883736,6.047119721303887,2.9417929721679017,2.628260884878466,sqrt(log n),50,uniform_exact,uniform,0.0,0
1000,0.668926440883736,6.047119721303887,2.9417929721679017,3.0,3.0,50,uniform_exact,uniform,0.0,0
1000,0.668926440883736,6.047119721303887,2.9599037308614444,1.5,1.5,100,uniform_exact,uniform,0.0,0
1000,0.668926440883736,6.047119721303887,2.9599037308614444,2.628260884878466,sqrt(log n),100,uniform_exact,uniform,0.0,0
1000,0.668926440883736,6.047119721303887,2.9599037308614444,3.0,3.0,100,uniform_exact,uniform,0.0,0
1000,0.6096939094021688,4.754850690421404,1.9835648441158888,1.5,1.5,10,uniform_exact,uniform,0.0,0
1000,0.6096939094021688,4.754850690421404,1.9835648441158888,2.628260884878466,sqrt(log n),10,uniform_exact,uniform,0.0,0
1000,0.6096939094021688,4.754850690421404,1.9835648441158888,3.0,3.0,10,uniform_exact,uniform,0.0,0
1000,0.6096939094021688,4.754850690421404,3.6493058472464335,1.5,1.5,30,uniform_exact,uniform,0.0,0
1000,0.6096939094021688,4.754850690421404,3.6493058472464335,2.628260884878466,sqrt(log n),30,uniform_exact,uniform,0.0,0
1000,0.6096939094021688,4.754850690421404,3.6493058472464335,3.0,3.0,30,uniform_exact,uniform,0.0,0
1000,0.6096939094021688,4.754850690421404,3.3642118203538662,1.5,1.5,50,uniform_exact,uniform,0.0,0
1000,0.6096939094021688,4.754850690421404,3.3642118203538662,2.628260884878466,sqrt(log n),50,uniform_exact,uniform,0.0,0
1000,0.6096939094021688,4.754850690421404,3.3642118203538662,3.0,3.0,50,uniform_exact,uniform,0.0,0
1000,0.6096939094021688,4.754850690421404,3.58264717873581,1.5,1.5,100,uniform_exact,uniform,0.0,0
1000,0.6096939094021688,4.754850690421404,3.58264717873581,2.628260884878466,sqrt(log n),100,uniform_exact,uniform,0.0,0
1000,0.6096939094021688,4.754850690421404,3.58264717873581,3.0,3.0,100,uniform_exact,uniform,0.0,0
1000,0.619980694353103,5.711189635441723,2.5920417479545246,1.5,1.5,10,uniform_exact,uniform,0.0,0
1000,0.619980694353103,5.711189635441723,2.5920417479545246,2.628260884878466,sqrt(log n),10,uniform_exact,uniform,0.0,0
1000,0.619980694353103,5.711189635441723,2.5920417479545246,3.0,3.0,10,uniform_exact,uniform,0.0,0
1000,0.619980694353103,5.711189635441723,1.886050404958893,1.5,1.5,30,uniform_exact,uniform,0.0,0
1000,0.619980694353103,5.711189635441723,1.886050404958893,2.628260884878466,sqrt(log n),30,uniform_exact,uniform,0.0,0
1000,0.619980694353103,5.711189635441723,1.886050404958893,3.0,3.0,30,uniform_exact,uniform,0.0,0
1000,0.619980694353103,5.711189635441723,2.2670847247380896,1.5,1.5,50,uniform_exact,uniform,0.0,0
1000,0.619980694353103,5.711189635441723,2.2670847247380896,2.628260884878466,sqrt(log n),50,uniform_exact,uniform,0.0,0
1000,0.619980694353103,5.711189635441723,2.2670847247380896,3.0,3.0,50,uniform_exact,uniform,0.0,0
1000,0.619980694353103,5.711189635441723,4.499135526783319,1.5,1.5,100,uniform_exact,uniform,0.0,0
1000,0.619980694353103,5.711189635441723,4.499135526783319,2.628260884878466,sqrt(log n),100,uniform_exact,uniform,0.0,0
1000,0.619980694353103,5.711189635441723,4.499135526783319,3.0,3.0,100,uniform_exact,uniform,0.0,0
1000,1.0363964890753734,8.83629684462703,4.400450918254802,1.5,1.5,10,uniform_exact,uniform,0.0,0
1000,1.0363964890753734,8.83629684462703,4.400450918254802,2.628260884878466,sqrt(log n),10,uniform_exact,uniform,0.0,0
1000,1.0363964890753734,8.83629684462703,4.400450918254802,3.0,3.0,10,uniform_exact,uniform,0.0,0
1000,1.0363964890753734,8.83629684462703,3.1377760385838074,1.5,1.5,30,uniform_exact,uniform,0.0,0
1000,1.0363964890753734,8.83629684462703,3.1377760385838074,2.628260884878466,sqrt(log n),30,uniform_exact,uniform,0.0,0
1000,1.0363964890753734,8.83629684462703,3.1377760385838074,3.0,3.0,30,uniform_exact,uniform,0.0,0
1000,1.0363964890753734,8.83629684462703,8.261180990471022,1.5,1.5,50,uniform_exact,uniform,0.0,0
1000,1.0363964890753734,8.83629684462703,8.261180990471022,2.628260884878466,sqrt(log n),50,uniform_exact,uniform,0.0,0
1000,1.0363964890753734,8.83629684462703,8.261180990471022,3.0,3.0,50,uniform_exact,uniform,0.0,0
1000,1.0363964890753734,8.83629684462703,6.977964077048441,1.5,1.5,100,uniform_exact,uniform,0.0,0
1000,1.0363964890753734,8.83629684462703,6.977964077048441,2.628260884878466,sqrt(log n),100,uniform_exact,uniform,0.0,0
1000,1.0363964890753734,8.83629684462703,6.977964077048441,3.0,3.0,100,uniform_exact,uniform,0.0,0
1000,1.0808453099122093,9.327938871539764,2.6493468183914404,1.5,1.5,10,uniform_exact,uniform,0.0,0
1000,1.0808453099122093,9.327938871539764,2.6493468183914404,2.628260884878466,sqrt(log n),10,uniform_exact,uniform,0.0,0
1000,1.0808453099122093,9.327938871539764,2.6493468183914404,3.0,3.0,10,uniform_exact,uniform,0.0,0
1000,1.0808453099122093,9.327938871539764,8.321589425221989,1.5,1.5,30,uniform_exact,uniform,0.0,0
1000,1.0808453099122093,9.327938871539764,8.321589425221989,2.628260884878466,sqrt(log n),30,uniform_exact,uniform,0.0,0
1000,1.0808453099122093,9.327938871539764,8.321589425221989,3.0,3.0,30,uniform_exact,uniform,0.0,0
1000,1.0808453099122093,9.327938871539764,2.8896738829502797,1.5,1.5,50,uniform_exact,uniform,0.0,0
1000,1.0808453099122093,9.327938871539764,2.8896738829502797,2.628260884878466,sqrt(log n),50,uniform_exact,uniform,0.0,0
1000,1.0808453099122093,9.327938871539764,2.8896738829502797,3.0,3.0,50,uniform_exact,uniform,0.0,0
1000,1.0808453099122093,9.327938871539764,4.180093868960521,1.5,1.5,100,uniform_exact,uniform,0.0,0
1000,1.0808453099122093,9.327938871539764,4.180093868960521,2.628260884878466,sqrt(log n),100,uniform_exact,uniform,0.0,0
1000,1.0808453099122093,9.327938871539764,4.180093868960521,3.0,3.0,100,uniform_exact,uniform,0.0,0
1000,1.0555990939448983,9.079803243418585,2.2628610664499873,1.5,1.5,10,uniform_exact,uniform,0.0,0
1000,1.0555990939448983,9.079803243418585,2.2628610664499873,2.628260884878466,sqrt(log n),10,uniform_exact,uniform,0.0,0
1000,1.0555990939448983,9.079803243418585,2.2628610664499873,3.0,3.0,10,uniform_exact,uniform,0.0,0
1000,1.0555990939448983,9.079803243418585,6.194083441925189,1.5,1.5,30,uniform_exact,uniform,0.0,0
1000,1.0555990939448983,9.079803243418585,6.194083441925189,2.628260884878466,sqrt(log n),30,uniform_exact,uniform,0.0,0
1000,1.0555990939448983,9.079803243418585,6.194083441925189,3.0,3.0,30,uniform_exact,uniform,0.0,0
1000,1.0555990939448983,9.079803243418585,9.114713699009496,1.5,1.5,50,uniform_exact,uniform,0.0,0
1000,1.0555990939448983,9.079803243418585,9.114713699009496,2.628260884878466,sqrt(log n),50,uniform_exact,uniform,0.0,0
1000,1.0555990939448983,9.079803243418585,9.114713699009496,3.0,3.0,50,uniform_exact,uniform,0.0,0
1000,1.0555990939448983,9.079803243418585,7.124545338709112,1.5,1.5,100,uniform_exact,uniform,0.0,0
1000,1.0555990939448983,9.079803243418585,7.124545338709112,2.628260884878466,sqrt(log n),100,uniform_exact,uniform,0.0,0
1000,1.0555990939448983,9.079803243418585,7.124545338709112,3.0,3.0,100,uniform_exact,uniform,0.0,0
1000,2.4223349633420703,19.324723385669508,7.561740643216579,1.5,1.5,10,is,uniform,0.01587731099941792,1
1000,2.4223349633420703,19.324723385669508,7.561740643216579,2.628260884878466,sqrt(log n),10,uniform_exact,uniform,0.0,1
1000,2.4223349633420703,19.324723385669508,7.561740643216579,3.0,3.0,10,uniform_exact,uniform,0.0,1
1000,2.4223349633420703,19.324723385669508,2.81425556029038,1.5,1.5,30,uniform_exact,uniform,0.0,1
1000,2.4223349633420703,19.324723385669508,2.81425556029038,2.628260884878466,sqrt(log n),30,uniform_exact,uniform,0.0,1
1000,2.4223349633420703,19.324723385669508,2.81425556029038,3.0,3.0,30,uniform_exact,uniform,0.0,1
1000,2.4223349633420703,19.324723385669508,19.081483234932836,1.5,1.5,50,is,uniform,0.0002525144947683766,1
1000,2.4223349633420703,19.324723385669508,19.081483234932836,2.628260884878466,sqrt(log n),50,is,uniform,0.0002525144947683766,1
1000,2.4223349633420703,19.324723385669508,19.081483234932836,3.0,3.0,50,uniform_exact,uniform,0.0,1
1000,2.4223349633420703,19.324723385669508,14.935035670974889,1.5,1.5,100,is,uniform,0.003777165852972432,1
1000,2.4223349633420703,19.324723385669508,14.935035670974889,2.628260884878466,sqrt(log n),100,uniform_exact,uniform,0.0,1
1000,2.4223349633420703,19.324723385669508,14.935035670974889,3.0,3.0,100,uniform_exact,uniform,0.0,1
1000,2.4594205603819232,19.349043540692758,4.539222435695492,1.5,1.5,10,is,uniform,0.0037857399263903327,1
1000,2.4594205603819232,19.349043540692758,4.539222435695492,2.628260884878466,sqrt(log n),10,uniform_exact,uniform,0.0,1
1000,2.4594205603819232,19.349043540692758,4.539222435695492,3.0,3.0,10,uniform_exact,uniform,0.0,1
1000,2.4594205603819232,19.349043540692758,2.5163965168367577,1.5,1.5,30,uniform_exact,uniform,0.0,1
1000,2.4594205603819232,19.349043540692758,2.5163965168367577,2.628260884878466,sqrt(log n),30,uniform_exact,uniform,0.0,1
1000,2.4594205603819232,19.349043540692758,2.5163965168367577,3.0,3.0,30,uniform_exact,uniform,0.0,1
1000,2.4594205603819232,19.349043540692758,5.237426744776147,1.5,1.5,50,uniform_exact,uniform,0.0,1
1000,2.4594205603819232,19.349043540692758,5.237426744776147,2.628260884878466,sqrt(log n),50,uniform_exact,uniform,0.0,1
1000,2.4594205603819232,19.349043540692758,5.237426744776147,3.0,3.0,50,uniform_exact,uniform,0.0,1
1000,2.4594205603819232,19.349043540692758,4.56714862818751,1.5,1.5,100,uniform_exact,uniform,0.0,1
1000,2.4594205603819232,19.349043540692758,4.56714862818751,2.628260884878466,sqrt(log n),100,uniform_exact,uniform,0.0,1
1000,2.4594205603819232,19.349043540692758,4.56714862818751,3.0,3.0,100,uniform_exact,uniform,0.0,1
1000,2.441556227376376,19.145175988469532,1.8777290844054484,1.5,1.5,10,uniform_exact,uniform,0.0,1
1000,2.441556227376376,19.145175988469532,1.8777290844054484,2.628260884878466,sqrt(log n),10,uniform_exact,uniform,0.0,1
1000,2.441556227376376,19.145175988469532,1.8777290844054484,3.0,3.0,10,uniform_exact,uniform,0.0,1
1000,2.441556227376376,19.145175988469532,14.592374741050456,1.5,1.5,30,is,uniform,0.0135954903117769,1
1000,2.441556227376376,19.145175988469532,14.592374741050456,2.628260884878466,sqrt(log n),30,uniform_exact,uniform,0.0,1
1000,2.441556227376376,19.145175988469532,14.592374741050456,3.0,3.0,30,uniform_exact,uniform,0.0,1
1000,2.441556227376376,19.145175988469532,2.475962947593006,1.5,1.5,50,uniform_exact,uniform,0.0,1
1000,2.441556227376376,19.145175988469532,2.475962947593006,2.628260884878466,sqrt(log n),50,uniform_exact,uniform,0.0,1
1000,2.441556227376376,19.145175988469532,2.475962947593006,3.0,3.0,50,uniform_exact,uniform,0.0,1
1000,2.441556227376376,19.145175988469532,18.561270018704153,1.5,1.5,100,is,uniform,0.007104428376548403,1
1000,2.441556227376376,19.145175988469532,18.561270018704153,2.628260884878466,sqrt(log n),100,uniform_exact,uniform,0.0,1
1000,2.441556227376376,19.145175988469532,18.561270018704153,3.0,3.0,100,uniform_exact,uniform,0.0,1
1000,0.6787566315775071,6.9795351614658365,1.8079270263764649,1.5,1.5,10,uniform_exact,uniform,0.0,0
1000,0.6787566315775071,6.9795351614658365,1.8079270263764649,2.628260884878466,sqrt(log n),10,uniform_exact,uniform,0.0,0
1000,0.6787566315775071,6.9795351614658365,1.8079270263764649,3.0,3.0,10,uniform_exact,uniform,0.0,0
1000,0.6787566315775071,6.9795351614658365,4.197808408349353,1.5,1.5,30,uniform_exact,uniform,0.0,0
1000,0.6787566315775071,6.9795351614658365,4.197808408349353,2.628260884878466,sqrt(log n),30,uniform_exact,uniform,0.0,0
1000,0.6787566315775071,6.9795351614658365,4.197808408349353,3.0,3.0,30,uniform_exact,uniform,0.0,0
1000,0.6787566315775071,6.9795351614658365,2.2286658584542063,1.5,1.5,50,uniform_exact,uniform,0.0,0
1000,0.6787566315775071,6.9795351614658365,2.2286658584542063,2.628260884878466,sqrt(log n),50,uniform_exact,uniform,0.0,0
1000,0.6787566315775071,6.9795351614658365,2.2286658584542063,3.0,3.0,50,uniform_exact,uniform,0.0,0
1000,0.6787566315775071,6.9795351614658365,7.075801438067695,1.5,1.5,100,uniform_exact,uniform,0.0,0
1000,0.6787566315775071,6.9795351614658365,7.075801438067695,2.628260884878466,sqrt(log n),100,uniform_exact,uniform,0.0,0
1000,0.6787566315775071,6.9795351614658365,7.075801438067695,3.0,3.0,100,uniform_exact,uniform,0.0,0
1000,0.6273247767797993,5.416408240314115,2.888152915595165,1.5,1.5,10,uniform_exact,uniform,0.0,0
1000,0.6273247767797993,5.416408240314115,2.888152915595165,2.628260884878466,sqrt(log n),10,uniform_exact,uniform,0.0,0
1000,0.6273247767797993,5.416408240314115,2.888152915595165,3.0,3.0,10,uniform_exact,uniform,0.0,0
1000,0.6273247767797993,5.416408240314115,2.693253587032527,1.5,1.5,30,uniform_exact,uniform,0.0,0
1000,0.6273247767797993,5.416408240314115,2.693253587032527,2.628260884878466,sqrt(log n),30,uniform_exact,uniform,0.0,0
1000,0.6273247767797993,5.416408240314115,2.693253587032527,3.0,3.0,30,uniform_exact,uniform,0.0,0
1000,0.6273247767797993,5.416408240314115,3.2275628920389616,1.5,1.5,50,uniform_exact,uniform,0.0,0
1000,0.6273247767797993,5.416408240314115,3.2275628920389616,2.628260884878466,sqrt(log n),50,uniform_exact,uniform,0.0,0
1000,0.6273247767797993,5.416408240314115,3.2275628920389616,3.0,3.0,50,uniform_exact,uniform,0.0,0
1000,0.6273247767797993,5.416408240314115,3.4753885166446628,1.5,1.5,100,uniform_exact,uniform,0.0,0
1000,0.6273247767797993,5.416408240314115,3.4753885166446628,2.628260884878466,sqrt(log n),100,uniform_exact,uniform,0.0,0
1000,0.6273247767797993,5.416408240314115,3.4753885166446628,3.0,3.0,100,uniform_exact,uniform,0.0,0
1000,0.6436184853347732,6.685255422490038,1.722930350697064,1.5,1.5,10,uniform_exact,uniform,0.0,0
1000,0.6436184853347732,6.685255422490038,1.722930350697064,2.628260884878466,sqrt(log n),10,uniform_exact,uniform,0.0,0
1000,0.6436184853347732,6.685255422490038,1.722930350697064,3.0,3.0,10,uniform_exact,uniform,0.0,0
1000,0.6436184853347732,6.685255422490038,2.8953720394628206,1.5,1.5,30,uniform_exact,uniform,0.0,0
1000,0.6436184853347732,6.685255422490038,2.8953720394628206,2.628260884878466,sqrt(log n),30,uniform_exact,uniform,0.0,0
1000,0.6436184853347732,6.685255422490038,2.8953720394628206,3.0,3.0,30,uniform_exact,uniform,0.0,0
1000,0.6436184853347732,6.685255422490038,5.21095276282547,1.5,1.5,50,uniform_exact,uniform,0.0,0
1000,0.6436184853347732,6.685255422490038,5.21095276282547,2.628260884878466,sqrt(log n),50,uniform_exact,uniform,0.0,0
1000,0.6436184853347732,6.685255422490038,5.21095276282547,3.0,3.0,50,uniform_exact,uniform,0.0,0
1000,0.6436184853347732,6.685255422490038,4.214860365482202,1.5,1.5,100,uniform_exact,uniform,0.0,0
1000,0.6436184853347732,6.685255422490038,4.214860365482202,2.628260884878466,sqrt(log n),100,uniform_exact,uniform,0.0,0
1000,0.6436184853347732,6.685255422490038,4.214860365482202,3.0,3.0,100,uniform_exact,uniform,0.0,0
1000,1.322654341020879,7.809373922547658,1.4619025907750436,1.5,1.5,10,uniform_exact,uniform,0.0,0
1000,1.322654341020879,7.809373922547658,1.4619025907750436,2.628260884878466,sqrt(log n),10,uniform_exact,uniform,0.0,0
1000,1.322654341020879,7.809373922547658,1.4619025907750436,3.0,3.0,10,uniform_exact,uniform,0.0,0
1000,1.322654341020879,7.809373922547658,1.6933919939172495,1.5,1.5,30,uniform,uniform,0.0015379535925763154,0
1000,1.322654341020879,7.809373922547658,1.6933919939172495,2.628260884878466,sqrt(log n),30,uniform,uniform,0.0015379535925763154,0
1000,1.322654341020879,7.809373922547658,1.6933919939172495,3.0,3.0,30,uniform,uniform,0.0015379535925763154,0
1000,1.322654341020879,7.809373922547658,7.571671714364656,1.5,1.5,50,uniform_exact,uniform,0.0,0
1000,1.322654341020879,7.809373922547658,7.571671714364656,2.628260884878466,sqrt(log n),50,uniform_exact,uniform,0.0,0
1000,1.322654341020879,7.809373922547658,7.571671714364656,3.0,3.0,50,uniform_exact,uniform,0.0,0
1000,1.322654341020879,7.809373922547658,7.692014974322287,1.5,1.5,100,uniform_exact,uniform,0.0,0
1000,1.322654341020879,7.809373922547658,7.692014974322287,2.628260884878466,sqrt(log n),100,uniform_exact,uniform,0.0,0
1000,1.322654341020879,7.809373922547658,7.692014974322287,3.0,3.0,100,uniform_exact,uniform,0.0,0
1000,1.2985808873964355,8.313744404611858,2.075904419197655,1.5,1.5,10,uniform_exact,uniform,0.0,0
1000,1.2985808873964355,8.313744404611858,2.075904419197655,2.628260884878466,sqrt(log n),10,uniform_exact,uniform,0.0,0
1000,1.2985808873964355,8.313744404611858,2.075904419197655,3.0,3.0,10,uniform_exact,uniform,0.0,0
1000,1.2985808873964355,8.313744404611858,3.6074195929974624,1.5,1.5,30,uniform_exact,uniform,0.0,0
1000,1.2985808873964355,8.313744404611858,3.6074195929974624,2.628260884878466,sqrt(log n),30,uniform_exact,uniform,0.0,0
1000,1.2985808873964355,8.313744404611858,3.6074195929974624,3.0,3.0,30,uniform_exact,uniform,0.0,0
1000,1.2985808873964355,8.313744404611858,6.8309917562638125,1.5,1.5,50,uniform_exact,uniform,0.0,0
1000,1.2985808873964355,8.313744404611858,6.8309917562638125,2.628260884878466,sqrt(log n),50,uniform_exact,uniform,0.0,0
1000,1.2985808873964355,8.313744404611858,6.8309917562638125,3.0,3.0,50,uniform_exact,uniform,0.0,0
1000,1.2985808873964355,8.313744404611858,8.385510165759973,1.5,1.5,100,uniform_exact,uniform,0.0,0
1000,1.2985808873964355,8.313744404611858,8.385510165759973,2.628260884878466,sqrt(log n),100,uniform_exact,uniform,0.0,0
1000,1.2985808873964355,8.313744404611858,8.385510165759973,3.0,3.0,100,uniform_exact,uniform,0.0,0
1000,1.208561744925839,7.712949719548932,5.51485110172027,1.5,1.5,10,is,uniform,0.010731383499917794,0
1000,1.208561744925839,7.712949719548932,5.51485110172027,2.628260884878466,sqrt(log n),10,uniform_exact,uniform,0.0,0
1000,1.208561744925839,7.712949719548932,5.51485110172027,3.0,3.0,10,uniform_exact,uniform,0.0,0
1000,1.208561744925839,7.712949719548932,5.865677136049236,1.5,1.5,30,uniform_exact,uniform,0.0,0
1000,1.208561744925839,7.712949719548932,5.865677136049236,2.628260884878466,sqrt(log n),30,uniform_exact,uniform,0.0,0
1000,1.208561744925839,7.712949719548932,5.865677136049236,3.0,3.0,30,uniform_exact,uniform,0.0,0
1000,1.208561744925839,7.712949719548932,5.56274138257098,1.5,1.5,50,uniform_exact,uniform,0.0,0
1000,1.208561744925839,7.712949719548932,5.56274138257098,2.628260884878466,sqrt(log n),50,uniform_exact,uniform,0.0,0
1000,1.208561744925839,7.712949719548932,5.56274138257098,3.0,3.0,50,uniform_exact,uniform,0.0,0
1000,1.208561744925839,7.712949719548932,7.117113006844799,1.5,1.5,100,uniform_exact,uniform,0.0,0
1000,1.208561744925839,7.712949719548932,7.117113006844799,2.628260884878466,sqrt(log n),100,uniform_exact,uniform,0.0,0
1000,1.208561744925839,7.712949719548932,7.117113006844799,3.0,3.0,100,uniform_exact,uniform,0.0,0
1000,2.507398434602011,12.789785607408268,7.322801355548416,1.5,1.5,10,is,uniform,0.013071910500125686,1
1000,2.507398434602011,12.789785607408268,7.322801355548416,2.628260884878466,sqrt(log n),10,uniform_exact,uniform,0.0,1
1000,2.507398434602011,12.789785607408268,7.322801355548416,3.0,3.0,10,uniform_exact,uniform,0.0,1
1000,2.507398434602011,12.789785607408268,6.1207821609705295,1.5,1.5,30,is,uniform,0.0015528444812764025,1
1000,2.507398434602011,12.789785607408268,6.1207821609705295,2.628260884878466,sqrt(log n),30,uniform_exact,uniform,0.0,1
1000,2.507398434602011,12.789785607408268,6.1207821609705295,3.0,3.0,30,uniform_exact,uniform,0.0,1
1000,2.507398434602011,12.789785607408268,3.91745460302753,1.5,1.5,50,uniform_exact,uniform,0.0,1
1000,2.507398434602011,12.789785607408268,3.91745460302753,2.628260884878466,sqrt(log n),50,uniform_exact,uniform,0.0,1
1000,2.507398434602011,12.789785607408268,3.91745460302753,3.0,3.0,50,uniform_exact,uniform,0.0,1
1000,2.507398434602011,12.789785607408268,10.983722999721904,1.5,1.5,100,is,uniform,0.01751825922575861,1
1000,2.507398434602011,12.789785607408268,10.983722999721904,2.628260884878466,sqrt(log n),100,uniform_exact,uniform,0.0,1
1000,2.507398434602011,12.789785607408268,10.983722999721904,3.0,3.0,100,uniform_exact,uniform,0.0,1
1000,2.520669114923294,12.78671987327333,7.266479159857636,1.5,1.5,10,is,uniform,0.0005598611436613807,1
1000,2.520669114923294,12.78671987327333,7.266479159857636,2.628260884878466,sqrt(log n),10,uniform_exact,uniform,0.0,1
1000,2.520669114923294,12.78671987327333,7.266479159857636,3.0,3.0,10,uniform_exact,uniform,0.0,1
1000,2.520669114923294,12.78671987327333,15.32052294572657,1.5,1.5,30,is,uniform,0.012048868421385719,1
1000,2.520669114923294,12.78671987327333,15.32052294572657,2.628260884878466,sqrt(log n),30,is,uniform,0.012048868421385719,1
1000,2.520669114923294,12.78671987327333,15.32052294572657,3.0,3.0,30,uniform_exact,uniform,0.0,1
1000,2.520669114923294,12.78671987327333,13.373193783561538,1.5,1.5,50,is,uniform,0.002586742057333798,1
1000,2.520669114923294,12.78671987327333,13.373193783561538,2.628260884878466,sqrt(log n),50,uniform_exact,uniform,0.0,1
1000,2.520669114923294,12.78671987327333,13.373193783561538,3.0,3.0,50,uniform_exact,uniform,0.0,1
1000,2.520669114923294,12.78671987327333,18.78944374431852,1.5,1.5,100,is,uniform,0.002300667085298122,1
1000,2.520669114923294,12.78671987327333,18.78944374431852,2.628260884878466,sqrt(log n),100,uniform_exact,uniform,0.0,1
1000,2.520669114923294,12.78671987327333,18.78944374431852,3.0,3.0,100,uniform_exact,uniform,0.0,1
1000,2.49068495781207,12.596211278828237,2.5470892743996796,1.5,1.5,10,uniform_exact,uniform,0.0,1
1000,2.49068495781207,12.596211278828237,2.5470892743996796,2.628260884878466,sqrt(log n),10,uniform_exact,uniform,0.0,1
1000,2.49068495781207,12.596211278828237,2.5470892743996796,3.0,3.0,10,uniform_exact,uniform,0.0,1
1000,2.49068495781207,12.596211278828237,9.947990522207371,1.5,1.5,30,is,uniform,0.008119816607437727,1
1000,2.49068495781207,12.596211278828237,9.947990522207371,2.628260884878466,sqrt(log n),30,uniform_exact,uniform,0.0,1
1000,2.49068495781207,12.596211278828237,9.947990522207371,3.0,3.0,30,uniform_exact,uniform,0.0,1
1000,2.49068495781207,12.596211278828237,14.492152074699804,1.5,1.5,50,is,uniform,0.004655783396007927,1
1000,2.49068495781207,12.596211278828237,14.492152074699804,2.628260884878466,sqrt(log n),50,is,uniform,0.004655783396007927,1
1000,2.49068495781207,12.596211278828237,14.492152074699804,3.0,3.0,50,uniform_exact,uniform,0.0,1
1000,2.49068495781207,12.596211278828237,11.422480665534769,1.5,1.5,100,is,uniform,0.0004782194443419824,1
1000,2.49068495781207,12.596211278828237,11.422480665534769,2.628260884878466,sqrt(log n),100,uniform_exact,uniform,0.0,1
1000,2.49068495781207,12.596211278828237,11.422480665534769,3.0,3.0,100,uniform_exact,uniform,0.0,1
1000,0.6524098435515786,7.086241475883487,1.6613961659610832,1.5,1.5,10,uniform_exact,uniform,0.0,0
1000,0.6524098435515786,7.086241475883487,1.6613961659610832,2.628260884878466,sqrt(log n),10,uniform_exact,uniform,0.0,0
1000,0.6524098435515786,7.086241475883487,1.6613961659610832,3.0,3.0,10,uniform_exact,uniform,0.0,0
1000,0.6524098435515786,7.086241475883487,2.7158431863146286,1.5,1.5,30,uniform_exact,uniform,0.0,0
1000,0.6524098435515786,7.086241475883487,2.7158431863146286,2.628260884878466,sqrt(log n),30,uniform_exact,uniform,0.0,0
1000,0.6524098435515786,7.086241475883487,2.7158431863146286,3.0,3.0,30,uniform_exact,uniform,0.0,0
1000,0.6524098435515786,7.086241475883487,2.975446729474968,1.5,1.5,50,uniform_exact,uniform,0.0,0
1000,0.6524098435515786,7.086241475883487,2.975446729474968,2.628260884878466,sqrt(log n),50,uniform_exact,uniform,0.0,0
1000,0.6524098435515786,7.086241475883487,2.975446729474968,3.0,3.0,50,uniform_exact,uniform,0.0,0
1000,0.6524098435515786,7.086241475883487,2.92750739224863,1.5,1.5,100,uniform_exact,uniform,0.0,0
1000,0.6524098435515786,7.086241475883487,2.92750739224863,2.628260884878466,sqrt(log n),100,uniform_exact,uniform,0.0,0
1000,0.6524098435515786,7.086241475883487,2.92750739224863,3.0,3.0,100,uniform_exact,uniform,0.0,0
1000,0.581167313005821,6.085439413528287,1.6384282825082044,1.5,1.5,10,uniform_exact,uniform,0.0,0
1000,0.581167313005821,6.085439413528287,1.6384282825082044,2.628260884878466,sqrt(log n),10,uniform_exact,uniform,0.0,0
1000,0.581167313005821,6.085439413528287,1.6384282825082044,3.0,3.0,10,uniform_exact,uniform,0.0,0
1000,0.581167313005821,6.085439413528287,3.383123019061826,1.5,1.5,30,uniform_exact,uniform,0.0,0
1000,0.581167313005821,6.085439413528287,3.383123019061826,2.628260884878466,sqrt(log n),30,uniform_exact,uniform,0.0,0
1000,0.581167313005821,6.085439413528287,3.383123019061826,3.0,3.0,30,uniform_exact,uniform,0.0,0
1000,0.581167313005821,6.085439413528287,4.94301550997304,1.5,1.5,50,uniform_exact,uniform,0.0,0
1000,0.581167313005821,6.085439413528287,4.94301550997304,2.628260884878466,sqrt(log n),50,uniform_exact,uniform,0.0,0
1000,0.581167313005821,6.085439413528287,4.94301550997304,3.0,3.0,50,uniform_exact,uniform,0.0,0
1000,0.581167313005821,6.085439413528287,2.8430128152594967,1.5,1.5,100,uniform_exact,uniform,0.0,0
1000,0.581167313005821,6.085439413528287,2.8430128152594967,2.628260884878466,sqrt(log n),100,uniform_exact,uniform,0.0,0
1000,0.581167313005821,6.085439413528287,2.8430128152594967,3.0,3.0,100,uniform_exact,uniform,0.0,0
1000,0.6984683097008569,7.200833170425255,2.3272297904785564,1.5,1.5,10,uniform_exact,uniform,0.0,0
1000,0.6984683097008569,7.200833170425255,2.3272297904785564,2.628260884878466,sqrt(log n),10,uniform_exact,uniform,0.0,0
1000,0.6984683097008569,7.200833170425255,2.3272297904785564,3.0,3.0,10,uniform_exact,uniform,0.0,0
1000,0.6984683097008569,7.200833170425255,1.8514184186659663,1.5,1.5,30,uniform_exact,uniform,0.0,0
1000,0.6984683097008569,7.200833170425255,1.8514184186659663,2.628260884878466,sqrt(log n),30,uniform_exact,uniform,0.0,0
1000,0.6984683097008569,7.200833170425255,1.8514184186659663,3.0,3.0,30,uniform_exact,uniform,0.0,0
1000,0.6984683097008569,7.200833170425255,4.272302754828916,1.5,1.5,50,uniform_exact,uniform,0.0,0
1000,0.6984683097008569,7.200833170425255,4.272302754828916,2.628260884878466,sqrt(log n),50,uniform_exact,uniform,0.0,0
1000,0.6984683097008569,7.200833170425255,4.272302754828916,3.0,3.0,50,uniform_exact,uniform,0.0,0
1000,0.6984683097008569,7.200833170425255,4.4084886308269615,1.5,1.5,100,uniform_exact,uniform,0.0,0
1000,0.6984683097008569,7.200833170425255,4.4084886308269615,2.628260884878466,sqrt(log n),100,uniform_exact,uniform,0.0,0
1000,0.6984683097008569,7.200833170425255,4.4084886308269615,3.0,3.0,100,uniform_exact,uniform,0.0,0
1000,1.3537758517722411,6.291632634044208,2.261223251786486,1.5,1.5,10,uniform_exact,uniform,0.0,0
1000,1.3537758517722411,6.291632634044208,2.261223251786486,2.628260884878466,sqrt(log n),10,uniform_exact,uniform,0.0,0
1000,1.3537758517722411,6.291632634044208,2.261223251786486,3.0,3.0,10,uniform_exact,uniform,0.0,0
1000,1.3537758517722411,6.291632634044208,6.592352333889468,1.5,1.5,30,uniform_exact,uniform,0.0,0
1000,1.3537758517722411,6.291632634044208,6.592352333889468,2.628260884878466,sqrt(log n),30,uniform_exact,uniform,0.0,0
1000,1.3537758517722411,6.291632634044208,6.592352333889468,3.0,3.0,30,uniform_exact,uniform,0.0,0
1000,1.3537758517722411,6.291632634044208,6.325994532043052,1.5,1.5,50,uniform_exact,uniform,0.0,0
1000,1.3537758517722411,6.291632634044208,6.325994532043052,2.628260884878466,sqrt(log n),50,uniform_exact,uniform,0.0,0
1000,1.3537758517722411,6.291632634044208,6.325994532043052,3.0,3.0,50,uniform_exact,uniform,0.0,0
1000,1.3537758517722411,6.291632634044208,5.617499957405619,1.5,1.5,100,uniform_exact,uniform,0.0,0
1000,1.3537758517722411,6.291632634044208,5.617499957405619,2.628260884878466,sqrt(log n),100,uniform_exact,uniform,0.0,0
1000,1.3537758517722411,6.291632634044208,5.617499957405619,3.0,3.0,100,uniform_exact,uniform,0.0,0
1000,1.367532997551312,6.235878482522877,5.469091866895695,1.5,1.5,10,is,uniform,0.021717246941654587,0
1000,1.367532997551312,6.235878482522877,5.469091866895695,2.628260884878466,sqrt(log n),10,uniform_exact,uniform,0.0,0
1000,1.367532997551312,6.235878482522877,5.469091866895695,3.0,3.0,10,uniform_exact,uniform,0.0,0
1000,1.367532997551312,6.235878482522877,5.224122544257886,1.5,1.5,30,uniform_exact,uniform,0.0,0
1000,1.367532997551312,6.235878482522877,5.224122544257886,2.628260884878466,sqrt(log n),30,uniform_exact,uniform,0.0,0
1000,1.367532997551312,6.235878482522877,5.224122544257886,3.0,3.0,30,uniform_exact,uniform,0.0,0
1000,1.367532997551312,6.235878482522877,5.505830004727111,1.5,1.5,50,uniform_exact,uniform,0.0,0
1000,1.367532997551312,6.235878482522877,5.505830004727111,2.628260884878466,sqrt(log n),50,uniform_exact,uniform,0.0,0
1000,1.367532997551312,6.235878482522877,5.505830004727111,3.0,3.0,50,uniform_exact,uniform,0.0,0
1000,1.367532997551312,6.235878482522877,7.933954065069208,1.5,1.5,100,uniform_exact,uniform,0.0,0
1000,1.367532997551312,6.235878482522877,7.933954065069208,2.628260884878466,sqrt(log n),100,uniform_exact,uniform,0.0,0
1000,1.367532997551312,6.235878482522877,7.933954065069208,3.0,3.0,100,uniform_exact,uniform,0.0,0
1000,1.3274574831627268,6.042607423381932,5.14833082663319,1.5,1.5,10,uniform_exact,uniform,0.0,0
1000,1.3274574831627268,6.042607423381932,5.14833082663319,2.628260884878466,sqrt(log n),10,uniform_exact,uniform,0.0,0
1000,1.3274574831627268,6.042607423381932,5.14833082663319,3.0,3.0,10,uniform_exact,uniform,0.0,0
1000,1.3274574831627268,6.042607423381932,5.161467347136274,1.5,1.5,30,uniform_exact,uniform,0.0,0
1000,1.3274574831627268,6.042607423381932,5.161467347136274,2.628260884878466,sqrt(log n),30,uniform_exact,uniform,0.0,0
1000,1.3274574831627268,6.042607423381932,5.161467347136274,3.0,3.0,30,uniform_exact,uniform,0.0,0
1000,1.3274574831627268,6.042607423381932,4.645315334775448,1.5,1.5,50,uniform_exact,uniform,0.0,0
1000,1.3274574831627268,6.042607423381932,4.645315334775448,2.628260884878466,sqrt(log n),50,uniform_exact,uniform,0.0,0
1000,1.3274574831627268,6.042607423381932,4.645315334775448,3.0,3.0,50,uniform_exact,uniform,0.0,0
1000,1.3274574831627268,6.042607423381932,6.06520766704408,1.5,1.5,100,uniform_exact,uniform,0.0,0
1000,1.3274574831627268,6.042607423381932,6.06520766704408,2.628260884878466,sqrt(log n),100,uniform_exact,uniform,0.0,0
1000,1.3274574831627268,6.042607423381932,6.06520766704408,3.0,3.0,100,uniform_exact,uniform,0.0,0
1000,2.1745485439283283,8.206958182334139,2.7180087100910884,1.5,1.5,10,uniform_exact,uniform,0.0,0
1000,2.1745485439283283,8.206958182334139,2.7180087100910884,2.628260884878466,sqrt(log n),10,uniform_exact,uniform,0.0,0
1000,2.1745485439283283,8.206958182334139,2.7180087100910884,3.0,3.0,10,uniform_exact,uniform,0.0,0
1000,2.1745485439283283,8.206958182334139,5.390919691091873,1.5,1.5,30,is,uniform,0.020786068885553757,0
1000,2.1745485439283283,8.206958182334139,5.390919691091873,2.628260884878466,sqrt(log n),30,uniform_exact,uniform,0.0,0
1000,2.1745485439283283,8.206958182334139,5.390919691091873,3.0,3.0,30,uniform_exact,uniform,0.0,0
1000,2.1745485439283283,8.206958182334139,9.0790252729056,1.5,1.5,50,is,uniform,0.005927981292299322,0
1000,2.1745485439283283,8.206958182334139,9.0790252729056,2.628260884878466,sqrt(log n),50,uniform_exact,uniform,0.0,0
1000,2.1745485439283283,8.206958182334139,9.0790252729056,3.0,3.0,50,uniform_exact,uniform,0.0,0
1000,2.1745485439283283,8.206958182334139,6.435804726260927,1.5,1.5,100,is,uniform,0.01271573081721399,0
1000,2.1745485439283283,8.206958182334139,6.435804726260927,2.628260884878466,sqrt(log n),100,uniform_exact,uniform,0.0,0
1000,2.1745485439283283,8.206958182334139,6.435804726260927,3.0,3.0,100,uniform_exact,uniform,0.0,0
1000,2.2071501455785794,8.244504029581895,1.7659447853611157,1.5,1.5,10,uniform_exact,uniform,0.0,1
1000,2.2071501455785794,8.244504029581895,1.7659447853611157,2.628260884878466,sqrt(log n),10,uniform_exact,uniform,0.0,1
1000,2.2071501455785794,8.244504029581895,1.7659447853611157,3.0,3.0,10,uniform_exact,uniform,0.0,1
1000,2.2071501455785794,8.244504029581895,8.26765810752609,1.5,1.5,30,is,uniform,0.0016192939639782303,1
1000,2.2071501455785794,8.244504029581895,8.26765810752609,2.628260884878466,sqrt(log n),30,uniform_exact,uniform,0.0,1
1000,2.2071501455785794,8.244504029581895,8.26765810752609,3.0,3.0,30,uniform_exact,uniform,0.0,1
1000,2.2071501455785794,8.244504029581895,4.942624335056366,1.5,1.5,50,is,uniform,0.01660291200483111,1
1000,2.2071501455785794,8.244504029581895,4.942624335056366,2.628260884878466,sqrt(log n),50,uniform_exact,uniform,0.0,1
1000,2.2071501455785794,8.244504029581895,4.942624335056366,3.0,3.0,50,uniform_exact,uniform,0.0,1
1000,2.2071501455785794,8.244504029581895,7.019328803286491,1.5,1.5,100,is,uniform,0.0012206777532892598,1
1000,2.2071501455785794,8.244504029581895,7.019328803286491,2.628260884878466,sqrt(log n),100,uniform_exact,uniform,0.0,1
1000,2.2071501455785794,8.244504029581895,7.019328803286491,3.0,3.0,100,uniform_exact,uniform,0.0,1
1000,2.2131805137021714,8.13937339152958,7.821733748030434,1.5,1.5,10,is,uniform,0.016285262480094573,1
1000,2.2131805137021714,8.13937339152958,7.821733748030434,2.628260884878466,sqrt(log n),10,uniform_exact,uniform,0.0,1
1000,2.2131805137021714,8.13937339152958,7.821733748030434,3.0,3.0,10,uniform_exact,uniform,0.0,1
1000,2.2131805137021714,8.13937339152958,6.44282954090345,1.5,1.5,30,is,uniform,0.013377180580820049,1
1000,2.2131805137021714,8.13937339152958,6.44282954090345,2.628260884878466,sqrt(log n),30,uniform_exact,uniform,0.0,1
1000,2.2131805137021714,8.13937339152958,6.44282954090345,3.0,3.0,30,uniform_exact,uniform,0.0,1
1000,2.2131805137021714,8.13937339152958,5.282339345809437,1.5,1.5,50,is,uniform,0.024076622521259104,1
1000,2.2131805137021714,8.13937339152958,5.282339345809437,2.628260884878466,sqrt(log n),50,uniform_exact,uniform,0.0,1
1000,2.2131805137021714,8.13937339152958,5.282339345809437,3.0,3.0,50,uniform_exact,uniform,0.0,1
1000,2.2131805137021714,8.13937339152958,6.536348037823178,1.5,1.5,100,is,uniform,0.0002808764988513987,1
1000,2.2131805137021714,8.13937339152958,6.536348037823178,2.628260884878466,sqrt(log n),100,uniform_exact,uniform,0.0,1
1000,2.2131805137021714,8.13937339152958,6.536348037823178,3.0,3.0,100,uniform_exact,uniform,0.0,1
1000,0.596226390605092,7.59566327931635,1.7727861619110625,1.5,1.5,10,uniform_exact,uniform,0.0,0
1000,0.596226390605092,7.59566327931635,1.7727861619110625,2.628260884878466,sqrt(log n),10,uniform_exact,uniform,0.0,0
1000,0.596226390605092,7.59566327931635,1.7727861619110625,3.0,3.0,10,uniform_exact,uniform,0.0,0
1000,0.596226390605092,7.59566327931635,2.398989870444752,1.5,1.5,30,uniform_exact,uniform,0.0,0
1000,0.596226390605092,7.59566327931635,2.398989870444752,2.628260884878466,sqrt(log n),30,uniform_exact,uniform,0.0,0
1000,0.596226390605092,7.59566327931635,2.398989870444752,3.0,3.0,30,uniform_exact,uniform,0.0,0
1000,0.596226390605092,7.59566327931635,2.1704173985472117,1.5,1.5,50,uniform_exact,uniform,0.0,0
1000,0.596226390605092,7.59566327931635,2.1704173985472117,2.628260884878466,sqrt(log n),50,uniform_exact,uniform,0.0,0
1000,0.596226390605092,7.59566327931635,2.1704173985472117,3.0,3.0,50,uniform_exact,uniform,0.0,0
1000,0.596226390605092,7.59566327931635,2.529591953384425,1.5,1.5,100,uniform_exact,uniform,0.0,0
1000,0.596226390605092,7.59566327931635,2.529591953384425,2.628260884878466,sqrt(log n),100,uniform_exact,uniform,0.0,0
1000,0.596226390605092,7.59566327931635,2.529591953384425,3.0,3.0,100,uniform_exact,uniform,0.0,0
1000,0.5707637716995058,4.76013034379612,2.0106477905833273,1.5,1.5,10,uniform_exact,uniform,0.0,0
1000,0.5707637716995058,4.76013034379612,2.0106477905833273,2.628260884878466,sqrt(log n),10,uniform_exact,uniform,0.0,0
1000,0.5707637716995058,4.76013034379612,2.0106477905833273,3.0,3.0,10,uniform_exact,uniform,0.0,0
1000,0.5707637716995058,4.76013034379612,2.2861841903989832,1.5,1.5,30,uniform_exact,uniform,0.0,0
1000,0.5707637716995058,4.76013034379612,2.2861841903989832,2.628260884878466,sqrt(log n),30,uniform_exact,uniform,0.0,0
1000,0.5707637716995058,4.76013034379612,2.2861841903989832,3.0,3.0,30,uniform_exact,uniform,0.0,0
1000,0.5707637716995058,4.76013034379612,3.670596373325745,1.5,1.5,50,uniform_exact,uniform,0.0,0
1000,0.5707637716995058,4.76013034379612,3.670596373325745,2.628260884878466,sqrt(log n),50,uniform_exact,uniform,0.0,0
1000,0.5707637716995058,4.76013034379612,3.670596373325745,3.0,3.0,50,uniform_exact,uniform,0.0,0
1000,0.5707637716995058,4.76013034379612,3.848373757854726,1.5,1.5,100,uniform_exact,uniform,0.0,0
1000,0.5707637716995058,4.76013034379612,3.848373757854726,2.628260884878466,sqrt(log n),100,uniform_exact,uniform,0.0,0
1000,0.5707637716995058,4.76013034379612,3.848373757854726,3.0,3.0,100,uniform_exact,uniform,0.0,0
1000,0.6082008942884182,5.59710910895369,1.8269367648267807,1.5,1.5,10,uniform_exact,uniform,0.0,0
1000,0.6082008942884182,5.59710910895369,1.8269367648267807,2.628260884878466,sqrt(log n),10,uniform_exact,uniform,0.0,0
1000,0.6082008942884182,5.59710910895369,1.8269367648267807,3.0,3.0,10,uniform_exact,uniform,0.0,0
1000,0.6082008942884182,5.59710910895369,3.325141226954896,1.5,1.5,30,uniform_exact,uniform,0.0,0
1000,0.6082008942884182,5.59710910895369,3.325141226954896,2.628260884878466,sqrt(log n),30,uniform_exact,uniform,0.0,0
1000,0.6082008942884182,5.59710910895369,3.325141226954896,3.0,3.0,30,uniform_exact,uniform,0.0,0
1000,0.6082008942884182,5.59710910895369,4.328396023812884,1.5,1.5,50,uniform_exact,uniform,0.0,0
1000,0.6082008942884182,5.59710910895369,4.328396023812884,2.628260884878466,sqrt(log n),50,uniform_exact,uniform,0.0,0
1000,0.6082008942884182,5.59710910895369,4.328396023812884,3.0,3.0,50,uniform_exact,uniform,0.0,0
1000,0.6082008942884182,5.59710910895369,3.4497668374412602,1.5,1.5,100,uniform_exact,uniform,0.0,0
1000,0.6082008942884182,5.59710910895369,3.4497668374412602,2.628260884878466,sqrt(log n),100,uniform_exact,uniform,0.0,0
1000,0.6082008942884182,5.59710910895369,3.4497668374412602,3.0,3.0,100,uniform_exact,uniform,0.0,0
1000,1.2128763710131376,4.437108297044463,5.400688259836016,1.5,1.5,10,is,uniform,0.012312013927599686,0
1000,1.2128763710131376,4.437108297044463,5.400688259836016,2.628260884878466,sqrt(log n),10,uniform_exact,uniform,0.0,0
1000,1.2128763710131376,4.437108297044463,5.400688259836016,3.0,3.0,10,uniform_exact,uniform,0.0,0
1000,1.2128763710131376,4.437108297044463,2.6111250496477547,1.5,1.5,30,uniform_exact,uniform,0.0,0
1000,1.2128763710131376,4.437108297044463,2.6111250496477547,2.628260884878466,sqrt(log n),30,uniform_exact,uniform,0.0,0
1000,1.2128763710131376,4.437108297044463,2.6111250496477547,3.0,3.0,30,uniform_exact,uniform,0.0,0
1000,1.2128763710131376,4.437108297044463,4.543648945279205,1.5,1.5,50,uniform_exact,uniform,0.0,0
1000,1.2128763710131376,4.437108297044463,4.543648945279205,2.628260884878466,sqrt(log n),50,uniform_exact,uniform,0.0,0
1000,1.2128763710131376,4.437108297044463,4.543648945279205,3.0,3.0,50,uniform_exact,uniform,0.0,0
1000,1.2128763710131376,4.437108297044463,4.310859147246376,1.5,1.5,100,uniform_exact,uniform,0.0,0
1000,1.2128763710131376,4.437108297044463,4.310859147246376,2.628260884878466,sqrt(log n),100,uniform_exact,uniform,0.0,0
1000,1.2128763710131376,4.437108297044463,4.310859147246376,3.0,3.0,100,uniform_exact,uniform,0.0,0
1000,1.222022170293529,4.453870144522961,4.264228683810599,1.5,1.5,10,uniform_exact,uniform,0.0,0
1000,1.222022170293529,4.453870144522961,4.264228683810599,2.628260884878466,sqrt(log n),10,uniform_exact,uniform,0.0,0
1000,1.222022170293529,4.453870144522961,4.264228683810599,3.0,3.0,10,uniform_exact,uniform,0.0,0
1000,1.222022170293529,4.453870144522961,4.601553276582139,1.5,1.5,30,uniform_exact,uniform,0.0,0
1000,1.222022170293529,4.453870144522961,4.601553276582139,2.628260884878466,sqrt(log n),30,uniform_exact,uniform,0.0,0
1000,1.222022170293529,4.453870144522961,4.601553276582139,3.0,3.0,30,uniform_exact,uniform,0.0,0
1000,1.222022170293529,4.453870144522961,5.3206920412991705,1.5,1.5,50,uniform_exact,uniform,0.0,0
1000,1.222022170293529,4.453870144522961,5.3206920412991705,2.628260884878466,sqrt(log n),50,uniform_exact,uniform,0.0,0
1000,1.222022170293529,4.453870144522961,5.3206920412991705,3.0,3.0,50,uniform_exact,uniform,0.0,0
1000,1.222022170293529,4.453870144522961,5.678041715059131,1.5,1.5,100,uniform_exact,uniform,0.0,0
1000,1.222022170293529,4.453870144522961,5.678041715059131,2.628260884878466,sqrt(log n),100,uniform_exact,uniform,0.0,0
1000,1.222022170293529,4.453870144522961,5.678041715059131,3.0,3.0,100,uniform_exact,uniform,0.0,0
1000,1.2283430251331136,4.34226493758284,3.6575002079123133,1.5,1.5,10,uniform_exact,uniform,0.0,0
1000,1.2283430251331136,4.34226493758284,3.6575002079123133,2.628260884878466,sqrt(log n),10,uniform_exact,uniform,0.0,0
1000,1.2283430251331136,4.34226493758284,3.6575002079123133,3.0,3.0,10,uniform_exact,uniform,0.0,0
1000,1.2283430251331136,4.34226493758284,4.523795685271474,1.5,1.5,30,uniform_exact,uniform,0.0,0
1000,1.2283430251331136,4.34226493758284,4.523795685271474,2.628260884878466,sqrt(log n),30,uniform_exact,uniform,0.0,0
1000,1.2283430251331136,4.34226493758284,4.523795685271474,3.0,3.0,30,uniform_exact,uniform,0.0,0
1000,1.2283430251331136,4.34226493758284,3.9264757016650753,1.5,1.5,50,uniform_exact,uniform,0.0,0
1000,1.2283430251331136,4.34226493758284,3.9264757016650753,2.628260884878466,sqrt(log n),50,uniform_exact,uniform,0.0,0
1000,1.2283430251331136,4.34226493758284,3.9264757016650753,3.0,3.0,50,uniform_exact,uniform,0.0,0
1000,1.2283430251331136,4.34226493758284,4.355217877269812,1.5,1.5,100,uniform_exact,uniform,0.0,0
1000,1.2283430251331136,4.34226493758284,4.355217877269812,2.628260884878466,sqrt(log n),100,uniform_exact,uniform,0.0,0
1000,1.2283430251331136,4.34226493758284,4.355217877269812,3.0,3.0,100,uniform_exact,uniform,0.0,0
1000,1.6822322474532947,4.785774324099834,1.5466005665785119,1.5,1.5,10,uniform_exact,uniform,0.0,0
1000,1.6822322474532947,4.785774324099834,1.5466005665785119,2.628260884878466,sqrt(log n),10,uniform_exact,uniform,0.0,0
1000,1.6822322474532947,4.785774324099834,1.5466005665785119,3.0,3.0,10,uniform_exact,uniform,0.0,0
1000,1.6822322474532947,4.785774324099834,4.507100305537073,1.5,1.5,30,is,uniform,0.002015712194362003,0
1000,1.6822322474532947,4.785774324099834,4.507100305537073,2.628260884878466,sqrt(log n),30,uniform_exact,uniform,0.0,0
1000,1.6822322474532947,4.785774324099834,4.507100305537073,3.0,3.0,30,uniform_exact,uniform,0.0,0
1000,1.6822322474532947,4.785774324099834,4.280369034485808,1.5,1.5,50,is,uniform,0.014940323761641843,0
1000,1.6822322474532947,4.785774324099834,4.280369034485808,2.628260884878466,sqrt(log n),50,uniform_exact,uniform,0.0,0
1000,1.6822322474532947,4.785774324099834,4.280369034485808,3.0,3.0,50,uniform_exact,uniform,0.0,0
1000,1.6822322474532947,4.785774324099834,3.596403084559243,1.5,1.5,100,uniform_exact,uniform,0.0,0
1000,1.6822322474532947,4.785774324099834,3.596403084559243,2.628260884878466,sqrt(log n),100,uniform_exact,uniform,0.0,0
1000,1.6822322474532947,4.785774324099834,3.596403084559243,3.0,3.0,100,uniform_exact,uniform,0.0,0
1000,1.6828609678688584,4.797205593998007,4.301747687964989,1.5,1.5,10,is,uniform,0.007252946588691582,0
1000,1.6828609678688584,4.797205593998007,4.301747687964989,2.628260884878466,sqrt(log n),10,uniform_exact,uniform,0.0,0
1000,1.6828609678688584,4.797205593998007,4.301747687964989,3.0,3.0,10,uniform_exact,uniform,0.0,0
1000,1.6828609678688584,4.797205593998007,7.880091204854736,1.5,1.5,30,is,uniform,0.0004839458884003789,0
1000,1.6828609678688584,4.797205593998007,7.880091204854736,2.628260884878466,sqrt(log n),30,uniform_exact,uniform,0.0,0
1000,1.6828609678688584,4.797205593998007,7.880091204854736,3.0,3.0,30,uniform_exact,uniform,0.0,0
1000,1.6828609678688584,4.797205593998007,4.723192160911664,1.5,1.5,50,is,uniform,0.00013494371599799215,0
1000,1.6828609678688584,4.797205593998007,4.723192160911664,2.628260884878466,sqrt(log n),50,uniform_exact,uniform,0.0,0
1000,1.6828609678688584,4.797205593998007,4.723192160911664,3.0,3.0,50,uniform_exact,uniform,0.0,0
1000,1.6828609678688584,4.797205593998007,4.242959703783325,1.5,1.5,100,is,uniform,0.015125711830086546,0
1000,1.6828609678688584,4.797205593998007,4.242959703783325,2.628260884878466,sqrt(log n),100,uniform_exact,uniform,0.0,0
1000,1.6828609678688584,4.797205593998007,4.242959703783325,3.0,3.0,100,uniform_exact,uniform,0.0,0
1000,1.6824444119691087,4.694431122747657,4.339412212278778,1.5,1.5,10,is,uniform,0.00812077755572228,0
1000,1.6824444119691087,4.694431122747657,4.339412212278778,2.628260884878466,sqrt(log n),10,uniform_exact,uniform,0.0,0
1000,1.6824444119691087,4.694431122747657,4.339412212278778,3.0,3.0,10,uniform_exact,uniform,0.0,0
1000,1.6824444119691087,4.694431122747657,6.417718887263751,1.5,1.5,30,is,uniform,0.008817406911754814,0
1000,1.6824444119691087,4.694431122747657,6.417718887263751,2.628260884878466,sqrt(log n),30,uniform_exact,uniform,0.0,0
1000,1.6824444119691087,4.694431122747657,6.417718887263751,3.0,3.0,30,uniform_exact,uniform,0.0,0
1000,1.6824444119691087,4.694431122747657,3.799480721901962,1.5,1.5,50,uniform_exact,uniform,0.0,0
1000,1.6824444119691087,4.694431122747657,3.799480721901962,2.628260884878466,sqrt(log n),50,uniform_exact,uniform,0.0,0
1000,1.6824444119691087,4.694431122747657,3.799480721901962,3.0,3.0,50,uniform_exact,uniform,0.0,0
1000,1.6824444119691087,4.694431122747657,5.214564507886788,1.5,1.5,100,is,uniform,0.0044513113976788875,0
1000,1.6824444119691087,4.694431122747657,5.214564507886788,2.628260884878466,sqrt(log n),100,uniform_exact,uniform,0.0,0
1000,1.6824444119691087,4.694431122747657,5.214564507886788,3.0,3.0,100,uniform_exact,uniform,0.0,0
2000,0.6437859806065077,7.26494190000632,1.8246974606900843,1.5,1.5,10,uniform_exact,uniform,0.0,0
2000,0.6437859806065077,7.26494190000632,1.8246974606900843,2.7569734238004693,sqrt(log n),10,uniform_exact,uniform,0.0,0
2000,0.6437859806065077,7.26494190000632,1.8246974606900843,3.0,3.0,10,uniform_exact,uniform,0.0,0
2000,0.6437859806065077,7.26494190000632,2.6494560694668365,1.5,1.5,30,uniform_exact,uniform,0.0,0
2000,0.6437859806065077,7.26494190000632,2.6494560694668365,2.7569734238004693,sqrt(log n),30,uniform_exact,uniform,0.0,0
2000,0.6437859806065077,7.26494190000632,2.6494560694668365,3.0,3.0,30,uniform_exact,uniform,0.0,0
2000,0.6437859806065077,7.26494190000632,2.5115530067043434,1.5,1.5,50,uniform_exact,uniform,0.0,0
2000,0.6437859806065077,7.26494190000632,2.5115530067043434,2.7569734238004693,sqrt(log n),50,uniform_exact,uniform,0.0,0
2000,0.6437859806065077,7.26494190000632,2.5115530067043434,3.0,3.0,50,uniform_exact,uniform,0.0,0
2000,0.6437859806065077,7.26494190000632,3.0361319139142364,1.5,1.5,100,uniform_exact,uniform,0.0,0
2000,0.6437859806065077,7.26494190000632,3.0361319139142364,2.7569734238004693,sqrt(log n),100,uniform_exact,uniform,0.0,0
2000,0.6437859806065077,7.26494190000632,3.0361319139142364,3.0,3.0,100,uniform_exact,uniform,0.0,0
2000,0.6783226328241753,6.987718128416362,2.6783298076728435,1.5,1.5,10,uniform_exact,uniform,0.0,0
2000,0.6783226328241753,6.987718128416362,2.6783298076728435,2.7569734238004693,sqrt(log n),10,uniform_exact,uniform,0.0,0
2000,0.6783226328241753,6.987718128416362,2.6783298076728435,3.0,3.0,10,uniform_exact,uniform,0.0,0
2000,0.6783226328241753,6.987718128416362,4.062121933535298,1.5,1.5,30,uniform_exact,uniform,0.0,0
2000,0.6783226328241753,6.987718128416362,4.062121933535298,2.7569734238004693,sqrt(log n),30,uniform_exact,uniform,0.0,0
2000,0.6783226328241753,6.987718128416362,4.062121933535298,3.0,3.0,30,uniform_exact,uniform,0.0,0
2000,0.6783226328241753,6.987718128416362,4.161137334959992,1.5,1.5,50,uniform_exact,uniform,0.0,0
2000,0.6783226328241753,6.987718128416362,4.161137334959992,2.7569734238004693,sqrt(log n),50,uniform_exact,uniform,0.0,0
2000,0.6783226328241753,6.987718128416362,4.161137334959992,3.0,3.0,50,uniform_exact,uniform,0.0,0
2000,0.6783226328241753,6.987718128416362,2.6286937928833454,1.5,1.5,100,uniform_exact,uniform,0.0,0
2000,0.6783226328241753,6.987718128416362,2.6286937928833454,2.7569734238004693,sqrt(log n),100,uniform_exact,uniform,0.0,0
2000,0.6783226328241753,6.987718128416362,2.6286937928833454,3.0,3.0,100,uniform_exact,uniform,0.0,0
2000,0.7008485258315146,10.87323753149392,2.4405251956444793,1.5,1.5,10,uniform_exact,uniform,0.0,0
2000,0.7008485258315146,10.87323753149392,2.4405251956444793,2.7569734238004693,sqrt(log n),10,uniform_exact,uniform,0.0,0
2000,0.7008485258315146,10.87323753149392,2.4405251956444793,3.0,3.0,10,uniform_exact,uniform,0.0,0
2000,0.7008485258315146,10.87323753149392,2.223839651050549,1.5,1.5,30,uniform_exact,uniform,0.0,0
2000,0.7008485258315146,10.87323753149392,2.223839651050549,2.7569734238004693,sqrt(log n),30,uniform_exact,uniform,0.0,0
2000,0.7008485258315146,10.87323753149392,2.223839651050549,3.0,3.0,30,uniform_exact,uniform,0.0,0
2000,0.7008485258315146,10.87323753149392,2.2428164367543904,1.5,1.5,50,uniform_exact,uniform,0.0,0
2000,0.7008485258315146,10.87323753149392,2.2428164367543904,2.7569734238004693,sqrt(log n),50,uniform_exact,uniform,0.0,0
2000,0.7008485258315146,10.87323753149392,2.2428164367543904,3.0,3.0,50,uniform_exact,uniform,0.0,0
2000,0.7008485258315146,10.87323753149392,3.9807351117646,1.5,1.5,100,uniform_exact,uniform,0.0,0
2000,0.7008485258315146,10.87323753149392,3.9807351117646,2.7569734238004693,sqrt(log n),100,uniform_exact,uniform,0.0,0
2000,0.7008485258315146,10.87323753149392,3.9807351117646,3.0,3.0,100,uniform_exact,uniform,0.0,0
2000,0.6647636523552978,9.371015606248461,1.5336023608209417,1.5,1.5,10,uniform,uniform,0.00625405457131843,0
2000,0.6647636523552978,9.371015606248461,1.5336023608209417,2.7569734238004693,sqrt(log n),10,uniform,uniform,0.00625405457131843,0
2000,0.6647636523552978,9.371015606248461,1.5336023608209417,3.0,3.0,10,uniform,uniform,0.00625405457131843,0
2000,0.6647636523552978,9.371015606248461,5.493669262862671,1.5,1.5,30,uniform_exact,uniform,0.0,0
2000,0.6647636523552978,9.371015606248461,5.493669262862671,2.7569734238004693,sqrt(log n),30,uniform_exact,uniform,0.0,0
2000,0.6647636523552978,9.371015606248461,5.493669262862671,3.0,3.0,30,uniform_exact,uniform,0.0,0
2000,0.6647636523552978,9.371015606248461,4.01720709912465,1.5,1.5,50,uniform_exact,uniform,0.0,0
2000,0.6647636523552978,9.371015606248461,4.01720709912465,2.7569734238004693,sqrt(log n),50,uniform_exact,uniform,0.0,0
2000,0.6647636523552978,9.371015606248461,4.01720709912465,3.0,3.0,50,uniform_exact,uniform,0.0,0
2000,0.6647636523552978,9.371015606248461,7.394882493411912,1.5,1.5,100,uniform_exact,uniform,0.0,0
2000,0.6647636523552978,9.371015606248461,7.394882493411912,2.7569734238004693,sqrt(log n),100,uniform_exact,uniform,0.0,0
2000,0.6647636523552978,9.371015606248461,7.394882493411912,3.0,3.0,100,uniform_exact,uniform,0.0,0
2000,0.6503303945228937,7.618833107152736,2.367443080483138,1.5,1.5,10,uniform_exact,uniform,0.0,0
2000,0.6503303945228937,7.618833107152736,2.367443080483138,2.7569734238004693,sqrt(log n),10,uniform_exact,uniform,0.0,0
2000,0.6503303945228937,7.618833107152736,2.367443080483138,3.0,3.0,10,uniform_exact,uniform,0.0,0
2000,0.6503303945228937,7.618833107152736,2.247381817871927,1.5,1.5,30,uniform_exact,uniform,0.0,0
2000,0.6503303945228937,7.618833107152736,2.247381817871927,2.7569734238004693,sqrt(log n),30,uniform_exact,uniform,0.0,0
2000,0.6503303945228937,7.618833107152736,2.247381817871927,3.0,3.0,30,uniform_exact,uniform,0.0,0
2000,0.6503303945228937,7.618833107152736,3.5614645638761138,1.5,1.5,50,uniform_exact,uniform,0.0,0
2000,0.6503303945228937,7.618833107152736,3.5614645638761138,2.7569734238004693,sqrt(log n),50,uniform_exact,uniform,0.0,0
2000,0.6503303945228937,7.618833107152736,3.5614645638761138,3.0,3.0,50,uniform_exact,uniform,0.0,0
2000,0.6503303945228937,7.618833107152736,2.6557543941107657,1.5,1.5,100,uniform_exact,uniform,0.0,0
2000,0.6503303945228937,7.618833107152736,2.6557543941107657,2.7569734238004693,sqrt(log n),100,uniform_exact,uniform,0.0,0
2000,0.6503303945228937,7.618833107152736,2.6557543941107657,3.0,3.0,100,uniform_exact,uniform,0.0,0
2000,0.7116392058914187,10.837519913683188,2.0435545119675536,1.5,1.5,10,uniform_exact,uniform,0.0,0
2000,0.7116392058914187,10.837519913683188,2.0435545119675536,2.7569734238004693,sqrt(log n),10,uniform_exact,uniform,0.0,0
2000,0.7116392058914187,10.837519913683188,2.0435545119675536,3.0,3.0,10,uniform_exact,uniform,0.0,0
2000,0.7116392058914187,10.837519913683188,3.5884446264873624,1.5,1.5,30,uniform_exact,uniform,0.0,0
2000,0.7116392058914187,10.837519913683188,3.5884446264873624,2.7569734238004693,sqrt(log n),30,uniform_exact,uniform,0.0,0
2000,0.7116392058914187,10.837519913683188,3.5884446264873624,3.0,3.0,30,uniform_exact,uniform,0.0,0
2000,0.7116392058914187,10.837519913683188,2.469884938192129,1.5,1.5,50,uniform_exact,uniform,0.0,0
2000,0.7116392058914187,10.837519913683188,2.469884938192129,2.7569734238004693,sqrt(log n),50,uniform_exact,uniform,0.0,0
2000,0.7116392058914187,10.837519913683188,2.469884938192129,3.0,3.0,50,uniform_exact,uniform,0.0,0
2000,0.7116392058914187,10.837519913683188,3.697290442826359,1.5,1.5,100,uniform_exact,uniform,0.0,0
2000,0.7116392058914187,10.837519913683188,3.697290442826359,2.7569734238004693,sqrt(log n),100,uniform_exact,uniform,0.0,0
2000,0.7116392058914187,10.837519913683188,3.697290442826359,3.0,3.0,100,uniform_exact,uniform,0.0,0
2000,0.6984542271619008,9.191213698217632,1.3914624867475756,1.5,1.5,10,uniform,uniform,0.00923052636585235,0
2000,0.6984542271619008,9.191213698217632,1.3914624867475756,2.7569734238004693,sqrt(log n),10,uniform,uniform,0.00923052636585235,0
2000,0.6984542271619008,9.191213698217632,1.3914624867475756,3.0,3.0,10,uniform,uniform,0.00923052636585235,0
2000,0.6984542271619008,9.191213698217632,2.73890746614778,1.5,1.5,30,uniform_exact,uniform,0.0,0
2000,0.6984542271619008,9.191213698217632,2.73890746614778,2.7569734238004693,sqrt(log n),30,uniform_exact,uniform,0.0,0
2000,0.6984542271619008,9.191213698217632,2.73890746614778,3.0,3.0,30,uniform_exact,uniform,0.0,0
2000,0.6984542271619008,9.191213698217632,5.089503467909739,1.5,1.5,50,uniform_exact,uniform,0.0,0
2000,0.6984542271619008,9.191213698217632,5.089503467909739,2.7569734238004693,sqrt(log n),50,uniform_exact,uniform,0.0,0
2000,0.6984542271619008,9.191213698217632,5.089503467909739,3.0,3.0,50,uniform_exact,uniform,0.0,0
2000,0.6984542271619008,9.191213698217632,3.1741035072798973,1.5,1.5,100,uniform_exact,uniform,0.0,0
2000,0.6984542271619008,9.191213698217632,3.1741035072798973,2.7569734238004693,sqrt(log n),100,uniform_exact,uniform,0.0,0
2000,0.6984542271619008,9.191213698217632,3.1741035072798973,3.0,3.0,100,uniform_exact,uniform,0.0,0
2000,0.6531760108020092,9.05950966881119,1.9092820560710502,1.5,1.5,10,uniform_exact,uniform,0.0,0
2000,0.6531760108020092,9.05950966881119,1.9092820560710502,2.7569734238004693,sqrt(log n),10,uniform_exact,uniform,0.0,0
2000,0.6531760108020092,9.05950966881119,1.9092820560710502,3.0,3.0,10,uniform_exact,uniform,0.0,0
2000,0.6531760108020092,9.05950966881119,4.2843012157589415,1.5,1.5,30,uniform_exact,uniform,0.0,0
2000,0.6531760108020092,9.05950966881119,4.2843012157589415,2.7569734238004693,sqrt(log n),30,uniform_exact,uniform,0.0,0
2000,0.6531760108020092,9.05950966881119,4.2843012157589415,3.0,3.0,30,uniform_exact,uniform,0.0,0
2000,0.6531760108020092,9.05950966881119,3.3117232456164185,1.5,1.5,50,uniform_exact,uniform,0.0,0
2000,0.6531760108020092,9.05950966881119,3.3117232456164185,2.7569734238004693,sqrt(log n),50,uniform_exact,uniform,0.0,0
2000,0.6531760108020092,9.05950966881119,3.3117232456164185,3.0,3.0,50,uniform_exact,uniform,0.0,0
2000,0.6531760108020092,9.05950966881119,5.010148668022396,1.5,1.5,100,uniform_exact,uniform,0.0,0
2000,0.6531760108020092,9.05950966881119,5.010148668022396,2.7569734238004693,sqrt(log n),100,uniform_exact,uniform,0.0,0
2000,0.6531760108020092,9.05950966881119,5.010148668022396,3.0,3.0,100,uniform_exact,uniform,0.0,0
2000,0.6722700999610615,5.917746054892996,1.6655304107134525,1.5,1.5,10,uniform,uniform,0.0005375801026169063,0
2000,0.6722700999610615,5.917746054892996,1.6655304107134525,2.7569734238004693,sqrt(log n),10,uniform,uniform,0.0005375801026169063,0
2000,0.6722700999610615,5.917746054892996,1.6655304107134525,3.0,3.0,10,uniform,uniform,0.0005375801026169063,0
2000,0.6722700999610615,5.917746054892996,2.151469896557225,1.5,1.5,30,uniform,uniform,0.005276995264837645,0
2000,0.6722700999610615,5.917746054892996,2.151469896557225,2.7569734238004693,sqrt(log n),30,uniform,uniform,0.005276995264837645,0
2000,0.6722700999610615,5.917746054892996,2.151469896557225,3.0,3.0,30,uniform,uniform,0.005276995264837645,0
2000,0.6722700999610615,5.917746054892996,4.104078997472004,1.5,1.5,50,uniform_exact,uniform,0.0,0
2000,0.6722700999610615,5.917746054892996,4.104078997472004,2.7569734238004693,sqrt(log n),50,uniform_exact,uniform,0.0,0
2000,0.6722700999610615,5.917746054892996,4.104078997472004,3.0,3.0,50,uniform_exact,uniform,0.0,0
2000,0.6722700999610615,5.917746054892996,5.221829139413604,1.5,1.5,100,uniform_exact,uniform,0.0,0
2000,0.6722700999610615,5.917746054892996,5.221829139413604,2.7569734238004693,sqrt(log n),100,uniform_exact,uniform,0.0,0
2000,0.6722700999610615,5.917746054892996,5.221829139413604,3.0,3.0,100,uniform_exact,uniform,0.0,0
2000,0.7041455345419971,8.158001271669198,2.5422824052084065,1.5,1.5,10,uniform_exact,uniform,0.0,0
2000,0.7041455345419971,8.158001271669198,2.5422824052084065,2.7569734238004693,sqrt(log n),10,uniform_exact,uniform,0.0,0
2000,0.7041455345419971,8.158001271669198,2.5422824052084065,3.0,3.0,10,uniform_exact,uniform,0.0,0
2000,0.7041455345419971,8.158001271669198,2.03057530249694,1.5,1.5,30,uniform,uniform,0.003422454732160065,0
2000,0.7041455345419971,8.158001271669198,2.03057530249694,2.7569734238004693,sqrt(log n),30,uniform,uniform,0.003422454732160065,0
2000,0.7041455345419971,8.158001271669198,2.03057530249694,3.0,3.0,30,uniform,uniform,0.003422454732160065,0
2000,0.7041455345419971,8.158001271669198,3.645849192964391,1.5,1.5,50,uniform_exact,uniform,0.0,0
2000,0.7041455345419971,8.158001271669198,3.645849192964391,2.7569734238004693,sqrt(log n),50,uniform_exact,uniform,0.0,0
2000,0.7041455345419971,8.158001271669198,3.645849192964391,3.0,3.0,50,uniform_exact,uniform,0.0,0
2000,0.7041455345419971,8.158001271669198,3.3491686497895694,1.5,1.5,100,uniform_exact,uniform,0.0,0
2000,0.7041455345419971,8.158001271669198,3.3491686497895694,2.7569734238004693,sqrt(log n),100,uniform_exact,uniform,0.0,0
2000,0.7041455345419971,8.158001271669198,3.3491686497895694,3.0,3.0,100,uniform_exact,uniform,0.0,0
2000,0.6776575995706522,7.229319530734069,2.3615533321483357,1.5,1.5,10,uniform_exact,uniform,0.0,0
2000,0.6776575995706522,7.229319530734069,2.3615533321483357,2.7569734238004693,sqrt(log n),10,uniform_exact,uniform,0.0,0
2000,0.6776575995706522,7.229319530734069,2.3615533321483357,3.0,3.0,10,uniform_exact,uniform,0.0,0
2000,0.6776575995706522,7.229319530734069,2.083474352654526,1.5,1.5,30,uniform_exact,uniform,0.0,0
2000,0.6776575995706522,7.229319530734069,2.083474352654526,2.7569734238004693,sqrt(log n),30,uniform_exact,uniform,0.0,0
2000,0.6776575995706522,7.229319530734069,2.083474352654526,3.0,3.0,30,uniform_exact,uniform,0.0,0
2000,0.6776575995706522,7.229319530734069,4.102496569883842,1.5,1.5,50,uniform_exact,uniform,0.0,0
2000,0.6776575995706522,7.229319530734069,4.102496569883842,2.7569734238004693,sqrt(log n),50,uniform_exact,uniform,0.0,0
2000,0.6776575995706522,7.229319530734069,4.102496569883842,3.0,3.0,50,uniform_exact,uniform,0.0,0
2000,0.6776575995706522,7.229319530734069,3.439651395685163,1.5,1.5,100,uniform_exact,uniform,0.0,0
2000,0.6776575995706522,7.229319530734069,3.439651395685163,2.7569734238004693,sqrt(log n),100,uniform_exact,uniform,0.0,0
2000,0.6776575995706522,7.229319530734069,3.439651395685163,3.0,3.0,100,uniform_exact,uniform,0.0,0
2000,0.6623640231431586,9.28680597708695,1.7512071674780827,1.5,1.5,10,uniform,uniform,0.0036421687545812793,0
2000,0.6623640231431586,9.28680597708695,1.7512071674780827,2.7569734238004693,sqrt(log n),10,uniform,uniform,0.0036421687545812793,0
2000,0.6623640231431586,9.28680597708695,1.7512071674780827,3.0,3.0,10,uniform,uniform,0.0036421687545812793,0
2000,0.6623640231431586,9.28680597708695,2.6568684386189148,1.5,1.5,30,uniform_exact,uniform,0.0,0
2000,0.6623640231431586,9.28680597708695,2.6568684386189148,2.7569734238004693,sqrt(log n),30,uniform_exact,uniform,0.0,0
2000,0.6623640231431586,9.28680597708695,2.6568684386189148,3.0,3.0,30,uniform_exact,uniform,0.0,0
2000,0.6623640231431586,9.28680597708695,4.152401107338862,1.5,1.5,50,uniform_exact,uniform,0.0,0
2000,0.6623640231431586,9.28680597708695,4.152401107338862,2.7569734238004693,sqrt(log n),50,uniform_exact,uniform,0.0,0
2000,0.6623640231431586,9.28680597708695,4.152401107338862,3.0,3.0,50,uniform_exact,uniform,0.0,0
2000,0.6623640231431586,9.28680597708695,2.835166276620125,1.5,1.5,100,uniform_exact,uniform,0.0,0
2000,0.6623640231431586,9.28680597708695,2.835166276620125,2.7569734238004693,sqrt(log n),100,uniform_exact,uniform,0.0,0
2000,0.6623640231431586,9.28680597708695,2.835166276620125,3.0,3.0,100,uniform_exact,uniform,0.0,0
2000,0.9816612409123018,11.124163624423396,2.3544855703713394,1.5,1.5,10,uniform_exact,uniform,0.0,0
2000,0.9816612409123018,11.124163624423396,2.3544855703713394,2.7569734238004693,sqrt(log n),10,uniform_exact,uniform,0.0,0
2000,0.9816612409123018,11.124163624423396,2.3544855703713394,3.0,3.0,10,uniform_exact,uniform,0.0,0
2000,0.9816612409123018,11.124163624423396,4.3644722643251,1.5,1.5,30,uniform_exact,uniform,0.0,0
2000,0.9816612409123018,11.124163624423396,4.3644722643251,2.7569734238004693,sqrt(log n),30,uniform_exact,uniform,0.0,0
2000,0.9816612409123018,11.124163624423396,4.3644722643251,3.0,3.0,30,uniform_exact,uniform,0.0,0
2000,0.9816612409123018,11.124163624423396,6.306964861706987,1.5,1.5,50,uniform_exact,uniform,0.0,0
2000,0.9816612409123018,11.124163624423396,6.306964861706987,2.7569734238004693,sqrt(log n),50,uniform_exact,uniform,0.0,0
2000,0.9816612409123018,11.124163624423396,6.306964861706987,3.0,3.0,50,uniform_exact,uniform,0.0,0
2000,0.9816612409123018,11.124163624423396,3.5699638176458173,1.5,1.5,100,uniform_exact,uniform,0.0,0
2000,0.9816612409123018,11.124163624423396,3.5699638176458173,2.7569734238004693,sqrt(log n),100,uniform_exact,uniform,0.0,0
2000,0.9816612409123018,11.124163624423396,3.5699638176458173,3.0,3.0,100,uniform_exact,uniform,0.0,0
2000,1.019893147231907,10.771710935140439,2.376269892017257,1.5,1.5,10,uniform_exact,uniform,0.0,0
2000,1.019893147231907,10.771710935140439,2.376269892017257,2.7569734238004693,sqrt(log n),10,uniform_exact,uniform,0.0,0
2000,1.019893147231907,10.771710935140439,2.376269892017257,3.0,3.0,10,uniform_exact,uniform,0.0,0
2000,1.019893147231907,10.771710935140439,2.204931285087121,1.5,1.5,30,uniform_exact,uniform,0.0,0
2000,1.019893147231907,10.771710935140439,2.204931285087121,2.7569734238004693,sqrt(log n),30,uniform_exact,uniform,0.0,0
2000,1.019893147231907,10.771710935140439,2.204931285087121,3.0,3.0,30,uniform_exact,uniform,0.0,0
2000,1.019893147231907,10.771710935140439,3.89349269535613,1.5,1.5,50,uniform_exact,uniform,0.0,0
2000,1.019893147231907,10.771710935140439,3.89349269535613,2.7569734238004693,sqrt(log n),50,uniform_exact,uniform,0.0,0
2000,1.019893147231907,10.771710935140439,3.89349269535613,3.0,3.0,50,uniform_exact,uniform,0.0,0
2000,1.019893147231907,10.771710935140439,10.509055258065544,1.5,1.5,100,uniform_exact,uniform,0.0,0
2000,1.019893147231907,10.771710935140439,10.509055258065544,2.7569734238004693,sqrt(log n),100,uniform_exact,uniform,0.0,0
2000,1.019893147231907,10.771710935140439,10.509055258065544,3.0,3.0,100,uniform_exact,uniform,0.0,0
2000,1.0038984191058524,11.152323945467518,3.317577217716267,1.5,1.5,10,uniform_exact,uniform,0.0,0
2000,1.0038984191058524,11.152323945467518,3.317577217716267,2.7569734238004693,sqrt(log n),10,uniform_exact,uniform,0.0,0
2000,1.0038984191058524,11.152323945467518,3.317577217716267,3.0,3.0,10,uniform_exact,uniform,0.0,0
2000,1.0038984191058524,11.152323945467518,2.744049416562094,1.5,1.5,30,uniform_exact,uniform,0.0,0
2000,1.0038984191058524,11.152323945467518,2.744049416562094,2.7569734238004693,sqrt(log n),30,uniform_exact,uniform,0.0,0
2000,1.0038984191058524,11.152323945467518,2.744049416562094,3.0,3.0,30,uniform_exact,uniform,0.0,0
2000,1.0038984191058524,11.152323945467518,3.0044946583876286,1.5,1.5,50,uniform_exact,uniform,0.0,0
2000,1.0038984191058524,11.152323945467518,3.0044946583876286,2.7569734238004693,sqrt(log n),50,uniform_exact,uniform,0.0,0
2000,1.0038984191058524,11.152323945467518,3.0044946583876286,3.0,3.0,50,uniform_exact,uniform,0.0,0
2000,1.0038984191058524,11.152323945467518,8.551233538041306,1.5,1.5,100,uniform_exact,uniform,0.0,0
2000,1.0038984191058524,11.152323945467518,8.551233538041306,2.7569734238004693,sqrt(log n),100,uniform_exact,uniform,0.0,0
2000,1.0038984191058524,11.152323945467518,8.551233538041306,3.0,3.0,100,uniform_exact,uniform,0.0,0
2000,2.485939595674491,27.10730987984548,2.438242481595574,1.5,1.5,10,uniform_exact,uniform,0.0,1
2000,2.485939595674491,27.10730987984548,2.438242481595574,2.7569734238004693,sqrt(log n),10,uniform_exact,uniform,0.0,1
2000,2.485939595674491,27.10730987984548,2.438242481595574,3.0,3.0,10,uniform_exact,uniform,0.0,1
2000,2.485939595674491,27.10730987984548,4.029913101648665,1.5,1.5,30,uniform_exact,uniform,0.0,1
2000,2.485939595674491,27.10730987984548,4.029913101648665,2.7569734238004693,sqrt(log n),30,uniform_exact,uniform,0.0,1
2000,2.485939595674491,27.10730987984548,4.029913101648665,3.0,3.0,30,uniform_exact,uniform,0.0,1
2000,2.485939595674491,27.10730987984548,15.50781157637983,1.5,1.5,50,is,uniform,0.005617648916022685,1
2000,2.485939595674491,27.10730987984548,15.50781157637983,2.7569734238004693,sqrt(log n),50,is,uniform,0.005617648916022685,1
2000,2.485939595674491,27.10730987984548,15.50781157637983,3.0,3.0,50,uniform_exact,uniform,0.0,1
2000,2.485939595674491,27.10730987984548,27.053069871510417,1.5,1.5,100,is,uniform,0.0032418387204123165,1
2000,2.485939595674491,27.10730987984548,27.053069871510417,2.7569734238004693,sqrt(log n),100,uniform_exact,uniform,0.0,1
2000,2.485939595674491,27.10730987984548,27.053069871510417,3.0,3.0,100,uniform_exact,uniform,0.0,1
2000,2.4574092914423638,26.830979453268434,2.3811910749642204,1.5,1.5,10,uniform_exact,uniform,0.0,1
2000,2.4574092914423638,26.830979453268434,2.3811910749642204,2.7569734238004693,sqrt(log n),10,uniform_exact,uniform,0.0,1
2000,2.4574092914423638,26.830979453268434,2.3811910749642204,3.0,3.0,10,uniform_exact,uniform,0.0,1
2000,2.4574092914423638,26.830979453268434,2.909682701262969,1.5,1.5,30,uniform_exact,uniform,0.0,1
2000,2.4574092914423638,26.830979453268434,2.909682701262969,2.7569734238004693,sqrt(log n),30,uniform_exact,uniform,0.0,1
2000,2.4574092914423638,26.830979453268434,2.909682701262969,3.0,3.0,30,uniform_exact,uniform,0.0,1
2000,2.4574092914423638,26.830979453268434,21.396275479900854,1.5,1.5,50,is,uniform,0.0018945624282237555,1
2000,2.4574092914423638,26.830979453268434,21.396275479900854,2.7569734238004693,sqrt(log n),50,is,uniform,0.0018945624282237555,1
2000,2.4574092914423638,26.830979453268434,21.396275479900854,3.0,3.0,50,uniform_exact,uniform,0.0,1
2000,2.4574092914423638,26.830979453268434,20.770265591206183,1.5,1.5,100,is,uniform,0.00016924576129460296,1
2000,2.4574092914423638,26.830979453268434,20.770265591206183,2.7569734238004693,sqrt(log n),100,is,uniform,0.00016924576129460296,1
2000,2.4574092914423638,26.830979453268434,20.770265591206183,3.0,3.0,100,uniform_exact,uniform,0.0,1
2000,2.4875934157876274,27.001639859771334,2.060028843633637,1.5,1.5,10,uniform_exact,uniform,0.0,1
2000,2.4875934157876274,27.001639859771334,2.060028843633637,2.7569734238004693,sqrt(log n),10,uniform_exact,uniform,0.0,1
2000,2.4875934157876274,27.001639859771334,2.060028843633637,3.0,3.0,10,uniform_exact,uniform,0.0,1
2000,2.4875934157876274,27.001639859771334,5.020959976699621,1.5,1.5,30,uniform_exact,uniform,0.0,1
2000,2.4875934157876274,27.001639859771334,5.020959976699621,2.7569734238004693,sqrt(log n),30,uniform_exact,uniform,0.0,1
2000,2.4875934157876274,27.001639859771334,5.020959976699621,3.0,3.0,30,uniform_exact,uniform,0.0,1
2000,2.4875934157876274,27.001639859771334,19.49982660483766,1.5,1.5,50,is,uniform,0.008142731337208758,1
2000,2.4875934157876274,27.001639859771334,19.49982660483766,2.7569734238004693,sqrt(log n),50,uniform_exact,uniform,0.0,1
2000,2.4875934157876274,27.001639859771334,19.49982660483766,3.0,3.0,50,uniform_exact,uniform,0.0,1
2000,2.4875934157876274,27.001639859771334,24.063017835357265,1.5,1.5,100,is,uniform,0.014951079938066917,1
2000,2.4875934157876274,27.001639859771334,24.063017835357265,2.7569734238004693,sqrt(log n),100,uniform_exact,uniform,0.0,1
2000,2.4875934157876274,27.001639859771334,24.063017835357265,3.0,3.0,100,uniform_exact,uniform,0.0,1
2000,0.6522247884106012,6.7974888408872705,1.760760657290639,1.5,1.5,10,uniform_exact,uniform,0.0,0
2000,0.6522247884106012,6.7974888408872705,1.760760657290639,2.7569734238004693,sqrt(log n),10,uniform_exact,uniform,0.0,0
2000,0.6522247884106012,6.7974888408872705,1.760760657290639,3.0,3.0,10,uniform_exact,uniform,0.0,0
2000,0.6522247884106012,6.7974888408872705,2.0671913169446317,1.5,1.5,30,uniform_exact,uniform,0.0,0
2000,0.6522247884106012,6.7974888408872705,2.0671913169446317,2.7569734238004693,sqrt(log n),30,uniform_exact,uniform,0.0,0
2000,0.6522247884106012,6.7974888408872705,2.0671913169446317,3.0,3.0,30,uniform_exact,uniform,0.0,0
2000,0.6522247884106012,6.7974888408872705,3.7531285465239463,1.5,1.5,50,uniform_exact,uniform,0.0,0
2000,0.6522247884106012,6.7974888408872705,3.7531285465239463,2.7569734238004693,sqrt(log n),50,uniform_exact,uniform,0.0,0
2000,0.6522247884106012,6.7974888408872705,3.7531285465239463,3.0,3.0,50,uniform_exact,uniform,0.0,0
2000,0.6522247884106012,6.7974888408872705,4.493222964391343,1.5,1.5,100,uniform_exact,uniform,0.0,0
2000,0.6522247884106012,6.7974888408872705,4.493222964391343,2.7569734238004693,sqrt(log n),100,uniform_exact,uniform,0.0,0
2000,0.6522247884106012,6.7974888408872705,4.493222964391343,3.0,3.0,100,uniform_exact,uniform,0.0,0
2000,0.708592555862065,7.3196862152942685,1.447906278367141,1.5,1.5,10,uniform,uniform,0.009882451956057189,0
2000,0.708592555862065,7.3196862152942685,1.447906278367141,2.7569734238004693,sqrt(log n),10,uniform,uniform,0.009882451956057189,0
2000,0.708592555862065,7.3196862152942685,1.447906278367141,3.0,3.0,10,uniform,uniform,0.009882451956057189,0
2000,0.708592555862065,7.3196862152942685,4.4158550613801415,1.5,1.5,30,uniform_exact,uniform,0.0,0
2000,0.708592555862065,7.3196862152942685,4.4158550613801415,2.7569734238004693,sqrt(log n),30,uniform_exact,uniform,0.0,0
2000,0.708592555862065,7.3196862152942685,4.4158550613801415,3.0,3.0,30,uniform_exact,uniform,0.0,0
2000,0.708592555862065,7.3196862152942685,3.930110413376295,1.5,1.5,50,uniform_exact,uniform,0.0,0
2000,0.708592555862065,7.3196862152942685,3.930110413376295,2.7569734238004693,sqrt(log n),50,uniform_exact,uniform,0.0,0
2000,0.708592555862065,7.3196862152942685,3.930110413376295,3.0,3.0,50,uniform_exact,uniform,0.0,0
2000,0.708592555862065,7.3196862152942685,6.1564685110811785,1.5,1.5,100,uniform_exact,uniform,0.0,0
2000,0.708592555862065,7.3196862152942685,6.1564685110811785,2.7569734238004693,sqrt(log n),100,uniform_exact,uniform,0.0,0
2000,0.708592555862065,7.3196862152942685,6.1564685110811785,3.0,3.0,100,uniform_exact,uniform,0.0,0
2000,0.6266465193598646,6.766098028970186,2.360060645097219,1.5,1.5,10,uniform_exact,uniform,0.0,0
2000,0.6266465193598646,6.766098028970186,2.360060645097219,2.7569734238004693,sqrt(log n),10,uniform_exact,uniform,0.0,0
2000,0.6266465193598646,6.766098028970186,2.360060645097219,3.0,3.0,10,uniform_exact,uniform,0.0,0
2000,0.6266465193598646,6.766098028970186,2.455152167030394,1.5,1.5,30,uniform_exact,uniform,0.0,0
2000,0.6266465193598646,6.766098028970186,2.455152167030394,2.7569734238004693,sqrt(log n),30,uniform_exact,uniform,0.0,0
2000,0.6266465193598646,6.766098028970186,2.455152167030394,3.0,3.0,30,uniform_exact,uniform,0.0,0
2000,0.6266465193598646,6.766098028970186,4.243004001073658,1.5,1.5,50,uniform_exact,uniform,0.0,0
2000,0.6266465193598646,6.766098028970186,4.243004001073658,2.7569734238004693,sqrt(log n),50,uniform_exact,uniform,0.0,0
2000,0.6266465193598646,6.766098028970186,4.243004001073658,3.0,3.0,50,uniform_exact,uniform,0.0,0
2000,0.6266465193598646,6.766098028970186,3.7439211800195693,1.5,1.5,100,uniform_exact,uniform,0.0,0
2000,0.6266465193598646,6.766098028970186,3.7439211800195693,2.7569734238004693,sqrt(log n),100,uniform_exact,uniform,0.0,0
2000,0.6266465193598646,6.766098028970186,3.7439211800195693,3.0,3.0,100,uniform_exact,uniform,0.0,0
2000,1.187664640127493,10.482197021947206,2.724220306864588,1.5,1.5,10,uniform_exact,uniform,0.0,0
2000,1.187664640127493,10.482197021947206,2.724220306864588,2.7569734238004693,sqrt(log n),10,uniform_exact,uniform,0.0,0
2000,1.187664640127493,10.482197021947206,2.724220306864588,3.0,3.0,10,uniform_exact,uniform,0.0,0
2000,1.187664640127493,10.482197021947206,7.125337952911518,1.5,1.5,30,uniform_exact,uniform,0.0,0
2000,1.187664640127493,10.482197021947206,7.125337952911518,2.7569734238004693,sqrt(log n),30,uniform_exact,uniform,0.0,0
2000,1.187664640127493,10.482197021947206,7.125337952911518,3.0,3.0,30,uniform_exact,uniform,0.0,0
2000,1.187664640127493,10.482197021947206,7.486715144145009,1.5,1.5,50,uniform_exact,uniform,0.0,0
2000,1.187664640127493,10.482197021947206,7.486715144145009,2.7569734238004693,sqrt(log n),50,uniform_exact,uniform,0.0,0
2000,1.187664640127493,10.482197021947206,7.486715144145009,3.0,3.0,50,uniform_exact,uniform,0.0,0
2000,1.187664640127493,10.482197021947206,8.264848518887192,1.5,1.5,100,uniform_exact,uniform,0.0,0
2000,1.187664640127493,10.482197021947206,8.264848518887192,2.7569734238004693,sqrt(log n),100,uniform_exact,uniform,0.0,0
2000,1.187664640127493,10.482197021947206,8.264848518887192,3.0,3.0,100,uniform_exact,uniform,0.0,0
2000,1.169122399391696,10.541280528053289,1.4963535095715157,1.5,1.5,10,uniform,uniform,0.03178952800302339,0
2000,1.169122399391696,10.541280528053289,1.4963535095715157,2.7569734238004693,sqrt(log n),10,uniform,uniform,0.03178952800302339,0
2000,1.169122399391696,10.541280528053289,1.4963535095715157,3.0,3.0,10,uniform,uniform,0.03178952800302339,0
2000,1.169122399391696,10.541280528053289,6.01410136774503,1.5,1.5,30,uniform_exact,uniform,0.0,0
2000,1.169122399391696,10.541280528053289,6.01410136774503,2.7569734238004693,sqrt(log n),30,uniform_exact,uniform,0.0,0
2000,1.169122399391696,10.541280528053289,6.01410136774503,3.0,3.0,30,uniform_exact,uniform,0.0,0
2000,1.169122399391696,10.541280528053289,8.428495857568352,1.5,1.5,50,uniform_exact,uniform,0.0,0
2000,1.169122399391696,10.541280528053289,8.428495857568352,2.7569734238004693,sqrt(log n),50,uniform_exact,uniform,0.0,0
2000,1.169122399391696,10.541280528053289,8.428495857568352,3.0,3.0,50,uniform_exact,uniform,0.0,0
2000,1.169122399391696,10.541280528053289,8.672939741117968,1.5,1.5,100,uniform_exact,uniform,0.0,0
2000,1.169122399391696,10.541280528053289,8.672939741117968,2.7569734238004693,sqrt(log n),100,uniform_exact,uniform,0.0,0
2000,1.169122399391696,10.541280528053289,8.672939741117968,3.0,3.0,100,uniform_exact,uniform,0.0,0
2000,1.2297958209577402,10.40504305776103,5.668885497800451,1.5,1.5,10,is,uniform,7.099316710253834e-05,0
2000,1.2297958209577402,10.40504305776103,5.668885497800451,2.7569734238004693,sqrt(log n),10,uniform_exact,uniform,0.0,0
2000,1.2297958209577402,10.40504305776103,5.668885497800451,3.0,3.0,10,uniform_exact,uniform,0.0,0
2000,1.2297958209577402,10.40504305776103,2.620388890230184,1.5,1.5,30,uniform_exact,uniform,0.0,0
2000,1.2297958209577402,10.40504305776103,2.620388890230184,2.7569734238004693,sqrt(log n),30,uniform_exact,uniform,0.0,0
2000,1.2297958209577402,10.40504305776103,2.620388890230184,3.0,3.0,30,uniform_exact,uniform,0.0,0
2000,1.2297958209577402,10.40504305776103,8.802403274303511,1.5,1.5,50,uniform_exact,uniform,0.0,0
2000,1.2297958209577402,10.40504305776103,8.802403274303511,2.7569734238004693,sqrt(log n),50,uniform_exact,uniform,0.0,0
2000,1.2297958209577402,10.40504305776103,8.802403274303511,3.0,3.0,50,uniform_exact,uniform,0.0,0
2000,1.2297958209577402,10.40504305776103,9.201608731061347,1.5,1.5,100,uniform_exact,uniform,0.0,0
2000,1.2297958209577402,10.40504305776103,9.201608731061347,2.7569734238004693,sqrt(log n),100,uniform_exact,uniform,0.0,0
2000,1.2297958209577402,10.40504305776103,9.201608731061347,3.0,3.0,100,uniform_exact,uniform,0.0,0
2000,2.869439534666998,22.1660269939405,1.9329244133067305,1.5,1.5,10,uniform,uniform,0.007915468916449203,1
2000,2.869439534666998,22.1660269939405,1.9329244133067305,2.7569734238004693,sqrt(log n),10,uniform,uniform,0.007915468916449203,1
2000,2.869439534666998,22.1660269939405,1.9329244133067305,3.0,3.0,10,uniform,uniform,0.007915468916449203,1
2000,2.869439534666998,22.1660269939405,11.371532992692302,1.5,1.5,30,is,uniform,0.010639569792266563,1
2000,2.869439534666998,22.1660269939405,11.371532992692302,2.7569734238004693,sqrt(log n),30,is,uniform,0.010639569792266563,1
2000,2.869439534666998,22.1660269939405,11.371532992692302,3.0,3.0,30,uniform_exact,uniform,0.0,1
2000,2.869439534666998,22.1660269939405,11.731696002209965,1.5,1.5,50,is,uniform,0.011187585484155058,1
2000,2.869439534666998,22.1660269939405,11.731696002209965,2.7569734238004693,sqrt(log n),50,uniform_exact,uniform,0.0,1
2000,2.869439534666998,22.1660269939405,11.731696002209965,3.0,3.0,50,uniform_exact,uniform,0.0,1
2000,2.869439534666998,22.1660269939405,27.723205574852237,1.5,1.5,100,is,uniform,0.004035949799614211,1
2000,2.869439534666998,22.1660269939405,27.723205574852237,2.7569734238004693,sqrt(log n),100,uniform_exact,uniform,0.0,1
2000,2.869439534666998,22.1660269939405,27.723205574852237,3.0,3.0,100,uniform_exact,uniform,0.0,1
2000,2.804968516663726,22.06499967036417,1.2951784019343904,1.5,1.5,10,uniform,uniform,0.020183167725780417,1
2000,2.804968516663726,22.06499967036417,1.2951784019343904,2.7569734238004693,sqrt(log n),10,uniform,uniform,0.020183167725780417,1
2000,2.804968516663726,22.06499967036417,1.2951784019343904,3.0,3.0,10,uniform,uniform,0.020183167725780417,1
2000,2.804968516663726,22.06499967036417,10.739970524727,1.5,1.5,30,is,uniform,0.014274755369035504,1
2000,2.804968516663726,22.06499967036417,10.739970524727,2.7569734238004693,sqrt(log n),30,uniform_exact,uniform,0.0,1
2000,2.804968516663726,22.06499967036417,10.739970524727,3.0,3.0,30,uniform_exact,uniform,0.0,1
2000,2.804968516663726,22.06499967036417,12.07506971756358,1.5,1.5,50,is,uniform,0.0027548537023147223,1
2000,2.804968516663726,22.06499967036417,12.07506971756358,2.7569734238004693,sqrt(log n),50,is,uniform,0.0027548537023147223,1
2000,2.804968516663726,22.06499967036417,12.07506971756358,3.0,3.0,50,uniform_exact,uniform,0.0,1
2000,2.804968516663726,22.06499967036417,26.163764204399474,1.5,1.5,100,is,uniform,0.006298400449535358,1
2000,2.804968516663726,22.06499967036417,26.163764204399474,2.7569734238004693,sqrt(log n),100,uniform_exact,uniform,0.0,1
2000,2.804968516663726,22.06499967036417,26.163764204399474,3.0,3.0,100,uniform_exact,uniform,0.0,1
2000,2.735942484849644,21.257719756855096,7.942379619609407,1.5,1.5,10,is,uniform,0.0047430167065540185,1
2000,2.735942484849644,21.257719756855096,7.942379619609407,2.7569734238004693,sqrt(log n),10,uniform_exact,uniform,0.0,1
2000,2.735942484849644,21.257719756855096,7.942379619609407,3.0,3.0,10,uniform_exact,uniform,0.0,1
2000,2.735942484849644,21.257719756855096,2.629792907973868,1.5,1.5,30,uniform_exact,uniform,0.0,1
2000,2.735942484849644,21.257719756855096,2.629792907973868,2.7569734238004693,sqrt(log n),30,uniform_exact,uniform,0.0,1
2000,2.735942484849644,21.257719756855096,2.629792907973868,3.0,3.0,30,uniform_exact,uniform,0.0,1
2000,2.735942484849644,21.257719756855096,18.152164513549987,1.5,1.5,50,is,uniform,0.008981215672448022,1
2000,2.735942484849644,21.257719756855096,18.152164513549987,2.7569734238004693,sqrt(log n),50,uniform_exact,uniform,0.0,1
2000,2.735942484849644,21.257719756855096,18.152164513549987,3.0,3.0,50,uniform_exact,uniform,0.0,1
2000,2.735942484849644,21.257719756855096,22.42902067597821,1.5,1.5,100,is,uniform,0.015686543422710867,1
2000,2.735942484849644,21.257719756855096,22.42902067597821,2.7569734238004693,sqrt(log n),100,uniform_exact,uniform,0.0,1
2000,2.735942484849644,21.257719756855096,22.42902067597821,3.0,3.0,100,uniform_exact,uniform,0.0,1
2000,0.65141260441657,7.2644391200920655,1.9392021387029124,1.5,1.5,10,uniform_exact,uniform,0.0,0
2000,0.65141260441657,7.2644391200920655,1.9392021387029124,2.7569734238004693,sqrt(log n),10,uniform_exact,uniform,0.0,0
2000,0.65141260441657,7.2644391200920655,1.9392021387029124,3.0,3.0,10,uniform_exact,uniform,0.0,0
2000,0.65141260441657,7.2644391200920655,3.284085019576159,1.5,1.5,30,uniform_exact,uniform,0.0,0
2000,0.65141260441657,7.2644391200920655,3.284085019576159,2.7569734238004693,sqrt(log n),30,uniform_exact,uniform,0.0,0
2000,0.65141260441657,7.2644391200920655,3.284085019576159,3.0,3.0,30,uniform_exact,uniform,0.0,0
2000,0.65141260441657,7.2644391200920655,5.080127714254984,1.5,1.5,50,uniform_exact,uniform,0.0,0
2000,0.65141260441657,7.2644391200920655,5.080127714254984,2.7569734238004693,sqrt(log n),50,uniform_exact,uniform,0.0,0
2000,0.65141260441657,7.2644391200920655,5.080127714254984,3.0,3.0,50,uniform_exact,uniform,0.0,0
2000,0.65141260441657,7.2644391200920655,5.6410819860726775,1.5,1.5,100,uniform_exact,uniform,0.0,0
2000,0.65141260441657,7.2644391200920655,5.6410819860726775,2.7569734238004693,sqrt(log n),100,uniform_exact,uniform,0.0,0
2000,0.65141260441657,7.2644391200920655,5.6410819860726775,3.0,3.0,100,uniform_exact,uniform,0.0,0
2000,0.6410291195607866,6.374989174742897,1.9038928068835257,1.5,1.5,10,uniform_exact,uniform,0.0,0
2000,0.6410291195607866,6.374989174742897,1.9038928068835257,2.7569734238004693,sqrt(log n),10,uniform_exact,uniform,0.0,0
2000,0.6410291195607866,6.374989174742897,1.9038928068835257,3.0,3.0,10,uniform_exact,uniform,0.0,0
2000,0.6410291195607866,6.374989174742897,3.4952951529725547,1.5,1.5,30,uniform_exact,uniform,0.0,0
2000,0.6410291195607866,6.374989174742897,3.4952951529725547,2.7569734238004693,sqrt(log n),30,uniform_exact,uniform,0.0,0
2000,0.6410291195607866,6.374989174742897,3.4952951529725547,3.0,3.0,30,uniform_exact,uniform,0.0,0
2000,0.6410291195607866,6.374989174742897,2.855284202890021,1.5,1.5,50,uniform_exact,uniform,0.0,0
2000,0.6410291195607866,6.374989174742897,2.855284202890021,2.7569734238004693,sqrt(log n),50,uniform_exact,uniform,0.0,0
2000,0.6410291195607866,6.374989174742897,2.855284202890021,3.0,3.0,50,uniform_exact,uniform,0.0,0
2000,0.6410291195607866,6.374989174742897,3.5127233275940086,1.5,1.5,100,uniform_exact,uniform,0.0,0
2000,0.6410291195607866,6.374989174742897,3.5127233275940086,2.7569734238004693,sqrt(log n),100,uniform_exact,uniform,0.0,0
2000,0.6410291195607866,6.374989174742897,3.5127233275940086,3.0,3.0,100,uniform_exact,uniform,0.0,0
2000,0.6227487686611384,6.430958934057433,1.755833617399708,1.5,1.5,10,uniform_exact,uniform,0.0,0
2000,0.6227487686611384,6.430958934057433,1.755833617399708,2.7569734238004693,sqrt(log n),10,uniform_exact,uniform,0.0,0
2000,0.6227487686611384,6.430958934057433,1.755833617399708,3.0,3.0,10,uniform_exact,uniform,0.0,0
2000,0.6227487686611384,6.430958934057433,2.9717142355115165,1.5,1.5,30,uniform_exact,uniform,0.0,0
2000,0.6227487686611384,6.430958934057433,2.9717142355115165,2.7569734238004693,sqrt(log n),30,uniform_exact,uniform,0.0,0
2000,0.6227487686611384,6.430958934057433,2.9717142355115165,3.0,3.0,30,uniform_exact,uniform,0.0,0
2000,0.6227487686611384,6.430958934057433,2.53104763309018,1.5,1.5,50,uniform_exact,uniform,0.0,0
2000,0.6227487686611384,6.430958934057433,2.53104763309018,2.7569734238004693,sqrt(log n),50,uniform_exact,uniform,0.0,0
2000,0.6227487686611384,6.430958934057433,2.53104763309018,3.0,3.0,50,uniform_exact,uniform,0.0,0
2000,0.6227487686611384,6.430958934057433,3.048115291967689,1.5,1.5,100,uniform_exact,uniform,0.0,0
2000,0.6227487686611384,6.430958934057433,3.048115291967689,2.7569734238004693,sqrt(log n),100,uniform_exact,uniform,0.0,0
2000,0.6227487686611384,6.430958934057433,3.048115291967689,3.0,3.0,100,uniform_exact,uniform,0.0,0
2000,1.358269331673104,8.966713358539577,2.8705147254695196,1.5,1.5,10,uniform_exact,uniform,0.0,0
2000,1.358269331673104,8.966713358539577,2.8705147254695196,2.7569734238004693,sqrt(log n),10,uniform_exact,uniform,0.0,0
2000,1.358269331673104,8.966713358539577,2.8705147254695196,3.0,3.0,10,uniform_exact,uniform,0.0,0
2000,1.358269331673104,8.966713358539577,7.870142221877878,1.5,1.5,30,uniform_exact,uniform,0.0,0
2000,1.358269331673104,8.966713358539577,7.870142221877878,2.7569734238004693,sqrt(log n),30,uniform_exact,uniform,0.0,0
2000,1.358269331673104,8.966713358539577,7.870142221877878,3.0,3.0,30,uniform_exact,uniform,0.0,0
2000,1.358269331673104,8.966713358539577,8.059525850450255,1.5,1.5,50,is,uniform,0.022592672605244977,0
2000,1.358269331673104,8.966713358539577,8.059525850450255,2.7569734238004693,sqrt(log n),50,uniform_exact,uniform,0.0,0
2000,1.358269331673104,8.966713358539577,8.059525850450255,3.0,3.0,50,uniform_exact,uniform,0.0,0
2000,1.358269331673104,8.966713358539577,7.667877151700662,1.5,1.5,100,uniform_exact,uniform,0.0,0
2000,1.358269331673104,8.966713358539577,7.667877151700662,2.7569734238004693,sqrt(log n),100,uniform_exact,uniform,0.0,0
2000,1.358269331673104,8.966713358539577,7.667877151700662,3.0,3.0,100,uniform_exact,uniform,0.0,0
2000,1.3763076923974027,8.285852764690443,2.26321103605649,1.5,1.5,10,uniform_exact,uniform,0.0,0
2000,1.3763076923974027,8.285852764690443,2.26321103605649,2.7569734238004693,sqrt(log n),10,uniform_exact,uniform,0.0,0
2000,1.3763076923974027,8.285852764690443,2.26321103605649,3.0,3.0,10,uniform_exact,uniform,0.0,0
2000,1.3763076923974027,8.285852764690443,6.707911421011474,1.5,1.5,30,uniform_exact,uniform,0.0,0
2000,1.3763076923974027,8.285852764690443,6.707911421011474,2.7569734238004693,sqrt(log n),30,uniform_exact,uniform,0.0,0
2000,1.3763076923974027,8.285852764690443,6.707911421011474,3.0,3.0,30,uniform_exact,uniform,0.0,0
2000,1.3763076923974027,8.285852764690443,7.918528213638579,1.5,1.5,50,is,uniform,0.04427473698245734,0
2000,1.3763076923974027,8.285852764690443,7.918528213638579,2.7569734238004693,sqrt(log n),50,uniform_exact,uniform,0.0,0
2000,1.3763076923974027,8.285852764690443,7.918528213638579,3.0,3.0,50,uniform_exact,uniform,0.0,0
2000,1.3763076923974027,8.285852764690443,8.396678319081184,1.5,1.5,100,uniform_exact,uniform,0.0,0
2000,1.3763076923974027,8.285852764690443,8.396678319081184,2.7569734238004693,sqrt(log n),100,uniform_exact,uniform,0.0,0
2000,1.3763076923974027,8.285852764690443,8.396678319081184,3.0,3.0,100,uniform_exact,uniform,0.0,0
2000,1.4611702597146317,9.106720084066147,1.4742534388705142,1.5,1.5,10,uniform,uniform,0.0461747261440511,0
2000,1.4611702597146317,9.106720084066147,1.4742534388705142,2.7569734238004693,sqrt(log n),10,uniform,uniform,0.0461747261440511,0
2000,1.4611702597146317,9.106720084066147,1.4742534388705142,3.0,3.0,10,uniform,uniform,0.0461747261440511,0
2000,1.4611702597146317,9.106720084066147,2.934347886267628,1.5,1.5,30,uniform_exact,uniform,0.0,0
2000,1.4611702597146317,9.106720084066147,2.934347886267628,2.7569734238004693,sqrt(log n),30,uniform_exact,uniform,0.0,0
2000,1.4611702597146317,9.106720084066147,2.934347886267628,3.0,3.0,30,uniform_exact,uniform,0.0,0
2000,1.4611702597146317,9.106720084066147,7.894765952299702,1.5,1.5,50,is,uniform,0.0020158237536089525,0
2000,1.4611702597146317,9.106720084066147,7.894765952299702,2.7569734238004693,sqrt(log n),50,uniform_exact,uniform,0.0,0
2000,1.4611702597146317,9.106720084066147,7.894765952299702,3.0,3.0,50,uniform_exact,uniform,0.0,0
2000,1.4611702597146317,9.106720084066147,6.656576671515212,1.5,1.5,100,is,uniform,0.009784643338998507,0
2000,1.4611702597146317,9.106720084066147,6.656576671515212,2.7569734238004693,sqrt(log n),100,uniform_exact,uniform,0.0,0
2000,1.4611702597146317,9.106720084066147,6.656576671515212,3.0,3.0,100,uniform_exact,uniform,0.0,0
2000,2.7142794007709448,13.745211635687745,1.8645350114592423,1.5,1.5,10,uniform,uniform,0.023747080977405917,1
2000,2.7142794007709448,13.745211635687745,1.8645350114592423,2.7569734238004693,sqrt(log n),10,uniform,uniform,0.023747080977405917,1
2000,2.7142794007709448,13.745211635687745,1.8645350114592423,3.0,3.0,10,uniform,uniform,0.023747080977405917,1
2000,2.7142794007709448,13.745211635687745,15.526966261631456,1.5,1.5,30,is,uniform,0.00012051269827698668,1
2000,2.7142794007709448,13.745211635687745,15.526966261631456,2.7569734238004693,sqrt(log n),30,is,uniform,0.00012051269827698668,1
2000,2.7142794007709448,13.745211635687745,15.526966261631456,3.0,3.0,30,uniform_exact,uniform,0.0,1
2000,2.7142794007709448,13.745211635687745,4.843085574183759,1.5,1.5,50,uniform_exact,uniform,0.0,1
2000,2.7142794007709448,13.745211635687745,4.843085574183759,2.7569734238004693,sqrt(log n),50,uniform_exact,uniform,0.0,1
2000,2.7142794007709448,13.745211635687745,4.843085574183759,3.0,3.0,50,uniform_exact,uniform,0.0,1
2000,2.7142794007709448,13.745211635687745,11.90940513951842,1.5,1.5,100,is,uniform,0.012775254525542018,1
2000,2.7142794007709448,13.745211635687745,11.90940513951842,2.7569734238004693,sqrt(log n),100,uniform_exact,uniform,0.0,1
2000,2.7142794007709448,13.745211635687745,11.90940513951842,3.0,3.0,100,uniform_exact,uniform,0.0,1
2000,2.726308523162901,13.889554001701725,1.4913651689282095,1.5,1.5,10,uniform,uniform,0.00825557941948382,1
2000,2.726308523162901,13.889554001701725,1.4913651689282095,2.7569734238004693,sqrt(log n),10,uniform,uniform,0.00825557941948382,1
2000,2.726308523162901,13.889554001701725,1.4913651689282095,3.0,3.0,10,uniform,uniform,0.00825557941948382,1
2000,2.726308523162901,13.889554001701725,10.743207824683644,1.5,1.5,30,is,uniform,0.03645721059110934,1
2000,2.726308523162901,13.889554001701725,10.743207824683644,2.7569734238004693,sqrt(log n),30,uniform_exact,uniform,0.0,1
2000,2.726308523162901,13.889554001701725,10.743207824683644,3.0,3.0,30,uniform_exact,uniform,0.0,1
2000,2.726308523162901,13.889554001701725,7.31418307309683,1.5,1.5,50,is,uniform,0.008209335393300191,1
2000,2.726308523162901,13.889554001701725,7.31418307309683,2.7569734238004693,sqrt(log n),50,uniform_exact,uniform,0.0,1
2000,2.726308523162901,13.889554001701725,7.31418307309683,3.0,3.0,50,uniform_exact,uniform,0.0,1
2000,2.726308523162901,13.889554001701725,14.821210890158666,1.5,1.5,100,is,uniform,0.0042300275223990415,1
2000,2.726308523162901,13.889554001701725,14.821210890158666,2.7569734238004693,sqrt(log n),100,is,uniform,0.0042300275223990415,1
2000,2.726308523162901,13.889554001701725,14.821210890158666,3.0,3.0,100,uniform_exact,uniform,0.0,1
2000,2.7326270401993864,13.72668609604081,1.6045499777138765,1.5,1.5,10,uniform,uniform,0.008373951978140391,1
2000,2.7326270401993864,13.72668609604081,1.6045499777138765,2.7569734238004693,sqrt(log n),10,uniform,uniform,0.008373951978140391,1
2000,2.7326270401993864,13.72668609604081,1.6045499777138765,3.0,3.0,10,uniform,uniform,0.008373951978140391,1
2000,2.7326270401993864,13.72668609604081,16.01664267136829,1.5,1.5,30,is,uniform,0.007999359668507736,1
2000,2.7326270401993864,13.72668609604081,16.01664267136829,2.7569734238004693,sqrt(log n),30,is,uniform,0.007999359668507736,1
2000,2.7326270401993864,13.72668609604081,16.01664267136829,3.0,3.0,30,uniform_exact,uniform,0.0,1
2000,2.7326270401993864,13.72668609604081,22.341404560098567,1.5,1.5,50,is,uniform,0.002134862901143214,1
2000,2.7326270401993864,13.72668609604081,22.341404560098567,2.7569734238004693,sqrt(log n),50,is,uniform,0.002134862901143214,1
2000,2.7326270401993864,13.72668609604081,22.341404560098567,3.0,3.0,50,is,uniform,0.002134862901143214,1
2000,2.7326270401993864,13.72668609604081,7.159076535087701,1.5,1.5,100,is,uniform,0.00607038445448064,1
2000,2.7326270401993864,13.72668609604081,7.159076535087701,2.7569734238004693,sqrt(log n),100,uniform_exact,uniform,0.0,1
2000,2.7326270401993864,13.72668609604081,7.159076535087701,3.0,3.0,100,uniform_exact,uniform,0.0,1
2000,0.5866904178552818,6.882127609815075,1.6501491652799143,1.5,1.5,10,uniform_exact,uniform,0.0,0
2000,0.5866904178552818,6.882127609815075,1.6501491652799143,2.7569734238004693,sqrt(log n),10,uniform_exact,uniform,0.0,0
2000,0.5866904178552818,6.882127609815075,1.6501491652799143,3.0,3.0,10,uniform_exact,uniform,0.0,0
2000,0.5866904178552818,6.882127609815075,2.5779270035276594,1.5,1.5,30,uniform_exact,uniform,0.0,0
2000,0.5866904178552818,6.882127609815075,2.5779270035276594,2.7569734238004693,sqrt(log n),30,uniform_exact,uniform,0.0,0
2000,0.5866904178552818,6.882127609815075,2.5779270035276594,3.0,3.0,30,uniform_exact,uniform,0.0,0
2000,0.5866904178552818,6.882127609815075,1.9908988040068567,1.5,1.5,50,uniform,uniform,0.01529869449866721,0
2000,0.5866904178552818,6.882127609815075,1.9908988040068567,2.7569734238004693,sqrt(log n),50,uniform,uniform,0.01529869449866721,0
2000,0.5866904178552818,6.882127609815075,1.9908988040068567,3.0,3.0,50,uniform,uniform,0.01529869449866721,0
2000,0.5866904178552818,6.882127609815075,3.3582322708639603,1.5,1.5,100,uniform_exact,uniform,0.0,0
2000,0.5866904178552818,6.882127609815075,3.3582322708639603,2.7569734238004693,sqrt(log n),100,uniform_exact,uniform,0.0,0
2000,0.5866904178552818,6.882127609815075,3.3582322708639603,3.0,3.0,100,uniform_exact,uniform,0.0,0
2000,0.6805166058317258,7.844182030189697,2.1566622751383746,1.5,1.5,10,uniform_exact,uniform,0.0,0
2000,0.6805166058317258,7.844182030189697,2.1566622751383746,2.7569734238004693,sqrt(log n),10,uniform_exact,uniform,0.0,0
2000,0.6805166058317258,7.844182030189697,2.1566622751383746,3.0,3.0,10,uniform_exact,uniform,0.0,0
2000,0.6805166058317258,7.844182030189697,3.1029809865383995,1.5,1.5,30,uniform_exact,uniform,0.0,0
2000,0.6805166058317258,7.844182030189697,3.1029809865383995,2.7569734238004693,sqrt(log n),30,uniform_exact,uniform,0.0,0
2000,0.6805166058317258,7.844182030189697,3.1029809865383995,3.0,3.0,30,uniform_exact,uniform,0.0,0
2000,0.6805166058317258,7.844182030189697,3.4949658534708647,1.5,1.5,50,uniform_exact,uniform,0.0,0
2000,0.6805166058317258,7.844182030189697,3.4949658534708647,2.7569734238004693,sqrt(log n),50,uniform_exact,uniform,0.0,0
2000,0.6805166058317258,7.844182030189697,3.4949658534708647,3.0,3.0,50,uniform_exact,uniform,0.0,0
2000,0.6805166058317258,7.844182030189697,5.241882056180459,1.5,1.5,100,uniform_exact,uniform,0.0,0
2000,0.6805166058317258,7.844182030189697,5.241882056180459,2.7569734238004693,sqrt(log n),100,uniform_exact,uniform,0.0,0
2000,0.6805166058317258,7.844182030189697,5.241882056180459,3.0,3.0,100,uniform_exact,uniform,0.0,0
2000,0.6075248895724128,8.488601778181627,2.1226549477553522,1.5,1.5,10,uniform,uniform,0.002549246941095006,0
2000,0.6075248895724128,8.488601778181627,2.1226549477553522,2.7569734238004693,sqrt(log n),10,uniform,uniform,0.002549246941095006,0
2000,0.6075248895724128,8.488601778181627,2.1226549477553522,3.0,3.0,10,uniform,uniform,0.002549246941095006,0
2000,0.6075248895724128,8.488601778181627,2.1143673205709494,1.5,1.5,30,uniform_exact,uniform,0.0,0
2000,0.6075248895724128,8.488601778181627,2.1143673205709494,2.7569734238004693,sqrt(log n),30,uniform_exact,uniform,0.0,0
2000,0.6075248895724128,8.488601778181627,2.1143673205709494,3.0,3.0,30,uniform_exact,uniform,0.0,0
2000,0.6075248895724128,8.488601778181627,2.8595645081691132,1.5,1.5,50,uniform_exact,uniform,0.0,0
2000,0.6075248895724128,8.488601778181627,2.8595645081691132,2.7569734238004693,sqrt(log n),50,uniform_exact,uniform,0.0,0
2000,0.6075248895724128,8.488601778181627,2.8595645081691132,3.0,3.0,50,uniform_exact,uniform,0.0,0
2000,0.6075248895724128,8.488601778181627,2.5795492261126114,1.5,1.5,100,uniform,uniform,0.006646616478340664,0
2000,0.6075248895724128,8.488601778181627,2.5795492261126114,2.7569734238004693,sqrt(log n),100,uniform,uniform,0.006646616478340664,0
2000,0.6075248895724128,8.488601778181627,2.5795492261126114,3.0,3.0,100,uniform,uniform,0.006646616478340664,0
2000,1.4612428196080953,6.753627793666996,2.691519807626222,1.5,1.5,10,uniform_exact,uniform,0.0,0
2000,1.4612428196080953,6.753627793666996,2.691519807626222,2.7569734238004693,sqrt(log n),10,uniform_exact,uniform,0.0,0
2000,1.4612428196080953,6.753627793666996,2.691519807626222,3.0,3.0,10,uniform_exact,uniform,0.0,0
2000,1.4612428196080953,6.753627793666996,5.111617829367033,1.5,1.5,30,uniform_exact,uniform,0.0,0
2000,1.4612428196080953,6.753627793666996,5.111617829367033,2.7569734238004693,sqrt(log n),30,uniform_exact,uniform,0.0,0
2000,1.4612428196080953,6.753627793666996,5.111617829367033,3.0,3.0,30,uniform_exact,uniform,0.0,0
2000,1.4612428196080953,6.753627793666996,6.187846918536936,1.5,1.5,50,uniform_exact,uniform,0.0,0
2000,1.4612428196080953,6.753627793666996,6.187846918536936,2.7569734238004693,sqrt(log n),50,uniform_exact,uniform,0.0,0
2000,1.4612428196080953,6.753627793666996,6.187846918536936,3.0,3.0,50,uniform_exact,uniform,0.0,0
2000,1.4612428196080953,6.753627793666996,6.189054857494004,1.5,1.5,100,uniform_exact,uniform,0.0,0
2000,1.4612428196080953,6.753627793666996,6.189054857494004,2.7569734238004693,sqrt(log n),100,uniform_exact,uniform,0.0,0
2000,1.4612428196080953,6.753627793666996,6.189054857494004,3.0,3.0,100,uniform_exact,uniform,0.0,0
2000,1.4764441467779024,6.956174126191189,1.6099213513828678,1.5,1.5,10,uniform_exact,uniform,0.0,0
2000,1.4764441467779024,6.956174126191189,1.6099213513828678,2.7569734238004693,sqrt(log n),10,uniform_exact,uniform,0.0,0
2000,1.4764441467779024,6.956174126191189,1.6099213513828678,3.0,3.0,10,uniform_exact,uniform,0.0,0
2000,1.4764441467779024,6.956174126191189,4.735860507406428,1.5,1.5,30,is,uniform,0.021422668334451854,0
2000,1.4764441467779024,6.956174126191189,4.735860507406428,2.7569734238004693,sqrt(log n),30,uniform_exact,uniform,0.0,0
2000,1.4764441467779024,6.956174126191189,4.735860507406428,3.0,3.0,30,uniform_exact,uniform,0.0,0
2000,1.4764441467779024,6.956174126191189,5.762558207445257,1.5,1.5,50,is,uniform,0.022571578736348054,0
2000,1.4764441467779024,6.956174126191189,5.762558207445257,2.7569734238004693,sqrt(log n),50,uniform_exact,uniform,0.0,0
2000,1.4764441467779024,6.956174126191189,5.762558207445257,3.0,3.0,50,uniform_exact,uniform,0.0,0
2000,1.4764441467779024,6.956174126191189,6.52201669595782,1.5,1.5,100,uniform_exact,uniform,0.0,0
2000,1.4764441467779024,6.956174126191189,6.52201669595782,2.7569734238004693,sqrt(log n),100,uniform_exact,uniform,0.0,0
2000,1.4764441467779024,6.956174126191189,6.52201669595782,3.0,3.0,100,uniform_exact,uniform,0.0,0
2000,1.4190922443740461,6.741387981806074,2.674315985996152,1.5,1.5,10,uniform_exact,uniform,0.0,0
2000,1.4190922443740461,6.741387981806074,2.674315985996152,2.7569734238004693,sqrt(log n),10,uniform_exact,uniform,0.0,0
2000,1.4190922443740461,6.741387981806074,2.674315985996152,3.0,3.0,10,uniform_exact,uniform,0.0,0
2000,1.4190922443740461,6.741387981806074,6.8635440066772,1.5,1.5,30,uniform_exact,uniform,0.0,0
2000,1.4190922443740461,6.741387981806074,6.8635440066772,2.7569734238004693,sqrt(log n),30,uniform_exact,uniform,0.0,0
2000,1.4190922443740461,6.741387981806074,6.8635440066772,3.0,3.0,30,uniform_exact,uniform,0.0,0
2000,1.4190922443740461,6.741387981806074,5.3530056070916,1.5,1.5,50,uniform_exact,uniform,0.0,0
2000,1.4190922443740461,6.741387981806074,5.3530056070916,2.7569734238004693,sqrt(log n),50,uniform_exact,uniform,0.0,0
2000,1.4190922443740461,6.741387981806074,5.3530056070916,3.0,3.0,50,uniform_exact,uniform,0.0,0
2000,1.4190922443740461,6.741387981806074,5.860529910946198,1.5,1.5,100,uniform_exact,uniform,0.0,0
2000,1.4190922443740461,6.741387981806074,5.860529910946198,2.7569734238004693,sqrt(log n),100,uniform_exact,uniform,0.0,0
2000,1.4190922443740461,6.741387981806074,5.860529910946198,3.0,3.0,100,uniform_exact,uniform,0.0,0
2000,2.301445779003562,8.777361115865295,7.573207122062641,1.5,1.5,10,is,uniform,0.003640424291739265,0
2000,2.301445779003562,8.777361115865295,7.573207122062641,2.7569734238004693,sqrt(log n),10,uniform_exact,uniform,0.0,0
2000,2.301445779003562,8.777361115865295,7.573207122062641,3.0,3.0,10,uniform_exact,uniform,0.0,0
2000,2.301445779003562,8.777361115865295,6.465557382905994,1.5,1.5,30,is,uniform,0.008484214463841256,0
2000,2.301445779003562,8.777361115865295,6.465557382905994,2.7569734238004693,sqrt(log n),30,uniform_exact,uniform,0.0,0
2000,2.301445779003562,8.777361115865295,6.465557382905994,3.0,3.0,30,uniform_exact,uniform,0.0,0
2000,2.301445779003562,8.777361115865295,11.265622765417682,1.5,1.5,50,is,uniform,0.006103969594249269,0
2000,2.301445779003562,8.777361115865295,11.265622765417682,2.7569734238004693,sqrt(log n),50,uniform_exact,uniform,0.0,0
2000,2.301445779003562,8.777361115865295,11.265622765417682,3.0,3.0,50,uniform_exact,uniform,0.0,0
2000,2.301445779003562,8.777361115865295,6.743339796691009,1.5,1.5,100,is,uniform,0.0049945984403551935,0
2000,2.301445779003562,8.777361115865295,6.743339796691009,2.7569734238004693,sqrt(log n),100,uniform_exact,uniform,0.0,0
2000,2.301445779003562,8.777361115865295,6.743339796691009,3.0,3.0,100,uniform_exact,uniform,0.0,0
2000,2.3152827988189686,8.658788130102245,7.957765020516431,1.5,1.5,10,is,uniform,0.004538737839173296,1
2000,2.3152827988189686,8.658788130102245,7.957765020516431,2.7569734238004693,sqrt(log n),10,uniform_exact,uniform,0.0,1
2000,2.3152827988189686,8.658788130102245,7.957765020516431,3.0,3.0,10,uniform_exact,uniform,0.0,1
2000,2.3152827988189686,8.658788130102245,6.862786984501134,1.5,1.5,30,is,uniform,0.008707356540872445,1
2000,2.3152827988189686,8.658788130102245,6.862786984501134,2.7569734238004693,sqrt(log n),30,uniform_exact,uniform,0.0,1
2000,2.3152827988189686,8.658788130102245,6.862786984501134,3.0,3.0,30,uniform_exact,uniform,0.0,1
2000,2.3152827988189686,8.658788130102245,5.740200973143783,1.5,1.5,50,is,uniform,0.0032880980072973647,1
2000,2.3152827988189686,8.658788130102245,5.740200973143783,2.7569734238004693,sqrt(log n),50,uniform_exact,uniform,0.0,1
2000,2.3152827988189686,8.658788130102245,5.740200973143783,3.0,3.0,50,uniform_exact,uniform,0.0,1
2000,2.3152827988189686,8.658788130102245,8.551840210072704,1.5,1.5,100,is,uniform,0.013094481140319617,1
2000,2.3152827988189686,8.658788130102245,8.551840210072704,2.7569734238004693,sqrt(log n),100,uniform_exact,uniform,0.0,1
2000,2.3152827988189686,8.658788130102245,8.551840210072704,3.0,3.0,100,uniform_exact,uniform,0.0,1
2000,2.30933321640677,8.687845653682372,4.560161778286317,1.5,1.5,10,is,uniform,0.0033683569319591248,1
2000,2.30933321640677,8.687845653682372,4.560161778286317,2.7569734238004693,sqrt(log n),10,uniform_exact,uniform,0.0,1
2000,2.30933321640677,8.687845653682372,4.560161778286317,3.0,3.0,10,uniform_exact,uniform,0.0,1
2000,2.30933321640677,8.687845653682372,8.419097570436968,1.5,1.5,30,is,uniform,0.016104131129390704,1
2000,2.30933321640677,8.687845653682372,8.419097570436968,2.7569734238004693,sqrt(log n),30,uniform_exact,uniform,0.0,1
2000,2.30933321640677,8.687845653682372,8.419097570436968,3.0,3.0,30,uniform_exact,uniform,0.0,1
2000,2.30933321640677,8.687845653682372,8.548806498312613,1.5,1.5,50,is,uniform,0.0015690987643105973,1
2000,2.30933321640677,8.687845653682372,8.548806498312613,2.7569734238004693,sqrt(log n),50,uniform_exact,uniform,0.0,1
2000,2.30933321640677,8.687845653682372,8.548806498312613,3.0,3.0,50,uniform_exact,uniform,0.0,1
2000,2.30933321640677,8.687845653682372,10.65437940946748,1.5,1.5,100,is,uniform,0.006381117289160491,1
2000,2.30933321640677,8.687845653682372,10.65437940946748,2.7569734238004693,sqrt(log n),100,uniform_exact,uniform,0.0,1
2000,2.30933321640677,8.687845653682372,10.65437940946748,3.0,3.0,100,uniform_exact,uniform,0.0,1
2000,0.5915941849529013,6.747218403782818,2.0388586590614297,1.5,1.5,10,uniform_exact,uniform,0.0,0
2000,0.5915941849529013,6.747218403782818,2.0388586590614297,2.7569734238004693,sqrt(log n),10,uniform_exact,uniform,0.0,0
2000,0.5915941849529013,6.747218403782818,2.0388586590614297,3.0,3.0,10,uniform_exact,uniform,0.0,0
2000,0.5915941849529013,6.747218403782818,2.0339902601360573,1.5,1.5,30,uniform_exact,uniform,0.0,0
2000,0.5915941849529013,6.747218403782818,2.0339902601360573,2.7569734238004693,sqrt(log n),30,uniform_exact,uniform,0.0,0
2000,0.5915941849529013,6.747218403782818,2.0339902601360573,3.0,3.0,30,uniform_exact,uniform,0.0,0
2000,0.5915941849529013,6.747218403782818,3.136005458211731,1.5,1.5,50,uniform_exact,uniform,0.0,0
2000,0.5915941849529013,6.747218403782818,3.136005458211731,2.7569734238004693,sqrt(log n),50,uniform_exact,uniform,0.0,0
2000,0.5915941849529013,6.747218403782818,3.136005458211731,3.0,3.0,50,uniform_exact,uniform,0.0,0
2000,0.5915941849529013,6.747218403782818,2.291911697666022,1.5,1.5,100,uniform_exact,uniform,0.0,0
2000,0.5915941849529013,6.747218403782818,2.291911697666022,2.7569734238004693,sqrt(log n),100,uniform_exact,uniform,0.0,0
2000,0.5915941849529013,6.747218403782818,2.291911697666022,3.0,3.0,100,uniform_exact,uniform,0.0,0
2000,0.5845956482433441,7.133862103294786,1.413081904304281,1.5,1.5,10,uniform,uniform,0.006354580979141084,0
2000,0.5845956482433441,7.133862103294786,1.413081904304281,2.7569734238004693,sqrt(log n),10,uniform,uniform,0.006354580979141084,0
2000,0.5845956482433441,7.133862103294786,1.413081904304281,3.0,3.0,10,uniform,uniform,0.006354580979141084,0
2000,0.5845956482433441,7.133862103294786,2.1765818185055896,1.5,1.5,30,uniform,uniform,0.0007392067463911563,0
2000,0.5845956482433441,7.133862103294786,2.1765818185055896,2.7569734238004693,sqrt(log n),30,uniform,uniform,0.0007392067463911563,0
2000,0.5845956482433441,7.133862103294786,2.1765818185055896,3.0,3.0,30,uniform,uniform,0.0007392067463911563,0
2000,0.5845956482433441,7.133862103294786,3.0417615153692705,1.5,1.5,50,uniform_exact,uniform,0.0,0
2000,0.5845956482433441,7.133862103294786,3.0417615153692705,2.7569734238004693,sqrt(log n),50,uniform_exact,uniform,0.0,0
2000,0.5845956482433441,7.133862103294786,3.0417615153692705,3.0,3.0,50,uniform_exact,uniform,0.0,0
2000,0.5845956482433441,7.133862103294786,2.878809289677887,1.5,1.5,100,uniform_exact,uniform,0.0,0
2000,0.5845956482433441,7.133862103294786,2.878809289677887,2.7569734238004693,sqrt(log n),100,uniform_exact,uniform,0.0,0
2000,0.5845956482433441,7.133862103294786,2.878809289677887,3.0,3.0,100,uniform_exact,uniform,0.0,0
2000,0.6364016724628121,6.162099158324124,4.715224399995061,1.5,1.5,10,uniform_exact,uniform,0.0,0
2000,0.6364016724628121,6.162099158324124,4.715224399995061,2.7569734238004693,sqrt(log n),10,uniform_exact,uniform,0.0,0
2000,0.6364016724628121,6.162099158324124,4.715224399995061,3.0,3.0,10,uniform_exact,uniform,0.0,0
2000,0.6364016724628121,6.162099158324124,3.2883911295694457,1.5,1.5,30,uniform_exact,uniform,0.0,0
2000,0.6364016724628121,6.162099158324124,3.2883911295694457,2.7569734238004693,sqrt(log n),30,uniform_exact,uniform,0.0,0
2000,0.6364016724628121,6.162099158324124,3.2883911295694457,3.0,3.0,30,uniform_exact,uniform,0.0,0
2000,0.6364016724628121,6.162099158324124,2.725278609765331,1.5,1.5,50,uniform_exact,uniform,0.0,0
2000,0.6364016724628121,6.162099158324124,2.725278609765331,2.7569734238004693,sqrt(log n),50,uniform_exact,uniform,0.0,0
2000,0.6364016724628121,6.162099158324124,2.725278609765331,3.0,3.0,50,uniform_exact,uniform,0.0,0
2000,0.6364016724628121,6.162099158324124,2.8045265201927276,1.5,1.5,100,uniform_exact,uniform,0.0,0
2000,0.6364016724628121,6.162099158324124,2.8045265201927276,2.7569734238004693,sqrt(log n),100,uniform_exact,uniform,0.0,0
2000,0.6364016724628121,6.162099158324124,2.8045265201927276,3.0,3.0,100,uniform_exact,uniform,0.0,0
2000,1.2983740571519216,4.789065542177101,2.3256315288285103,1.5,1.5,10,uniform_exact,uniform,0.0,0
2000,1.2983740571519216,4.789065542177101,2.3256315288285103,2.7569734238004693,sqrt(log n),10,uniform_exact,uniform,0.0,0
2000,1.2983740571519216,4.789065542177101,2.3256315288285103,3.0,3.0,10,uniform_exact,uniform,0.0,0
2000,1.2983740571519216,4.789065542177101,3.720159970600375,1.5,1.5,30,uniform_exact,uniform,0.0,0
2000,1.2983740571519216,4.789065542177101,3.720159970600375,2.7569734238004693,sqrt(log n),30,uniform_exact,uniform,0.0,0
2000,1.2983740571519216,4.789065542177101,3.720159970600375,3.0,3.0,30,uniform_exact,uniform,0.0,0
2000,1.2983740571519216,4.789065542177101,4.412518053004003,1.5,1.5,50,uniform_exact,uniform,0.0,0
2000,1.2983740571519216,4.789065542177101,4.412518053004003,2.7569734238004693,sqrt(log n),50,uniform_exact,uniform,0.0,0
2000,1.2983740571519216,4.789065542177101,4.412518053004003,3.0,3.0,50,uniform_exact,uniform,0.0,0
2000,1.2983740571519216,4.789065542177101,4.585364915272596,1.5,1.5,100,uniform_exact,uniform,0.0,0
2000,1.2983740571519216,4.789065542177101,4.585364915272596,2.7569734238004693,sqrt(log n),100,uniform_exact,uniform,0.0,0
2000,1.2983740571519216,4.789065542177101,4.585364915272596,3.0,3.0,100,uniform_exact,uniform,0.0,0
2000,1.3147579288921611,4.448881049791875,1.7676370510013018,1.5,1.5,10,uniform_exact,uniform,0.0,0
2000,1.3147579288921611,4.448881049791875,1.7676370510013018,2.7569734238004693,sqrt(log n),10,uniform_exact,uniform,0.0,0
2000,1.3147579288921611,4.448881049791875,1.7676370510013018,3.0,3.0,10,uniform_exact,uniform,0.0,0
2000,1.3147579288921611,4.448881049791875,3.5422944480090486,1.5,1.5,30,uniform_exact,uniform,0.0,0
2000,1.3147579288921611,4.448881049791875,3.5422944480090486,2.7569734238004693,sqrt(log n),30,uniform_exact,uniform,0.0,0
2000,1.3147579288921611,4.448881049791875,3.5422944480090486,3.0,3.0,30,uniform_exact,uniform,0.0,0
2000,1.3147579288921611,4.448881049791875,3.8561648150905605,1.5,1.5,50,uniform_exact,uniform,0.0,0
2000,1.3147579288921611,4.448881049791875,3.8561648150905605,2.7569734238004693,sqrt(log n),50,uniform_exact,uniform,0.0,0
2000,1.3147579288921611,4.448881049791875,3.8561648150905605,3.0,3.0,50,uniform_exact,uniform,0.0,0
2000,1.3147579288921611,4.448881049791875,4.3130470567104595,1.5,1.5,100,uniform_exact,uniform,0.0,0
2000,1.3147579288921611,4.448881049791875,4.3130470567104595,2.7569734238004693,sqrt(log n),100,uniform_exact,uniform,0.0,0
2000,1.3147579288921611,4.448881049791875,4.3130470567104595,3.0,3.0,100,uniform_exact,uniform,0.0,0
2000,1.3083480127020897,4.637299734571176,3.8232933823946653,1.5,1.5,10,uniform_exact,uniform,0.0,0
2000,1.3083480127020897,4.637299734571176,3.8232933823946653,2.7569734238004693,sqrt(log n),10,uniform_exact,uniform,0.0,0
2000,1.3083480127020897,4.637299734571176,3.8232933823946653,3.0,3.0,10,uniform_exact,uniform,0.0,0
2000,1.3083480127020897,4.637299734571176,4.164275444353236,1.5,1.5,30,uniform_exact,uniform,0.0,0
2000,1.3083480127020897,4.637299734571176,4.164275444353236,2.7569734238004693,sqrt(log n),30,uniform_exact,uniform,0.0,0
2000,1.3083480127020897,4.637299734571176,4.164275444353236,3.0,3.0,30,uniform_exact,uniform,0.0,0
2000,1.3083480127020897,4.637299734571176,4.672800188024037,1.5,1.5,50,uniform_exact,uniform,0.0,0
2000,1.3083480127020897,4.637299734571176,4.672800188024037,2.7569734238004693,sqrt(log n),50,uniform_exact,uniform,0.0,0
2000,1.3083480127020897,4.637299734571176,4.672800188024037,3.0,3.0,50,uniform_exact,uniform,0.0,0
2000,1.3083480127020897,4.637299734571176,4.421549563298229,1.5,1.5,100,uniform_exact,uniform,0.0,0
2000,1.3083480127020897,4.637299734571176,4.421549563298229,2.7569734238004693,sqrt(log n),100,uniform_exact,uniform,0.0,0
2000,1.3083480127020897,4.637299734571176,4.421549563298229,3.0,3.0,100,uniform_exact,uniform,0.0,0
2000,1.7372109637686688,4.909762302581473,7.8516828947180715,1.5,1.5,10,is,uniform,0.005866512252857163,0
2000,1.7372109637686688,4.909762302581473,7.8516828947180715,2.7569734238004693,sqrt(log n),10,uniform_exact,uniform,0.0,0
2000,1.7372109637686688,4.909762302581473,7.8516828947180715,3.0,3.0,10,uniform_exact,uniform,0.0,0
2000,1.7372109637686688,4.909762302581473,4.610667665389958,1.5,1.5,30,is,uniform,0.0028951581520901427,0
2000,1.7372109637686688,4.909762302581473,4.610667665389958,2.7569734238004693,sqrt(log n),30,uniform_exact,uniform,0.0,0
2000,1.7372109637686688,4.909762302581473,4.610667665389958,3.0,3.0,30,uniform_exact,uniform,0.0,0
2000,1.7372109637686688,4.909762302581473,4.841962842352614,1.5,1.5,50,is,uniform,0.0005533514192917564,0
2000,1.7372109637686688,4.909762302581473,4.841962842352614,2.7569734238004693,sqrt(log n),50,uniform_exact,uniform,0.0,0
2000,1.7372109637686688,4.909762302581473,4.841962842352614,3.0,3.0,50,uniform_exact,uniform,0.0,0
2000,1.7372109637686688,4.909762302581473,4.8058044540415255,1.5,1.5,100,is,uniform,0.005806369306716884,0
2000,1.7372109637686688,4.909762302581473,4.8058044540415255,2.7569734238004693,sqrt(log n),100,uniform_exact,uniform,0.0,0
2000,1.7372109637686688,4.909762302581473,4.8058044540415255,3.0,3.0,100,uniform_exact,uniform,0.0,0
2000,1.7421178180833923,4.869082529210165,3.3244247920825223,1.5,1.5,10,uniform_exact,uniform,0.0,0
2000,1.7421178180833923,4.869082529210165,3.3244247920825223,2.7569734238004693,sqrt(log n),10,uniform_exact,uniform,0.0,0
2000,1.7421178180833923,4.869082529210165,3.3244247920825223,3.0,3.0,10,uniform_exact,uniform,0.0,0
2000,1.7421178180833923,4.869082529210165,4.638664251106905,1.5,1.5,30,is,uniform,0.002888485127367302,0
2000,1.7421178180833923,4.869082529210165,4.638664251106905,2.7569734238004693,sqrt(log n),30,uniform_exact,uniform,0.0,0
2000,1.7421178180833923,4.869082529210165,4.638664251106905,3.0,3.0,30,uniform_exact,uniform,0.0,0
2000,1.7421178180833923,4.869082529210165,4.736806577737,1.5,1.5,50,is,uniform,0.011289207640915793,0
2000,1.7421178180833923,4.869082529210165,4.736806577737,2.7569734238004693,sqrt(log n),50,uniform_exact,uniform,0.0,0
2000,1.7421178180833923,4.869082529210165,4.736806577737,3.0,3.0,50,uniform_exact,uniform,0.0,0
2000,1.7421178180833923,4.869082529210165,3.887874480098505,1.5,1.5,100,is,uniform,0.015481452350550115,0
2000,1.7421178180833923,4.869082529210165,3.887874480098505,2.7569734238004693,sqrt(log n),100,uniform_exact,uniform,0.0,0
2000,1.7421178180833923,4.869082529210165,3.887874480098505,3.0,3.0,100,uniform_exact,uniform,0.0,0
2000,1.7399890427199698,4.970317505328127,8.114038929351835,1.5,1.5,10,is,uniform,0.005647789751994262,0
2000,1.7399890427199698,4.970317505328127,8.114038929351835,2.7569734238004693,sqrt(log n),10,uniform_exact,uniform,0.0,0
2000,1.7399890427199698,4.970317505328127,8.114038929351835,3.0,3.0,10,uniform_exact,uniform,0.0,0
2000,1.7399890427199698,4.970317505328127,3.571174281806612,1.5,1.5,30,is,uniform,0.0008925726810492247,0
2000,1.7399890427199698,4.970317505328127,3.571174281806612,2.7569734238004693,sqrt(log n),30,uniform_exact,uniform,0.0,0
2000,1.7399890427199698,4.970317505328127,3.571174281806612,3.0,3.0,30,uniform_exact,uniform,0.0,0
2000,1.7399890427199698,4.970317505328127,5.304664825445241,1.5,1.5,50,is,uniform,0.01819328831191171,0
2000,1.7399890427199698,4.970317505328127,5.304664825445241,2.7569734238004693,sqrt(log n),50,uniform_exact,uniform,0.0,0
2000,1.7399890427199698,4.970317505328127,5.304664825445241,3.0,3.0,50,uniform_exact,uniform,0.0,0
2000,1.7399890427199698,4.970317505328127,4.646818347203881,1.5,1.5,100,is,uniform,0.0026928538355489246,0
2000,1.7399890427199698,4.970317505328127,4.646818347203881,2.7569734238004693,sqrt(log n),100,uniform_exact,uniform,0.0,0
2000,1.7399890427199698,4.970317505328127,4.646818347203881,3.0,3.0,100,uniform_exact,uniform,0.0,0
5000,0.7224807944290408,9.893139619301449,1.7349166098848137,1.5,1.5,10,uniform,uniform,0.002119014330384137,0
5000,0.7224807944290408,9.893139619301449,1.7349166098848137,2.918423065872431,sqrt(log n),10,uniform,uniform,0.002119014330384137,0
5000,0.7224807944290408,9.893139619301449,1.7349166098848137,3.0,3.0,10,uniform,uniform,0.002119014330384137,0
5000,0.7224807944290408,9.893139619301449,2.4604570013792673,1.5,1.5,30,uniform,uniform,0.007419211021052844,0
5000,0.7224807944290408,9.893139619301449,2.4604570013792673,2.918423065872431,sqrt(log n),30,uniform,uniform,0.007419211021052844,0
5000,0.7224807944290408,9.893139619301449,2.4604570013792673,3.0,3.0,30,uniform,uniform,0.007419211021052844,0
5000,0.7224807944290408,9.893139619301449,2.7510583582507127,1.5,1.5,50,uniform,uniform,0.008569089868343354,0
5000,0.7224807944290408,9.893139619301449,2.7510583582507127,2.918423065872431,sqrt(log n),50,uniform,uniform,0.008569089868343354,0
5000,0.7224807944290408,9.893139619301449,2.7510583582507127,3.0,3.0,50,uniform,uniform,0.008569089868343354,0
5000,0.7224807944290408,9.893139619301449,3.317973393648955,1.5,1.5,100,uniform,uniform,0.0015951737029466738,0
5000,0.7224807944290408,9.893139619301449,3.317973393648955,2.918423065872431,sqrt(log n),100,uniform,uniform,0.0015951737029466738,0
5000,0.7224807944290408,9.893139619301449,3.317973393648955,3.0,3.0,100,uniform,uniform,0.0015951737029466738,0
5000,0.6783674416504732,9.248645932905605,1.4982469232441924,1.5,1.5,10,uniform,uniform,0.05466903061339664,0
5000,0.6783674416504732,9.248645932905605,1.4982469232441924,2.918423065872431,sqrt(log n),10,uniform,uniform,0.05466903061339664,0
5000,0.6783674416504732,9.248645932905605,1.4982469232441924,3.0,3.0,10,uniform,uniform,0.05466903061339664,0
5000,0.6783674416504732,9.248645932905605,2.816347408077367,1.5,1.5,30,uniform,uniform,0.008692635307451499,0
5000,0.6783674416504732,9.248645932905605,2.816347408077367,2.918423065872431,sqrt(log n),30,uniform,uniform,0.008692635307451499,0
5000,0.6783674416504732,9.248645932905605,2.816347408077367,3.0,3.0,30,uniform,uniform,0.008692635307451499,0
5000,0.6783674416504732,9.248645932905605,2.640589926043195,1.5,1.5,50,uniform,uniform,0.015938194084992086,0
5000,0.6783674416504732,9.248645932905605,2.640589926043195,2.918423065872431,sqrt(log n),50,uniform,uniform,0.015938194084992086,0
5000,0.6783674416504732,9.248645932905605,2.640589926043195,3.0,3.0,50,uniform,uniform,0.015938194084992086,0
5000,0.6783674416504732,9.248645932905605,4.162381529387495,1.5,1.5,100,uniform_exact,uniform,0.0,0
5000,0.6783674416504732,9.248645932905605,4.162381529387495,2.918423065872431,sqrt(log n),100,uniform_exact,uniform,0.0,0
5000,0.6783674416504732,9.248645932905605,4.162381529387495,3.0,3.0,100,uniform_exact,uniform,0.0,0
5000,0.6974014263102107,8.500077009248255,1.9674959386003374,1.5,1.5,10,uniform,uniform,0.000659127090229699,0
5000,0.6974014263102107,8.500077009248255,1.9674959386003374,2.918423065872431,sqrt(log n),10,uniform,uniform,0.000659127090229699,0
5000,0.6974014263102107,8.500077009248255,1.9674959386003374,3.0,3.0,10,uniform,uniform,0.000659127090229699,0
5000,0.6974014263102107,8.500077009248255,2.900818494760435,1.5,1.5,30,uniform_exact,uniform,0.0,0
5000,0.6974014263102107,8.500077009248255,2.900818494760435,2.918423065872431,sqrt(log n),30,uniform_exact,uniform,0.0,0
5000,0.6974014263102107,8.500077009248255,2.900818494760435,3.0,3.0,30,uniform_exact,uniform,0.0,0
5000,0.6974014263102107,8.500077009248255,4.293333522269784,1.5,1.5,50,uniform_exact,uniform,0.0,0
5000,0.6974014263102107,8.500077009248255,4.293333522269784,2.918423065872431,sqrt(log n),50,uniform_exact,uniform,0.0,0
5000,0.6974014263102107,8.500077009248255,4.293333522269784,3.0,3.0,50,uniform_exact,uniform,0.0,0
5000,0.6974014263102107,8.500077009248255,3.6515803463426644,1.5,1.5,100,uniform,uniform,0.0073064977447040175,0
5000,0.6974014263102107,8.500077009248255,3.6515803463426644,2.918423065872431,sqrt(log n),100,uniform,uniform,0.0073064977447040175,0
5000,0.6974014263102107,8.500077009248255,3.6515803463426644,3.0,3.0,100,uniform,uniform,0.0073064977447040175,0
5000,0.6966704990056833,11.78855723114979,2.7731530315013275,1.5,1.5,10,uniform,uniform,0.0039853383936348805,0
5000,0.6966704990056833,11.78855723114979,2.7731530315013275,2.918423065872431,sqrt(log n),10,uniform,uniform,0.0039853383936348805,0
5000,0.6966704990056833,11.78855723114979,2.7731530315013275,3.0,3.0,10,uniform,uniform,0.0039853383936348805,0
5000,0.6966704990056833,11.78855723114979,5.599173618414346,1.5,1.5,30,uniform_exact,uniform,0.0,0
5000,0.6966704990056833,11.78855723114979,5.599173618414346,2.918423065872431,sqrt(log n),30,uniform_exact,uniform,0.0,0
5000,0.6966704990056833,11.78855723114979,5.599173618414346,3.0,3.0,30,uniform_exact,uniform,0.0,0
5000,0.6966704990056833,11.78855723114979,5.171239117697502,1.5,1.5,50,uniform_exact,uniform,0.0,0
5000,0.6966704990056833,11.78855723114979,5.171239117697502,2.918423065872431,sqrt(log n),50,uniform_exact,uniform,0.0,0
5000,0.6966704990056833,11.78855723114979,5.171239117697502,3.0,3.0,50,uniform_exact,uniform,0.0,0
5000,0.6966704990056833,11.78855723114979,4.377168339615814,1.5,1.5,100,uniform,uniform,3.2575642218869954e-05,0
5000,0.6966704990056833,11.78855723114979,4.377168339615814,2.918423065872431,sqrt(log n),100,uniform,uniform,3.2575642218869954e-05,0
5000,0.6966704990056833,11.78855723114979,4.377168339615814,3.0,3.0,100,uniform,uniform,3.2575642218869954e-05,0
5000,0.7020645774986704,10.493395057863204,1.5433887843628282,1.5,1.5,10,uniform,uniform,0.0007919803847961035,0
5000,0.7020645774986704,10.493395057863204,1.5433887843628282,2.918423065872431,sqrt(log n),10,uniform,uniform,0.0007919803847961035,0
5000,0.7020645774986704,10.493395057863204,1.5433887843628282,3.0,3.0,10,uniform,uniform,0.0007919803847961035,0
5000,0.7020645774986704,10.493395057863204,5.075311059250397,1.5,1.5,30,uniform_exact,uniform,0.0,0
5000,0.7020645774986704,10.493395057863204,5.075311059250397,2.918423065872431,sqrt(log n),30,uniform_exact,uniform,0.0,0
5000,0.7020645774986704,10.493395057863204,5.075311059250397,3.0,3.0,30,uniform_exact,uniform,0.0,0
5000,0.7020645774986704,10.493395057863204,3.521652799333238,1.5,1.5,50,uniform,uniform,0.002484331710805081,0
5000,0.7020645774986704,10.493395057863204,3.521652799333238,2.918423065872431,sqrt(log n),50,uniform,uniform,0.002484331710805081,0
5000,0.7020645774986704,10.493395057863204,3.521652799333238,3.0,3.0,50,uniform,uniform,0.002484331710805081,0
5000,0.7020645774986704,10.493395057863204,4.047424699874459,1.5,1.5,100,uniform,uniform,0.006730984136407237,0
5000,0.7020645774986704,10.493395057863204,4.047424699874459,2.918423065872431,sqrt(log n),100,uniform,uniform,0.006730984136407237,0
5000,0.7020645774986704,10.493395057863204,4.047424699874459,3.0,3.0,100,uniform,uniform,0.006730984136407237,0
5000,0.6964872202949357,12.14043386833435,1.548377582706452,1.5,1.5,10,uniform,uniform,0.03229526703383842,0
5000,0.6964872202949357,12.14043386833435,1.548377582706452,2.918423065872431,sqrt(log n),10,uniform,uniform,0.03229526703383842,0
5000,0.6964872202949357,12.14043386833435,1.548377582706452,3.0,3.0,10,uniform,uniform,0.03229526703383842,0
5000,0.6964872202949357,12.14043386833435,2.5886523221110345,1.5,1.5,30,uniform,uniform,0.0028002888311020107,0
5000,0.6964872202949357,12.14043386833435,2.5886523221110345,2.918423065872431,sqrt(log n),30,uniform,uniform,0.0028002888311020107,0
5000,0.6964872202949357,12.14043386833435,2.5886523221110345,3.0,3.0,30,uniform,uniform,0.0028002888311020107,0
5000,0.6964872202949357,12.14043386833435,2.1274441627037355,1.5,1.5,50,uniform,uniform,0.007875977103299455,0
5000,0.6964872202949357,12.14043386833435,2.1274441627037355,2.918423065872431,sqrt(log n),50,uniform,uniform,0.007875977103299455,0
5000,0.6964872202949357,12.14043386833435,2.1274441627037355,3.0,3.0,50,uniform,uniform,0.007875977103299455,0
5000,0.6964872202949357,12.14043386833435,2.700691233469797,1.5,1.5,100,uniform,uniform,0.008579066367971365,0
5000,0.6964872202949357,12.14043386833435,2.700691233469797,2.918423065872431,sqrt(log n),100,uniform,uniform,0.008579066367971365,0
5000,0.6964872202949357,12.14043386833435,2.700691233469797,3.0,3.0,100,uniform,uniform,0.008579066367971365,0
5000,0.6923142098960464,10.791047985600459,5.024636727032796,1.5,1.5,10,uniform_exact,uniform,0.0,0
5000,0.6923142098960464,10.791047985600459,5.024636727032796,2.918423065872431,sqrt(log n),10,uniform_exact,uniform,0.0,0
5000,0.6923142098960464,10.791047985600459,5.024636727032796,3.0,3.0,10,uniform_exact,uniform,0.0,0
5000,0.6923142098960464,10.791047985600459,3.896641344610585,1.5,1.5,30,uniform,uniform,0.001554855881965251,0
5000,0.6923142098960464,10.791047985600459,3.896641344610585,2.918423065872431,sqrt(log n),30,uniform,uniform,0.001554855881965251,0
5000,0.6923142098960464,10.791047985600459,3.896641344610585,3.0,3.0,30,uniform,uniform,0.001554855881965251,0
5000,0.6923142098960464,10.791047985600459,3.5881434392408904,1.5,1.5,50,uniform,uniform,0.011581741417662597,0
5000,0.6923142098960464,10.791047985600459,3.5881434392408904,2.918423065872431,sqrt(log n),50,uniform,uniform,0.011581741417662597,0
5000,0.6923142098960464,10.791047985600459,3.5881434392408904,3.0,3.0,50,uniform,uniform,0.011581741417662597,0
5000,0.6923142098960464,10.791047985600459,2.5174505162140806,1.5,1.5,100,uniform,uniform,0.0036962850481358253,0
5000,0.6923142098960464,10.791047985600459,2.5174505162140806,2.918423065872431,sqrt(log n),100,uniform,uniform,0.0036962850481358253,0
5000,0.6923142098960464,10.791047985600459,2.5174505162140806,3.0,3.0,100,uniform,uniform,0.0036962850481358253,0
5000,0.6749404683005831,10.377327086148796,2.614097519018026,1.5,1.5,10,uniform_exact,uniform,0.0,0
5000,0.6749404683005831,10.377327086148796,2.614097519018026,2.918423065872431,sqrt(log n),10,uniform_exact,uniform,0.0,0
5000,0.6749404683005831,10.377327086148796,2.614097519018026,3.0,3.0,10,uniform_exact,uniform,0.0,0
5000,0.6749404683005831,10.377327086148796,2.217504212370663,1.5,1.5,30,uniform,uniform,0.004856299190691674,0
5000,0.6749404683005831,10.377327086148796,2.217504212370663,2.918423065872431,sqrt(log n),30,uniform,uniform,0.004856299190691674,0
5000,0.6749404683005831,10.377327086148796,2.217504212370663,3.0,3.0,30,uniform,uniform,0.004856299190691674,0
5000,0.6749404683005831,10.377327086148796,3.145253982459702,1.5,1.5,50,uniform,uniform,0.0013298764568217807,0
5000,0.6749404683005831,10.377327086148796,3.145253982459702,2.918423065872431,sqrt(log n),50,uniform,uniform,0.0013298764568217807,0
5000,0.6749404683005831,10.377327086148796,3.145253982459702,3.0,3.0,50,uniform,uniform,0.0013298764568217807,0
5000,0.6749404683005831,10.377327086148796,3.473303921338988,1.5,1.5,100,uniform,uniform,0.0005885579341023941,0
5000,0.6749404683005831,10.377327086148796,3.473303921338988,2.918423065872431,sqrt(log n),100,uniform,uniform,0.0005885579341023941,0
5000,0.6749404683005831,10.377327086148796,3.473303921338988,3.0,3.0,100,uniform,uniform,0.0005885579341023941,0
5000,0.7043250568842707,9.485986571983513,1.7553081255789005,1.5,1.5,10,uniform,uniform,0.0036865349859830474,0
5000,0.7043250568842707,9.485986571983513,1.7553081255789005,2.918423065872431,sqrt(log n),10,uniform,uniform,0.0036865349859830474,0
5000,0.7043250568842707,9.485986571983513,1.7553081255789005,3.0,3.0,10,uniform,uniform,0.0036865349859830474,0
5000,0.7043250568842707,9.485986571983513,2.8210873374700256,1.5,1.5,30,uniform,uniform,0.0019884024000718565,0
5000,0.7043250568842707,9.485986571983513,2.8210873374700256,2.918423065872431,sqrt(log n),30,uniform,uniform,0.0019884024000718565,0
5000,0.7043250568842707,9.485986571983513,2.8210873374700256,3.0,3.0,30,uniform,uniform,0.0019884024000718565,0
5000,0.7043250568842707,9.485986571983513,4.270502189870269,1.5,1.5,50,uniform,uniform,0.0012446131237900963,0
5000,0.7043250568842707,9.485986571983513,4.270502189870269,2.918423065872431,sqrt(log n),50,uniform,uniform,0.0012446131237900963,0
5000,0.7043250568842707,9.485986571983513,4.270502189870269,3.0,3.0,50,uniform,uniform,0.0012446131237900963,0
5000,0.7043250568842707,9.485986571983513,3.2787842463460137,1.5,1.5,100,uniform,uniform,0.004427251553633728,0
5000,0.7043250568842707,9.485986571983513,3.2787842463460137,2.918423065872431,sqrt(log n),100,uniform,uniform,0.004427251553633728,0
5000,0.7043250568842707,9.485986571983513,3.2787842463460137,3.0,3.0,100,uniform,uniform,0.004427251553633728,0
5000,0.7278048746693839,12.570758348270179,1.3078872226827678,1.5,1.5,10,uniform,uniform,0.02201566136561146,0
5000,0.7278048746693839,12.570758348270179,1.3078872226827678,2.918423065872431,sqrt(log n),10,uniform,uniform,0.02201566136561146,0
5000,0.7278048746693839,12.570758348270179,1.3078872226827678,3.0,3.0,10,uniform,uniform,0.02201566136561146,0
5000,0.7278048746693839,12.570758348270179,3.446579886949718,1.5,1.5,30,uniform_exact,uniform,0.0,0
5000,0.7278048746693839,12.570758348270179,3.446579886949718,2.918423065872431,sqrt(log n),30,uniform_exact,uniform,0.0,0
5000,0.7278048746693839,12.570758348270179,3.446579886949718,3.0,3.0,30,uniform_exact,uniform,0.0,0
5000,0.7278048746693839,12.570758348270179,2.966876288431846,1.5,1.5,50,uniform,uniform,7.826441053137767e-05,0
5000,0.7278048746693839,12.570758348270179,2.966876288431846,2.918423065872431,sqrt(log n),50,uniform,uniform,7.826441053137767e-05,0
5000,0.7278048746693839,12.570758348270179,2.966876288431846,3.0,3.0,50,uniform,uniform,7.826441053137767e-05,0
5000,0.7278048746693839,12.570758348270179,3.2173484301409587,1.5,1.5,100,uniform,uniform,0.015752189745381538,0
5000,0.7278048746693839,12.570758348270179,3.2173484301409587,2.918423065872431,sqrt(log n),100,uniform,uniform,0.015752189745381538,0
5000,0.7278048746693839,12.570758348270179,3.2173484301409587,3.0,3.0,100,uniform,uniform,0.015752189745381538,0
5000,0.6959390046794844,8.19052749199074,1.8459016790575369,1.5,1.5,10,uniform,uniform,0.0101763719223502,0
5000,0.6959390046794844,8.19052749199074,1.8459016790575369,2.918423065872431,sqrt(log n),10,uniform,uniform,0.0101763719223502,0
5000,0.6959390046794844,8.19052749199074,1.8459016790575369,3.0,3.0,10,uniform,uniform,0.0101763719223502,0
5000,0.6959390046794844,8.19052749199074,4.745497659203701,1.5,1.5,30,uniform_exact,uniform,0.0,0
5000,0.6959390046794844,8.19052749199074,4.745497659203701,2.918423065872431,sqrt(log n),30,uniform_exact,uniform,0.0,0
5000,0.6959390046794844,8.19052749199074,4.745497659203701,3.0,3.0,30,uniform_exact,uniform,0.0,0
5000,0.6959390046794844,8.19052749199074,2.7799883385959303,1.5,1.5,50,uniform,uniform,0.0012722361063738235,0
5000,0.6959390046794844,8.19052749199074,2.7799883385959303,2.918423065872431,sqrt(log n),50,uniform,uniform,0.0012722361063738235,0
5000,0.6959390046794844,8.19052749199074,2.7799883385959303,3.0,3.0,50,uniform,uniform,0.0012722361063738235,0
5000,0.6959390046794844,8.19052749199074,6.783520634304242,1.5,1.5,100,uniform_exact,uniform,0.0,0
5000,0.6959390046794844,8.19052749199074,6.783520634304242,2.918423065872431,sqrt(log n),100,uniform_exact,uniform,0.0,0
5000,0.6959390046794844,8.19052749199074,6.783520634304242,3.0,3.0,100,uniform_exact,uniform,0.0,0
5000,0.7275752487361427,11.991683623295147,2.676451462479032,1.5,1.5,10,uniform,uniform,0.00441374185016775,0
5000,0.7275752487361427,11.991683623295147,2.676451462479032,2.918423065872431,sqrt(log n),10,uniform,uniform,0.00441374185016775,0
5000,0.7275752487361427,11.991683623295147,2.676451462479032,3.0,3.0,10,uniform,uniform,0.00441374185016775,0
5000,0.7275752487361427,11.991683623295147,2.995949604710359,1.5,1.5,30,uniform,uniform,0.004611074270447107,0
5000,0.7275752487361427,11.991683623295147,2.995949604710359,2.918423065872431,sqrt(log n),30,uniform,uniform,0.004611074270447107,0
5000,0.7275752487361427,11.991683623295147,2.995949604710359,3.0,3.0,30,uniform,uniform,0.004611074270447107,0
5000,0.7275752487361427,11.991683623295147,5.121850293427099,1.5,1.5,50,uniform,uniform,0.0010445932655335742,0
5000,0.7275752487361427,11.991683623295147,5.121850293427099,2.918423065872431,sqrt(log n),50,uniform,uniform,0.0010445932655335742,0
5000,0.7275752487361427,11.991683623295147,5.121850293427099,3.0,3.0,50,uniform,uniform,0.0010445932655335742,0
5000,0.7275752487361427,11.991683623295147,4.176529920814385,1.5,1.5,100,uniform,uniform,0.004335495639482772,0
5000,0.7275752487361427,11.991683623295147,4.176529920814385,2.918423065872431,sqrt(log n),100,uniform,uniform,0.004335495639482772,0
5000,0.7275752487361427,11.991683623295147,4.176529920814385,3.0,3.0,100,uniform,uniform,0.004335495639482772,0
5000,1.1514945012448503,13.921170970329356,6.1718843620044455,1.5,1.5,10,is,uniform,0.005622291614582006,0
5000,1.1514945012448503,13.921170970329356,6.1718843620044455,2.918423065872431,sqrt(log n),10,uniform_exact,uniform,0.0,0
5000,1.1514945012448503,13.921170970329356,6.1718843620044455,3.0,3.0,10,uniform_exact,uniform,0.0,0
5000,1.1514945012448503,13.921170970329356,8.819415195840223,1.5,1.5,30,is,uniform,0.02826118827620099,0
5000,1.1514945012448503,13.921170970329356,8.819415195840223,2.918423065872431,sqrt(log n),30,uniform_exact,uniform,0.0,0
5000,1.1514945012448503,13.921170970329356,8.819415195840223,3.0,3.0,30,uniform_exact,uniform,0.0,0
5000,1.1514945012448503,13.921170970329356,2.412148875985864,1.5,1.5,50,uniform,uniform,0.009370617360248617,0
5000,1.1514945012448503,13.921170970329356,2.412148875985864,2.918423065872431,sqrt(log n),50,uniform,uniform,0.009370617360248617,0
5000,1.1514945012448503,13.921170970329356,2.412148875985864,3.0,3.0,50,uniform,uniform,0.009370617360248617,0
5000,1.1514945012448503,13.921170970329356,8.912366298761397,1.5,1.5,100,uniform_exact,uniform,0.0,0
5000,1.1514945012448503,13.921170970329356,8.912366298761397,2.918423065872431,sqrt(log n),100,uniform_exact,uniform,0.0,0
5000,1.1514945012448503,13.921170970329356,8.912366298761397,3.0,3.0,100,uniform_exact,uniform,0.0,0
5000,1.1000620070210954,13.282787825099584,2.2067915136547116,1.5,1.5,10,uniform,uniform,0.0033172182222137867,0
5000,1.1000620070210954,13.282787825099584,2.2067915136547116,2.918423065872431,sqrt(log n),10,uniform,uniform,0.0033172182222137867,0
5000,1.1000620070210954,13.282787825099584,2.2067915136547116,3.0,3.0,10,uniform,uniform,0.0033172182222137867,0
5000,1.1000620070210954,13.282787825099584,4.514792263595022,1.5,1.5,30,uniform_exact,uniform,0.0,0
5000,1.1000620070210954,13.282787825099584,4.514792263595022,2.918423065872431,sqrt(log n),30,uniform_exact,uniform,0.0,0
5000,1.1000620070210954,13.282787825099584,4.514792263595022,3.0,3.0,30,uniform_exact,uniform,0.0,0
5000,1.1000620070210954,13.282787825099584,3.296013957470399,1.5,1.5,50,uniform,uniform,0.012737057278675018,0
5000,1.1000620070210954,13.282787825099584,3.296013957470399,2.918423065872431,sqrt(log n),50,uniform,uniform,0.012737057278675018,0
5000,1.1000620070210954,13.282787825099584,3.296013957470399,3.0,3.0,50,uniform,uniform,0.012737057278675018,0
5000,1.1000620070210954,13.282787825099584,9.342163405188805,1.5,1.5,100,uniform_exact,uniform,0.0,0
5000,1.1000620070210954,13.282787825099584,9.342163405188805,2.918423065872431,sqrt(log n),100,uniform_exact,uniform,0.0,0
5000,1.1000620070210954,13.282787825099584,9.342163405188805,3.0,3.0,100,uniform_exact,uniform,0.0,0
5000,1.169644960173019,14.047324928197764,2.0931413727893218,1.5,1.5,10,uniform,uniform,0.009109359990499343,0
5000,1.169644960173019,14.047324928197764,2.0931413727893218,2.918423065872431,sqrt(log n),10,uniform,uniform,0.009109359990499343,0
5000,1.169644960173019,14.047324928197764,2.0931413727893218,3.0,3.0,10,uniform,uniform,0.009109359990499343,0
5000,1.169644960173019,14.047324928197764,6.720111220789284,1.5,1.5,30,is,uniform,0.0021155746421487884,0
5000,1.169644960173019,14.047324928197764,6.720111220789284,2.918423065872431,sqrt(log n),30,uniform_exact,uniform,0.0,0
5000,1.169644960173019,14.047324928197764,6.720111220789284,3.0,3.0,30,uniform_exact,uniform,0.0,0
5000,1.169644960173019,14.047324928197764,4.14354357990085,1.5,1.5,50,uniform_exact,uniform,0.0,0
5000,1.169644960173019,14.047324928197764,4.14354357990085,2.918423065872431,sqrt(log n),50,uniform_exact,uniform,0.0,0
5000,1.169644960173019,14.047324928197764,4.14354357990085,3.0,3.0,50,uniform_exact,uniform,0.0,0
5000,1.169644960173019,14.047324928197764,7.358162074869637,1.5,1.5,100,uniform_exact,uniform,0.0,0
5000,1.169644960173019,14.047324928197764,7.358162074869637,2.918423065872431,sqrt(log n),100,uniform_exact,uniform,0.0,0
5000,1.169644960173019,14.047324928197764,7.358162074869637,3.0,3.0,100,uniform_exact,uniform,0.0,0
5000,3.012040993380712,33.184170841399485,1.94115390269493,1.5,1.5,10,uniform,is,0.06924680169001118,1
5000,3.012040993380712,33.184170841399485,1.94115390269493,2.918423065872431,sqrt(log n),10,uniform,is,0.06924680169001118,1
5000,3.012040993380712,33.184170841399485,1.94115390269493,3.0,3.0,10,uniform,is,0.06924680169001118,1
5000,3.012040993380712,33.184170841399485,2.7056514572471353,1.5,1.5,30,uniform,is,0.010729178040493533,1
5000,3.012040993380712,33.184170841399485,2.7056514572471353,2.918423065872431,sqrt(log n),30,uniform,is,0.010729178040493533,1
5000,3.012040993380712,33.184170841399485,2.7056514572471353,3.0,3.0,30,uniform,is,0.010729178040493533,1
5000,3.012040993380712,33.184170841399485,24.624181607987882,1.5,1.5,50,is,is,0.00563053494196162,1
5000,3.012040993380712,33.184170841399485,24.624181607987882,2.918423065872431,sqrt(log n),50,is,is,0.00563053494196162,1
5000,3.012040993380712,33.184170841399485,24.624181607987882,3.0,3.0,50,is,is,0.00563053494196162,1
5000,3.012040993380712,33.184170841399485,6.784748331617368,1.5,1.5,100,uniform_exact,is,0.0,1
5000,3.012040993380712,33.184170841399485,6.784748331617368,2.918423065872431,sqrt(log n),100,uniform_exact,is,0.0,1
5000,3.012040993380712,33.184170841399485,6.784748331617368,3.0,3.0,100,uniform_exact,is,0.0,1
5000,3.05512119238724,33.62125804296652,3.4535737909627207,1.5,1.5,10,uniform_exact,is,0.0,1
5000,3.05512119238724,33.62125804296652,3.4535737909627207,2.918423065872431,sqrt(log n),10,uniform_exact,is,0.0,1
5000,3.05512119238724,33.62125804296652,3.4535737909627207,3.0,3.0,10,uniform_exact,is,0.0,1
5000,3.05512119238724,33.62125804296652,2.09019053974352,1.5,1.5,30,uniform,is,0.019124009435878598,1
5000,3.05512119238724,33.62125804296652,2.09019053974352,2.918423065872431,sqrt(log n),30,uniform,is,0.019124009435878598,1
5000,3.05512119238724,33.62125804296652,2.09019053974352,3.0,3.0,30,uniform,is,0.019124009435878598,1
5000,3.05512119238724,33.62125804296652,13.164754020857663,1.5,1.5,50,is,is,0.015596775318154073,1
5000,3.05512119238724,33.62125804296652,13.164754020857663,2.918423065872431,sqrt(log n),50,is,is,0.015596775318154073,1
5000,3.05512119238724,33.62125804296652,13.164754020857663,3.0,3.0,50,uniform_exact,is,0.0,1
5000,3.05512119238724,33.62125804296652,33.035338770907906,1.5,1.5,100,is,is,0.00026395080553067145,1
5000,3.05512119238724,33.62125804296652,33.035338770907906,2.918423065872431,sqrt(log n),100,is,is,0.00026395080553067145,1
5000,3.05512119238724,33.62125804296652,33.035338770907906,3.0,3.0,100,is,is,0.00026395080553067145,1
5000,3.0106207049135034,32.90968384374054,2.2051269389306603,1.5,1.5,10,uniform,is,0.004223128942837459,1
5000,3.0106207049135034,32.90968384374054,2.2051269389306603,2.918423065872431,sqrt(log n),10,uniform,is,0.004223128942837459,1
5000,3.0106207049135034,32.90968384374054,2.2051269389306603,3.0,3.0,10,uniform,is,0.004223128942837459,1
5000,3.0106207049135034,32.90968384374054,2.3502140638773867,1.5,1.5,30,uniform,is,0.05356376758567967,1
5000,3.0106207049135034,32.90968384374054,2.3502140638773867,2.918423065872431,sqrt(log n),30,uniform,is,0.05356376758567967,1
5000,3.0106207049135034,32.90968384374054,2.3502140638773867,3.0,3.0,30,uniform,is,0.05356376758567967,1
5000,3.0106207049135034,32.90968384374054,3.0205044501338643,1.5,1.5,50,uniform,is,0.006361252330860227,1
5000,3.0106207049135034,32.90968384374054,3.0205044501338643,2.918423065872431,sqrt(log n),50,uniform,is,0.006361252330860227,1
5000,3.0106207049135034,32.90968384374054,3.0205044501338643,3.0,3.0,50,uniform,is,0.006361252330860227,1
5000,3.0106207049135034,32.90968384374054,24.942144623665413,1.5,1.5,100,is,is,0.0018352656585734837,1
5000,3.0106207049135034,32.90968384374054,24.942144623665413,2.918423065872431,sqrt(log n),100,is,is,0.0018352656585734837,1
5000,3.0106207049135034,32.90968384374054,24.942144623665413,3.0,3.0,100,is,is,0.0018352656585734837,1
5000,0.6966747062003946,7.519776239119451,2.3546192728545186,1.5,1.5,10,uniform,uniform,0.0006336973287534259,0
5000,0.6966747062003946,7.519776239119451,2.3546192728545186,2.918423065872431,sqrt(log n),10,uniform,uniform,0.0006336973287534259,0
5000,0.6966747062003946,7.519776239119451,2.3546192728545186,3.0,3.0,10,uniform,uniform,0.0006336973287534259,0
5000,0.6966747062003946,7.519776239119451,3.0079299839339346,1.5,1.5,30,uniform,uniform,0.007144264835925591,0
5000,0.6966747062003946,7.519776239119451,3.0079299839339346,2.918423065872431,sqrt(log n),30,uniform,uniform,0.007144264835925591,0
5000,0.6966747062003946,7.519776239119451,3.0079299839339346,3.0,3.0,30,uniform,uniform,0.007144264835925591,0
5000,0.6966747062003946,7.519776239119451,3.4698596077055956,1.5,1.5,50,uniform,uniform,0.0004222959953013218,0
5000,0.6966747062003946,7.519776239119451,3.4698596077055956,2.918423065872431,sqrt(log n),50,uniform,uniform,0.0004222959953013218,0
5000,0.6966747062003946,7.519776239119451,3.4698596077055956,3.0,3.0,50,uniform,uniform,0.0004222959953013218,0
5000,0.6966747062003946,7.519776239119451,4.263672616321309,1.5,1.5,100,uniform,uniform,0.005060593663834157,0
5000,0.6966747062003946,7.519776239119451,4.263672616321309,2.918423065872431,sqrt(log n),100,uniform,uniform,0.005060593663834157,0
5000,0.6966747062003946,7.519776239119451,4.263672616321309,3.0,3.0,100,uniform,uniform,0.005060593663834157,0
5000,0.7118330565326979,11.001515450812754,1.68319815703923,1.5,1.5,10,uniform,uniform,0.006746923704420669,0
5000,0.7118330565326979,11.001515450812754,1.68319815703923,2.918423065872431,sqrt(log n),10,uniform,uniform,0.006746923704420669,0
5000,0.7118330565326979,11.001515450812754,1.68319815703923,3.0,3.0,10,uniform,uniform,0.006746923704420669,0
5000,0.7118330565326979,11.001515450812754,3.34140843281803,1.5,1.5,30,uniform_exact,uniform,0.0,0
5000,0.7118330565326979,11.001515450812754,3.34140843281803,2.918423065872431,sqrt(log n),30,uniform_exact,uniform,0.0,0
5000,0.7118330565326979,11.001515450812754,3.34140843281803,3.0,3.0,30,uniform_exact,uniform,0.0,0
5000,0.7118330565326979,11.001515450812754,4.16891895939358,1.5,1.5,50,uniform_exact,uniform,0.0,0
5000,0.7118330565326979,11.001515450812754,4.16891895939358,2.918423065872431,sqrt(log n),50,uniform_exact,uniform,0.0,0
5000,0.7118330565326979,11.001515450812754,4.16891895939358,3.0,3.0,50,uniform_exact,uniform,0.0,0
5000,0.7118330565326979,11.001515450812754,3.7485294431823264,1.5,1.5,100,uniform,uniform,0.017775100268658677,0
5000,0.7118330565326979,11.001515450812754,3.7485294431823264,2.918423065872431,sqrt(log n),100,uniform,uniform,0.017775100268658677,0
5000,0.7118330565326979,11.001515450812754,3.7485294431823264,3.0,3.0,100,uniform,uniform,0.017775100268658677,0
5000,0.65806351816426,9.25657713996702,1.6837873479390701,1.5,1.5,10,uniform,uniform,0.021546564355645153,0
5000,0.65806351816426,9.25657713996702,1.6837873479390701,2.918423065872431,sqrt(log n),10,uniform,uniform,0.021546564355645153,0
5000,0.65806351816426,9.25657713996702,1.6837873479390701,3.0,3.0,10,uniform,uniform,0.021546564355645153,0
5000,0.65806351816426,9.25657713996702,1.9446913341201846,1.5,1.5,30,uniform,uniform,0.008215946748525698,0
5000,0.65806351816426,9.25657713996702,1.9446913341201846,2.918423065872431,sqrt(log n),30,uniform,uniform,0.008215946748525698,0
5000,0.65806351816426,9.25657713996702,1.9446913341201846,3.0,3.0,30,uniform,uniform,0.008215946748525698,0
5000,0.65806351816426,9.25657713996702,2.8037760281554984,1.5,1.5,50,uniform,uniform,0.012421238623838373,0
5000,0.65806351816426,9.25657713996702,2.8037760281554984,2.918423065872431,sqrt(log n),50,uniform,uniform,0.012421238623838373,0
5000,0.65806351816426,9.25657713996702,2.8037760281554984,3.0,3.0,50,uniform,uniform,0.012421238623838373,0
5000,0.65806351816426,9.25657713996702,3.7946818275409187,1.5,1.5,100,uniform,uniform,0.0024820142459963486,0
5000,0.65806351816426,9.25657713996702,3.7946818275409187,2.918423065872431,sqrt(log n),100,uniform,uniform,0.0024820142459963486,0
5000,0.65806351816426,9.25657713996702,3.7946818275409187,3.0,3.0,100,uniform,uniform,0.0024820142459963486,0
5000,1.324498034040619,12.321985384365552,1.596061837847406,1.5,1.5,10,uniform,uniform,6.351467346270096e-05,0
5000,1.324498034040619,12.321985384365552,1.596061837847406,2.918423065872431,sqrt(log n),10,uniform,uniform,6.351467346270096e-05,0
5000,1.324498034040619,12.321985384365552,1.596061837847406,3.0,3.0,10,uniform,uniform,6.351467346270096e-05,0
5000,1.324498034040619,12.321985384365552,6.393052820993455,1.5,1.5,30,uniform_exact,uniform,0.0,0
5000,1.324498034040619,12.321985384365552,6.393052820993455,2.918423065872431,sqrt(log n),30,uniform_exact,uniform,0.0,0
5000,1.324498034040619,12.321985384365552,6.393052820993455,3.0,3.0,30,uniform_exact,uniform,0.0,0
5000,1.324498034040619,12.321985384365552,8.748469499860876,1.5,1.5,50,is,uniform,0.013553210406144671,0
5000,1.324498034040619,12.321985384365552,8.748469499860876,2.918423065872431,sqrt(log n),50,uniform_exact,uniform,0.0,0
5000,1.324498034040619,12.321985384365552,8.748469499860876,3.0,3.0,50,uniform_exact,uniform,0.0,0
5000,1.324498034040619,12.321985384365552,9.36768761125933,1.5,1.5,100,uniform_exact,uniform,0.0,0
5000,1.324498034040619,12.321985384365552,9.36768761125933,2.918423065872431,sqrt(log n),100,uniform_exact,uniform,0.0,0
5000,1.324498034040619,12.321985384365552,9.36768761125933,3.0,3.0,100,uniform_exact,uniform,0.0,0
5000,1.3258723349377788,12.187571001132723,2.7087211806499365,1.5,1.5,10,uniform_exact,uniform,0.0,0
5000,1.3258723349377788,12.187571001132723,2.7087211806499365,2.918423065872431,sqrt(log n),10,uniform_exact,uniform,0.0,0
5000,1.3258723349377788,12.187571001132723,2.7087211806499365,3.0,3.0,10,uniform_exact,uniform,0.0,0
5000,1.3258723349377788,12.187571001132723,5.991528958750187,1.5,1.5,30,uniform_exact,uniform,0.0,0
5000,1.3258723349377788,12.187571001132723,5.991528958750187,2.918423065872431,sqrt(log n),30,uniform_exact,uniform,0.0,0
5000,1.3258723349377788,12.187571001132723,5.991528958750187,3.0,3.0,30,uniform_exact,uniform,0.0,0
5000,1.3258723349377788,12.187571001132723,9.41206111068874,1.5,1.5,50,is,uniform,0.009243524223149613,0
5000,1.3258723349377788,12.187571001132723,9.41206111068874,2.918423065872431,sqrt(log n),50,uniform_exact,uniform,0.0,0
5000,1.3258723349377788,12.187571001132723,9.41206111068874,3.0,3.0,50,uniform_exact,uniform,0.0,0
5000,1.3258723349377788,12.187571001132723,10.946569968646644,1.5,1.5,100,uniform_exact,uniform,0.0,0
5000,1.3258723349377788,12.187571001132723,10.946569968646644,2.918423065872431,sqrt(log n),100,uniform_exact,uniform,0.0,0
5000,1.3258723349377788,12.187571001132723,10.946569968646644,3.0,3.0,100,uniform_exact,uniform,0.0,0
5000,1.3582145587406718,12.411829353085658,1.6465458699654711,1.5,1.5,10,uniform,uniform,0.011884022359108693,0
5000,1.3582145587406718,12.411829353085658,1.6465458699654711,2.918423065872431,sqrt(log n),10,uniform,uniform,0.011884022359108693,0
5000,1.3582145587406718,12.411829353085658,1.6465458699654711,3.0,3.0,10,uniform,uniform,0.011884022359108693,0
5000,1.3582145587406718,12.411829353085658,3.3948837446195275,1.5,1.5,30,uniform_exact,uniform,0.0,0
5000,1.3582145587406718,12.411829353085658,3.3948837446195275,2.918423065872431,sqrt(log n),30,uniform_exact,uniform,0.0,0
5000,1.3582145587406718,12.411829353085658,3.3948837446195275,3.0,3.0,30,uniform_exact,uniform,0.0,0
5000,1.3582145587406718,12.411829353085658,11.145192576987732,1.5,1.5,50,is,uniform,0.02674240114595723,0
5000,1.3582145587406718,12.411829353085658,11.145192576987732,2.918423065872431,sqrt(log n),50,uniform_exact,uniform,0.0,0
5000,1.3582145587406718,12.411829353085658,11.145192576987732,3.0,3.0,50,uniform_exact,uniform,0.0,0
5000,1.3582145587406718,12.411829353085658,10.426522850849981,1.5,1.5,100,is,uniform,0.011626994061628081,0
5000,1.3582145587406718,12.411829353085658,10.426522850849981,2.918423065872431,sqrt(log n),100,uniform_exact,uniform,0.0,0
5000,1.3582145587406718,12.411829353085658,10.426522850849981,3.0,3.0,100,uniform_exact,uniform,0.0,0
5000,3.273305510801266,25.581420388004364,2.04476705411994,1.5,1.5,10,uniform,is,0.024127626953361483,1
5000,3.273305510801266,25.581420388004364,2.04476705411994,2.918423065872431,sqrt(log n),10,uniform,is,0.024127626953361483,1
5000,3.273305510801266,25.581420388004364,2.04476705411994,3.0,3.0,10,uniform,is,0.024127626953361483,1
5000,3.273305510801266,25.581420388004364,2.2870402353065136,1.5,1.5,30,uniform,is,0.01721559201949232,1
5000,3.273305510801266,25.581420388004364,2.2870402353065136,2.918423065872431,sqrt(log n),30,uniform,is,0.01721559201949232,1
5000,3.273305510801266,25.581420388004364,2.2870402353065136,3.0,3.0,30,uniform,is,0.01721559201949232,1
5000,3.273305510801266,25.581420388004364,6.720772211256964,1.5,1.5,50,uniform_exact,is,0.0,1
5000,3.273305510801266,25.581420388004364,6.720772211256964,2.918423065872431,sqrt(log n),50,uniform_exact,is,0.0,1
5000,3.273305510801266,25.581420388004364,6.720772211256964,3.0,3.0,50,uniform_exact,is,0.0,1
5000,3.273305510801266,25.581420388004364,23.520962126009834,1.5,1.5,100,is,is,0.006368030017748054,1
5000,3.273305510801266,25.581420388004364,23.520962126009834,2.918423065872431,sqrt(log n),100,is,is,0.006368030017748054,1
5000,3.273305510801266,25.581420388004364,23.520962126009834,3.0,3.0,100,is,is,0.006368030017748054,1
5000,3.270192893939796,25.42383972037984,2.329514842333051,1.5,1.5,10,uniform,is,0.004783589988905106,1
5000,3.270192893939796,25.42383972037984,2.329514842333051,2.918423065872431,sqrt(log n),10,uniform,is,0.004783589988905106,1
5000,3.270192893939796,25.42383972037984,2.329514842333051,3.0,3.0,10,uniform,is,0.004783589988905106,1
5000,3.270192893939796,25.42383972037984,12.027713674417024,1.5,1.5,30,is,is,0.0031875754236997842,1
5000,3.270192893939796,25.42383972037984,12.027713674417024,2.918423065872431,sqrt(log n),30,is,is,0.0031875754236997842,1
5000,3.270192893939796,25.42383972037984,12.027713674417024,3.0,3.0,30,uniform_exact,is,0.0,1
5000,3.270192893939796,25.42383972037984,3.779216649274722,1.5,1.5,50,uniform,is,0.03783451202749756,1
5000,3.270192893939796,25.42383972037984,3.779216649274722,2.918423065872431,sqrt(log n),50,uniform,is,0.03783451202749756,1
5000,3.270192893939796,25.42383972037984,3.779216649274722,3.0,3.0,50,uniform,is,0.03783451202749756,1
5000,3.270192893939796,25.42383972037984,21.198271520563395,1.5,1.5,100,is,is,0.008258431167022566,1
5000,3.270192893939796,25.42383972037984,21.198271520563395,2.918423065872431,sqrt(log n),100,is,is,0.008258431167022566,1
5000,3.270192893939796,25.42383972037984,21.198271520563395,3.0,3.0,100,is,is,0.008258431167022566,1
5000,3.2584141459449203,25.386482551776233,2.270021126923851,1.5,1.5,10,uniform,is,0.0038083417710857146,1
5000,3.2584141459449203,25.386482551776233,2.270021126923851,2.918423065872431,sqrt(log n),10,uniform,is,0.0038083417710857146,1
5000,3.2584141459449203,25.386482551776233,2.270021126923851,3.0,3.0,10,uniform,is,0.0038083417710857146,1
5000,3.2584141459449203,25.386482551776233,16.966933516917663,1.5,1.5,30,is,is,0.0025337161779008205,1
5000,3.2584141459449203,25.386482551776233,16.966933516917663,2.918423065872431,sqrt(log n),30,is,is,0.0025337161779008205,1
5000,3.2584141459449203,25.386482551776233,16.966933516917663,3.0,3.0,30,is,is,0.0025337161779008205,1
5000,3.2584141459449203,25.386482551776233,21.374345274503593,1.5,1.5,50,is,is,0.00698675938727083,1
5000,3.2584141459449203,25.386482551776233,21.374345274503593,2.918423065872431,sqrt(log n),50,is,is,0.00698675938727083,1
5000,3.2584141459449203,25.386482551776233,21.374345274503593,3.0,3.0,50,uniform_exact,is,0.0,1
5000,3.2584141459449203,25.386482551776233,30.277575147023928,1.5,1.5,100,is,is,0.015064181701676326,1
5000,3.2584141459449203,25.386482551776233,30.277575147023928,2.918423065872431,sqrt(log n),100,is,is,0.015064181701676326,1
5000,3.2584141459449203,25.386482551776233,30.277575147023928,3.0,3.0,100,uniform_exact,is,0.0,1
5000,0.6808824421638225,9.063293680601529,1.728936038563371,1.5,1.5,10,uniform,uniform,0.00814980680404746,0
5000,0.6808824421638225,9.063293680601529,1.728936038563371,2.918423065872431,sqrt(log n),10,uniform,uniform,0.00814980680404746,0
5000,0.6808824421638225,9.063293680601529,1.728936038563371,3.0,3.0,10,uniform,uniform,0.00814980680404746,0
5000,0.6808824421638225,9.063293680601529,3.2122778454691545,1.5,1.5,30,uniform,uniform,0.0008273308650314615,0
5000,0.6808824421638225,9.063293680601529,3.2122778454691545,2.918423065872431,sqrt(log n),30,uniform,uniform,0.0008273308650314615,0
5000,0.6808824421638225,9.063293680601529,3.2122778454691545,3.0,3.0,30,uniform,uniform,0.0008273308650314615,0
5000,0.6808824421638225,9.063293680601529,2.481637412800949,1.5,1.5,50,uniform,uniform,0.0015231851361575733,0
5000,0.6808824421638225,9.063293680601529,2.481637412800949,2.918423065872431,sqrt(log n),50,uniform,uniform,0.0015231851361575733,0
5000,0.6808824421638225,9.063293680601529,2.481637412800949,3.0,3.0,50,uniform,uniform,0.0015231851361575733,0
5000,0.6808824421638225,9.063293680601529,7.123940047500669,1.5,1.5,100,uniform_exact,uniform,0.0,0
5000,0.6808824421638225,9.063293680601529,7.123940047500669,2.918423065872431,sqrt(log n),100,uniform_exact,uniform,0.0,0
5000,0.6808824421638225,9.063293680601529,7.123940047500669,3.0,3.0,100,uniform_exact,uniform,0.0,0
5000,0.6814735797847691,8.168079323694936,1.8040865054763184,1.5,1.5,10,uniform,uniform,0.0012214557970814896,0
5000,0.6814735797847691,8.168079323694936,1.8040865054763184,2.918423065872431,sqrt(log n),10,uniform,uniform,0.0012214557970814896,0
5000,0.6814735797847691,8.168079323694936,1.8040865054763184,3.0,3.0,10,uniform,uniform,0.0012214557970814896,0
5000,0.6814735797847691,8.168079323694936,4.004837484470657,1.5,1.5,30,uniform_exact,uniform,0.0,0
5000,0.6814735797847691,8.168079323694936,4.004837484470657,2.918423065872431,sqrt(log n),30,uniform_exact,uniform,0.0,0
5000,0.6814735797847691,8.168079323694936,4.004837484470657,3.0,3.0,30,uniform_exact,uniform,0.0,0
5000,0.6814735797847691,8.168079323694936,2.301165512339398,1.5,1.5,50,uniform,uniform,0.0005943244252556622,0
5000,0.6814735797847691,8.168079323694936,2.301165512339398,2.918423065872431,sqrt(log n),50,uniform,uniform,0.0005943244252556622,0
5000,0.6814735797847691,8.168079323694936,2.301165512339398,3.0,3.0,50,uniform,uniform,0.0005943244252556622,0
5000,0.6814735797847691,8.168079323694936,3.5013766994352413,1.5,1.5,100,uniform,uniform,0.009602308092756692,0
5000,0.6814735797847691,8.168079323694936,3.5013766994352413,2.918423065872431,sqrt(log n),100,uniform,uniform,0.009602308092756692,0
5000,0.6814735797847691,8.168079323694936,3.5013766994352413,3.0,3.0,100,uniform,uniform,0.009602308092756692,0
5000,0.6730762768779296,7.51328610662532,3.54345279008886,1.5,1.5,10,uniform_exact,uniform,0.0,0
5000,0.6730762768779296,7.51328610662532,3.54345279008886,2.918423065872431,sqrt(log n),10,uniform_exact,uniform,0.0,0
5000,0.6730762768779296,7.51328610662532,3.54345279008886,3.0,3.0,10,uniform_exact,uniform,0.0,0
5000,0.6730762768779296,7.51328610662532,2.6874444902952366,1.5,1.5,30,uniform,uniform,0.008303461260094413,0
5000,0.6730762768779296,7.51328610662532,2.6874444902952366,2.918423065872431,sqrt(log n),30,uniform,uniform,0.008303461260094413,0
5000,0.6730762768779296,7.51328610662532,2.6874444902952366,3.0,3.0,30,uniform,uniform,0.008303461260094413,0
5000,0.6730762768779296,7.51328610662532,2.447735056616422,1.5,1.5,50,uniform,uniform,0.0001705349111095533,0
5000,0.6730762768779296,7.51328610662532,2.447735056616422,2.918423065872431,sqrt(log n),50,uniform,uniform,0.0001705349111095533,0
5000,0.6730762768779296,7.51328610662532,2.447735056616422,3.0,3.0,50,uniform,uniform,0.0001705349111095533,0
5000,0.6730762768779296,7.51328610662532,4.486085278072275,1.5,1.5,100,uniform,uniform,0.0009332098717690827,0
5000,0.6730762768779296,7.51328610662532,4.486085278072275,2.918423065872431,sqrt(log n),100,uniform,uniform,0.0009332098717690827,0
5000,0.6730762768779296,7.51328610662532,4.486085278072275,3.0,3.0,100,uniform,uniform,0.0009332098717690827,0
5000,1.5610511723927194,9.482297366454727,3.93249370058913,1.5,1.5,10,uniform_exact,uniform,0.0,0
5000,1.5610511723927194,9.482297366454727,3.93249370058913,2.918423065872431,sqrt(log n),10,uniform_exact,uniform,0.0,0
5000,1.5610511723927194,9.482297366454727,3.93249370058913,3.0,3.0,10,uniform_exact,uniform,0.0,0
5000,1.5610511723927194,9.482297366454727,2.416352236937553,1.5,1.5,30,uniform,uniform,0.010535448344116743,0
5000,1.5610511723927194,9.482297366454727,2.416352236937553,2.918423065872431,sqrt(log n),30,uniform,uniform,0.010535448344116743,0
5000,1.5610511723927194,9.482297366454727,2.416352236937553,3.0,3.0,30,uniform,uniform,0.010535448344116743,0
5000,1.5610511723927194,9.482297366454727,8.909785161452312,1.5,1.5,50,is,uniform,0.00278650015292904,0
5000,1.5610511723927194,9.482297366454727,8.909785161452312,2.918423065872431,sqrt(log n),50,uniform_exact,uniform,0.0,0
5000,1.5610511723927194,9.482297366454727,8.909785161452312,3.0,3.0,50,uniform_exact,uniform,0.0,0
5000,1.5610511723927194,9.482297366454727,7.094868021928287,1.5,1.5,100,is,uniform,0.0017970051181309668,0
5000,1.5610511723927194,9.482297366454727,7.094868021928287,2.918423065872431,sqrt(log n),100,uniform_exact,uniform,0.0,0
5000,1.5610511723927194,9.482297366454727,7.094868021928287,3.0,3.0,100,uniform_exact,uniform,0.0,0
5000,1.5983515327881193,10.05179141412876,5.147770084912173,1.5,1.5,10,is,uniform,0.029319300508146483,0
5000,1.5983515327881193,10.05179141412876,5.147770084912173,2.918423065872431,sqrt(log n),10,uniform_exact,uniform,0.0,0
5000,1.5983515327881193,10.05179141412876,5.147770084912173,3.0,3.0,10,uniform_exact,uniform,0.0,0
5000,1.5983515327881193,10.05179141412876,9.28875115754114,1.5,1.5,30,is,uniform,0.046254930963887685,0
5000,1.5983515327881193,10.05179141412876,9.28875115754114,2.918423065872431,sqrt(log n),30,uniform_exact,uniform,0.0,0
5000,1.5983515327881193,10.05179141412876,9.28875115754114,3.0,3.0,30,uniform_exact,uniform,0.0,0
5000,1.5983515327881193,10.05179141412876,6.747942950523898,1.5,1.5,50,is,uniform,0.004912970103711609,0
5000,1.5983515327881193,10.05179141412876,6.747942950523898,2.918423065872431,sqrt(log n),50,uniform_exact,uniform,0.0,0
5000,1.5983515327881193,10.05179141412876,6.747942950523898,3.0,3.0,50,uniform_exact,uniform,0.0,0
5000,1.5983515327881193,10.05179141412876,3.778416738598604,1.5,1.5,100,uniform,uniform,0.007375465592310203,0
5000,1.5983515327881193,10.05179141412876,3.778416738598604,2.918423065872431,sqrt(log n),100,uniform,uniform,0.007375465592310203,0
5000,1.5983515327881193,10.05179141412876,3.778416738598604,3.0,3.0,100,uniform,uniform,0.007375465592310203,0
5000,1.564054233622819,9.903368559014538,4.9786336808163725,1.5,1.5,10,is,uniform,0.019199782099150495,0
5000,1.564054233622819,9.903368559014538,4.9786336808163725,2.918423065872431,sqrt(log n),10,uniform_exact,uniform,0.0,0
5000,1.564054233622819,9.903368559014538,4.9786336808163725,3.0,3.0,10,uniform_exact,uniform,0.0,0
5000,1.564054233622819,9.903368559014538,9.316486014870266,1.5,1.5,30,is,uniform,0.01969275624445761,0
5000,1.564054233622819,9.903368559014538,9.316486014870266,2.918423065872431,sqrt(log n),30,uniform_exact,uniform,0.0,0
5000,1.564054233622819,9.903368559014538,9.316486014870266,3.0,3.0,30,uniform_exact,uniform,0.0,0
5000,1.564054233622819,9.903368559014538,10.44539185199645,1.5,1.5,50,is,uniform,0.006365022624344308,0
5000,1.564054233622819,9.903368559014538,10.44539185199645,2.918423065872431,sqrt(log n),50,uniform_exact,uniform,0.0,0
5000,1.564054233622819,9.903368559014538,10.44539185199645,3.0,3.0,50,uniform_exact,uniform,0.0,0
5000,1.564054233622819,9.903368559014538,8.023964236099403,1.5,1.5,100,is,uniform,0.016254192606021813,0
5000,1.564054233622819,9.903368559014538,8.023964236099403,2.918423065872431,sqrt(log n),100,uniform_exact,uniform,0.0,0
5000,1.564054233622819,9.903368559014538,8.023964236099403,3.0,3.0,100,uniform_exact,uniform,0.0,0
5000,3.0064614329892705,15.45576789854595,2.0824004884158476,1.5,1.5,10,uniform,is,0.008772041174381266,1
5000,3.0064614329892705,15.45576789854595,2.0824004884158476,2.918423065872431,sqrt(log n),10,uniform,is,0.008772041174381266,1
5000,3.0064614329892705,15.45576789854595,2.0824004884158476,3.0,3.0,10,uniform,is,0.008772041174381266,1
5000,3.0064614329892705,15.45576789854595,7.167077177775559,1.5,1.5,30,is,is,0.0073007968683047346,1
5000,3.0064614329892705,15.45576789854595,7.167077177775559,2.918423065872431,sqrt(log n),30,uniform_exact,is,0.0,1
5000,3.0064614329892705,15.45576789854595,7.167077177775559,3.0,3.0,30,uniform_exact,is,0.0,1
5000,3.0064614329892705,15.45576789854595,23.662390272242046,1.5,1.5,50,is,is,0.0019950771011238684,1
5000,3.0064614329892705,15.45576789854595,23.662390272242046,2.918423065872431,sqrt(log n),50,is,is,0.0019950771011238684,1
5000,3.0064614329892705,15.45576789854595,23.662390272242046,3.0,3.0,50,is,is,0.0019950771011238684,1
5000,3.0064614329892705,15.45576789854595,25.686884322804808,1.5,1.5,100,is,is,0.013149327890956644,1
5000,3.0064614329892705,15.45576789854595,25.686884322804808,2.918423065872431,sqrt(log n),100,is,is,0.013149327890956644,1
5000,3.0064614329892705,15.45576789854595,25.686884322804808,3.0,3.0,100,is,is,0.013149327890956644,1
5000,2.975958669383625,15.516826552718598,8.026103813512094,1.5,1.5,10,is,is,0.003125398048655533,1
5000,2.975958669383625,15.516826552718598,8.026103813512094,2.918423065872431,sqrt(log n),10,uniform_exact,is,0.0,1
5000,2.975958669383625,15.516826552718598,8.026103813512094,3.0,3.0,10,uniform_exact,is,0.0,1
5000,2.975958669383625,15.516826552718598,4.699215828105486,1.5,1.5,30,uniform_exact,is,0.0,1
5000,2.975958669383625,15.516826552718598,4.699215828105486,2.918423065872431,sqrt(log n),30,uniform_exact,is,0.0,1
5000,2.975958669383625,15.516826552718598,4.699215828105486,3.0,3.0,30,uniform_exact,is,0.0,1
5000,2.975958669383625,15.516826552718598,13.147363706248157,1.5,1.5,50,is,is,0.0055600861244206965,1
5000,2.975958669383625,15.516826552718598,13.147363706248157,2.918423065872431,sqrt(log n),50,is,is,0.0055600861244206965,1
5000,2.975958669383625,15.516826552718598,13.147363706248157,3.0,3.0,50,is,is,0.0055600861244206965,1
5000,2.975958669383625,15.516826552718598,16.383095146236254,1.5,1.5,100,is,is,0.011594255497560324,1
5000,2.975958669383625,15.516826552718598,16.383095146236254,2.918423065872431,sqrt(log n),100,is,is,0.011594255497560324,1
5000,2.975958669383625,15.516826552718598,16.383095146236254,3.0,3.0,100,uniform_exact,is,0.0,1
5000,2.994754765488841,15.286751648815459,1.5629950386754834,1.5,1.5,10,uniform,is,0.056871866974352744,1
5000,2.994754765488841,15.286751648815459,1.5629950386754834,2.918423065872431,sqrt(log n),10,uniform,is,0.056871866974352744,1
5000,2.994754765488841,15.286751648815459,1.5629950386754834,3.0,3.0,10,uniform,is,0.056871866974352744,1
5000,2.994754765488841,15.286751648815459,12.056951545747635,1.5,1.5,30,is,is,0.0043567224271061035,1
5000,2.994754765488841,15.286751648815459,12.056951545747635,2.918423065872431,sqrt(log n),30,uniform_exact,is,0.0,1
5000,2.994754765488841,15.286751648815459,12.056951545747635,3.0,3.0,30,uniform_exact,is,0.0,1
5000,2.994754765488841,15.286751648815459,17.109097708012822,1.5,1.5,50,is,is,0.0076891373710183345,1
5000,2.994754765488841,15.286751648815459,17.109097708012822,2.918423065872431,sqrt(log n),50,is,is,0.0076891373710183345,1
5000,2.994754765488841,15.286751648815459,17.109097708012822,3.0,3.0,50,is,is,0.0076891373710183345,1
5000,2.994754765488841,15.286751648815459,14.122183326837828,1.5,1.5,100,is,is,0.008426547306276656,1
5000,2.994754765488841,15.286751648815459,14.122183326837828,2.918423065872431,sqrt(log n),100,is,is,0.008426547306276656,1
5000,2.994754765488841,15.286751648815459,14.122183326837828,3.0,3.0,100,uniform_exact,is,0.0,1
5000,0.6452892873409604,7.975916618900835,1.628195388095073,1.5,1.5,10,uniform,uniform,0.011191411051153748,0
5000,0.6452892873409604,7.975916618900835,1.628195388095073,2.918423065872431,sqrt(log n),10,uniform,uniform,0.011191411051153748,0
5000,0.6452892873409604,7.975916618900835,1.628195388095073,3.0,3.0,10,uniform,uniform,0.011191411051153748,0
5000,0.6452892873409604,7.975916618900835,4.227437779036348,1.5,1.5,30,uniform_exact,uniform,0.0,0
5000,0.6452892873409604,7.975916618900835,4.227437779036348,2.918423065872431,sqrt(log n),30,uniform_exact,uniform,0.0,0
5000,0.6452892873409604,7.975916618900835,4.227437779036348,3.0,3.0,30,uniform_exact,uniform,0.0,0
5000,0.6452892873409604,7.975916618900835,3.214288726208692,1.5,1.5,50,uniform,uniform,0.005521414828777548,0
5000,0.6452892873409604,7.975916618900835,3.214288726208692,2.918423065872431,sqrt(log n),50,uniform,uniform,0.005521414828777548,0
5000,0.6452892873409604,7.975916618900835,3.214288726208692,3.0,3.0,50,uniform,uniform,0.005521414828777548,0
5000,0.6452892873409604,7.975916618900835,4.044653120291325,1.5,1.5,100,uniform_exact,uniform,0.0,0
5000,0.6452892873409604,7.975916618900835,4.044653120291325,2.918423065872431,sqrt(log n),100,uniform_exact,uniform,0.0,0
5000,0.6452892873409604,7.975916618900835,4.044653120291325,3.0,3.0,100,uniform_exact,uniform,0.0,0
5000,0.6342794906340355,7.439749972949388,3.0173533564704735,1.5,1.5,10,uniform_exact,uniform,0.0,0
5000,0.6342794906340355,7.439749972949388,3.0173533564704735,2.918423065872431,sqrt(log n),10,uniform_exact,uniform,0.0,0
5000,0.6342794906340355,7.439749972949388,3.0173533564704735,3.0,3.0,10,uniform_exact,uniform,0.0,0
5000,0.6342794906340355,7.439749972949388,1.8078610680184128,1.5,1.5,30,uniform,uniform,0.025890051659096903,0
5000,0.6342794906340355,7.439749972949388,1.8078610680184128,2.918423065872431,sqrt(log n),30,uniform,uniform,0.025890051659096903,0
5000,0.6342794906340355,7.439749972949388,1.8078610680184128,3.0,3.0,30,uniform,uniform,0.025890051659096903,0
5000,0.6342794906340355,7.439749972949388,3.4265455792770996,1.5,1.5,50,uniform,uniform,0.0026743535427514735,0
5000,0.6342794906340355,7.439749972949388,3.4265455792770996,2.918423065872431,sqrt(log n),50,uniform,uniform,0.0026743535427514735,0
5000,0.6342794906340355,7.439749972949388,3.4265455792770996,3.0,3.0,50,uniform,uniform,0.0026743535427514735,0
5000,0.6342794906340355,7.439749972949388,2.6463603771840036,1.5,1.5,100,uniform,uniform,0.006165409087891014,0
5000,0.6342794906340355,7.439749972949388,2.6463603771840036,2.918423065872431,sqrt(log n),100,uniform,uniform,0.006165409087891014,0
5000,0.6342794906340355,7.439749972949388,2.6463603771840036,3.0,3.0,100,uniform,uniform,0.006165409087891014,0
5000,0.6753511690743486,10.273263459798766,1.9294192869640243,1.5,1.5,10,uniform,uniform,0.008689766818337673,0
5000,0.6753511690743486,10.273263459798766,1.9294192869640243,2.918423065872431,sqrt(log n),10,uniform,uniform,0.008689766818337673,0
5000,0.6753511690743486,10.273263459798766,1.9294192869640243,3.0,3.0,10,uniform,uniform,0.008689766818337673,0
5000,0.6753511690743486,10.273263459798766,2.646641246126783,1.5,1.5,30,uniform,uniform,0.0008320287381063353,0
5000,0.6753511690743486,10.273263459798766,2.646641246126783,2.918423065872431,sqrt(log n),30,uniform,uniform,0.0008320287381063353,0
5000,0.6753511690743486,10.273263459798766,2.646641246126783,3.0,3.0,30,uniform,uniform,0.0008320287381063353,0
5000,0.6753511690743486,10.273263459798766,3.7318045624502925,1.5,1.5,50,uniform,uniform,0.0015316983062996297,0
5000,0.6753511690743486,10.273263459798766,3.7318045624502925,2.918423065872431,sqrt(log n),50,uniform,uniform,0.0015316983062996297,0
5000,0.6753511690743486,10.273263459798766,3.7318045624502925,3.0,3.0,50,uniform,uniform,0.0015316983062996297,0
5000,0.6753511690743486,10.273263459798766,3.2789923531340692,1.5,1.5,100,uniform,uniform,0.013004786976639633,0
5000,0.6753511690743486,10.273263459798766,3.2789923531340692,2.918423065872431,sqrt(log n),100,uniform,uniform,0.013004786976639633,0
5000,0.6753511690743486,10.273263459798766,3.2789923531340692,3.0,3.0,100,uniform,uniform,0.013004786976639633,0
5000,1.5642034237759075,7.461215325213151,1.4614764797297357,1.5,1.5,10,uniform,uniform,0.007945488067389646,0
5000,1.5642034237759075,7.461215325213151,1.4614764797297357,2.918423065872431,sqrt(log n),10,uniform,uniform,0.007945488067389646,0
5000,1.5642034237759075,7.461215325213151,1.4614764797297357,3.0,3.0,10,uniform,uniform,0.007945488067389646,0
5000,1.5642034237759075,7.461215325213151,6.142248468532328,1.5,1.5,30,uniform_exact,uniform,0.0,0
5000,1.5642034237759075,7.461215325213151,6.142248468532328,2.918423065872431,sqrt(log n),30,uniform_exact,uniform,0.0,0
5000,1.5642034237759075,7.461215325213151,6.142248468532328,3.0,3.0,30,uniform_exact,uniform,0.0,0
5000,1.5642034237759075,7.461215325213151,6.03515792737252,1.5,1.5,50,uniform_exact,uniform,0.0,0
5000,1.5642034237759075,7.461215325213151,6.03515792737252,2.918423065872431,sqrt(log n),50,uniform_exact,uniform,0.0,0
5000,1.5642034237759075,7.461215325213151,6.03515792737252,3.0,3.0,50,uniform_exact,uniform,0.0,0
5000,1.5642034237759075,7.461215325213151,7.0765534827023835,1.5,1.5,100,is,uniform,0.008545301104719865,0
5000,1.5642034237759075,7.461215325213151,7.0765534827023835,2.918423065872431,sqrt(log n),100,uniform_exact,uniform,0.0,0
5000,1.5642034237759075,7.461215325213151,7.0765534827023835,3.0,3.0,100,uniform_exact,uniform,0.0,0
5000,1.6069129255861263,7.627573339463385,3.8489953389296323,1.5,1.5,10,uniform_exact,uniform,0.0,0
5000,1.6069129255861263,7.627573339463385,3.8489953389296323,2.918423065872431,sqrt(log n),10,uniform_exact,uniform,0.0,0
5000,1.6069129255861263,7.627573339463385,3.8489953389296323,3.0,3.0,10,uniform_exact,uniform,0.0,0
5000,1.6069129255861263,7.627573339463385,6.4567134739957845,1.5,1.5,30,is,uniform,0.06128750921397432,0
5000,1.6069129255861263,7.627573339463385,6.4567134739957845,2.918423065872431,sqrt(log n),30,uniform_exact,uniform,0.0,0
5000,1.6069129255861263,7.627573339463385,6.4567134739957845,3.0,3.0,30,uniform_exact,uniform,0.0,0
5000,1.6069129255861263,7.627573339463385,5.190189726554872,1.5,1.5,50,uniform_exact,uniform,0.0,0
5000,1.6069129255861263,7.627573339463385,5.190189726554872,2.918423065872431,sqrt(log n),50,uniform_exact,uniform,0.0,0
5000,1.6069129255861263,7.627573339463385,5.190189726554872,3.0,3.0,50,uniform_exact,uniform,0.0,0
5000,1.6069129255861263,7.627573339463385,7.510238680371503,1.5,1.5,100,is,uniform,0.004197596100290457,0
5000,1.6069129255861263,7.627573339463385,7.510238680371503,2.918423065872431,sqrt(log n),100,uniform_exact,uniform,0.0,0
5000,1.6069129255861263,7.627573339463385,7.510238680371503,3.0,3.0,100,uniform_exact,uniform,0.0,0
5000,1.5835535573326203,7.463665704236842,6.206378163663323,1.5,1.5,10,is,uniform,0.005706382802505294,0
5000,1.5835535573326203,7.463665704236842,6.206378163663323,2.918423065872431,sqrt(log n),10,uniform_exact,uniform,0.0,0
5000,1.5835535573326203,7.463665704236842,6.206378163663323,3.0,3.0,10,uniform_exact,uniform,0.0,0
5000,1.5835535573326203,7.463665704236842,6.636282664566932,1.5,1.5,30,is,uniform,0.03822273743405594,0
5000,1.5835535573326203,7.463665704236842,6.636282664566932,2.918423065872431,sqrt(log n),30,uniform_exact,uniform,0.0,0
5000,1.5835535573326203,7.463665704236842,6.636282664566932,3.0,3.0,30,uniform_exact,uniform,0.0,0
5000,1.5835535573326203,7.463665704236842,6.1520249440035055,1.5,1.5,50,is,uniform,0.010879086917093543,0
5000,1.5835535573326203,7.463665704236842,6.1520249440035055,2.918423065872431,sqrt(log n),50,uniform_exact,uniform,0.0,0
5000,1.5835535573326203,7.463665704236842,6.1520249440035055,3.0,3.0,50,uniform_exact,uniform,0.0,0
5000,1.5835535573326203,7.463665704236842,5.724861605905709,1.5,1.5,100,is,uniform,0.03976761456879161,0
5000,1.5835535573326203,7.463665704236842,5.724861605905709,2.918423065872431,sqrt(log n),100,uniform_exact,uniform,0.0,0
5000,1.5835535573326203,7.463665704236842,5.724861605905709,3.0,3.0,100,uniform_exact,uniform,0.0,0
5000,2.4387528204411435,9.085143647908605,2.051894526946496,1.5,1.5,10,uniform,is,0.04595556803759913,0
5000,2.4387528204411435,9.085143647908605,2.051894526946496,2.918423065872431,sqrt(log n),10,uniform,is,0.04595556803759913,0
5000,2.4387528204411435,9.085143647908605,2.051894526946496,3.0,3.0,10,uniform,is,0.04595556803759913,0
5000,2.4387528204411435,9.085143647908605,8.942000740594178,1.5,1.5,30,is,is,0.008239525551194778,0
5000,2.4387528204411435,9.085143647908605,8.942000740594178,2.918423065872431,sqrt(log n),30,uniform_exact,is,0.0,0
5000,2.4387528204411435,9.085143647908605,8.942000740594178,3.0,3.0,30,uniform_exact,is,0.0,0
5000,2.4387528204411435,9.085143647908605,16.48727050706025,1.5,1.5,50,is,is,0.004171678208156378,0
5000,2.4387528204411435,9.085143647908605,16.48727050706025,2.918423065872431,sqrt(log n),50,is,is,0.004171678208156378,0
5000,2.4387528204411435,9.085143647908605,16.48727050706025,3.0,3.0,50,is,is,0.004171678208156378,0
5000,2.4387528204411435,9.085143647908605,10.43420877524177,1.5,1.5,100,is,is,0.017704771901513983,0
5000,2.4387528204411435,9.085143647908605,10.43420877524177,2.918423065872431,sqrt(log n),100,uniform_exact,is,0.0,0
5000,2.4387528204411435,9.085143647908605,10.43420877524177,3.0,3.0,100,uniform_exact,is,0.0,0
5000,2.44827057345472,9.074192457210252,8.075458547292012,1.5,1.5,10,is,is,0.0014116147937210618,1
5000,2.44827057345472,9.074192457210252,8.075458547292012,2.918423065872431,sqrt(log n),10,uniform_exact,is,0.0,1
5000,2.44827057345472,9.074192457210252,8.075458547292012,3.0,3.0,10,uniform_exact,is,0.0,1
5000,2.44827057345472,9.074192457210252,7.020935503710955,1.5,1.5,30,is,is,0.010150208951263324,1
5000,2.44827057345472,9.074192457210252,7.020935503710955,2.918423065872431,sqrt(log n),30,uniform_exact,is,0.0,1
5000,2.44827057345472,9.074192457210252,7.020935503710955,3.0,3.0,30,uniform_exact,is,0.0,1
5000,2.44827057345472,9.074192457210252,10.229048660123427,1.5,1.5,50,is,is,0.015173946620610617,1
5000,2.44827057345472,9.074192457210252,10.229048660123427,2.918423065872431,sqrt(log n),50,uniform_exact,is,0.0,1
5000,2.44827057345472,9.074192457210252,10.229048660123427,3.0,3.0,50,uniform_exact,is,0.0,1
5000,2.44827057345472,9.074192457210252,7.92052320293566,1.5,1.5,100,is,is,0.00036495925969645833,1
5000,2.44827057345472,9.074192457210252,7.92052320293566,2.918423065872431,sqrt(log n),100,uniform_exact,is,0.0,1
5000,2.44827057345472,9.074192457210252,7.92052320293566,3.0,3.0,100,uniform_exact,is,0.0,1
5000,2.4335609917695766,9.037567396165114,4.642473293764658,1.5,1.5,10,is,is,0.0004842781615631104,0
5000,2.4335609917695766,9.037567396165114,4.642473293764658,2.918423065872431,sqrt(log n),10,uniform_exact,is,0.0,0
5000,2.4335609917695766,9.037567396165114,4.642473293764658,3.0,3.0,10,uniform_exact,is,0.0,0
5000,2.4335609917695766,9.037567396165114,11.53623715390831,1.5,1.5,30,is,is,0.011472422511529795,0
5000,2.4335609917695766,9.037567396165114,11.53623715390831,2.918423065872431,sqrt(log n),30,uniform_exact,is,0.0,0
5000,2.4335609917695766,9.037567396165114,11.53623715390831,3.0,3.0,30,uniform_exact,is,0.0,0
5000,2.4335609917695766,9.037567396165114,7.202462755639102,1.5,1.5,50,is,is,0.004053065286022292,0
5000,2.4335609917695766,9.037567396165114,7.202462755639102,2.918423065872431,sqrt(log n),50,uniform_exact,is,0.0,0
5000,2.4335609917695766,9.037567396165114,7.202462755639102,3.0,3.0,50,uniform_exact,is,0.0,0
5000,2.4335609917695766,9.037567396165114,7.412362527588811,1.5,1.5,100,is,is,0.01692963305785173,0
5000,2.4335609917695766,9.037567396165114,7.412362527588811,2.918423065872431,sqrt(log n),100,uniform_exact,is,0.0,0
5000,2.4335609917695766,9.037567396165114,7.412362527588811,3.0,3.0,100,uniform_exact,is,0.0,0
5000,0.6519470284472162,8.754530513444111,2.679854558679141,1.5,1.5,10,uniform,uniform,0.006599312835065995,0
5000,0.6519470284472162,8.754530513444111,2.679854558679141,2.918423065872431,sqrt(log n),10,uniform,uniform,0.006599312835065995,0
5000,0.6519470284472162,8.754530513444111,2.679854558679141,3.0,3.0,10,uniform,uniform,0.006599312835065995,0
5000,0.6519470284472162,8.754530513444111,6.628838307955037,1.5,1.5,30,uniform_exact,uniform,0.0,0
5000,0.6519470284472162,8.754530513444111,6.628838307955037,2.918423065872431,sqrt(log n),30,uniform_exact,uniform,0.0,0
5000,0.6519470284472162,8.754530513444111,6.628838307955037,3.0,3.0,30,uniform_exact,uniform,0.0,0
5000,0.6519470284472162,8.754530513444111,2.777858489385643,1.5,1.5,50,uniform,uniform,0.00516668035350283,0
5000,0.6519470284472162,8.754530513444111,2.777858489385643,2.918423065872431,sqrt(log n),50,uniform,uniform,0.00516668035350283,0
5000,0.6519470284472162,8.754530513444111,2.777858489385643,3.0,3.0,50,uniform,uniform,0.00516668035350283,0
5000,0.6519470284472162,8.754530513444111,3.597920972116379,1.5,1.5,100,uniform,uniform,0.0057165723771796205,0
5000,0.6519470284472162,8.754530513444111,3.597920972116379,2.918423065872431,sqrt(log n),100,uniform,uniform,0.0057165723771796205,0
5000,0.6519470284472162,8.754530513444111,3.597920972116379,3.0,3.0,100,uniform,uniform,0.0057165723771796205,0
5000,0.6299048125270215,10.880578863376364,1.4396613379911865,1.5,1.5,10,uniform,uniform,0.03021094686251999,0
5000,0.6299048125270215,10.880578863376364,1.4396613379911865,2.918423065872431,sqrt(log n),10,uniform,uniform,0.03021094686251999,0
5000,0.6299048125270215,10.880578863376364,1.4396613379911865,3.0,3.0,10,uniform,uniform,0.03021094686251999,0
5000,0.6299048125270215,10.880578863376364,2.834011362036608,1.5,1.5,30,uniform,uniform,0.0054298263184619855,0
5000,0.6299048125270215,10.880578863376364,2.834011362036608,2.918423065872431,sqrt(log n),30,uniform,uniform,0.0054298263184619855,0
5000,0.6299048125270215,10.880578863376364,2.834011362036608,3.0,3.0,30,uniform,uniform,0.0054298263184619855,0
5000,0.6299048125270215,10.880578863376364,2.639535017351102,1.5,1.5,50,uniform,uniform,0.006768408471611382,0
5000,0.6299048125270215,10.880578863376364,2.639535017351102,2.918423065872431,sqrt(log n),50,uniform,uniform,0.006768408471611382,0
5000,0.6299048125270215,10.880578863376364,2.639535017351102,3.0,3.0,50,uniform,uniform,0.006768408471611382,0
5000,0.6299048125270215,10.880578863376364,4.205336044655821,1.5,1.5,100,uniform,uniform,0.006193081901699288,0
5000,0.6299048125270215,10.880578863376364,4.205336044655821,2.918423065872431,sqrt(log n),100,uniform,uniform,0.006193081901699288,0
5000,0.6299048125270215,10.880578863376364,4.205336044655821,3.0,3.0,100,uniform,uniform,0.006193081901699288,0
5000,0.6870579308218044,13.544762416249597,1.4777446952614923,1.5,1.5,10,uniform,uniform,0.0005783029845481775,0
5000,0.6870579308218044,13.544762416249597,1.4777446952614923,2.918423065872431,sqrt(log n),10,uniform,uniform,0.0005783029845481775,0
5000,0.6870579308218044,13.544762416249597,1.4777446952614923,3.0,3.0,10,uniform,uniform,0.0005783029845481775,0
5000,0.6870579308218044,13.544762416249597,2.328230155994072,1.5,1.5,30,uniform,uniform,0.001102100400392576,0
5000,0.6870579308218044,13.544762416249597,2.328230155994072,2.918423065872431,sqrt(log n),30,uniform,uniform,0.001102100400392576,0
5000,0.6870579308218044,13.544762416249597,2.328230155994072,3.0,3.0,30,uniform,uniform,0.001102100400392576,0
5000,0.6870579308218044,13.544762416249597,3.264858328025515,1.5,1.5,50,uniform,uniform,0.006088296467730843,0
5000,0.6870579308218044,13.544762416249597,3.264858328025515,2.918423065872431,sqrt(log n),50,uniform,uniform,0.006088296467730843,0
5000,0.6870579308218044,13.544762416249597,3.264858328025515,3.0,3.0,50,uniform,uniform,0.006088296467730843,0
5000,0.6870579308218044,13.544762416249597,5.558411617667805,1.5,1.5,100,uniform_exact,uniform,0.0,0
5000,0.6870579308218044,13.544762416249597,5.558411617667805,2.918423065872431,sqrt(log n),100,uniform_exact,uniform,0.0,0
5000,0.6870579308218044,13.544762416249597,5.558411617667805,3.0,3.0,100,uniform_exact,uniform,0.0,0
5000,1.3838458656873216,5.062593836717688,2.934773262906858,1.5,1.5,10,uniform_exact,uniform,0.0,0
5000,1.3838458656873216,5.062593836717688,2.934773262906858,2.918423065872431,sqrt(log n),10,uniform_exact,uniform,0.0,0
5000,1.3838458656873216,5.062593836717688,2.934773262906858,3.0,3.0,10,uniform_exact,uniform,0.0,0
5000,1.3838458656873216,5.062593836717688,3.5546038011613996,1.5,1.5,30,uniform_exact,uniform,0.0,0
5000,1.3838458656873216,5.062593836717688,3.5546038011613996,2.918423065872431,sqrt(log n),30,uniform_exact,uniform,0.0,0
5000,1.3838458656873216,5.062593836717688,3.5546038011613996,3.0,3.0,30,uniform_exact,uniform,0.0,0
5000,1.3838458656873216,5.062593836717688,3.8643275410403386,1.5,1.5,50,uniform_exact,uniform,0.0,0
5000,1.3838458656873216,5.062593836717688,3.8643275410403386,2.918423065872431,sqrt(log n),50,uniform_exact,uniform,0.0,0
5000,1.3838458656873216,5.062593836717688,3.8643275410403386,3.0,3.0,50,uniform_exact,uniform,0.0,0
5000,1.3838458656873216,5.062593836717688,4.217409760412551,1.5,1.5,100,uniform_exact,uniform,0.0,0
5000,1.3838458656873216,5.062593836717688,4.217409760412551,2.918423065872431,sqrt(log n),100,uniform_exact,uniform,0.0,0
5000,1.3838458656873216,5.062593836717688,4.217409760412551,3.0,3.0,100,uniform_exact,uniform,0.0,0
5000,1.398083832516939,5.098880683600188,4.369812949332661,1.5,1.5,10,is,uniform,0.010993647278296872,0
5000,1.398083832516939,5.098880683600188,4.369812949332661,2.918423065872431,sqrt(log n),10,uniform_exact,uniform,0.0,0
5000,1.398083832516939,5.098880683600188,4.369812949332661,3.0,3.0,10,uniform_exact,uniform,0.0,0
5000,1.398083832516939,5.098880683600188,5.054486514522582,1.5,1.5,30,is,uniform,0.007931643865425978,0
5000,1.398083832516939,5.098880683600188,5.054486514522582,2.918423065872431,sqrt(log n),30,uniform_exact,uniform,0.0,0
5000,1.398083832516939,5.098880683600188,5.054486514522582,3.0,3.0,30,uniform_exact,uniform,0.0,0
5000,1.398083832516939,5.098880683600188,4.201192843840946,1.5,1.5,50,uniform_exact,uniform,0.0,0
5000,1.398083832516939,5.098880683600188,4.201192843840946,2.918423065872431,sqrt(log n),50,uniform_exact,uniform,0.0,0
5000,1.398083832516939,5.098880683600188,4.201192843840946,3.0,3.0,50,uniform_exact,uniform,0.0,0
5000,1.398083832516939,5.098880683600188,4.844435224739826,1.5,1.5,100,uniform_exact,uniform,0.0,0
5000,1.398083832516939,5.098880683600188,4.844435224739826,2.918423065872431,sqrt(log n),100,uniform_exact,uniform,0.0,0
5000,1.398083832516939,5.098880683600188,4.844435224739826,3.0,3.0,100,uniform_exact,uniform,0.0,0
5000,1.3909424378180453,5.143704401559593,3.2300234849748324,1.5,1.5,10,uniform_exact,uniform,0.0,0
5000,1.3909424378180453,5.143704401559593,3.2300234849748324,2.918423065872431,sqrt(log n),10,uniform_exact,uniform,0.0,0
5000,1.3909424378180453,5.143704401559593,3.2300234849748324,3.0,3.0,10,uniform_exact,uniform,0.0,0
5000,1.3909424378180453,5.143704401559593,3.1109679344269416,1.5,1.5,30,uniform_exact,uniform,0.0,0
5000,1.3909424378180453,5.143704401559593,3.1109679344269416,2.918423065872431,sqrt(log n),30,uniform_exact,uniform,0.0,0
5000,1.3909424378180453,5.143704401559593,3.1109679344269416,3.0,3.0,30,uniform_exact,uniform,0.0,0
5000,1.3909424378180453,5.143704401559593,6.338917959997923,1.5,1.5,50,is,uniform,0.009676538123052811,0
5000,1.3909424378180453,5.143704401559593,6.338917959997923,2.918423065872431,sqrt(log n),50,uniform_exact,uniform,0.0,0
5000,1.3909424378180453,5.143704401559593,6.338917959997923,3.0,3.0,50,uniform_exact,uniform,0.0,0
5000,1.3909424378180453,5.143704401559593,4.580052347134643,1.5,1.5,100,uniform_exact,uniform,0.0,0
5000,1.3909424378180453,5.143704401559593,4.580052347134643,2.918423065872431,sqrt(log n),100,uniform_exact,uniform,0.0,0
5000,1.3909424378180453,5.143704401559593,4.580052347134643,3.0,3.0,100,uniform_exact,uniform,0.0,0
5000,1.7911999033758386,5.04722867967325,4.751257849257786,1.5,1.5,10,is,is,0.01348385027409967,0
5000,1.7911999033758386,5.04722867967325,4.751257849257786,2.918423065872431,sqrt(log n),10,uniform_exact,is,0.0,0
5000,1.7911999033758386,5.04722867967325,4.751257849257786,3.0,3.0,10,uniform_exact,is,0.0,0
5000,1.7911999033758386,5.04722867967325,4.686891354596953,1.5,1.5,30,is,is,0.015010839946952546,0
5000,1.7911999033758386,5.04722867967325,4.686891354596953,2.918423065872431,sqrt(log n),30,uniform_exact,is,0.0,0
5000,1.7911999033758386,5.04722867967325,4.686891354596953,3.0,3.0,30,uniform_exact,is,0.0,0
5000,1.7911999033758386,5.04722867967325,3.6398307059374138,1.5,1.5,50,uniform_exact,is,0.0,0
5000,1.7911999033758386,5.04722867967325,3.6398307059374138,2.918423065872431,sqrt(log n),50,uniform_exact,is,0.0,0
5000,1.7911999033758386,5.04722867967325,3.6398307059374138,3.0,3.0,50,uniform_exact,is,0.0,0
5000,1.7911999033758386,5.04722867967325,5.63120454556234,1.5,1.5,100,is,is,0.003257196793651588,0
5000,1.7911999033758386,5.04722867967325,5.63120454556234,2.918423065872431,sqrt(log n),100,uniform_exact,is,0.0,0
5000,1.7911999033758386,5.04722867967325,5.63120454556234,3.0,3.0,100,uniform_exact,is,0.0,0
5000,1.7925498435757545,5.031734118828527,2.2998734981621216,1.5,1.5,10,uniform,is,0.008112965752533391,0
5000,1.7925498435757545,5.031734118828527,2.2998734981621216,2.918423065872431,sqrt(log n),10,uniform,is,0.008112965752533391,0
5000,1.7925498435757545,5.031734118828527,2.2998734981621216,3.0,3.0,10,uniform,is,0.008112965752533391,0
5000,1.7925498435757545,5.031734118828527,8.62213951549536,1.5,1.5,30,is,is,0.0073624079457893215,0
5000,1.7925498435757545,5.031734118828527,8.62213951549536,2.918423065872431,sqrt(log n),30,uniform_exact,is,0.0,0
5000,1.7925498435757545,5.031734118828527,8.62213951549536,3.0,3.0,30,uniform_exact,is,0.0,0
5000,1.7925498435757545,5.031734118828527,3.5704276955533065,1.5,1.5,50,uniform_exact,is,0.0,0
5000,1.7925498435757545,5.031734118828527,3.5704276955533065,2.918423065872431,sqrt(log n),50,uniform_exact,is,0.0,0
5000,1.7925498435757545,5.031734118828527,3.5704276955533065,3.0,3.0,50,uniform_exact,is,0.0,0
5000,1.7925498435757545,5.031734118828527,4.562627637982907,1.5,1.5,100,is,is,0.005323137307085934,0
5000,1.7925498435757545,5.031734118828527,4.562627637982907,2.918423065872431,sqrt(log n),100,uniform_exact,is,0.0,0
5000,1.7925498435757545,5.031734118828527,4.562627637982907,3.0,3.0,100,uniform_exact,is,0.0,0
5000,1.799646793110485,5.033057676968276,3.1829573160610543,1.5,1.5,10,uniform_exact,is,0.0,0
5000,1.799646793110485,5.033057676968276,3.1829573160610543,2.918423065872431,sqrt(log n),10,uniform_exact,is,0.0,0
5000,1.799646793110485,5.033057676968276,3.1829573160610543,3.0,3.0,10,uniform_exact,is,0.0,0
5000,1.799646793110485,5.033057676968276,4.138916431626949,1.5,1.5,30,is,is,0.0032613166600450427,0
5000,1.799646793110485,5.033057676968276,4.138916431626949,2.918423065872431,sqrt(log n),30,uniform_exact,is,0.0,0
5000,1.799646793110485,5.033057676968276,4.138916431626949,3.0,3.0,30,uniform_exact,is,0.0,0
5000,1.799646793110485,5.033057676968276,6.668247195549421,1.5,1.5,50,is,is,0.006288543249531831,0
5000,1.799646793110485,5.033057676968276,6.668247195549421,2.918423065872431,sqrt(log n),50,uniform_exact,is,0.0,0
5000,1.799646793110485,5.033057676968276,6.668247195549421,3.0,3.0,50,uniform_exact,is,0.0,0
5000,1.799646793110485,5.033057676968276,5.525761231276515,1.5,1.5,100,is,is,0.01357979707217011,0
5000,1.799646793110485,5.033057676968276,5.525761231276515,2.918423065872431,sqrt(log n),100,uniform_exact,is,0.0,0
5000,1.799646793110485,5.033057676968276,5.525761231276515,3.0,3.0,100,uniform_exact,is,0.0,0
