n,true_cv,true_M,cv_hat,M_hat,cost_unif_chebyshev,cost_unif_bernstein,cost_is,tau,branch_taken,oracle_decision,rel_error,in_borderline
1000,0.617599978331471,6.544485015745742,0.6015202548247754,2.8050478211571015,1000,635.3522133703194,2770.0098668718365,0.5,is,uniform,0.03447792802372428,0
1000,0.7016203194983847,6.4257658382788225,0.5977682119151176,3.5683129890526444,1000,748.6133196376052,2770.0098668718365,0.5,is,uniform,0.029513983375322145,0
1000,0.633503586176026,5.578210996800821,0.560786774005518,3.271360465507582,1000,622.3055587995697,2770.0098668718365,0.5,is,uniform,0.016506555583112884,0
1000,0.6607087487078306,6.077985671873188,0.6518132423380265,3.5057967232936407,1000,677.2686212166315,2770.0098668718365,0.5,is,uniform,0.005373721587358736,0
1000,0.6504739835154975,5.5695015501111715,0.603310724381136,2.780934692952512,1000,645.0875760346555,2770.0098668718365,0.5,is,uniform,0.012994530495134899,0
1000,0.6694892343956219,5.3838442549691585,0.6484987361077903,2.8951956384254878,1000,665.1267185776958,2770.0098668718365,0.5,is,uniform,0.006908998288596795,0
1000,0.6398166324088268,6.140337691272391,0.66657803514311,3.6111739629004456,1000,650.6791989769632,2770.0098668718365,0.5,is,uniform,0.0001293789789615159,0
1000,0.6645481406412764,5.726033896808133,0.5977746968163838,3.401344515465205,1000,670.2286990086395,2770.0098668718365,0.5,is,uniform,0.016046119947888026,0
1000,0.6625855174916219,6.889022080403152,0.5023616104255118,3.0198125232408,1000,708.5478357810049,2770.0098668718365,0.5,is,uniform,0.009424522751938983,0
1000,0.6194948810036581,4.431036671722072,0.6640383343775162,4.120324252329307,1000,563.1847822127821,2770.0098668718365,0.5,is,uniform,0.015062378253677226,0
1000,0.6419604984348997,5.780451621515172,0.5325548653951018,2.772725708092996,1000,640.8791727435553,2770.0098668718365,0.5,is,uniform,0.020120889759408705,0
1000,0.6478534945181104,7.295799872829969,0.7989955017048497,5.11170537890552,1000,702.4588421607818,2770.0098668718365,0.5,is,uniform,0.0036911660044089308,0
1000,0.9275708025452007,9.067911114745035,0.9339262524583607,6.459804739165755,1000,1000,2770.0098668718365,0.5,is,uniform,0.018339881943259077,0
1000,0.8826442516694574,9.20078801072338,0.729566995291997,5.074984717321648,1000,1000,2770.0098668718365,0.5,is,uniform,0.009984396557476276,0
1000,0.8944373892679047,9.492564196854993,0.7225754039427428,4.284587384160472,1000,1000,2770.0098668718365,0.5,is,uniform,0.004188141141218181,0
1000,2.1600848596659037,23.591190740265375,2.5466709874972695,18.502217867525356,1000,1000,2770.0098668718365,0.5,is,uniform,0.0322537727082006,0
1000,2.186629044024305,23.67565527185168,2.5770971689009734,18.53774806807525,1000,1000,2770.0098668718365,0.5,is,uniform,0.012161302983379264,0
1000,2.202788337834508,23.474969597415352,0.5558425701525566,2.891828815684491,1000,1000,2770.0098668718365,0.5,is,uniform,0.0013740602531639758,1
1000,0.668926440883736,6.047119721303887,0.6629451876778858,4.215164225977127,1000,687.7568181231449,2770.0098668718365,0.5,is,uniform,0.01836605251728084,0
1000,0.6096939094021688,4.754850690421404,0.5149307342333465,2.4576037530768513,1000,561.8565535974923,2770.0098668718365,0.5,is,uniform,0.0030983247632261246,0
1000,0.619980694353103,5.711189635441723,0.6869727637496721,4.983309463682573,1000,609.0405737763899,2770.0098668718365,0.5,is,uniform,0.013011581707809054,0
1000,1.0363964890753734,8.83629684462703,0.6931816628832836,4.472676011138009,1000,1000,2770.0098668718365,0.5,is,uniform,0.012246016955134406,0
1000,1.0808453099122093,9.327938871539764,1.0706100002337515,7.529709690935192,1000,1000,2770.0098668718365,0.5,is,uniform,0.01167282022881987,0
1000,1.0555990939448983,9.079803243418585,1.0578636192548907,6.521341630108163,1000,1000,2770.0098668718365,0.5,is,uniform,0.010897768498346517,0
1000,2.4223349633420703,19.324723385669508,2.323512736300303,16.713830521579776,1000,1000,2770.0098668718365,0.5,is,uniform,0.045373349132057324,1
1000,2.4594205603819232,19.349043540692758,2.5304175467871204,18.31762690406223,1000,1000,2770.0098668718365,0.5,is,uniform,0.0014437351416526302,1
1000,2.441556227376376,19.145175988469532,2.7210236474948557,14.74312226163864,1000,1000,2770.0098668718365,0.5,is,uniform,0.009835954707082475,1
1000,0.6787566315775071,6.9795351614658365,0.4932625075459373,2.4198292712867953,1000,734.7301064462791,2770.0098668718365,0.5,uniform_exact,uniform,0.0,0
1000,0.6273247767797993,5.416408240314115,0.5416405538289764,2.6783660448022633,1000,608.3351215613185,2770.0098668718365,0.5,is,uniform,0.00229008581562814,0
1000,0.6436184853347732,6.685255422490038,0.7995329785255542,5.483127132742024,1000,675.097401560128,2770.0098668718365,0.5,is,uniform,0.0039038377905309648,0
1000,1.322654341020879,7.809373922547658,0.9389297481180515,6.045813418540743,1000,1000,2770.0098668718365,0.5,is,uniform,0.011106118226111326,0
1000,1.2985808873964355,8.313744404611858,1.3489334573296912,6.154172419776214,1000,1000,2770.0098668718365,0.5,is,uniform,0.026112303403142127,0
1000,1.208561744925839,7.712949719548932,1.3232640696736397,6.5563696366128354,1000,1000,2770.0098668718365,0.5,is,uniform,0.023193478197057874,0
1000,2.507398434602011,12.789785607408268,2.345080106964511,16.81037230973184,1000,1000,2770.0098668718365,0.5,is,uniform,0.001996230572018516,1
1000,2.520669114923294,12.78671987327333,2.416618114714142,12.82942787641423,1000,1000,2770.0098668718365,0.5,is,uniform,0.02171634490699408,1
1000,2.49068495781207,12.596211278828237,2.3545916223697034,10.353061289412233,1000,1000,2770.0098668718365,0.5,is,uniform,0.011530332291443611,1
1000,0.6524098435515786,7.086241475883487,0.5993746146985793,3.901894465238008,1000,701.3347232849229,2770.0098668718365,0.5,is,uniform,0.027928994643186825,0
1000,0.581167313005821,6.085439413528287,0.4741873511149366,1.8957120387939266,1000,572.85770424497,2770.0098668718365,0.5,uniform_exact,uniform,0.0,0
1000,0.6984683097008569,7.200833170425255,0.44855229708806577,2.1270200786325364,1000,771.3139441410074,2770.0098668718365,0.5,uniform_exact,uniform,0.0,0
1000,1.3537758517722411,6.291632634044208,1.2993232523536666,5.787003499646059,1000,1000,2770.0098668718365,0.5,is,uniform,0.01686511462726489,0
1000,1.367532997551312,6.235878482522877,1.4315249697286025,5.425996300273245,1000,1000,2770.0098668718365,0.5,is,uniform,0.000745848645521864,0
1000,1.3274574831627268,6.042607423381932,1.3969327781377823,6.020932246762647,1000,1000,2770.0098668718365,0.5,is,uniform,0.025602292617512068,0
1000,2.1745485439283283,8.206958182334139,1.8861301582157006,5.603751562214981,1000,1000,2770.0098668718365,0.5,is,uniform,0.0021596507105070477,0
1000,2.2071501455785794,8.244504029581895,2.8318403985035823,20.507433854512602,1000,1000,2770.0098668718365,0.5,is,uniform,0.0009716954944710448,1
1000,2.2131805137021714,8.13937339152958,2.2737289492941235,8.11573469007369,1000,1000,2770.0098668718365,0.5,is,uniform,0.012449696542067375,1
1000,0.596226390605092,7.59566327931635,0.5726452507415545,3.864714541272464,1000,644.9903306438464,2770.0098668718365,0.5,is,uniform,0.0020747108372017615,0
1000,0.5707637716995058,4.76013034379612,0.4757155033656834,2.413844089778482,1000,513.3458044551178,2770.0098668718365,0.5,uniform_exact,uniform,0.0,0
1000,0.6082008942884182,5.59710910895369,0.6125250877721026,3.225423877184917,1000,589.680079419608,2770.0098668718365,0.5,is,uniform,0.0030622195334884567,0
1000,1.2128763710131376,4.437108297044463,1.2221002765779356,3.9878478511653475,1000,1000,2770.0098668718365,0.5,is,uniform,0.020583177808851195,0
1000,1.222022170293529,4.453870144522961,1.4450934307841745,5.920951708867079,1000,1000,2770.0098668718365,0.5,is,uniform,0.0160344534485792,0
1000,1.2283430251331136,4.34226493758284,1.2642858719883578,4.313924475067066,1000,1000,2770.0098668718365,0.5,is,uniform,0.01029750098823606,0
1000,1.6822322474532947,4.785774324099834,1.6669011786716381,4.351679993502763,1000,1000,2770.0098668718365,0.5,is,uniform,0.002533881153154439,0
1000,1.6828609678688584,4.797205593998007,1.5958913718264502,4.290624161386626,1000,1000,2770.0098668718365,0.5,is,uniform,0.0001445902073023013,0
1000,1.6824444119691087,4.694431122747657,1.7140134544741037,4.6190880515279265,1000,1000,2770.0098668718365,0.5,is,uniform,0.016894349448241443,0
2000,0.6437859806065077,7.26494190000632,0.7985242541524279,5.246676737166722,2000,695.8016540771678,3047.961886276374,0.5,is,uniform,0.00901070534145963,0
2000,0.6783226328241753,6.987718128416362,0.5672746812122964,2.480207886620854,2000,734.3950354052101,3047.961886276374,0.5,is,uniform,0.014217276599248724,0
2000,0.7008485258315146,10.87323753149392,0.5084601810206388,2.110334387059068,2000,904.5604323951111,3047.961886276374,0.5,is,uniform,0.005151148519147562,0
2000,0.6647636523552978,9.371015606248461,0.686200631157691,4.717185834792868,2000,799.2807397443189,3047.961886276374,0.5,is,uniform,0.012471622322393709,0
2000,0.6503303945228937,7.618833107152736,0.5206793977438496,2.782431122908416,2000,717.2763773531361,3047.961886276374,0.5,is,uniform,0.006197400561576212,0
2000,0.7116392058914187,10.837519913683188,0.6563429824914156,4.6101241569755445,2000,919.4498867172433,3047.961886276374,0.5,is,uniform,0.01074405266095937,0
2000,0.6984542271619008,9.191213698217632,0.7226741792389381,4.04623731771237,2000,841.5975496551691,3047.961886276374,0.5,is,uniform,0.002555491718200991,0
2000,0.6531760108020092,9.05950966881119,0.5407250755421071,2.889358175083832,2000,772.0947091795654,3047.961886276374,0.5,is,uniform,0.006802220996163341,0
2000,0.6722700999610615,5.917746054892996,0.5027397598207456,2.764866712223381,2000,687.9391315719704,3047.961886276374,0.5,is,uniform,0.0027504815827349093,0
2000,0.7041455345419971,8.158001271669198,0.47240920149913807,2.374091592982216,2000,813.5611982931824,3047.961886276374,0.5,uniform_exact,uniform,0.0,0
2000,0.6776575995706522,7.229319530734069,0.6253802202656913,3.343840293870133,2000,741.9733333176847,3047.961886276374,0.5,is,uniform,0.008158480557974614,0
2000,0.6623640231431586,9.28680597708695,0.765834956173804,4.606709760033966,2000,792.9316579825959,3047.961886276374,0.5,is,uniform,0.0036934331600662084,0
2000,0.9816612409123018,11.124163624423396,0.9389589966374279,5.652468752514771,2000,1414.083017984169,3047.961886276374,0.5,is,uniform,0.024180842647295815,0
2000,1.019893147231907,10.771710935140439,0.4589062954852428,2.353584135334401,2000,1482.7225254275493,3047.961886276374,0.5,uniform_exact,uniform,0.0,0
2000,1.0038984191058524,11.152323945467518,0.6947921428027173,4.045764982698756,2000,1461.8652799715167,3047.961886276374,0.5,is,uniform,0.004821951939010687,0
2000,2.485939595674491,27.10730987984548,0.5651406886858524,2.925872892736239,2000,2000,3047.961886276374,0.5,is,uniform,0.020129487980355677,1
2000,2.4574092914423638,26.830979453268434,0.5170253989908393,2.884779913140674,2000,2000,3047.961886276374,0.5,is,uniform,0.012610311150768654,1
2000,2.4875934157876274,27.001639859771334,0.7250777660740342,3.369100451573609,2000,2000,3047.961886276374,0.5,is,uniform,0.015773558427067933,1
2000,0.6522247884106012,6.7974888408872705,0.685835517034147,4.70227203808286,2000,690.8795354216088,3047.961886276374,0.5,is,uniform,0.005062754495819759,0
2000,0.708592555862065,7.3196862152942685,0.5109386608711484,2.1972991087564315,2000,790.6074475854836,3047.961886276374,0.5,is,uniform,0.007863685628999435,0
2000,0.6266465193598646,6.766098028970186,0.5411355542740387,2.6535751397715157,2000,655.107760504205,3047.961886276374,0.5,is,uniform,0.025553563623834364,0
2000,1.187664640127493,10.482197021947206,1.1751435152580587,6.844781424150301,2000,1864.9588252464846,3047.961886276374,0.5,is,uniform,0.0009636750163263077,0
2000,1.169122399391696,10.541280528053289,1.2608339529622323,8.817967634418261,2000,1820.7383665351958,3047.961886276374,0.5,is,uniform,0.005485368757602567,0
2000,1.2297958209577402,10.40504305776103,1.2641686738371851,9.321198727305188,2000,1970.1608002574487,3047.961886276374,0.5,is,uniform,0.010646843366556708,0
2000,2.869439534666998,22.1660269939405,0.6638117139734322,3.8992338310457986,2000,2000,3047.961886276374,0.5,is,uniform,0.014429554052634875,1
2000,2.804968516663726,22.06499967036417,0.7352208079956168,4.405561183280642,2000,2000,3047.961886276374,0.5,is,uniform,0.018345848874375726,1
2000,2.735942484849644,21.257719756855096,2.5815842611770017,13.539236522255324,2000,2000,3047.961886276374,0.5,is,uniform,0.008571071346175478,1
2000,0.65141260441657,7.2644391200920655,0.44911965542789706,2.020584109998863,2000,706.2512425280808,3047.961886276374,0.5,uniform_exact,uniform,0.0,0
2000,0.6410291195607866,6.374989174742897,0.4901746260421714,3.045350535146741,2000,660.6132527733449,3047.961886276374,0.5,uniform_exact,uniform,0.0,0
2000,0.6227487686611384,6.430958934057433,0.7820596119499107,4.453671181838062,2000,638.1095561822503,3047.961886276374,0.5,is,uniform,0.00752771952540915,0
2000,1.358269331673104,8.966713358539577,1.4216119349094838,7.865720405999633,2000,2000,3047.961886276374,0.5,is,uniform,0.008117673675767137,0
2000,1.3763076923974027,8.285852764690443,1.1909951765391422,7.664811171678847,2000,2000,3047.961886276374,0.5,is,uniform,0.005948468597196267,0
2000,1.4611702597146317,9.106720084066147,1.2774428109766096,9.031818346172814,2000,2000,3047.961886276374,0.5,is,uniform,0.01954072116517426,0
2000,2.7142794007709448,13.745211635687745,2.9531207410675426,15.501331089523923,2000,2000,3047.961886276374,0.5,is,uniform,0.001376369995676101,1
2000,2.726308523162901,13.889554001701725,2.801927700907556,20.242885147238045,2000,2000,3047.961886276374,0.5,is,uniform,0.0034466565995632274,1
2000,2.7326270401993864,13.72668609604081,2.502133044966203,10.94600512321414,2000,2000,3047.961886276374,0.5,is,uniform,0.00347601328945937,1
2000,0.5866904178552818,6.882127609815075,0.57036912389255,2.961445175336459,2000,607.833459026285,3047.961886276374,0.5,is,uniform,0.0005092528972036687,0
2000,0.6805166058317258,7.844182030189697,0.5839492927298743,2.9031341026832758,2000,767.8062812379214,3047.961886276374,0.5,is,uniform,0.024344430247091868,0
2000,0.6075248895724128,8.488601778181627,0.5130038138283124,2.9047905508732175,2000,690.9428482752027,3047.961886276374,0.5,is,uniform,0.0008347829097155463,0
2000,1.4612428196080953,6.753627793666996,1.526378624209212,6.392787570288726,2000,2000,3047.961886276374,0.5,is,uniform,0.036980350197860494,0
2000,1.4764441467779024,6.956174126191189,1.4967981878711136,5.892486004581399,2000,2000,3047.961886276374,0.5,is,uniform,0.008064368907803725,0
2000,1.4190922443740461,6.741387981806074,1.360241884029058,6.003371551427439,2000,2000,3047.961886276374,0.5,is,uniform,0.00023342109847805388,0
2000,2.301445779003562,8.777361115865295,2.256821380044073,7.942653255560083,2000,2000,3047.961886276374,0.5,is,uniform,0.02053761433885129,0
2000,2.3152827988189686,8.658788130102245,2.6365991319785573,12.119740209682321,2000,2000,3047.961886276374,0.5,is,uniform,0.0028232881608384417,1
2000,2.30933321640677,8.687845653682372,2.5262379228831606,10.121642420288875,2000,2000,3047.961886276374,0.5,is,uniform,0.016412536442744027,1
2000,0.5915941849529013,6.747218403782818,0.5117068789966609,2.8963972090041326,2000,609.1909512319154,3047.961886276374,0.5,is,uniform,0.015023406673244043,0
2000,0.5845956482433441,7.133862103294786,0.5111463886993529,2.5722431955336087,2000,614.1252907176902,3047.961886276374,0.5,is,uniform,0.014358711522547012,0
2000,0.6364016724628121,6.162099158324124,0.6002004922353732,2.9906468812196514,2000,646.8295982407201,3047.961886276374,0.5,is,uniform,0.013265699364114094,0
2000,1.2983740571519216,4.789065542177101,1.3773947557240875,4.02465232460275,2000,1955.5143230204017,3047.961886276374,0.5,is,uniform,0.016977860695523168,0
2000,1.3147579288921611,4.448881049791875,1.2571153773388133,4.0060602582172935,2000,1988.865891661483,3047.961886276374,0.5,is,uniform,0.04357570045539624,0
2000,1.3083480127020897,4.637299734571176,1.2686185609513736,3.936296833584579,2000,1977.704173984409,3047.961886276374,0.5,is,uniform,0.008204780271229593,0
2000,1.7372109637686688,4.909762302581473,1.6554300155663086,4.240086487552452,2000,2000,3047.961886276374,0.5,is,uniform,0.0030896009475362266,0
2000,1.7421178180833923,4.869082529210165,2.0575818188723862,6.525093024038573,2000,2000,3047.961886276374,0.5,is,uniform,0.0013464000236226093,0
2000,1.7399890427199698,4.970317505328127,1.6625843671036404,4.302497582323786,2000,2000,3047.961886276374,0.5,is,uniform,0.01230080423502307,0
5000,0.7224807944290408,9.893139619301449,0.4486388397851059,2.584872456040791,5000,902.5681715523135,3415.3944697579104,0.5,uniform,uniform,0.029547993164936368,0
5000,0.6783674416504732,9.248645932905605,0.5532558978037442,2.9435071000481403,4601.823858914082,814.3202078120423,3415.3944697579104,0.5,is,uniform,0.018224146179676572,0
5000,0.6974014263102107,8.500077009248255,0.4324593802044999,2.191744251066181,4863.687494195162,815.627902553106,3415.3944697579104,0.5,uniform,uniform,0.013222395674730035,0
5000,0.6966704990056833,11.78855723114979,0.608786811478534,4.1220787856350904,4853.497841848277,930.7042214416718,3415.3944697579104,0.5,is,uniform,0.005825207075794364,0
5000,0.7020645774986704,10.493395057863204,0.646294960948388,3.550387553567098,4928.946709783864,892.9513941522594,3415.3944697579104,0.5,is,uniform,0.004420521105571151,0
5000,0.6964872202949357,12.14043386833435,0.6325997637877196,2.9781128624760274,4850.944480341662,942.8626783672503,3415.3944697579104,0.5,is,uniform,0.022287493160847865,0
5000,0.6923142098960464,10.791047985600459,0.5765680849128542,2.9462787227103293,4792.989652239869,889.0582525453514,3415.3944697579104,0.5,is,uniform,0.012466596826172899,0
5000,0.6749404683005831,10.377327086148796,0.7655073662692193,4.4670358190987285,4555.446357498104,849.2731597588138,3415.3944697579104,0.5,is,uniform,0.0011685693650200165,0
5000,0.7043250568842707,9.485986571983513,0.7324887684459371,4.963425009970584,4960.737857550311,860.736386785567,3415.3944697579104,0.5,is,uniform,0.0093286068674008,0
5000,0.7278048746693839,12.570758348270179,0.9709109322887157,6.649766802123403,5000,1005.3294553439663,3415.3944697579104,0.5,is,uniform,0.011744450777074108,0
5000,0.6959390046794844,8.19052749199074,0.6845933953164107,3.2749870256642764,4843.310982342714,802.5347341334756,3415.3944697579104,0.5,is,uniform,0.021147473522784437,0
5000,0.7275752487361427,11.991683623295147,0.6294627491262016,2.9101398327689374,5000,984.5211787295407,3415.3944697579104,0.5,is,uniform,0.008332664119926076,0
5000,1.1514945012448503,13.921170970329356,0.5681211877678337,3.752735503948173,5000,1896.7749602854858,3415.3944697579104,0.5,is,uniform,0.015805671505389623,0
5000,1.1000620070210954,13.282787825099584,1.2498732925824825,9.111368052674928,5000,1751.5135306439688,3415.3944697579104,0.5,is,uniform,0.0007204233497999094,0
5000,1.169644960173019,14.047324928197764,1.721080406896016,9.503914523490929,5000,1945.8743384555728,3415.3944697579104,0.5,is,uniform,0.007649136353030078,0
5000,3.012040993380712,33.184170841399485,0.7483564826479763,4.285245990571491,5000,5000,3415.3944697579104,0.5,is,is,0.002017848478100276,1
5000,3.05512119238724,33.62125804296652,0.9613031318828953,6.792900486655944,5000,5000,3415.3944697579104,0.5,is,is,0.010598792120996136,1
5000,3.0106207049135034,32.90968384374054,0.5912230920244842,4.033183476743277,5000,5000,3415.3944697579104,0.5,is,is,0.01826055960634987,1
5000,0.6966747062003946,7.519776239119451,0.9516234067324957,6.7441357963039765,4853.5564625940615,779.9280568408838,3415.3944697579104,0.5,is,uniform,0.0010240821461157497,0
5000,0.7118330565326979,11.001515450812754,0.5576799225734306,2.717677904392127,5000,925.5349606766966,3415.3944697579104,0.5,is,uniform,0.012865482097835038,0
5000,0.65806351816426,9.25657713996702,0.4472394723461227,2.6324087186905003,4330.475939387233,785.8466069380014,3415.3944697579104,0.5,uniform,uniform,0.015353080550074942,0
5000,1.324498034040619,12.321985384365552,0.815365767487658,5.23857459510588,5000,2294.2009719524963,3415.3944697579104,0.5,is,uniform,0.042080483748301166,0
5000,1.3258723349377788,12.187571001132723,1.5739485044982906,9.256617890785538,5000,2293.3128965373376,3415.3944697579104,0.5,is,uniform,0.0010202584137424964,0
5000,1.3582145587406718,12.411829353085658,1.006922339138419,6.416015028767191,5000,2393.222861712485,3415.3944697579104,0.5,is,uniform,0.004101509983148689,0
5000,3.273305510801266,25.581420388004364,3.046175055374048,15.67971713767024,5000,5000,3415.3944697579104,0.5,is,is,0.00738634696605,1
5000,3.270192893939796,25.42383972037984,3.1150742563029117,16.40224474206916,5000,5000,3415.3944697579104,0.5,is,is,0.013633009443453152,1
5000,3.2584141459449203,25.386482551776233,3.1365856249480735,16.700249173838543,5000,5000,3415.3944697579104,0.5,is,is,0.002919273708511451,1
5000,0.6808824421638225,9.063293680601529,0.6704968855864104,3.97912683163259,4636.00900046971,811.3956486802743,3415.3944697579104,0.5,is,uniform,0.016370233594797712,0
5000,0.6814735797847691,8.168079323694936,0.5970889446530357,3.0202777888577197,4644.06239944668,780.6281727935872,3415.3944697579104,0.5,is,uniform,0.001010312708450065,0
5000,0.6730762768779296,7.51328610662532,0.6640731746834492,4.046267052140651,4530.316744958553,745.4462794393922,3415.3944697579104,0.5,is,uniform,0.0016521089636648933,0
5000,1.5610511723927194,9.482297366454727,1.6772203209337342,9.115754859229668,5000,2917.208338590139,3415.3944697579104,0.5,is,uniform,0.009841970832473002,0
5000,1.5983515327881193,10.05179141412876,1.7554621749101247,7.24033943956772,5000,3062.202085772467,3415.3944697579104,0.5,is,uniform,0.017134631041217603,0
5000,1.564054233622819,9.903368559014538,1.622630102478952,5.962983107870528,5000,2942.026281598381,3415.3944697579104,0.5,is,uniform,0.012152951838339126,0
5000,3.0064614329892705,15.45576789854595,2.704377578197975,10.830149346627001,5000,5000,3415.3944697579104,0.5,is,is,0.002377894935403327,1
5000,2.975958669383625,15.516826552718598,2.9114958585044923,12.490984879727977,5000,5000,3415.3944697579104,0.5,is,is,0.006342343537128358,1
5000,2.994754765488841,15.286751648815459,0.550565551042951,3.169982803118069,5000,5000,3415.3944697579104,0.5,is,is,0.006243665275108078,1
5000,0.6452892873409604,7.975916618900835,0.9868876391383973,7.154424908004009,4163.982643570044,722.9682813290447,3415.3944697579104,0.5,is,uniform,0.007931339650088886,0
5000,0.6342794906340355,7.439749972949388,0.5040118355252438,2.667413210961817,4023.1047223897153,689.1014222579303,3415.3944697579104,0.5,is,uniform,0.00822629391482367,0
5000,0.6753511690743486,10.273263459798766,0.6237550676947502,3.6630558055097446,4560.992015700892,846.1850654440004,3415.3944697579104,0.5,is,uniform,0.014184069217760832,0
5000,1.5642034237759075,7.461215325213151,1.469615200634466,6.086143739213285,5000,2856.258812823272,3415.3944697579104,0.5,is,uniform,0.012534515770901283,0
5000,1.6069129255861263,7.627573339463385,1.6507672998115204,8.18494420737055,5000,3005.6523591964697,3415.3944697579104,0.5,is,uniform,0.01791221118760995,0
5000,1.5835535573326203,7.463665704236842,1.6392715865097496,5.876439714030102,5000,2920.888956784179,3415.3944697579104,0.5,is,uniform,0.0210567438362117,0
5000,2.4387528204411435,9.085143647908605,2.6961191077384914,10.257719883655279,5000,5000,3415.3944697579104,0.5,is,is,0.027661875401581222,0
5000,2.44827057345472,9.074192457210252,2.6556720782835366,10.180466559870206,5000,5000,3415.3944697579104,0.5,is,is,0.038399054186990675,1
5000,2.4335609917695766,9.037567396165114,2.25631386944039,7.364260969327502,5000,5000,3415.3944697579104,0.5,is,is,0.05558558857745834,0
5000,0.6519470284472162,8.754530513444111,0.6053740916948072,2.4289352055261295,4250.349279011552,759.6225283466741,3415.3944697579104,0.5,is,uniform,0.001388080693470674,0
5000,0.6299048125270215,10.880578863376364,0.582150393618984,3.055066253336794,3967.80072844702,804.7784164634724,3415.3944697579104,0.5,is,uniform,0.009717238894868509,0
5000,0.6870579308218044,13.544762416249597,0.6987153769802108,3.721665424777614,4720.486003051393,978.6423256088318,3415.3944697579104,0.5,is,uniform,0.020438347825003842,0
5000,1.3838458656873216,5.062593836717688,1.5957943357839597,5.627273215145811,5000,2208.1082099118385,3415.3944697579104,0.5,is,uniform,0.005567837766141757,0
5000,1.398083832516939,5.098880683600188,1.5139950936337432,5.898138955072077,5000,2251.362172756544,3415.3944697579104,0.5,is,uniform,0.01987735723725616,0
5000,1.3909424378180453,5.143704401559593,1.4170947250149357,4.505769450603147,5000,2231.8395544274426,3415.3944697579104,0.5,is,uniform,0.020927242290316752,0
5000,1.7911999033758386,5.04722867967325,1.8142117743443522,4.884229893380646,5000,3578.1000040057165,3415.3944697579104,0.5,is,is,0.010099268933918945,0
5000,1.7925498435757545,5.031734118828527,2.0473448350777566,6.405232990815108,5000,3582.67919398956,3415.3944697579104,0.5,is,is,0.007313643068084873,0
5000,1.799646793110485,5.033057676968276,1.7288698975518593,4.654471415205209,5000,3609.740622118057,3415.3944697579104,0.5,is,is,0.008160822976276154,0
1000,0.617599978331471,6.544485015745742,0.5009574648930168,2.4764433476061005,1000,635.3522133703194,2770.0098668718365,0.7368421052631579,uniform_exact,uniform,0.0,0
1000,0.7016203194983847,6.4257658382788225,0.6567604985290666,3.5089986373023563,1000,748.6133196376052,2770.0098668718365,0.7368421052631579,uniform_exact,uniform,0.0,0
1000,0.633503586176026,5.578210996800821,0.5289288438086506,2.9701751729821435,1000,622.3055587995697,2770.0098668718365,0.7368421052631579,uniform_exact,uniform,0.0,0
1000,0.6607087487078306,6.077985671873188,0.5078631734199921,2.672839683009822,1000,677.2686212166315,2770.0098668718365,0.7368421052631579,uniform_exact,uniform,0.0,0
1000,0.6504739835154975,5.5695015501111715,0.586071231424143,2.5891120848633804,1000,645.0875760346555,2770.0098668718365,0.7368421052631579,uniform_exact,uniform,0.0,0
1000,0.6694892343956219,5.3838442549691585,0.9110161988668569,4.445674569145702,1000,665.1267185776958,2770.0098668718365,0.7368421052631579,is,uniform,0.02112241376474804,0
1000,0.6398166324088268,6.140337691272391,0.6447095806923951,3.425493878848147,1000,650.6791989769632,2770.0098668718365,0.7368421052631579,uniform_exact,uniform,0.0,0
1000,0.6645481406412764,5.726033896808133,0.48295240086420327,2.6928791994354895,1000,670.2286990086395,2770.0098668718365,0.7368421052631579,uniform_exact,uniform,0.0,0
1000,0.6625855174916219,6.889022080403152,0.6734381979668513,3.1658954075672168,1000,708.5478357810049,2770.0098668718365,0.7368421052631579,uniform_exact,uniform,0.0,0
1000,0.6194948810036581,4.431036671722072,0.8638753236529296,4.005513654011819,1000,563.1847822127821,2770.0098668718365,0.7368421052631579,is,uniform,0.0038066218699222593,0
1000,0.6419604984348997,5.780451621515172,0.5380304241857251,2.5394761094368956,1000,640.8791727435553,2770.0098668718365,0.7368421052631579,uniform_exact,uniform,0.0,0
1000,0.6478534945181104,7.295799872829969,0.7272874552356333,4.315240699336909,1000,702.4588421607818,2770.0098668718365,0.7368421052631579,uniform_exact,uniform,0.0,0
1000,0.9275708025452007,9.067911114745035,0.5911567172335358,2.9839239796693677,1000,1000,2770.0098668718365,0.7368421052631579,uniform_exact,uniform,0.0,0
1000,0.8826442516694574,9.20078801072338,0.6286166768739745,3.4160912469376807,1000,1000,2770.0098668718365,0.7368421052631579,uniform_exact,uniform,0.0,0
1000,0.8944373892679047,9.492564196854993,0.614874331901234,2.689281530134212,1000,1000,2770.0098668718365,0.7368421052631579,uniform_exact,uniform,0.0,0
1000,2.1600848596659037,23.591190740265375,2.522231270659256,18.139454406120443,1000,1000,2770.0098668718365,0.7368421052631579,is,uniform,0.00034798329915769076,0
1000,2.186629044024305,23.67565527185168,2.475346436166585,17.929801609932483,1000,1000,2770.0098668718365,0.7368421052631579,is,uniform,0.006894545691968555,0
1000,2.202788337834508,23.474969597415352,0.47677456451854167,2.199341651263908,1000,1000,2770.0098668718365,0.7368421052631579,uniform_exact,uniform,0.0,1
1000,0.668926440883736,6.047119721303887,0.7594401201727371,4.16059977810575,1000,687.7568181231449,2770.0098668718365,0.7368421052631579,is,uniform,0.005425581508280811,0
1000,0.6096939094021688,4.754850690421404,0.6435613097527058,3.5895391609291143,1000,561.8565535974923,2770.0098668718365,0.7368421052631579,uniform_exact,uniform,0.0,0
1000,0.619980694353103,5.711189635441723,0.52274046137631,2.7614990445732843,1000,609.0405737763899,2770.0098668718365,0.7368421052631579,uniform_exact,uniform,0.0,0
1000,1.0363964890753734,8.83629684462703,1.230982961376358,6.649040051764601,1000,1000,2770.0098668718365,0.7368421052631579,is,uniform,0.0012024622730092474,0
1000,1.0808453099122093,9.327938871539764,1.1607212159059928,6.566718557699716,1000,1000,2770.0098668718365,0.7368421052631579,is,uniform,0.021722406419484072,0
1000,1.0555990939448983,9.079803243418585,1.1241985256153924,5.791137273639493,1000,1000,2770.0098668718365,0.7368421052631579,is,uniform,0.018301963998964506,0
1000,2.4223349633420703,19.324723385669508,2.028747240327567,14.474170104594688,1000,1000,2770.0098668718365,0.7368421052631579,is,uniform,0.013845186785366078,1
1000,2.4594205603819232,19.349043540692758,2.529500098493175,18.325738259609373,1000,1000,2770.0098668718365,0.7368421052631579,is,uniform,0.013366983939187962,1
1000,2.441556227376376,19.145175988469532,2.403389985570248,12.90785646259174,1000,1000,2770.0098668718365,0.7368421052631579,is,uniform,0.008392870898993026,1
1000,0.6787566315775071,6.9795351614658365,0.5299578009399325,3.0060098991100412,1000,734.7301064462791,2770.0098668718365,0.7368421052631579,uniform_exact,uniform,0.0,0
1000,0.6273247767797993,5.416408240314115,0.6893904390233391,4.031949862988416,1000,608.3351215613185,2770.0098668718365,0.7368421052631579,uniform_exact,uniform,0.0,0
1000,0.6436184853347732,6.685255422490038,0.6865780887930978,4.247554745950631,1000,675.097401560128,2770.0098668718365,0.7368421052631579,uniform_exact,uniform,0.0,0
1000,1.322654341020879,7.809373922547658,1.243584488303826,6.515271094987754,1000,1000,2770.0098668718365,0.7368421052631579,is,uniform,0.037236607724698494,0
1000,1.2985808873964355,8.313744404611858,0.6561404584946673,4.192373968307694,1000,1000,2770.0098668718365,0.7368421052631579,uniform_exact,uniform,0.0,0
1000,1.208561744925839,7.712949719548932,1.331184904464467,6.353085549620888,1000,1000,2770.0098668718365,0.7368421052631579,is,uniform,0.02298950853186907,0
1000,2.507398434602011,12.789785607408268,2.2663228886673963,8.168523744143288,1000,1000,2770.0098668718365,0.7368421052631579,is,uniform,0.0031724471685241396,1
1000,2.520669114923294,12.78671987327333,2.5434064842117086,18.471885441065353,1000,1000,2770.0098668718365,0.7368421052631579,is,uniform,0.005151958794094083,1
1000,2.49068495781207,12.596211278828237,2.3028612289124997,12.265606008140356,1000,1000,2770.0098668718365,0.7368421052631579,is,uniform,0.0010289843939701498,1
1000,0.6524098435515786,7.086241475883487,0.6178485313992155,3.08382405044955,1000,701.3347232849229,2770.0098668718365,0.7368421052631579,uniform_exact,uniform,0.0,0
1000,0.581167313005821,6.085439413528287,0.6267300178022776,3.137333446868537,1000,572.85770424497,2770.0098668718365,0.7368421052631579,uniform_exact,uniform,0.0,0
1000,0.6984683097008569,7.200833170425255,0.8112245420748916,3.950891915609541,1000,771.3139441410074,2770.0098668718365,0.7368421052631579,is,uniform,0.010953681899292711,0
1000,1.3537758517722411,6.291632634044208,0.9865615326230991,5.009742996016623,1000,1000,2770.0098668718365,0.7368421052631579,is,uniform,0.007134272125153346,0
1000,1.367532997551312,6.235878482522877,1.2368575087876952,4.209700024218911,1000,1000,2770.0098668718365,0.7368421052631579,is,uniform,0.0023403389739599643,0
1000,1.3274574831627268,6.042607423381932,1.2799981566821252,6.06070703081722,1000,1000,2770.0098668718365,0.7368421052631579,is,uniform,0.008040385809242373,0
1000,2.1745485439283283,8.206958182334139,1.8183534805727894,5.210854337270018,1000,1000,2770.0098668718365,0.7368421052631579,is,uniform,0.006100754951604384,0
1000,2.2071501455785794,8.244504029581895,2.125763758704737,7.259483189676921,1000,1000,2770.0098668718365,0.7368421052631579,is,uniform,0.0035064583555118197,1
1000,2.2131805137021714,8.13937339152958,2.5746707082097076,18.60401567036923,1000,1000,2770.0098668718365,0.7368421052631579,is,uniform,0.0005794745954832083,1
1000,0.596226390605092,7.59566327931635,0.4611990299782912,3.2429299395490565,1000,644.9903306438464,2770.0098668718365,0.7368421052631579,uniform_exact,uniform,0.0,0
1000,0.5707637716995058,4.76013034379612,0.4660916985752418,2.726344102347806,1000,513.3458044551178,2770.0098668718365,0.7368421052631579,uniform_exact,uniform,0.0,0
1000,0.6082008942884182,5.59710910895369,0.62128402215284,3.512030677991317,1000,589.680079419608,2770.0098668718365,0.7368421052631579,uniform_exact,uniform,0.0,0
1000,1.2128763710131376,4.437108297044463,1.187914298617869,4.501881453295681,1000,1000,2770.0098668718365,0.7368421052631579,is,uniform,0.004060651583490659,0
1000,1.222022170293529,4.453870144522961,1.3314804312736028,5.293258120520515,1000,1000,2770.0098668718365,0.7368421052631579,is,uniform,0.0055157742545579105,0
1000,1.2283430251331136,4.34226493758284,1.1615771247739306,3.846883057417624,1000,1000,2770.0098668718365,0.7368421052631579,is,uniform,0.01743341559193702,0
1000,1.6822322474532947,4.785774324099834,1.7035046376296368,4.614438269393734,1000,1000,2770.0098668718365,0.7368421052631579,is,uniform,0.004491466386104553,0
1000,1.6828609678688584,4.797205593998007,1.6634451317325694,4.618116054136769,1000,1000,2770.0098668718365,0.7368421052631579,is,uniform,0.01117566022083586,0
1000,1.6824444119691087,4.694431122747657,1.8508108258896163,5.0816402462190515,1000,1000,2770.0098668718365,0.7368421052631579,is,uniform,0.006681133290796571,0
2000,0.6437859806065077,7.26494190000632,0.5223982936860928,2.86049444395638,2000,695.8016540771678,3047.961886276374,0.7368421052631579,uniform_exact,uniform,0.0,0
2000,0.6783226328241753,6.987718128416362,0.5638096900315354,2.86929569760769,2000,734.3950354052101,3047.961886276374,0.7368421052631579,uniform_exact,uniform,0.0,0
2000,0.7008485258315146,10.87323753149392,0.6944360035619949,3.2950498848677428,2000,904.5604323951111,3047.961886276374,0.7368421052631579,uniform_exact,uniform,0.0,0
2000,0.6647636523552978,9.371015606248461,0.6455275693187071,3.069922801504135,2000,799.2807397443189,3047.961886276374,0.7368421052631579,uniform_exact,uniform,0.0,0
2000,0.6503303945228937,7.618833107152736,0.49230432667512974,2.8452051432966012,2000,717.2763773531361,3047.961886276374,0.7368421052631579,uniform_exact,uniform,0.0,0
2000,0.7116392058914187,10.837519913683188,0.6332166618362813,3.4698559079105245,2000,919.4498867172433,3047.961886276374,0.7368421052631579,uniform_exact,uniform,0.0,0
2000,0.6984542271619008,9.191213698217632,0.45873074056309987,2.039155639691316,2000,841.5975496551691,3047.961886276374,0.7368421052631579,uniform_exact,uniform,0.0,0
2000,0.6531760108020092,9.05950966881119,0.6784519203455545,2.8228756931004364,2000,772.0947091795654,3047.961886276374,0.7368421052631579,uniform_exact,uniform,0.0,0
2000,0.6722700999610615,5.917746054892996,0.6553353812871636,3.7656773135502952,2000,687.9391315719704,3047.961886276374,0.7368421052631579,uniform_exact,uniform,0.0,0
2000,0.7041455345419971,8.158001271669198,0.5924546745134169,3.006538216334504,2000,813.5611982931824,3047.961886276374,0.7368421052631579,uniform_exact,uniform,0.0,0
2000,0.6776575995706522,7.229319530734069,0.6967940180688643,3.9621515345634895,2000,741.9733333176847,3047.961886276374,0.7368421052631579,uniform_exact,uniform,0.0,0
2000,0.6623640231431586,9.28680597708695,0.5498849822298828,2.72835788615603,2000,792.9316579825959,3047.961886276374,0.7368421052631579,uniform_exact,uniform,0.0,0
2000,0.9816612409123018,11.124163624423396,1.1477103512222342,7.859358853781734,2000,1414.083017984169,3047.961886276374,0.7368421052631579,is,uniform,0.00232647322322641,0
2000,1.019893147231907,10.771710935140439,0.9060015896665433,4.939151906750047,2000,1482.7225254275493,3047.961886276374,0.7368421052631579,is,uniform,0.016499646288401972,0
2000,1.0038984191058524,11.152323945467518,0.6389049273039942,2.9597510935140887,2000,1461.8652799715167,3047.961886276374,0.7368421052631579,uniform_exact,uniform,0.0,0
2000,2.485939595674491,27.10730987984548,0.4994924402996299,2.6032676231805656,2000,2000,3047.961886276374,0.7368421052631579,uniform_exact,uniform,0.0,1
2000,2.4574092914423638,26.830979453268434,2.7073480661883997,19.585759872887095,2000,2000,3047.961886276374,0.7368421052631579,is,uniform,0.007818169657607793,1
2000,2.4875934157876274,27.001639859771334,3.1113957499177856,22.41351536576066,2000,2000,3047.961886276374,0.7368421052631579,is,uniform,0.022474177909491168,1
2000,0.6522247884106012,6.7974888408872705,0.621392537356183,2.672902345494223,2000,690.8795354216088,3047.961886276374,0.7368421052631579,uniform_exact,uniform,0.0,0
2000,0.708592555862065,7.3196862152942685,0.8480749579252298,4.338569854969056,2000,790.6074475854836,3047.961886276374,0.7368421052631579,is,uniform,0.003482588896803134,0
2000,0.6266465193598646,6.766098028970186,0.45326652053064365,2.23614856857133,2000,655.107760504205,3047.961886276374,0.7368421052631579,uniform_exact,uniform,0.0,0
2000,1.187664640127493,10.482197021947206,1.4555980499309422,10.436048911399626,2000,1864.9588252464846,3047.961886276374,0.7368421052631579,is,uniform,0.004964752435495593,0
2000,1.169122399391696,10.541280528053289,1.1595498064444458,8.14720415266202,2000,1820.7383665351958,3047.961886276374,0.7368421052631579,is,uniform,0.0035001461231519903,0
2000,1.2297958209577402,10.40504305776103,1.5648756227253589,8.671735673643273,2000,1970.1608002574487,3047.961886276374,0.7368421052631579,is,uniform,0.0028225669140752854,0
2000,2.869439534666998,22.1660269939405,2.773655165958379,19.955395487013174,2000,2000,3047.961886276374,0.7368421052631579,is,uniform,0.0013538563964031352,1
2000,2.804968516663726,22.06499967036417,0.7305431929009513,3.6528821419369226,2000,2000,3047.961886276374,0.7368421052631579,uniform_exact,uniform,0.0,1
2000,2.735942484849644,21.257719756855096,2.4098290050005295,16.94809009517816,2000,2000,3047.961886276374,0.7368421052631579,is,uniform,0.0033004966674321967,1
2000,0.65141260441657,7.2644391200920655,0.6066542732400553,3.0653499794973937,2000,706.2512425280808,3047.961886276374,0.7368421052631579,uniform_exact,uniform,0.0,0
2000,0.6410291195607866,6.374989174742897,0.5326095593087571,3.9132194293768108,2000,660.6132527733449,3047.961886276374,0.7368421052631579,uniform_exact,uniform,0.0,0
2000,0.6227487686611384,6.430958934057433,0.7620377357681452,5.1712907472458935,2000,638.1095561822503,3047.961886276374,0.7368421052631579,is,uniform,0.00042844501413521173,0
2000,1.358269331673104,8.966713358539577,1.3380195759703903,6.5123527407060475,2000,2000,3047.961886276374,0.7368421052631579,is,uniform,0.005573001477658379,0
2000,1.3763076923974027,8.285852764690443,1.4077785333345387,5.560268824739433,2000,2000,3047.961886276374,0.7368421052631579,is,uniform,0.005322480271256617,0
2000,1.4611702597146317,9.106720084066147,1.6619662304708773,9.282742456639957,2000,2000,3047.961886276374,0.7368421052631579,is,uniform,0.044945977175674535,0
2000,2.7142794007709448,13.745211635687745,2.553617737592253,11.366172529830472,2000,2000,3047.961886276374,0.7368421052631579,is,uniform,0.002807631262798614,1
2000,2.726308523162901,13.889554001701725,2.9308965465675145,21.1951832081447,2000,2000,3047.961886276374,0.7368421052631579,is,uniform,0.003014496651627449,1
2000,2.7326270401993864,13.72668609604081,1.8705361367909306,5.254469641091536,2000,2000,3047.961886276374,0.7368421052631579,is,uniform,0.0012570213555208696,1
2000,0.5866904178552818,6.882127609815075,0.5621670653961837,2.3358764255688746,2000,607.833459026285,3047.961886276374,0.7368421052631579,uniform_exact,uniform,0.0,0
2000,0.6805166058317258,7.844182030189697,0.586049074967476,2.8751296958825474,2000,767.8062812379214,3047.961886276374,0.7368421052631579,uniform_exact,uniform,0.0,0
2000,0.6075248895724128,8.488601778181627,0.47676878004261297,2.512597191790799,2000,690.9428482752027,3047.961886276374,0.7368421052631579,uniform_exact,uniform,0.0,0
2000,1.4612428196080953,6.753627793666996,1.4554282700436687,7.18559066623578,2000,2000,3047.961886276374,0.7368421052631579,is,uniform,0.008593920387283209,0
2000,1.4764441467779024,6.956174126191189,1.4623913999167715,5.416051188965469,2000,2000,3047.961886276374,0.7368421052631579,is,uniform,0.014015566904323942,0
2000,1.4190922443740461,6.741387981806074,1.501238463796418,5.5060026810099005,2000,2000,3047.961886276374,0.7368421052631579,is,uniform,0.007464134481870418,0
2000,2.301445779003562,8.777361115865295,2.365270245465232,8.327959933482582,2000,2000,3047.961886276374,0.7368421052631579,is,uniform,0.0011115042296288057,0
2000,2.3152827988189686,8.658788130102245,2.537729830715797,10.1422347709204,2000,2000,3047.961886276374,0.7368421052631579,is,uniform,0.0035245252757151227,1
2000,2.30933321640677,8.687845653682372,1.7752854201509596,4.643252703767617,2000,2000,3047.961886276374,0.7368421052631579,is,uniform,0.0020283610380288546,1
2000,0.5915941849529013,6.747218403782818,0.44450438050282587,2.5865042580788127,2000,609.1909512319154,3047.961886276374,0.7368421052631579,uniform,uniform,0.0016428212072316715,0
2000,0.5845956482433441,7.133862103294786,0.5424264531430301,2.779062279661228,2000,614.1252907176902,3047.961886276374,0.7368421052631579,uniform_exact,uniform,0.0,0
2000,0.6364016724628121,6.162099158324124,0.8384987103842387,5.881697444869791,2000,646.8295982407201,3047.961886276374,0.7368421052631579,is,uniform,0.006232222710294923,0
2000,1.2983740571519216,4.789065542177101,1.2109793526114327,3.5904312988058478,2000,1955.5143230204017,3047.961886276374,0.7368421052631579,is,uniform,0.02715441039806802,0
2000,1.3147579288921611,4.448881049791875,1.284039087687658,3.9851207932334622,2000,1988.865891661483,3047.961886276374,0.7368421052631579,is,uniform,0.025928946257336234,0
2000,1.3083480127020897,4.637299734571176,1.4015062259440423,5.440301998599012,2000,1977.704173984409,3047.961886276374,0.7368421052631579,is,uniform,0.0007888314910280836,0
2000,1.7372109637686688,4.909762302581473,1.5663614083816655,3.9353575682805104,2000,2000,3047.961886276374,0.7368421052631579,is,uniform,0.007493366610682597,0
2000,1.7421178180833923,4.869082529210165,2.0284392471364363,6.413893089263946,2000,2000,3047.961886276374,0.7368421052631579,is,uniform,0.011546899448402079,0
2000,1.7399890427199698,4.970317505328127,2.1069247397995063,6.653102901226597,2000,2000,3047.961886276374,0.7368421052631579,is,uniform,0.002897773871180715,0
5000,0.7224807944290408,9.893139619301449,0.6921536942282789,5.102312178316246,5000,902.5681715523135,3415.3944697579104,0.7368421052631579,uniform,uniform,0.003969118163480106,0
5000,0.6783674416504732,9.248645932905605,0.48873252032313896,2.4902788775150353,4601.823858914082,814.3202078120423,3415.3944697579104,0.7368421052631579,uniform,uniform,0.0005993667512477491,0
5000,0.6974014263102107,8.500077009248255,0.7608196586058574,4.699639345083515,4863.687494195162,815.627902553106,3415.3944697579104,0.7368421052631579,is,uniform,0.01763443242071914,0
5000,0.6966704990056833,11.78855723114979,0.7762303066869756,3.6559861201783557,4853.497841848277,930.7042214416718,3415.3944697579104,0.7368421052631579,is,uniform,0.0017246750135833857,0
5000,0.7020645774986704,10.493395057863204,0.6676708615138212,3.2870968085819348,4928.946709783864,892.9513941522594,3415.3944697579104,0.7368421052631579,uniform,uniform,8.221624953936733e-06,0
5000,0.6964872202949357,12.14043386833435,0.7035366204877438,3.198948323689152,4850.944480341662,942.8626783672503,3415.3944697579104,0.7368421052631579,uniform,uniform,0.00018696173546597095,0
5000,0.6923142098960464,10.791047985600459,0.6031142637030764,2.8907988735669017,4792.989652239869,889.0582525453514,3415.3944697579104,0.7368421052631579,uniform,uniform,0.00139369747276211,0
5000,0.6749404683005831,10.377327086148796,0.6779094167168249,3.9512963686814024,4555.446357498104,849.2731597588138,3415.3944697579104,0.7368421052631579,uniform,uniform,0.0009404539519887344,0
5000,0.7043250568842707,9.485986571983513,0.6348636727588343,3.0198538474805323,4960.737857550311,860.736386785567,3415.3944697579104,0.7368421052631579,uniform,uniform,0.008565966182787587,0
5000,0.7278048746693839,12.570758348270179,0.531357340369092,2.8288706927021505,5000,1005.3294553439663,3415.3944697579104,0.7368421052631579,uniform,uniform,0.008883731333386055,0
5000,0.6959390046794844,8.19052749199074,0.7143129473442978,4.207440867152498,4843.310982342714,802.5347341334756,3415.3944697579104,0.7368421052631579,uniform_exact,uniform,0.0,0
5000,0.7275752487361427,11.991683623295147,0.7314296877289439,3.855028203503176,5000,984.5211787295407,3415.3944697579104,0.7368421052631579,uniform_exact,uniform,0.0,0
5000,1.1514945012448503,13.921170970329356,0.5123681948864828,2.7250831519395873,5000,1896.7749602854858,3415.3944697579104,0.7368421052631579,uniform,uniform,0.007398069987706286,0
5000,1.1000620070210954,13.282787825099584,0.5991766467106562,3.3920436547990667,5000,1751.5135306439688,3415.3944697579104,0.7368421052631579,uniform,uniform,0.01912823909479103,0
5000,1.169644960173019,14.047324928197764,0.7198665520415701,3.5933588306848847,5000,1945.8743384555728,3415.3944697579104,0.7368421052631579,uniform_exact,uniform,0.0,0
5000,3.012040993380712,33.184170841399485,3.2956086071932855,16.99177686736635,5000,5000,3415.3944697579104,0.7368421052631579,is,is,0.012500215990645653,1
5000,3.05512119238724,33.62125804296652,3.05932406252754,22.10741393130956,5000,5000,3415.3944697579104,0.7368421052631579,is,is,0.04013583338875552,1
5000,3.0106207049135034,32.90968384374054,0.588479405299876,2.624685760507107,5000,5000,3415.3944697579104,0.7368421052631579,uniform,is,0.022978960419393735,1
5000,0.6966747062003946,7.519776239119451,0.726350204289768,4.442026661133652,4853.5564625940615,779.9280568408838,3415.3944697579104,0.7368421052631579,uniform_exact,uniform,0.0,0
5000,0.7118330565326979,11.001515450812754,0.6752406084913818,3.9482921862476075,5000,925.5349606766966,3415.3944697579104,0.7368421052631579,uniform,uniform,0.003464281351604347,0
5000,0.65806351816426,9.25657713996702,0.5550085554949042,2.487912341187399,4330.475939387233,785.8466069380014,3415.3944697579104,0.7368421052631579,uniform,uniform,0.007460080568674385,0
5000,1.324498034040619,12.321985384365552,1.1674939888641185,7.247750912883773,5000,2294.2009719524963,3415.3944697579104,0.7368421052631579,is,uniform,0.006103223200084812,0
5000,1.3258723349377788,12.187571001132723,0.6240359946506976,3.203571432759608,5000,2293.3128965373376,3415.3944697579104,0.7368421052631579,uniform,uniform,0.0043194170068109605,0
5000,1.3582145587406718,12.411829353085658,0.8420728561617802,5.788232834785657,5000,2393.222861712485,3415.3944697579104,0.7368421052631579,is,uniform,0.004567734218135073,0
5000,3.273305510801266,25.581420388004364,3.029817274342749,21.852830681013753,5000,5000,3415.3944697579104,0.7368421052631579,is,is,0.017020724974434305,1
5000,3.270192893939796,25.42383972037984,3.2580731389046456,23.466429568450017,5000,5000,3415.3944697579104,0.7368421052631579,is,is,0.0018418783220764375,1
5000,3.2584141459449203,25.386482551776233,3.182648598675073,16.581456269216424,5000,5000,3415.3944697579104,0.7368421052631579,is,is,0.011369301712395093,1
5000,0.6808824421638225,9.063293680601529,0.6324506856788268,3.440143857183818,4636.00900046971,811.3956486802743,3415.3944697579104,0.7368421052631579,uniform,uniform,0.003469895801130603,0
5000,0.6814735797847691,8.168079323694936,0.7254365759420206,4.366720626676015,4644.06239944668,780.6281727935872,3415.3944697579104,0.7368421052631579,uniform_exact,uniform,0.0,0
5000,0.6730762768779296,7.51328610662532,0.6618016964699601,4.0510399445552085,4530.316744958553,745.4462794393922,3415.3944697579104,0.7368421052631579,uniform,uniform,0.0013028292798681368,0
5000,1.5610511723927194,9.482297366454727,1.496011841465254,8.699475448851672,5000,2917.208338590139,3415.3944697579104,0.7368421052631579,is,uniform,0.017516848767547492,0
5000,1.5983515327881193,10.05179141412876,1.6077923515591752,11.63454250918451,5000,3062.202085772467,3415.3944697579104,0.7368421052631579,is,uniform,0.0021432837855678627,0
5000,1.564054233622819,9.903368559014538,1.5600666035810802,7.841678100633344,5000,2942.026281598381,3415.3944697579104,0.7368421052631579,is,uniform,0.006432101017995901,0
5000,3.0064614329892705,15.45576789854595,0.5308890101034177,2.6725839693974835,5000,5000,3415.3944697579104,0.7368421052631579,uniform,is,0.00015968291995925696,1
5000,2.975958669383625,15.516826552718598,3.1486097443670995,22.633648136247523,5000,5000,3415.3944697579104,0.7368421052631579,is,is,0.014792500325194599,1
5000,2.994754765488841,15.286751648815459,2.494606119808957,8.806079157429131,5000,5000,3415.3944697579104,0.7368421052631579,is,is,0.02130876218736476,1
5000,0.6452892873409604,7.975916618900835,0.8521106586177627,5.573051122787476,4163.982643570044,722.9682813290447,3415.3944697579104,0.7368421052631579,is,uniform,0.00660778288884893,0
5000,0.6342794906340355,7.439749972949388,0.5704873861472386,3.187300013521574,4023.1047223897153,689.1014222579303,3415.3944697579104,0.7368421052631579,uniform,uniform,0.0063236782725087076,0
5000,0.6753511690743486,10.273263459798766,0.5010846541491147,2.6645915991935274,4560.992015700892,846.1850654440004,3415.3944697579104,0.7368421052631579,uniform,uniform,0.0004264779471618039,0
5000,1.5642034237759075,7.461215325213151,1.3069217758752651,5.680187805534568,5000,2856.258812823272,3415.3944697579104,0.7368421052631579,is,uniform,0.016449258421161718,0
5000,1.6069129255861263,7.627573339463385,1.540120798225952,7.8547788915891665,5000,3005.6523591964697,3415.3944697579104,0.7368421052631579,is,uniform,0.009368047553438402,0
5000,1.5835535573326203,7.463665704236842,1.8225363478555903,10.689263605269243,5000,2920.888956784179,3415.3944697579104,0.7368421052631579,is,uniform,0.0050246973176805146,0
5000,2.4387528204411435,9.085143647908605,1.9017345783464759,5.4097099679551635,5000,5000,3415.3944697579104,0.7368421052631579,is,is,0.0064610493116256055,0
5000,2.44827057345472,9.074192457210252,2.1914471668265083,6.507242130120029,5000,5000,3415.3944697579104,0.7368421052631579,is,is,0.000986753053225838,1
5000,2.4335609917695766,9.037567396165114,2.4018352387424216,8.534395700118663,5000,5000,3415.3944697579104,0.7368421052631579,is,is,0.006137324949301577,0
5000,0.6519470284472162,8.754530513444111,0.6446317208637848,3.4385532193937633,4250.349279011552,759.6225283466741,3415.3944697579104,0.7368421052631579,uniform,uniform,0.00046495514593751904,0
5000,0.6299048125270215,10.880578863376364,0.45112919229262216,2.413618475851682,3967.80072844702,804.7784164634724,3415.3944697579104,0.7368421052631579,uniform,uniform,0.0024577156899567194,0
5000,0.6870579308218044,13.544762416249597,0.7696526567372565,4.792327545409475,4720.486003051393,978.6423256088318,3415.3944697579104,0.7368421052631579,is,uniform,0.011864289740072078,0
5000,1.3838458656873216,5.062593836717688,1.4307092487712603,4.546509855164687,5000,2208.1082099118385,3415.3944697579104,0.7368421052631579,is,uniform,0.005541555786323666,0
5000,1.398083832516939,5.098880683600188,1.4715258861558669,4.6065974884702126,5000,2251.362172756544,3415.3944697579104,0.7368421052631579,is,uniform,0.09096326233142794,0
5000,1.3909424378180453,5.143704401559593,1.3940500268314733,4.278509702640278,5000,2231.8395544274426,3415.3944697579104,0.7368421052631579,is,uniform,0.001795817842025176,0
5000,1.7911999033758386,5.04722867967325,1.929370590456664,5.4086904681417405,5000,3578.1000040057165,3415.3944697579104,0.7368421052631579,is,is,9.923488534690633e-05,0
5000,1.7925498435757545,5.031734118828527,1.9596019635561233,5.867477298790795,5000,3582.67919398956,3415.3944697579104,0.7368421052631579,is,is,0.0045503787953221925,0
5000,1.799646793110485,5.033057676968276,1.9538759930799119,5.31739150588173,5000,3609.740622118057,3415.3944697579104,0.7368421052631579,is,is,0.01033711896758506,0
1000,0.617599978331471,6.544485015745742,0.5433648435409856,2.8678488861911307,1000,635.3522133703194,2770.0098668718365,0.9736842105263157,uniform_exact,uniform,0.0,0
1000,0.7016203194983847,6.4257658382788225,0.6321569441611187,4.2215197863273355,1000,748.6133196376052,2770.0098668718365,0.9736842105263157,uniform_exact,uniform,0.0,0
1000,0.633503586176026,5.578210996800821,0.4652654414220499,2.636556955586503,1000,622.3055587995697,2770.0098668718365,0.9736842105263157,uniform_exact,uniform,0.0,0
1000,0.6607087487078306,6.077985671873188,0.6084360732799435,3.395231336931207,1000,677.2686212166315,2770.0098668718365,0.9736842105263157,uniform_exact,uniform,0.0,0
1000,0.6504739835154975,5.5695015501111715,0.7126686522138981,3.922040353070016,1000,645.0875760346555,2770.0098668718365,0.9736842105263157,uniform_exact,uniform,0.0,0
1000,0.6694892343956219,5.3838442549691585,0.5708772819418633,2.819795235235545,1000,665.1267185776958,2770.0098668718365,0.9736842105263157,uniform_exact,uniform,0.0,0
1000,0.6398166324088268,6.140337691272391,0.7422574242611204,4.243351214368402,1000,650.6791989769632,2770.0098668718365,0.9736842105263157,uniform_exact,uniform,0.0,0
1000,0.6645481406412764,5.726033896808133,0.7545132429138449,4.034915175748541,1000,670.2286990086395,2770.0098668718365,0.9736842105263157,uniform_exact,uniform,0.0,0
1000,0.6625855174916219,6.889022080403152,0.6719640392391094,3.722798230283717,1000,708.5478357810049,2770.0098668718365,0.9736842105263157,uniform_exact,uniform,0.0,0
1000,0.6194948810036581,4.431036671722072,0.617052740244899,2.8822696189371233,1000,563.1847822127821,2770.0098668718365,0.9736842105263157,uniform_exact,uniform,0.0,0
1000,0.6419604984348997,5.780451621515172,0.769356189673227,4.59903356589356,1000,640.8791727435553,2770.0098668718365,0.9736842105263157,uniform_exact,uniform,0.0,0
1000,0.6478534945181104,7.295799872829969,0.5841907009740073,3.028328254133925,1000,702.4588421607818,2770.0098668718365,0.9736842105263157,uniform_exact,uniform,0.0,0
1000,0.9275708025452007,9.067911114745035,0.48487842191433334,2.648247010965112,1000,1000,2770.0098668718365,0.9736842105263157,uniform_exact,uniform,0.0,0
1000,0.8826442516694574,9.20078801072338,0.9959632090435352,6.578759062899975,1000,1000,2770.0098668718365,0.9736842105263157,is,uniform,0.009615239968798898,0
1000,0.8944373892679047,9.492564196854993,1.0337163230348956,7.4985580107551275,1000,1000,2770.0098668718365,0.9736842105263157,is,uniform,5.513393327075405e-06,0
1000,2.1600848596659037,23.591190740265375,0.5718089346150165,3.6527302524668763,1000,1000,2770.0098668718365,0.9736842105263157,uniform_exact,uniform,0.0,0
1000,2.186629044024305,23.67565527185168,0.6856955968278817,3.309239825478771,1000,1000,2770.0098668718365,0.9736842105263157,uniform_exact,uniform,0.0,0
1000,2.202788337834508,23.474969597415352,0.7920895312171998,4.454382887926012,1000,1000,2770.0098668718365,0.9736842105263157,uniform_exact,uniform,0.0,1
1000,0.668926440883736,6.047119721303887,0.5047825420279198,2.5783357320391898,1000,687.7568181231449,2770.0098668718365,0.9736842105263157,uniform_exact,uniform,0.0,0
1000,0.6096939094021688,4.754850690421404,0.5255913838368519,3.346337478755557,1000,561.8565535974923,2770.0098668718365,0.9736842105263157,uniform_exact,uniform,0.0,0
1000,0.619980694353103,5.711189635441723,0.6077417980071074,3.5580166890983462,1000,609.0405737763899,2770.0098668718365,0.9736842105263157,uniform_exact,uniform,0.0,0
1000,1.0363964890753734,8.83629684462703,0.950143574314329,5.459234148125772,1000,1000,2770.0098668718365,0.9736842105263157,uniform_exact,uniform,0.0,0
1000,1.0808453099122093,9.327938871539764,0.6422130914250302,3.429493814536866,1000,1000,2770.0098668718365,0.9736842105263157,uniform_exact,uniform,0.0,0
1000,1.0555990939448983,9.079803243418585,0.9882311467049225,5.886599425105415,1000,1000,2770.0098668718365,0.9736842105263157,is,uniform,0.048988682464658324,0
1000,2.4223349633420703,19.324723385669508,2.5255843366303856,18.26564403235657,1000,1000,2770.0098668718365,0.9736842105263157,is,uniform,0.009975042076391114,1
1000,2.4594205603819232,19.349043540692758,0.4996211515995155,2.8039605697173835,1000,1000,2770.0098668718365,0.9736842105263157,uniform_exact,uniform,0.0,1
1000,2.441556227376376,19.145175988469532,0.6160072131863636,3.2898082426674033,1000,1000,2770.0098668718365,0.9736842105263157,uniform_exact,uniform,0.0,1
1000,0.6787566315775071,6.9795351614658365,0.4465826853799169,2.3645012677176545,1000,734.7301064462791,2770.0098668718365,0.9736842105263157,uniform_exact,uniform,0.0,0
1000,0.6273247767797993,5.416408240314115,0.5134503144617635,2.365359107645805,1000,608.3351215613185,2770.0098668718365,0.9736842105263157,uniform_exact,uniform,0.0,0
1000,0.6436184853347732,6.685255422490038,0.5887566840005474,2.481461588619812,1000,675.097401560128,2770.0098668718365,0.9736842105263157,uniform_exact,uniform,0.0,0
1000,1.322654341020879,7.809373922547658,1.3420907734334722,5.842235423739119,1000,1000,2770.0098668718365,0.9736842105263157,is,uniform,0.009947696829797341,0
1000,1.2985808873964355,8.313744404611858,1.5258649969339257,6.709596069517772,1000,1000,2770.0098668718365,0.9736842105263157,is,uniform,0.0007481475272419181,0
1000,1.208561744925839,7.712949719548932,1.2943058998460069,7.39256859255492,1000,1000,2770.0098668718365,0.9736842105263157,is,uniform,0.017192231642783704,0
1000,2.507398434602011,12.789785607408268,2.4944089378533363,13.081066411861945,1000,1000,2770.0098668718365,0.9736842105263157,is,uniform,0.022984453528502924,1
1000,2.520669114923294,12.78671987327333,2.3601421626430312,9.293787089805422,1000,1000,2770.0098668718365,0.9736842105263157,is,uniform,0.0006258156025377652,1
1000,2.49068495781207,12.596211278828237,2.6556338307751273,14.090343810348049,1000,1000,2770.0098668718365,0.9736842105263157,is,uniform,0.00417185100344228,1
1000,0.6524098435515786,7.086241475883487,0.6678687358834035,4.49107007193936,1000,701.3347232849229,2770.0098668718365,0.9736842105263157,uniform_exact,uniform,0.0,0
1000,0.581167313005821,6.085439413528287,0.41973520803931547,2.31694927093985,1000,572.85770424497,2770.0098668718365,0.9736842105263157,uniform_exact,uniform,0.0,0
1000,0.6984683097008569,7.200833170425255,0.7231945121207795,4.313628379214687,1000,771.3139441410074,2770.0098668718365,0.9736842105263157,uniform_exact,uniform,0.0,0
1000,1.3537758517722411,6.291632634044208,1.2814636664823016,6.500473570837816,1000,1000,2770.0098668718365,0.9736842105263157,is,uniform,0.02209660968850001,0
1000,1.367532997551312,6.235878482522877,1.1714981858558264,8.001686865766825,1000,1000,2770.0098668718365,0.9736842105263157,is,uniform,0.019085817494726584,0
1000,1.3274574831627268,6.042607423381932,1.3117289502004683,5.509340252609032,1000,1000,2770.0098668718365,0.9736842105263157,is,uniform,0.010001439845057643,0
1000,2.1745485439283283,8.206958182334139,2.434702810200611,9.573776241525218,1000,1000,2770.0098668718365,0.9736842105263157,is,uniform,0.006752271829381893,0
1000,2.2071501455785794,8.244504029581895,2.3262111413330184,16.86995062392426,1000,1000,2770.0098668718365,0.9736842105263157,is,uniform,0.005791342450598657,1
1000,2.2131805137021714,8.13937339152958,1.9273656081932293,5.881666660218663,1000,1000,2770.0098668718365,0.9736842105263157,is,uniform,0.00730202805325637,1
1000,0.596226390605092,7.59566327931635,0.48219903298877176,2.6241926381010043,1000,644.9903306438464,2770.0098668718365,0.9736842105263157,uniform_exact,uniform,0.0,0
1000,0.5707637716995058,4.76013034379612,0.49168654253978195,2.38214753584905,1000,513.3458044551178,2770.0098668718365,0.9736842105263157,uniform_exact,uniform,0.0,0
1000,0.6082008942884182,5.59710910895369,0.5235567597840305,3.213971314606554,1000,589.680079419608,2770.0098668718365,0.9736842105263157,uniform_exact,uniform,0.0,0
1000,1.2128763710131376,4.437108297044463,1.205170695789071,3.8011234397469558,1000,1000,2770.0098668718365,0.9736842105263157,is,uniform,0.0398567222971451,0
1000,1.222022170293529,4.453870144522961,1.353523909222891,4.878199111744336,1000,1000,2770.0098668718365,0.9736842105263157,is,uniform,0.013114787787349076,0
1000,1.2283430251331136,4.34226493758284,1.2170795561536167,4.406391488920984,1000,1000,2770.0098668718365,0.9736842105263157,is,uniform,0.006445019577422753,0
1000,1.6822322474532947,4.785774324099834,2.2663427216954615,8.185360620092716,1000,1000,2770.0098668718365,0.9736842105263157,is,uniform,0.0043034324462328565,0
1000,1.6828609678688584,4.797205593998007,1.656464954376042,4.330955060978051,1000,1000,2770.0098668718365,0.9736842105263157,is,uniform,0.004631461859954582,0
1000,1.6824444119691087,4.694431122747657,1.6286067179657862,4.210801042600404,1000,1000,2770.0098668718365,0.9736842105263157,is,uniform,0.004311122800866401,0
2000,0.6437859806065077,7.26494190000632,0.8246729744328403,4.257958737991185,2000,695.8016540771678,3047.961886276374,0.9736842105263157,uniform_exact,uniform,0.0,0
2000,0.6783226328241753,6.987718128416362,0.7404149781983632,4.4434631489062,2000,734.3950354052101,3047.961886276374,0.9736842105263157,uniform_exact,uniform,0.0,0
2000,0.7008485258315146,10.87323753149392,0.5392114215525153,2.66980499155427,2000,904.5604323951111,3047.961886276374,0.9736842105263157,uniform_exact,uniform,0.0,0
2000,0.6647636523552978,9.371015606248461,0.46487969379593225,2.3390497296452217,2000,799.2807397443189,3047.961886276374,0.9736842105263157,uniform_exact,uniform,0.0,0
2000,0.6503303945228937,7.618833107152736,0.8416317848139533,4.22063683642675,2000,717.2763773531361,3047.961886276374,0.9736842105263157,uniform_exact,uniform,0.0,0
2000,0.7116392058914187,10.837519913683188,1.0384691385891813,6.734831053597284,2000,919.4498867172433,3047.961886276374,0.9736842105263157,is,uniform,0.017777835753219194,0
2000,0.6984542271619008,9.191213698217632,0.572628016292015,2.751680471751392,2000,841.5975496551691,3047.961886276374,0.9736842105263157,uniform_exact,uniform,0.0,0
2000,0.6531760108020092,9.05950966881119,0.49311239311210453,2.7408199570138585,2000,772.0947091795654,3047.961886276374,0.9736842105263157,uniform_exact,uniform,0.0,0
2000,0.6722700999610615,5.917746054892996,0.4809092242264243,2.4162138960398516,2000,687.9391315719704,3047.961886276374,0.9736842105263157,uniform_exact,uniform,0.0,0
2000,0.7041455345419971,8.158001271669198,0.7535110924436771,3.764989529771483,2000,813.5611982931824,3047.961886276374,0.9736842105263157,uniform_exact,uniform,0.0,0
2000,0.6776575995706522,7.229319530734069,0.48843200103999973,2.488782852162435,2000,741.9733333176847,3047.961886276374,0.9736842105263157,uniform_exact,uniform,0.0,0
2000,0.6623640231431586,9.28680597708695,0.6886135169519345,4.013836145098143,2000,792.9316579825959,3047.961886276374,0.9736842105263157,uniform_exact,uniform,0.0,0
2000,0.9816612409123018,11.124163624423396,1.3675303330059088,7.3536514303651375,2000,1414.083017984169,3047.961886276374,0.9736842105263157,is,uniform,0.006071209536897156,0
2000,1.019893147231907,10.771710935140439,1.354564706455781,8.039921952302336,2000,1482.7225254275493,3047.961886276374,0.9736842105263157,is,uniform,0.018030242933294256,0
2000,1.0038984191058524,11.152323945467518,0.7877014532676129,4.354541617169159,2000,1461.8652799715167,3047.961886276374,0.9736842105263157,uniform_exact,uniform,0.0,0
2000,2.485939595674491,27.10730987984548,0.46144446236345843,2.213168044182096,2000,2000,3047.961886276374,0.9736842105263157,uniform_exact,uniform,0.0,1
2000,2.4574092914423638,26.830979453268434,2.7595472529407763,19.936642676588193,2000,2000,3047.961886276374,0.9736842105263157,is,uniform,0.0017063265255732342,1
2000,2.4875934157876274,27.001639859771334,0.41181486135661555,2.395752981894816,2000,2000,3047.961886276374,0.9736842105263157,uniform,uniform,0.018982479530252595,1
2000,0.6522247884106012,6.7974888408872705,0.48194045188512147,2.4232925102778458,2000,690.8795354216088,3047.961886276374,0.9736842105263157,uniform_exact,uniform,0.0,0
2000,0.708592555862065,7.3196862152942685,0.7157152910539221,4.245914451780816,2000,790.6074475854836,3047.961886276374,0.9736842105263157,uniform_exact,uniform,0.0,0
2000,0.6266465193598646,6.766098028970186,0.4712588860464595,2.7848363873878292,2000,655.107760504205,3047.961886276374,0.9736842105263157,uniform_exact,uniform,0.0,0
2000,1.187664640127493,10.482197021947206,0.5803542071385765,2.3989105278092384,2000,1864.9588252464846,3047.961886276374,0.9736842105263157,uniform_exact,uniform,0.0,0
2000,1.169122399391696,10.541280528053289,0.6478340625322319,3.8787241748218673,2000,1820.7383665351958,3047.961886276374,0.9736842105263157,uniform_exact,uniform,0.0,0
2000,1.2297958209577402,10.40504305776103,1.175129274163433,7.820516529397574,2000,1970.1608002574487,3047.961886276374,0.9736842105263157,is,uniform,0.01510239222402615,0
2000,2.869439534666998,22.1660269939405,2.5971805395846115,11.431777592127352,2000,2000,3047.961886276374,0.9736842105263157,is,uniform,0.020465591605699666,1
2000,2.804968516663726,22.06499967036417,2.6657336219676497,11.585077843977617,2000,2000,3047.961886276374,0.9736842105263157,is,uniform,0.009312214961817921,1
2000,2.735942484849644,21.257719756855096,1.1136366658044368,7.716764072004198,2000,2000,3047.961886276374,0.9736842105263157,is,uniform,0.010524939448942726,1
2000,0.65141260441657,7.2644391200920655,0.5572045203140906,2.930031570285618,2000,706.2512425280808,3047.961886276374,0.9736842105263157,uniform_exact,uniform,0.0,0
2000,0.6410291195607866,6.374989174742897,0.6480497637391428,3.520794063627021,2000,660.6132527733449,3047.961886276374,0.9736842105263157,uniform_exact,uniform,0.0,0
2000,0.6227487686611384,6.430958934057433,0.5492302452481946,2.807132290083614,2000,638.1095561822503,3047.961886276374,0.9736842105263157,uniform_exact,uniform,0.0,0
2000,1.358269331673104,8.966713358539577,0.6725977597987973,3.894635129602458,2000,2000,3047.961886276374,0.9736842105263157,uniform_exact,uniform,0.0,0
2000,1.3763076923974027,8.285852764690443,1.2146451391973538,7.499050075858774,2000,2000,3047.961886276374,0.9736842105263157,is,uniform,0.014260706767088455,0
2000,1.4611702597146317,9.106720084066147,1.111209784162178,6.3738955929014285,2000,2000,3047.961886276374,0.9736842105263157,is,uniform,0.014637080683672213,0
2000,2.7142794007709448,13.745211635687745,2.7108227511895766,12.029003227163777,2000,2000,3047.961886276374,0.9736842105263157,is,uniform,0.003788861634959965,1
2000,2.726308523162901,13.889554001701725,2.4210569128264314,9.348637296839312,2000,2000,3047.961886276374,0.9736842105263157,is,uniform,0.011270366928949043,1
2000,2.7326270401993864,13.72668609604081,0.703536794620041,4.021544429770566,2000,2000,3047.961886276374,0.9736842105263157,uniform_exact,uniform,0.0,1
2000,0.5866904178552818,6.882127609815075,0.5472548008964866,3.1907142191231026,2000,607.833459026285,3047.961886276374,0.9736842105263157,uniform_exact,uniform,0.0,0
2000,0.6805166058317258,7.844182030189697,0.40708305895029184,1.993982318178908,2000,767.8062812379214,3047.961886276374,0.9736842105263157,uniform,uniform,0.0003008126435903052,0
2000,0.6075248895724128,8.488601778181627,0.49589793834423457,2.321619498969896,2000,690.9428482752027,3047.961886276374,0.9736842105263157,uniform_exact,uniform,0.0,0
2000,1.4612428196080953,6.753627793666996,1.3879798823774812,6.282424645177989,2000,2000,3047.961886276374,0.9736842105263157,is,uniform,0.0013567694135526841,0
2000,1.4764441467779024,6.956174126191189,1.385051702273442,4.661845145147001,2000,2000,3047.961886276374,0.9736842105263157,is,uniform,0.030979975857527077,0
2000,1.4190922443740461,6.741387981806074,1.391958746956857,6.4101217052035935,2000,2000,3047.961886276374,0.9736842105263157,is,uniform,0.010885689816325707,0
2000,2.301445779003562,8.777361115865295,2.9350098536397393,15.387821172948437,2000,2000,3047.961886276374,0.9736842105263157,is,uniform,0.005175586353064152,0
2000,2.3152827988189686,8.658788130102245,1.9625987382086114,5.872437964204037,2000,2000,3047.961886276374,0.9736842105263157,is,uniform,0.00357416875666368,1
2000,2.30933321640677,8.687845653682372,2.697774841360243,11.738973182347046,2000,2000,3047.961886276374,0.9736842105263157,is,uniform,0.001035958126985907,1
2000,0.5915941849529013,6.747218403782818,0.6222451324899118,3.588922670444232,2000,609.1909512319154,3047.961886276374,0.9736842105263157,uniform_exact,uniform,0.0,0
2000,0.5845956482433441,7.133862103294786,0.4409291549580757,1.9132458868431772,2000,614.1252907176902,3047.961886276374,0.9736842105263157,uniform,uniform,6.876665593059334e-05,0
2000,0.6364016724628121,6.162099158324124,0.6092865481828508,3.38075631374373,2000,646.8295982407201,3047.961886276374,0.9736842105263157,uniform_exact,uniform,0.0,0
2000,1.2983740571519216,4.789065542177101,1.452539763899929,5.412278835726854,2000,1955.5143230204017,3047.961886276374,0.9736842105263157,is,uniform,0.007825445019961361,0
2000,1.3147579288921611,4.448881049791875,1.361438780219238,7.217249757825737,2000,1988.865891661483,3047.961886276374,0.9736842105263157,is,uniform,0.0003317578531490349,0
2000,1.3083480127020897,4.637299734571176,1.3970686111821382,5.049343120693841,2000,1977.704173984409,3047.961886276374,0.9736842105263157,is,uniform,0.02705423670890811,0
2000,1.7372109637686688,4.909762302581473,1.7653792367882917,4.6723397562951945,2000,2000,3047.961886276374,0.9736842105263157,is,uniform,0.004883926769253393,0
2000,1.7421178180833923,4.869082529210165,1.8341455967595293,5.171014064276186,2000,2000,3047.961886276374,0.9736842105263157,is,uniform,0.004278753729324219,0
2000,1.7399890427199698,4.970317505328127,1.5871020898353039,4.099634140447373,2000,2000,3047.961886276374,0.9736842105263157,is,uniform,0.008743019423729001,0
5000,0.7224807944290408,9.893139619301449,0.7421523817009201,5.346696789350521,5000,902.5681715523135,3415.3944697579104,0.9736842105263157,uniform_exact,uniform,0.0,0
5000,0.6783674416504732,9.248645932905605,0.8446479550122106,5.524683158884585,4601.823858914082,814.3202078120423,3415.3944697579104,0.9736842105263157,uniform_exact,uniform,0.0,0
5000,0.6974014263102107,8.500077009248255,0.507336053733283,2.6753103966654126,4863.687494195162,815.627902553106,3415.3944697579104,0.9736842105263157,uniform,uniform,0.01445481863590194,0
5000,0.6966704990056833,11.78855723114979,0.7227685904972039,3.7648827446904796,4853.497841848277,930.7042214416718,3415.3944697579104,0.9736842105263157,uniform_exact,uniform,0.0,0
5000,0.7020645774986704,10.493395057863204,0.606310888314865,3.27193803925682,4928.946709783864,892.9513941522594,3415.3944697579104,0.9736842105263157,uniform,uniform,0.0037997110434676066,0
5000,0.6964872202949357,12.14043386833435,1.0008771559824086,5.473079299173447,4850.944480341662,942.8626783672503,3415.3944697579104,0.9736842105263157,is,uniform,0.010997468164842638,0
5000,0.6923142098960464,10.791047985600459,0.7839283163724593,4.522436621388866,4792.989652239869,889.0582525453514,3415.3944697579104,0.9736842105263157,uniform_exact,uniform,0.0,0
5000,0.6749404683005831,10.377327086148796,0.6611034962911142,3.831887266403045,4555.446357498104,849.2731597588138,3415.3944697579104,0.9736842105263157,uniform,uniform,0.0019410942326350412,0
5000,0.7043250568842707,9.485986571983513,0.3995311645094444,1.9759606738813773,4960.737857550311,860.736386785567,3415.3944697579104,0.9736842105263157,uniform,uniform,0.0007907077735436974,0
5000,0.7278048746693839,12.570758348270179,0.7486639271060397,4.364718899142925,5000,1005.3294553439663,3415.3944697579104,0.9736842105263157,uniform_exact,uniform,0.0,0
5000,0.6959390046794844,8.19052749199074,0.5333286344369348,2.757348996397007,4843.310982342714,802.5347341334756,3415.3944697579104,0.9736842105263157,uniform,uniform,0.008613804526228334,0
5000,0.7275752487361427,11.991683623295147,0.5229677752506264,2.4737047787593913,5000,984.5211787295407,3415.3944697579104,0.9736842105263157,uniform,uniform,0.008363999176106446,0
5000,1.1514945012448503,13.921170970329356,1.1399589219357342,8.239850486437115,5000,1896.7749602854858,3415.3944697579104,0.9736842105263157,is,uniform,0.01587803753790802,0
5000,1.1000620070210954,13.282787825099584,1.3958751396137743,10.145894402650713,5000,1751.5135306439688,3415.3944697579104,0.9736842105263157,is,uniform,0.008322313066479656,0
5000,1.169644960173019,14.047324928197764,1.1173520886635633,8.042034509590493,5000,1945.8743384555728,3415.3944697579104,0.9736842105263157,is,uniform,0.0004282428714017057,0
5000,3.012040993380712,33.184170841399485,0.5512055363104591,3.05446607835378,5000,5000,3415.3944697579104,0.9736842105263157,uniform,is,0.03308621080524637,1
5000,3.05512119238724,33.62125804296652,0.6443494852174105,3.0390899367248743,5000,5000,3415.3944697579104,0.9736842105263157,uniform,is,0.013638957410325383,1
5000,3.0106207049135034,32.90968384374054,3.076742731314395,16.63731737900825,5000,5000,3415.3944697579104,0.9736842105263157,is,is,0.0075908786287098235,1
5000,0.6966747062003946,7.519776239119451,0.47543518756124226,2.2596149880102976,4853.5564625940615,779.9280568408838,3415.3944697579104,0.9736842105263157,uniform,uniform,0.009286237439851948,0
5000,0.7118330565326979,11.001515450812754,0.4520208983304915,2.698874329436576,5000,925.5349606766966,3415.3944697579104,0.9736842105263157,uniform,uniform,0.005685353929330846,0
5000,0.65806351816426,9.25657713996702,0.8296206166431873,4.525086200005354,4330.475939387233,785.8466069380014,3415.3944697579104,0.9736842105263157,uniform_exact,uniform,0.0,0
5000,1.324498034040619,12.321985384365552,1.420986155872819,9.460287591562427,5000,2294.2009719524963,3415.3944697579104,0.9736842105263157,is,uniform,0.020181964183791958,0
5000,1.3258723349377788,12.187571001132723,1.7518183454171476,9.441009520447926,5000,2293.3128965373376,3415.3944697579104,0.9736842105263157,is,uniform,0.007073923338507179,0
5000,1.3582145587406718,12.411829353085658,1.6098329132604077,8.440579648900238,5000,2393.222861712485,3415.3944697579104,0.9736842105263157,is,uniform,0.017096073608218097,0
5000,3.273305510801266,25.581420388004364,3.080024607736424,22.13440099352384,5000,5000,3415.3944697579104,0.9736842105263157,is,is,0.015792543661374267,1
5000,3.270192893939796,25.42383972037984,3.1230074135377826,22.172902342801105,5000,5000,3415.3944697579104,0.9736842105263157,is,is,0.008314920011444267,1
5000,3.2584141459449203,25.386482551776233,0.5570308332689342,3.3307794220130464,5000,5000,3415.3944697579104,0.9736842105263157,uniform,is,0.04851709483152414,1
5000,0.6808824421638225,9.063293680601529,0.48088885971208883,2.624592314342267,4636.00900046971,811.3956486802743,3415.3944697579104,0.9736842105263157,uniform,uniform,0.016746073000236793,0
5000,0.6814735797847691,8.168079323694936,0.5524504769996358,2.584199022613375,4644.06239944668,780.6281727935872,3415.3944697579104,0.9736842105263157,uniform,uniform,0.0043322392172341585,0
5000,0.6730762768779296,7.51328610662532,0.4565329598136699,2.188561896440269,4530.316744958553,745.4462794393922,3415.3944697579104,0.9736842105263157,uniform,uniform,0.008661118579182767,0
5000,1.5610511723927194,9.482297366454727,1.5758063309932266,6.990350543505911,5000,2917.208338590139,3415.3944697579104,0.9736842105263157,is,uniform,0.03156568160448239,0
5000,1.5983515327881193,10.05179141412876,1.6225992259580106,8.351370338727532,5000,3062.202085772467,3415.3944697579104,0.9736842105263157,is,uniform,0.030684046071654984,0
5000,1.564054233622819,9.903368559014538,1.5575798618284007,9.852101312878242,5000,2942.026281598381,3415.3944697579104,0.9736842105263157,is,uniform,0.012456382781669825,0
5000,3.0064614329892705,15.45576789854595,3.169455879721515,16.498518287679143,5000,5000,3415.3944697579104,0.9736842105263157,is,is,0.019601488586335848,1
5000,2.975958669383625,15.516826552718598,3.3857795189774316,24.227680111169526,5000,5000,3415.3944697579104,0.9736842105263157,is,is,0.010785036654430756,1
5000,2.994754765488841,15.286751648815459,3.3220599809271,17.596346559246225,5000,5000,3415.3944697579104,0.9736842105263157,is,is,0.015931860369377063,1
5000,0.6452892873409604,7.975916618900835,0.5376743972872535,2.5179123279163003,4163.982643570044,722.9682813290447,3415.3944697579104,0.9736842105263157,uniform,uniform,0.004370976138303895,0
5000,0.6342794906340355,7.439749972949388,0.658835080717231,4.219525862739133,4023.1047223897153,689.1014222579303,3415.3944697579104,0.9736842105263157,uniform,uniform,0.00411718514771414,0
5000,0.6753511690743486,10.273263459798766,0.7374718544211176,4.030471911371158,4560.992015700892,846.1850654440004,3415.3944697579104,0.9736842105263157,uniform_exact,uniform,0.0,0
5000,1.5642034237759075,7.461215325213151,1.5403929223546515,5.401692550568674,5000,2856.258812823272,3415.3944697579104,0.9736842105263157,is,uniform,0.010505434096297594,0
5000,1.6069129255861263,7.627573339463385,1.775450307567282,6.940606237353128,5000,3005.6523591964697,3415.3944697579104,0.9736842105263157,is,uniform,0.0071251861854215595,0
5000,1.5835535573326203,7.463665704236842,1.512445846655436,6.036300609855165,5000,2920.888956784179,3415.3944697579104,0.9736842105263157,is,uniform,0.0012602754717652613,0
5000,2.4387528204411435,9.085143647908605,3.160544031154053,17.145123469282822,5000,5000,3415.3944697579104,0.9736842105263157,is,is,0.0017215714701710547,0
5000,2.44827057345472,9.074192457210252,1.703327712262773,4.39068223997979,5000,5000,3415.3944697579104,0.9736842105263157,is,is,0.008591104671496548,1
5000,2.4335609917695766,9.037567396165114,2.1181090910188756,6.55635582404496,5000,5000,3415.3944697579104,0.9736842105263157,is,is,0.007782588041206955,0
5000,0.6519470284472162,8.754530513444111,0.6811804820250537,3.769822392015416,4250.349279011552,759.6225283466741,3415.3944697579104,0.9736842105263157,uniform,uniform,2.4410302201437013e-05,0
5000,0.6299048125270215,10.880578863376364,0.6123038372189583,3.4952235813898267,3967.80072844702,804.7784164634724,3415.3944697579104,0.9736842105263157,uniform,uniform,0.003048005069583668,0
5000,0.6870579308218044,13.544762416249597,0.49736580598261537,2.936524224975774,4720.486003051393,978.6423256088318,3415.3944697579104,0.9736842105263157,uniform,uniform,0.007383307896165416,0
5000,1.3838458656873216,5.062593836717688,1.3249940475847959,4.0658188079090785,5000,2208.1082099118385,3415.3944697579104,0.9736842105263157,is,uniform,0.006690761813729864,0
5000,1.398083832516939,5.098880683600188,1.509956109167349,5.03229094148168,5000,2251.362172756544,3415.3944697579104,0.9736842105263157,is,uniform,0.0023627821507512647,0
5000,1.3909424378180453,5.143704401559593,1.4849416714039894,4.9799569245267366,5000,2231.8395544274426,3415.3944697579104,0.9736842105263157,is,uniform,0.02226096722736982,0
5000,1.7911999033758386,5.04722867967325,1.8034716870169307,4.764815957451378,5000,3578.1000040057165,3415.3944697579104,0.9736842105263157,is,is,0.06493662423972463,0
5000,1.7925498435757545,5.031734118828527,1.9215146915656909,5.385939434900628,5000,3582.67919398956,3415.3944697579104,0.9736842105263157,is,is,0.002645301578740092,0
5000,1.799646793110485,5.033057676968276,2.1492677634690285,6.745645860181626,5000,3609.740622118057,3415.3944697579104,0.9736842105263157,is,is,0.010201312632850292,0
1000,0.617599978331471,6.544485015745742,0.5483780897479814,2.5959025557982325,1000,635.3522133703194,2770.0098668718365,1.2105263157894737,uniform_exact,uniform,0.0,0
1000,0.7016203194983847,6.4257658382788225,0.6275903876647977,2.6116527328864954,1000,748.6133196376052,2770.0098668718365,1.2105263157894737,uniform_exact,uniform,0.0,0
1000,0.633503586176026,5.578210996800821,0.60270091589201,2.930906559782195,1000,622.3055587995697,2770.0098668718365,1.2105263157894737,uniform_exact,uniform,0.0,0
1000,0.6607087487078306,6.077985671873188,0.557145710713955,2.6791421374723297,1000,677.2686212166315,2770.0098668718365,1.2105263157894737,uniform_exact,uniform,0.0,0
1000,0.6504739835154975,5.5695015501111715,0.6165714075200626,3.2147859588059418,1000,645.0875760346555,2770.0098668718365,1.2105263157894737,uniform_exact,uniform,0.0,0
1000,0.6694892343956219,5.3838442549691585,0.6672464473818842,2.987950956289621,1000,665.1267185776958,2770.0098668718365,1.2105263157894737,uniform_exact,uniform,0.0,0
1000,0.6398166324088268,6.140337691272391,0.5908156651867645,2.721805915503158,1000,650.6791989769632,2770.0098668718365,1.2105263157894737,uniform_exact,uniform,0.0,0
1000,0.6645481406412764,5.726033896808133,0.6064122190377622,3.174685456676815,1000,670.2286990086395,2770.0098668718365,1.2105263157894737,uniform_exact,uniform,0.0,0
1000,0.6625855174916219,6.889022080403152,0.5633748894442849,3.0599028340011727,1000,708.5478357810049,2770.0098668718365,1.2105263157894737,uniform_exact,uniform,0.0,0
1000,0.6194948810036581,4.431036671722072,0.6155730154517948,3.528888742608645,1000,563.1847822127821,2770.0098668718365,1.2105263157894737,uniform_exact,uniform,0.0,0
1000,0.6419604984348997,5.780451621515172,0.6657875455339033,4.1524232614119585,1000,640.8791727435553,2770.0098668718365,1.2105263157894737,uniform_exact,uniform,0.0,0
1000,0.6478534945181104,7.295799872829969,0.5850077050549896,2.6729887569598887,1000,702.4588421607818,2770.0098668718365,1.2105263157894737,uniform_exact,uniform,0.0,0
1000,0.9275708025452007,9.067911114745035,1.1225111397756213,5.974835414939336,1000,1000,2770.0098668718365,1.2105263157894737,uniform_exact,uniform,0.0,0
1000,0.8826442516694574,9.20078801072338,0.5748363733625237,3.1355041351682162,1000,1000,2770.0098668718365,1.2105263157894737,uniform_exact,uniform,0.0,0
1000,0.8944373892679047,9.492564196854993,1.173034978432982,8.600273896827904,1000,1000,2770.0098668718365,1.2105263157894737,uniform_exact,uniform,0.0,0
1000,2.1600848596659037,23.591190740265375,0.6855033913617953,3.248046543411864,1000,1000,2770.0098668718365,1.2105263157894737,uniform_exact,uniform,0.0,0
1000,2.186629044024305,23.67565527185168,2.6292852529137885,19.095157683577227,1000,1000,2770.0098668718365,1.2105263157894737,is,uniform,0.0012012669486265654,0
1000,2.202788337834508,23.474969597415352,0.6111262132468236,2.542453941197359,1000,1000,2770.0098668718365,1.2105263157894737,uniform_exact,uniform,0.0,1
1000,0.668926440883736,6.047119721303887,0.6810487238799287,3.7286868486070106,1000,687.7568181231449,2770.0098668718365,1.2105263157894737,uniform_exact,uniform,0.0,0
1000,0.6096939094021688,4.754850690421404,0.5387597950260967,2.616723172540644,1000,561.8565535974923,2770.0098668718365,1.2105263157894737,uniform_exact,uniform,0.0,0
1000,0.619980694353103,5.711189635441723,0.6902969271044069,4.473861129144007,1000,609.0405737763899,2770.0098668718365,1.2105263157894737,uniform_exact,uniform,0.0,0
1000,1.0363964890753734,8.83629684462703,0.7476500051908691,3.962752015256141,1000,1000,2770.0098668718365,1.2105263157894737,uniform_exact,uniform,0.0,0
1000,1.0808453099122093,9.327938871539764,1.3837659669066722,7.659181239059588,1000,1000,2770.0098668718365,1.2105263157894737,is,uniform,0.011701437248052546,0
1000,1.0555990939448983,9.079803243418585,1.0570626932256517,7.251765715103981,1000,1000,2770.0098668718365,1.2105263157894737,uniform_exact,uniform,0.0,0
1000,2.4223349633420703,19.324723385669508,2.277376428393298,16.441515609656133,1000,1000,2770.0098668718365,1.2105263157894737,is,uniform,0.006138176726869093,1
1000,2.4594205603819232,19.349043540692758,2.508597556884272,18.152043163653502,1000,1000,2770.0098668718365,1.2105263157894737,is,uniform,0.01057767068759319,1
1000,2.441556227376376,19.145175988469532,2.290790983537895,12.447744122676754,1000,1000,2770.0098668718365,1.2105263157894737,is,uniform,0.0003928678878643706,1
1000,0.6787566315775071,6.9795351614658365,0.5593848463091401,2.5087897799858867,1000,734.7301064462791,2770.0098668718365,1.2105263157894737,uniform_exact,uniform,0.0,0
1000,0.6273247767797993,5.416408240314115,0.728465716181903,3.6448559742257602,1000,608.3351215613185,2770.0098668718365,1.2105263157894737,uniform_exact,uniform,0.0,0
1000,0.6436184853347732,6.685255422490038,0.5103126590389526,2.6023101771538846,1000,675.097401560128,2770.0098668718365,1.2105263157894737,uniform_exact,uniform,0.0,0
1000,1.322654341020879,7.809373922547658,1.239564266720211,8.750953728419445,1000,1000,2770.0098668718365,1.2105263157894737,is,uniform,0.010002268611422066,0
1000,1.2985808873964355,8.313744404611858,1.1841729453462242,7.104904986739314,1000,1000,2770.0098668718365,1.2105263157894737,uniform_exact,uniform,0.0,0
1000,1.208561744925839,7.712949719548932,1.2437204705380234,6.948296481837266,1000,1000,2770.0098668718365,1.2105263157894737,is,uniform,0.011884872067469117,0
1000,2.507398434602011,12.789785607408268,1.981584280953745,6.091377376277027,1000,1000,2770.0098668718365,1.2105263157894737,is,uniform,0.014983743692390835,1
1000,2.520669114923294,12.78671987327333,2.5514885003686247,13.367303552827241,1000,1000,2770.0098668718365,1.2105263157894737,is,uniform,0.00754889385732771,1
1000,2.49068495781207,12.596211278828237,2.388827939827331,9.375763002215379,1000,1000,2770.0098668718365,1.2105263157894737,is,uniform,0.021042860990353615,1
1000,0.6524098435515786,7.086241475883487,0.6134076503724459,3.404706839361904,1000,701.3347232849229,2770.0098668718365,1.2105263157894737,uniform_exact,uniform,0.0,0
1000,0.581167313005821,6.085439413528287,0.4477543570426993,2.495052970045447,1000,572.85770424497,2770.0098668718365,1.2105263157894737,uniform_exact,uniform,0.0,0
1000,0.6984683097008569,7.200833170425255,0.7265159012566176,4.152766317360418,1000,771.3139441410074,2770.0098668718365,1.2105263157894737,uniform_exact,uniform,0.0,0
1000,1.3537758517722411,6.291632634044208,1.392332794795357,8.194792864225988,1000,1000,2770.0098668718365,1.2105263157894737,is,uniform,0.057262229806164876,0
1000,1.367532997551312,6.235878482522877,1.0653212425949394,5.48792774750068,1000,1000,2770.0098668718365,1.2105263157894737,uniform_exact,uniform,0.0,0
1000,1.3274574831627268,6.042607423381932,1.397382664876045,4.921502526492926,1000,1000,2770.0098668718365,1.2105263157894737,is,uniform,0.0008431091168747089,0
1000,2.1745485439283283,8.206958182334139,2.271938959808152,8.227171633295658,1000,1000,2770.0098668718365,1.2105263157894737,is,uniform,0.0029296739630323694,0
1000,2.2071501455785794,8.244504029581895,1.8158492303782232,5.226930622403092,1000,1000,2770.0098668718365,1.2105263157894737,is,uniform,0.0042985824755657044,1
1000,2.2131805137021714,8.13937339152958,2.1693922835495068,7.106100335900823,1000,1000,2770.0098668718365,1.2105263157894737,is,uniform,0.0038178034091832375,1
1000,0.596226390605092,7.59566327931635,0.6866307110627479,4.771839350717152,1000,644.9903306438464,2770.0098668718365,1.2105263157894737,uniform_exact,uniform,0.0,0
1000,0.5707637716995058,4.76013034379612,0.5310136587996631,3.0595937609135904,1000,513.3458044551178,2770.0098668718365,1.2105263157894737,uniform_exact,uniform,0.0,0
1000,0.6082008942884182,5.59710910895369,0.48167615276168907,2.598431685690817,1000,589.680079419608,2770.0098668718365,1.2105263157894737,uniform_exact,uniform,0.0,0
1000,1.2128763710131376,4.437108297044463,1.0664153214894825,2.986205666927234,1000,1000,2770.0098668718365,1.2105263157894737,uniform_exact,uniform,0.0,0
1000,1.222022170293529,4.453870144522961,1.2290192711320571,3.901770168775385,1000,1000,2770.0098668718365,1.2105263157894737,is,uniform,0.024505600616319147,0
1000,1.2283430251331136,4.34226493758284,1.2804463891834201,3.970752618712866,1000,1000,2770.0098668718365,1.2105263157894737,is,uniform,0.032977603402872334,0
1000,1.6822322474532947,4.785774324099834,1.3307529917295458,3.108949918232778,1000,1000,2770.0098668718365,1.2105263157894737,is,uniform,0.01054077011097303,0
1000,1.6828609678688584,4.797205593998007,1.4473725178315615,3.569934815222011,1000,1000,2770.0098668718365,1.2105263157894737,is,uniform,0.004824589338030912,0
1000,1.6824444119691087,4.694431122747657,1.6905828383397086,4.589462954354011,1000,1000,2770.0098668718365,1.2105263157894737,is,uniform,0.00433175809044511,0
2000,0.6437859806065077,7.26494190000632,0.6088810957070883,3.421281957998462,2000,695.8016540771678,3047.961886276374,1.2105263157894737,uniform_exact,uniform,0.0,0
2000,0.6783226328241753,6.987718128416362,0.49536165778360103,2.36474233444304,2000,734.3950354052101,3047.961886276374,1.2105263157894737,uniform_exact,uniform,0.0,0
2000,0.7008485258315146,10.87323753149392,0.613063277959372,3.293286693846232,2000,904.5604323951111,3047.961886276374,1.2105263157894737,uniform_exact,uniform,0.0,0
2000,0.6647636523552978,9.371015606248461,0.5087322163977676,2.47805796787328,2000,799.2807397443189,3047.961886276374,1.2105263157894737,uniform_exact,uniform,0.0,0
2000,0.6503303945228937,7.618833107152736,0.5319726205354719,2.298865318576739,2000,717.2763773531361,3047.961886276374,1.2105263157894737,uniform_exact,uniform,0.0,0
2000,0.7116392058914187,10.837519913683188,0.5592106519510629,2.9636046635276134,2000,919.4498867172433,3047.961886276374,1.2105263157894737,uniform_exact,uniform,0.0,0
2000,0.6984542271619008,9.191213698217632,0.8390737620604903,5.722926614596487,2000,841.5975496551691,3047.961886276374,1.2105263157894737,uniform_exact,uniform,0.0,0
2000,0.6531760108020092,9.05950966881119,0.5681431768604511,3.3807196792047804,2000,772.0947091795654,3047.961886276374,1.2105263157894737,uniform_exact,uniform,0.0,0
2000,0.6722700999610615,5.917746054892996,0.7495947837330792,3.790538011404719,2000,687.9391315719704,3047.961886276374,1.2105263157894737,uniform_exact,uniform,0.0,0
2000,0.7041455345419971,8.158001271669198,0.5982541861874782,3.3456894650162257,2000,813.5611982931824,3047.961886276374,1.2105263157894737,uniform_exact,uniform,0.0,0
2000,0.6776575995706522,7.229319530734069,0.5603007866946572,2.390470224874732,2000,741.9733333176847,3047.961886276374,1.2105263157894737,uniform_exact,uniform,0.0,0
2000,0.6623640231431586,9.28680597708695,0.6317744419787131,3.0939482141031056,2000,792.9316579825959,3047.961886276374,1.2105263157894737,uniform_exact,uniform,0.0,0
2000,0.9816612409123018,11.124163624423396,1.1756414620182873,7.687960000534256,2000,1414.083017984169,3047.961886276374,1.2105263157894737,uniform_exact,uniform,0.0,0
2000,1.019893147231907,10.771710935140439,0.5337459155725522,3.3025507403438468,2000,1482.7225254275493,3047.961886276374,1.2105263157894737,uniform_exact,uniform,0.0,0
2000,1.0038984191058524,11.152323945467518,1.3574803821777015,6.514567851350407,2000,1461.8652799715167,3047.961886276374,1.2105263157894737,is,uniform,0.0073083867698110995,0
2000,2.485939595674491,27.10730987984548,0.6922391706798106,3.263136519461352,2000,2000,3047.961886276374,1.2105263157894737,uniform_exact,uniform,0.0,1
2000,2.4574092914423638,26.830979453268434,2.6914555940237035,19.278517683434057,2000,2000,3047.961886276374,1.2105263157894737,is,uniform,0.0023554313045168022,1
2000,2.4875934157876274,27.001639859771334,0.6359088076942686,3.970761762912767,2000,2000,3047.961886276374,1.2105263157894737,uniform_exact,uniform,0.0,1
2000,0.6522247884106012,6.7974888408872705,0.5505755050740488,3.5201217516451626,2000,690.8795354216088,3047.961886276374,1.2105263157894737,uniform_exact,uniform,0.0,0
2000,0.708592555862065,7.3196862152942685,0.9922662902115502,6.7703437157877895,2000,790.6074475854836,3047.961886276374,1.2105263157894737,uniform_exact,uniform,0.0,0
2000,0.6266465193598646,6.766098028970186,0.752873233923983,3.310746379016921,2000,655.107760504205,3047.961886276374,1.2105263157894737,uniform_exact,uniform,0.0,0
2000,1.187664640127493,10.482197021947206,1.527678168659612,8.944054122560313,2000,1864.9588252464846,3047.961886276374,1.2105263157894737,is,uniform,0.0057794184718368375,0
2000,1.169122399391696,10.541280528053289,0.9145570204064611,4.5350204572515125,2000,1820.7383665351958,3047.961886276374,1.2105263157894737,uniform_exact,uniform,0.0,0
2000,1.2297958209577402,10.40504305776103,0.5294685007912246,2.582776879280302,2000,1970.1608002574487,3047.961886276374,1.2105263157894737,uniform_exact,uniform,0.0,0
2000,2.869439534666998,22.1660269939405,0.4612698925010971,2.858132768726271,2000,2000,3047.961886276374,1.2105263157894737,uniform_exact,uniform,0.0,1
2000,2.804968516663726,22.06499967036417,0.7773580653602782,4.147741202363895,2000,2000,3047.961886276374,1.2105263157894737,uniform_exact,uniform,0.0,1
2000,2.735942484849644,21.257719756855096,2.752887324355533,19.97721163291714,2000,2000,3047.961886276374,1.2105263157894737,is,uniform,0.010929315571712069,1
2000,0.65141260441657,7.2644391200920655,0.5635666736474544,3.410906683045691,2000,706.2512425280808,3047.961886276374,1.2105263157894737,uniform_exact,uniform,0.0,0
2000,0.6410291195607866,6.374989174742897,0.501932963446459,2.9108925653950144,2000,660.6132527733449,3047.961886276374,1.2105263157894737,uniform_exact,uniform,0.0,0
2000,0.6227487686611384,6.430958934057433,0.434005200174826,2.2951701434908167,2000,638.1095561822503,3047.961886276374,1.2105263157894737,uniform,uniform,0.0004443049572329413,0
2000,1.358269331673104,8.966713358539577,1.35481492110944,6.607523751883334,2000,2000,3047.961886276374,1.2105263157894737,is,uniform,0.018584142994027365,0
2000,1.3763076923974027,8.285852764690443,1.4428590717596237,6.468029799030839,2000,2000,3047.961886276374,1.2105263157894737,is,uniform,0.00021489679558448974,0
2000,1.4611702597146317,9.106720084066147,1.5279108665047643,8.296549094614836,2000,2000,3047.961886276374,1.2105263157894737,is,uniform,0.02603294614576507,0
2000,2.7142794007709448,13.745211635687745,2.702556001379943,14.513805503083606,2000,2000,3047.961886276374,1.2105263157894737,is,uniform,0.005216522711364491,1
2000,2.726308523162901,13.889554001701725,2.7515271154604224,14.46008250796006,2000,2000,3047.961886276374,1.2105263157894737,is,uniform,0.022450446385729374,1
2000,2.7326270401993864,13.72668609604081,2.977635313376578,15.542986288650924,2000,2000,3047.961886276374,1.2105263157894737,is,uniform,0.008611759342169234,1
2000,0.5866904178552818,6.882127609815075,0.7780977032672415,4.3540042662413265,2000,607.833459026285,3047.961886276374,1.2105263157894737,uniform_exact,uniform,0.0,0
2000,0.6805166058317258,7.844182030189697,0.6519847855171583,3.5895405804656852,2000,767.8062812379214,3047.961886276374,1.2105263157894737,uniform_exact,uniform,0.0,0
2000,0.6075248895724128,8.488601778181627,0.8436204168402669,5.563018774274977,2000,690.9428482752027,3047.961886276374,1.2105263157894737,uniform_exact,uniform,0.0,0
2000,1.4612428196080953,6.753627793666996,1.4327050927810243,6.932961838415959,2000,2000,3047.961886276374,1.2105263157894737,is,uniform,0.007693565114047758,0
2000,1.4764441467779024,6.956174126191189,1.4833652541004625,5.917161138813944,2000,2000,3047.961886276374,1.2105263157894737,is,uniform,0.0024579738849571974,0
2000,1.4190922443740461,6.741387981806074,1.4251820932814954,5.769561075309708,2000,2000,3047.961886276374,1.2105263157894737,is,uniform,0.027931601329719485,0
2000,2.301445779003562,8.777361115865295,2.5553123124241757,11.85295498929349,2000,2000,3047.961886276374,1.2105263157894737,is,uniform,0.00320268647673134,0
2000,2.3152827988189686,8.658788130102245,2.3972618239679955,8.632525823054872,2000,2000,3047.961886276374,1.2105263157894737,is,uniform,0.011725418046046735,1
2000,2.30933321640677,8.687845653682372,2.519265170201236,11.164689419815701,2000,2000,3047.961886276374,1.2105263157894737,is,uniform,0.003475333760676569,1
2000,0.5915941849529013,6.747218403782818,0.5153857552139363,2.696102664502257,2000,609.1909512319154,3047.961886276374,1.2105263157894737,uniform_exact,uniform,0.0,0
2000,0.5845956482433441,7.133862103294786,0.5173156847169954,3.290328195544719,2000,614.1252907176902,3047.961886276374,1.2105263157894737,uniform_exact,uniform,0.0,0
2000,0.6364016724628121,6.162099158324124,0.5360156424939014,2.5140693133297147,2000,646.8295982407201,3047.961886276374,1.2105263157894737,uniform_exact,uniform,0.0,0
2000,1.2983740571519216,4.789065542177101,1.3392731171770875,4.451584940243585,2000,1955.5143230204017,3047.961886276374,1.2105263157894737,is,uniform,0.005031961767824831,0
2000,1.3147579288921611,4.448881049791875,1.2335058648407327,3.5826229460922576,2000,1988.865891661483,3047.961886276374,1.2105263157894737,is,uniform,0.005625172202835595,0
2000,1.3083480127020897,4.637299734571176,1.241792125816401,3.743740953320934,2000,1977.704173984409,3047.961886276374,1.2105263157894737,is,uniform,0.015969273288295085,0
2000,1.7372109637686688,4.909762302581473,1.7392778526479349,4.77104744131708,2000,2000,3047.961886276374,1.2105263157894737,is,uniform,0.004816975803551832,0
2000,1.7421178180833923,4.869082529210165,1.93681927676911,5.596633759076408,2000,2000,3047.961886276374,1.2105263157894737,is,uniform,0.007795743127992457,0
2000,1.7399890427199698,4.970317505328127,1.7344696778825652,4.748955541909066,2000,2000,3047.961886276374,1.2105263157894737,is,uniform,0.010546804183796932,0
5000,0.7224807944290408,9.893139619301449,0.6954798441439162,3.378031016149542,5000,902.5681715523135,3415.3944697579104,1.2105263157894737,uniform,uniform,0.003969346419579196,0
5000,0.6783674416504732,9.248645932905605,0.7235816941903771,4.97161408857299,4601.823858914082,814.3202078120423,3415.3944697579104,1.2105263157894737,uniform_exact,uniform,0.0,0
5000,0.6974014263102107,8.500077009248255,0.7167401087807753,4.204757335745246,4863.687494195162,815.627902553106,3415.3944697579104,1.2105263157894737,uniform_exact,uniform,0.0,0
5000,0.6966704990056833,11.78855723114979,0.5483197911021743,2.8092606631012726,4853.497841848277,930.7042214416718,3415.3944697579104,1.2105263157894737,uniform,uniform,0.010050489376835949,0
5000,0.7020645774986704,10.493395057863204,0.571139524506975,2.887874918652972,4928.946709783864,892.9513941522594,3415.3944697579104,1.2105263157894737,uniform,uniform,0.0036886317955405657,0
5000,0.6964872202949357,12.14043386833435,0.5651576575078411,3.568492870914349,4850.944480341662,942.8626783672503,3415.3944697579104,1.2105263157894737,uniform,uniform,0.0010890797709226187,0
5000,0.6923142098960464,10.791047985600459,0.7156154127084288,3.75151073455543,4792.989652239869,889.0582525453514,3415.3944697579104,1.2105263157894737,uniform_exact,uniform,0.0,0
5000,0.6749404683005831,10.377327086148796,0.5127675383442775,3.0337499486772947,4555.446357498104,849.2731597588138,3415.3944697579104,1.2105263157894737,uniform,uniform,0.004170791098432987,0
5000,0.7043250568842707,9.485986571983513,0.5209930140320383,2.316029840399719,4960.737857550311,860.736386785567,3415.3944697579104,1.2105263157894737,uniform,uniform,0.00962314124165834,0
5000,0.7278048746693839,12.570758348270179,0.7491906875207932,3.5175506968640153,5000,1005.3294553439663,3415.3944697579104,1.2105263157894737,uniform_exact,uniform,0.0,0
5000,0.6959390046794844,8.19052749199074,0.6396511781380464,4.314451175297797,4843.310982342714,802.5347341334756,3415.3944697579104,1.2105263157894737,uniform,uniform,0.012141042587535919,0
5000,0.7275752487361427,11.991683623295147,0.49472377431369785,2.5523945627506426,5000,984.5211787295407,3415.3944697579104,1.2105263157894737,uniform,uniform,0.018227666082292666,0
5000,1.1514945012448503,13.921170970329356,1.512416151324157,8.329220987732796,5000,1896.7749602854858,3415.3944697579104,1.2105263157894737,is,uniform,0.004574626883825312,0
5000,1.1000620070210954,13.282787825099584,0.6053144726220884,3.9038762105080385,5000,1751.5135306439688,3415.3944697579104,1.2105263157894737,uniform,uniform,0.0019642026568440735,0
5000,1.169644960173019,14.047324928197764,0.47729960328931037,2.5977501391728235,5000,1945.8743384555728,3415.3944697579104,1.2105263157894737,uniform,uniform,0.002418839325755502,0
5000,3.012040993380712,33.184170841399485,3.459143729941369,24.884882883962383,5000,5000,3415.3944697579104,1.2105263157894737,is,is,0.010243486284487867,1
5000,3.05512119238724,33.62125804296652,3.4250098468101373,24.647482564945562,5000,5000,3415.3944697579104,1.2105263157894737,is,is,0.027719037306796278,1
5000,3.0106207049135034,32.90968384374054,3.22041697009385,23.24246657559736,5000,5000,3415.3944697579104,1.2105263157894737,is,is,0.0036164229667704547,1
5000,0.6966747062003946,7.519776239119451,0.630248472558437,3.487266596456677,4853.5564625940615,779.9280568408838,3415.3944697579104,1.2105263157894737,uniform,uniform,0.014124282177243597,0
5000,0.7118330565326979,11.001515450812754,0.5813145578009826,2.8358151106897997,5000,925.5349606766966,3415.3944697579104,1.2105263157894737,uniform,uniform,0.0037515936786326376,0
5000,0.65806351816426,9.25657713996702,0.608014369173275,3.0245674886317233,4330.475939387233,785.8466069380014,3415.3944697579104,1.2105263157894737,uniform,uniform,0.0031295497846438773,0
5000,1.324498034040619,12.321985384365552,0.5442191783771873,3.550715731345828,5000,2294.2009719524963,3415.3944697579104,1.2105263157894737,uniform,uniform,0.011809040019395542,0
5000,1.3258723349377788,12.187571001132723,0.4563111549478898,2.4588338278538475,5000,2293.3128965373376,3415.3944697579104,1.2105263157894737,uniform,uniform,0.002045933257149775,0
5000,1.3582145587406718,12.411829353085658,0.545504428565492,2.647627014835155,5000,2393.222861712485,3415.3944697579104,1.2105263157894737,uniform,uniform,0.012216045178589232,0
5000,3.273305510801266,25.581420388004364,0.7113808479039052,3.8340736294308853,5000,5000,3415.3944697579104,1.2105263157894737,uniform_exact,is,0.0,1
5000,3.270192893939796,25.42383972037984,3.2054762543046245,16.553113782766392,5000,5000,3415.3944697579104,1.2105263157894737,is,is,0.015426680436472502,1
5000,3.2584141459449203,25.386482551776233,3.1483199196380034,22.697139306499643,5000,5000,3415.3944697579104,1.2105263157894737,is,is,0.003776182138773701,1
5000,0.6808824421638225,9.063293680601529,0.5749315799666584,3.0175798171747275,4636.00900046971,811.3956486802743,3415.3944697579104,1.2105263157894737,uniform,uniform,0.011856635578023234,0
5000,0.6814735797847691,8.168079323694936,0.7458913521112286,4.30112830847409,4644.06239944668,780.6281727935872,3415.3944697579104,1.2105263157894737,uniform_exact,uniform,0.0,0
5000,0.6730762768779296,7.51328610662532,0.6242126789217396,3.6471520002137834,4530.316744958553,745.4462794393922,3415.3944697579104,1.2105263157894737,uniform,uniform,0.0026412149423034733,0
5000,1.5610511723927194,9.482297366454727,0.7106535094766654,4.536943304387138,5000,2917.208338590139,3415.3944697579104,1.2105263157894737,uniform_exact,uniform,0.0,0
5000,1.5983515327881193,10.05179141412876,0.4220022658072899,2.217596340592037,5000,3062.202085772467,3415.3944697579104,1.2105263157894737,uniform,uniform,0.05608347812900073,0
5000,1.564054233622819,9.903368559014538,1.603722769829166,8.788462993184197,5000,2942.026281598381,3415.3944697579104,1.2105263157894737,is,uniform,0.0021952062474706853,0
5000,3.0064614329892705,15.45576789854595,3.104140392022608,22.17596734376488,5000,5000,3415.3944697579104,1.2105263157894737,is,is,0.017168523375885418,1
5000,2.975958669383625,15.516826552718598,2.439391289624175,8.968005445391643,5000,5000,3415.3944697579104,1.2105263157894737,is,is,0.014234345454422903,1
5000,2.994754765488841,15.286751648815459,3.286636865663031,23.663882386655928,5000,5000,3415.3944697579104,1.2105263157894737,is,is,0.012962910833279594,1
5000,0.6452892873409604,7.975916618900835,0.7118979143251396,3.941267276495679,4163.982643570044,722.9682813290447,3415.3944697579104,1.2105263157894737,uniform_exact,uniform,0.0,0
5000,0.6342794906340355,7.439749972949388,0.4600462827841639,1.9666081756764078,4023.1047223897153,689.1014222579303,3415.3944697579104,1.2105263157894737,uniform,uniform,0.0058193837549606,0
5000,0.6753511690743486,10.273263459798766,0.4970297349356692,2.428605415350811,4560.992015700892,846.1850654440004,3415.3944697579104,1.2105263157894737,uniform,uniform,0.008386966011243367,0
5000,1.5642034237759075,7.461215325213151,1.6828008439317776,6.850066340769208,5000,2856.258812823272,3415.3944697579104,1.2105263157894737,is,uniform,0.0036731051453937364,0
5000,1.6069129255861263,7.627573339463385,1.5764023993940866,5.706445134516436,5000,3005.6523591964697,3415.3944697579104,1.2105263157894737,is,uniform,0.016124342997009346,0
5000,1.5835535573326203,7.463665704236842,1.456603649659573,5.239358043543218,5000,2920.888956784179,3415.3944697579104,1.2105263157894737,is,uniform,0.0007016161620504763,0
5000,2.4387528204411435,9.085143647908605,2.357183579287507,7.639290205099501,5000,5000,3415.3944697579104,1.2105263157894737,is,is,0.008173357805636942,0
5000,2.44827057345472,9.074192457210252,2.0510095603616505,6.096572790054695,5000,5000,3415.3944697579104,1.2105263157894737,is,is,0.015417230686167375,1
5000,2.4335609917695766,9.037567396165114,2.0954197968339314,6.53933363180288,5000,5000,3415.3944697579104,1.2105263157894737,is,is,0.008697287216276047,0
5000,0.6519470284472162,8.754530513444111,0.5833546116880491,3.5840367164035505,4250.349279011552,759.6225283466741,3415.3944697579104,1.2105263157894737,uniform,uniform,0.0011041313047625936,0
5000,0.6299048125270215,10.880578863376364,0.6429131758542719,2.971654295886668,3967.80072844702,804.7784164634724,3415.3944697579104,1.2105263157894737,uniform,uniform,0.0003962765272042684,0
5000,0.6870579308218044,13.544762416249597,0.4995553811239728,2.3703746224445674,4720.486003051393,978.6423256088318,3415.3944697579104,1.2105263157894737,uniform,uniform,0.008996442258479911,0
5000,1.3838458656873216,5.062593836717688,1.2556949424334247,3.59717518041603,5000,2208.1082099118385,3415.3944697579104,1.2105263157894737,is,uniform,0.014174356530368686,0
5000,1.398083832516939,5.098880683600188,1.7328196862089356,6.332917933851652,5000,2251.362172756544,3415.3944697579104,1.2105263157894737,is,uniform,0.005247496573563471,0
5000,1.3909424378180453,5.143704401559593,1.1923407658463707,3.4973634864465155,5000,2231.8395544274426,3415.3944697579104,1.2105263157894737,uniform_exact,uniform,0.0,0
5000,1.7911999033758386,5.04722867967325,1.8111114491868603,4.824781409090048,5000,3578.1000040057165,3415.3944697579104,1.2105263157894737,is,is,0.00043872400857737637,0
5000,1.7925498435757545,5.031734118828527,1.893231985230236,5.285108541437267,5000,3582.67919398956,3415.3944697579104,1.2105263157894737,is,is,0.002347764589329212,0
5000,1.799646793110485,5.033057676968276,2.1885581470379636,6.751921742507348,5000,3609.740622118057,3415.3944697579104,1.2105263157894737,is,is,0.0042182619521672834,0
1000,0.617599978331471,6.544485015745742,0.7310447419032572,4.202229266160122,1000,635.3522133703194,2770.0098668718365,1.4473684210526314,uniform_exact,uniform,0.0,0
1000,0.7016203194983847,6.4257658382788225,0.6566033426516006,4.004153044388986,1000,748.6133196376052,2770.0098668718365,1.4473684210526314,uniform_exact,uniform,0.0,0
1000,0.633503586176026,5.578210996800821,0.6694637907555282,3.1839513100375028,1000,622.3055587995697,2770.0098668718365,1.4473684210526314,uniform_exact,uniform,0.0,0
1000,0.6607087487078306,6.077985671873188,0.5721680222753818,2.7967957984392333,1000,677.2686212166315,2770.0098668718365,1.4473684210526314,uniform_exact,uniform,0.0,0
1000,0.6504739835154975,5.5695015501111715,0.5316669096528691,2.8648032190366695,1000,645.0875760346555,2770.0098668718365,1.4473684210526314,uniform_exact,uniform,0.0,0
1000,0.6694892343956219,5.3838442549691585,0.4917009513827573,2.3348117075899637,1000,665.1267185776958,2770.0098668718365,1.4473684210526314,uniform_exact,uniform,0.0,0
1000,0.6398166324088268,6.140337691272391,0.5182270949701485,2.500317308044803,1000,650.6791989769632,2770.0098668718365,1.4473684210526314,uniform_exact,uniform,0.0,0
1000,0.6645481406412764,5.726033896808133,0.7633706244810127,4.198427071723065,1000,670.2286990086395,2770.0098668718365,1.4473684210526314,uniform_exact,uniform,0.0,0
1000,0.6625855174916219,6.889022080403152,0.8170268801523312,4.298391919394292,1000,708.5478357810049,2770.0098668718365,1.4473684210526314,uniform_exact,uniform,0.0,0
1000,0.6194948810036581,4.431036671722072,0.7036240516363222,4.000684930711993,1000,563.1847822127821,2770.0098668718365,1.4473684210526314,uniform_exact,uniform,0.0,0
1000,0.6419604984348997,5.780451621515172,0.7067157302754916,4.434881002602424,1000,640.8791727435553,2770.0098668718365,1.4473684210526314,uniform_exact,uniform,0.0,0
1000,0.6478534945181104,7.295799872829969,0.7733764775309673,4.715533230610673,1000,702.4588421607818,2770.0098668718365,1.4473684210526314,uniform_exact,uniform,0.0,0
1000,0.9275708025452007,9.067911114745035,1.0427450631216109,7.476521415644893,1000,1000,2770.0098668718365,1.4473684210526314,uniform_exact,uniform,0.0,0
1000,0.8826442516694574,9.20078801072338,0.46827076282270275,2.288387977037845,1000,1000,2770.0098668718365,1.4473684210526314,uniform_exact,uniform,0.0,0
1000,0.8944373892679047,9.492564196854993,0.4398143943020641,2.6460611840642563,1000,1000,2770.0098668718365,1.4473684210526314,uniform_exact,uniform,0.0,0
1000,2.1600848596659037,23.591190740265375,2.42199813275532,17.49676161057548,1000,1000,2770.0098668718365,1.4473684210526314,is,uniform,0.006524501823719864,0
1000,2.186629044024305,23.67565527185168,2.293897563145172,16.38172379584301,1000,1000,2770.0098668718365,1.4473684210526314,is,uniform,0.006968877111747513,0
1000,2.202788337834508,23.474969597415352,2.581147591607798,13.726201790541387,1000,1000,2770.0098668718365,1.4473684210526314,is,uniform,0.012454850187272132,1
1000,0.668926440883736,6.047119721303887,0.6589931897652894,4.142858137174196,1000,687.7568181231449,2770.0098668718365,1.4473684210526314,uniform_exact,uniform,0.0,0
1000,0.6096939094021688,4.754850690421404,0.5393105305126983,2.4832941632556125,1000,561.8565535974923,2770.0098668718365,1.4473684210526314,uniform_exact,uniform,0.0,0
1000,0.619980694353103,5.711189635441723,0.6223606813168218,3.8431620865761933,1000,609.0405737763899,2770.0098668718365,1.4473684210526314,uniform_exact,uniform,0.0,0
1000,1.0363964890753734,8.83629684462703,0.5461232914970556,2.5827762814252617,1000,1000,2770.0098668718365,1.4473684210526314,uniform_exact,uniform,0.0,0
1000,1.0808453099122093,9.327938871539764,1.330124927734342,6.041561232852357,1000,1000,2770.0098668718365,1.4473684210526314,uniform_exact,uniform,0.0,0
1000,1.0555990939448983,9.079803243418585,1.0360061566426557,7.051482877694121,1000,1000,2770.0098668718365,1.4473684210526314,uniform_exact,uniform,0.0,0
1000,2.4223349633420703,19.324723385669508,2.401499769858435,12.674780760694512,1000,1000,2770.0098668718365,1.4473684210526314,is,uniform,0.013116897576029933,1
1000,2.4594205603819232,19.349043540692758,2.67394576684178,11.839988515280647,1000,1000,2770.0098668718365,1.4473684210526314,is,uniform,0.02950198248615616,1
1000,2.441556227376376,19.145175988469532,2.5294451517900254,18.33642093412402,1000,1000,2770.0098668718365,1.4473684210526314,is,uniform,0.012718560940335888,1
1000,0.6787566315775071,6.9795351614658365,0.7021115998872752,3.858419820338459,1000,734.7301064462791,2770.0098668718365,1.4473684210526314,uniform_exact,uniform,0.0,0
1000,0.6273247767797993,5.416408240314115,0.5884177757471316,3.707619724270423,1000,608.3351215613185,2770.0098668718365,1.4473684210526314,uniform_exact,uniform,0.0,0
1000,0.6436184853347732,6.685255422490038,0.5959134936749041,3.475520611751913,1000,675.097401560128,2770.0098668718365,1.4473684210526314,uniform_exact,uniform,0.0,0
1000,1.322654341020879,7.809373922547658,1.135603345766854,7.818357860205202,1000,1000,2770.0098668718365,1.4473684210526314,uniform_exact,uniform,0.0,0
1000,1.2985808873964355,8.313744404611858,1.4192375820212335,5.4559399160179884,1000,1000,2770.0098668718365,1.4473684210526314,uniform_exact,uniform,0.0,0
1000,1.208561744925839,7.712949719548932,1.3904349892289383,5.517862024357386,1000,1000,2770.0098668718365,1.4473684210526314,uniform_exact,uniform,0.0,0
1000,2.507398434602011,12.789785607408268,2.635151871073746,13.968106065492606,1000,1000,2770.0098668718365,1.4473684210526314,is,uniform,0.011729735711487672,1
1000,2.520669114923294,12.78671987327333,2.4401682315854525,9.918872477437304,1000,1000,2770.0098668718365,1.4473684210526314,is,uniform,0.013464216436850774,1
1000,2.49068495781207,12.596211278828237,2.8574508160444636,14.870644799407941,1000,1000,2770.0098668718365,1.4473684210526314,is,uniform,0.019073403578068814,1
1000,0.6524098435515786,7.086241475883487,0.5679156006894105,2.770145976750949,1000,701.3347232849229,2770.0098668718365,1.4473684210526314,uniform_exact,uniform,0.0,0
1000,0.581167313005821,6.085439413528287,0.5023706137654371,2.647213194848866,1000,572.85770424497,2770.0098668718365,1.4473684210526314,uniform_exact,uniform,0.0,0
1000,0.6984683097008569,7.200833170425255,0.9226525954711428,6.030968878404564,1000,771.3139441410074,2770.0098668718365,1.4473684210526314,uniform_exact,uniform,0.0,0
1000,1.3537758517722411,6.291632634044208,1.1704492527828723,5.124641153832027,1000,1000,2770.0098668718365,1.4473684210526314,uniform_exact,uniform,0.0,0
1000,1.367532997551312,6.235878482522877,1.216380438475535,8.195376526034805,1000,1000,2770.0098668718365,1.4473684210526314,uniform_exact,uniform,0.0,0
1000,1.3274574831627268,6.042607423381932,1.3240133125245728,5.215386554341747,1000,1000,2770.0098668718365,1.4473684210526314,uniform_exact,uniform,0.0,0
1000,2.1745485439283283,8.206958182334139,2.3351090548346476,9.620236548536067,1000,1000,2770.0098668718365,1.4473684210526314,is,uniform,0.0010696065028177762,0
1000,2.2071501455785794,8.244504029581895,2.4895091702287946,10.874666029772914,1000,1000,2770.0098668718365,1.4473684210526314,is,uniform,0.009860523308189843,1
1000,2.2131805137021714,8.13937339152958,2.351944755495371,12.391374327661444,1000,1000,2770.0098668718365,1.4473684210526314,is,uniform,0.0035318809491907315,1
1000,0.596226390605092,7.59566327931635,0.43972788428958864,2.121095761607109,1000,644.9903306438464,2770.0098668718365,1.4473684210526314,uniform_exact,uniform,0.0,0
1000,0.5707637716995058,4.76013034379612,0.5196577772877305,2.9050054109600225,1000,513.3458044551178,2770.0098668718365,1.4473684210526314,uniform_exact,uniform,0.0,0
1000,0.6082008942884182,5.59710910895369,0.6522431835789441,3.2055089600998965,1000,589.680079419608,2770.0098668718365,1.4473684210526314,uniform_exact,uniform,0.0,0
1000,1.2128763710131376,4.437108297044463,1.2925770590847272,4.564630961952631,1000,1000,2770.0098668718365,1.4473684210526314,uniform_exact,uniform,0.0,0
1000,1.222022170293529,4.453870144522961,1.0523949213711936,3.4713936282678897,1000,1000,2770.0098668718365,1.4473684210526314,uniform_exact,uniform,0.0,0
1000,1.2283430251331136,4.34226493758284,1.2146488880235538,3.9748078406830136,1000,1000,2770.0098668718365,1.4473684210526314,uniform_exact,uniform,0.0,0
1000,1.6822322474532947,4.785774324099834,1.8520791344039484,5.711259126041975,1000,1000,2770.0098668718365,1.4473684210526314,is,uniform,0.008487606965303877,0
1000,1.6828609678688584,4.797205593998007,1.8391867351788793,5.251038931080129,1000,1000,2770.0098668718365,1.4473684210526314,is,uniform,0.01036021874038103,0
1000,1.6824444119691087,4.694431122747657,1.6754397374752885,4.526912282408212,1000,1000,2770.0098668718365,1.4473684210526314,is,uniform,0.015319519749882556,0
2000,0.6437859806065077,7.26494190000632,0.5237593060589076,2.1695537368426128,2000,695.8016540771678,3047.961886276374,1.4473684210526314,uniform_exact,uniform,0.0,0
2000,0.6783226328241753,6.987718128416362,0.6165277400006262,3.159694471708594,2000,734.3950354052101,3047.961886276374,1.4473684210526314,uniform_exact,uniform,0.0,0
2000,0.7008485258315146,10.87323753149392,0.6105065133982983,3.4833501574164387,2000,904.5604323951111,3047.961886276374,1.4473684210526314,uniform_exact,uniform,0.0,0
2000,0.6647636523552978,9.371015606248461,0.49670784809264656,2.3901204663062496,2000,799.2807397443189,3047.961886276374,1.4473684210526314,uniform_exact,uniform,0.0,0
2000,0.6503303945228937,7.618833107152736,0.75748487863494,4.601790940923482,2000,717.2763773531361,3047.961886276374,1.4473684210526314,uniform_exact,uniform,0.0,0
2000,0.7116392058914187,10.837519913683188,0.5707704254833564,3.136239437261106,2000,919.4498867172433,3047.961886276374,1.4473684210526314,uniform_exact,uniform,0.0,0
2000,0.6984542271619008,9.191213698217632,0.5514929298103382,3.5314910263918473,2000,841.5975496551691,3047.961886276374,1.4473684210526314,uniform_exact,uniform,0.0,0
2000,0.6531760108020092,9.05950966881119,0.5694181894782958,3.5142825541995273,2000,772.0947091795654,3047.961886276374,1.4473684210526314,uniform_exact,uniform,0.0,0
2000,0.6722700999610615,5.917746054892996,0.636850709691376,3.1324127627644667,2000,687.9391315719704,3047.961886276374,1.4473684210526314,uniform_exact,uniform,0.0,0
2000,0.7041455345419971,8.158001271669198,0.555980913024666,2.871635463478871,2000,813.5611982931824,3047.961886276374,1.4473684210526314,uniform_exact,uniform,0.0,0
2000,0.6776575995706522,7.229319530734069,0.5542759028347509,3.3763055729674902,2000,741.9733333176847,3047.961886276374,1.4473684210526314,uniform_exact,uniform,0.0,0
2000,0.6623640231431586,9.28680597708695,0.638966995019264,3.9673090946182015,2000,792.9316579825959,3047.961886276374,1.4473684210526314,uniform_exact,uniform,0.0,0
2000,0.9816612409123018,11.124163624423396,0.6778777132906464,3.619541123996997,2000,1414.083017984169,3047.961886276374,1.4473684210526314,uniform_exact,uniform,0.0,0
2000,1.019893147231907,10.771710935140439,0.42775208734897224,2.104838144717875,2000,1482.7225254275493,3047.961886276374,1.4473684210526314,uniform,uniform,0.0048729590470554226,0
2000,1.0038984191058524,11.152323945467518,0.9059964544873308,4.955229952564667,2000,1461.8652799715167,3047.961886276374,1.4473684210526314,uniform_exact,uniform,0.0,0
2000,2.485939595674491,27.10730987984548,0.552657737346139,3.5580578260776456,2000,2000,3047.961886276374,1.4473684210526314,uniform_exact,uniform,0.0,1
2000,2.4574092914423638,26.830979453268434,0.8273229133087514,4.631752846769852,2000,2000,3047.961886276374,1.4473684210526314,uniform_exact,uniform,0.0,1
2000,2.4875934157876274,27.001639859771334,0.5575880476527372,2.362630342498041,2000,2000,3047.961886276374,1.4473684210526314,uniform_exact,uniform,0.0,1
2000,0.6522247884106012,6.7974888408872705,0.5195073537457908,2.451364943010582,2000,690.8795354216088,3047.961886276374,1.4473684210526314,uniform_exact,uniform,0.0,0
2000,0.708592555862065,7.3196862152942685,1.0067386064377584,6.505352172415689,2000,790.6074475854836,3047.961886276374,1.4473684210526314,uniform_exact,uniform,0.0,0
2000,0.6266465193598646,6.766098028970186,0.6147175785612424,2.9555789502472547,2000,655.107760504205,3047.961886276374,1.4473684210526314,uniform_exact,uniform,0.0,0
2000,1.187664640127493,10.482197021947206,0.9822462329758334,6.954644273299225,2000,1864.9588252464846,3047.961886276374,1.4473684210526314,uniform_exact,uniform,0.0,0
2000,1.169122399391696,10.541280528053289,1.146019543929481,8.283537046448723,2000,1820.7383665351958,3047.961886276374,1.4473684210526314,uniform_exact,uniform,0.0,0
2000,1.2297958209577402,10.40504305776103,1.2933218993317663,9.0353446710995,2000,1970.1608002574487,3047.961886276374,1.4473684210526314,uniform_exact,uniform,0.0,0
2000,2.869439534666998,22.1660269939405,2.9969560268707593,21.58879955206019,2000,2000,3047.961886276374,1.4473684210526314,is,uniform,0.004065883766321528,1
2000,2.804968516663726,22.06499967036417,0.7591553914776504,5.011249373620956,2000,2000,3047.961886276374,1.4473684210526314,uniform_exact,uniform,0.0,1
2000,2.735942484849644,21.257719756855096,0.6336165862010272,3.117948620548535,2000,2000,3047.961886276374,1.4473684210526314,uniform_exact,uniform,0.0,1
2000,0.65141260441657,7.2644391200920655,0.4967199152845862,2.3122865975337588,2000,706.2512425280808,3047.961886276374,1.4473684210526314,uniform_exact,uniform,0.0,0
2000,0.6410291195607866,6.374989174742897,0.6479673603828535,3.2821476387057853,2000,660.6132527733449,3047.961886276374,1.4473684210526314,uniform_exact,uniform,0.0,0
2000,0.6227487686611384,6.430958934057433,0.6836797182924786,4.2920609368241385,2000,638.1095561822503,3047.961886276374,1.4473684210526314,uniform_exact,uniform,0.0,0
2000,1.358269331673104,8.966713358539577,1.138061609565557,7.771814986435632,2000,2000,3047.961886276374,1.4473684210526314,uniform_exact,uniform,0.0,0
2000,1.3763076923974027,8.285852764690443,1.066804742588405,5.313920848553669,2000,2000,3047.961886276374,1.4473684210526314,uniform_exact,uniform,0.0,0
2000,1.4611702597146317,9.106720084066147,1.6155450386512213,6.695564190448908,2000,2000,3047.961886276374,1.4473684210526314,is,uniform,0.020758213919376097,0
2000,2.7142794007709448,13.745211635687745,1.9156333146516904,5.70868139049446,2000,2000,3047.961886276374,1.4473684210526314,is,uniform,0.010509560208653696,1
2000,2.726308523162901,13.889554001701725,2.546336157574567,10.086940299757435,2000,2000,3047.961886276374,1.4473684210526314,is,uniform,0.0044683591570518,1
2000,2.7326270401993864,13.72668609604081,2.438378564017813,8.634498386314847,2000,2000,3047.961886276374,1.4473684210526314,is,uniform,0.02543480175866615,1
2000,0.5866904178552818,6.882127609815075,0.632152031940903,2.5697989559085914,2000,607.833459026285,3047.961886276374,1.4473684210526314,uniform_exact,uniform,0.0,0
2000,0.6805166058317258,7.844182030189697,0.7257930909511707,3.9194520612932777,2000,767.8062812379214,3047.961886276374,1.4473684210526314,uniform_exact,uniform,0.0,0
2000,0.6075248895724128,8.488601778181627,0.5563814519663347,3.088044063704116,2000,690.9428482752027,3047.961886276374,1.4473684210526314,uniform_exact,uniform,0.0,0
2000,1.4612428196080953,6.753627793666996,1.425602258145805,5.469558584773653,2000,2000,3047.961886276374,1.4473684210526314,uniform_exact,uniform,0.0,0
2000,1.4764441467779024,6.956174126191189,1.5241668555428214,9.20123939069795,2000,2000,3047.961886276374,1.4473684210526314,is,uniform,0.034315595166425364,0
2000,1.4190922443740461,6.741387981806074,1.382327882595523,5.810658386837185,2000,2000,3047.961886276374,1.4473684210526314,uniform_exact,uniform,0.0,0
2000,2.301445779003562,8.777361115865295,2.2137976753749156,7.267894151082462,2000,2000,3047.961886276374,1.4473684210526314,is,uniform,0.010101574549988985,0
2000,2.3152827988189686,8.658788130102245,2.789718274184889,15.085026883004625,2000,2000,3047.961886276374,1.4473684210526314,is,uniform,0.003998805346840003,1
2000,2.30933321640677,8.687845653682372,2.4730159667223366,9.515778770676842,2000,2000,3047.961886276374,1.4473684210526314,is,uniform,0.05315449497142148,1
2000,0.5915941849529013,6.747218403782818,0.6121729760671017,3.57250243012464,2000,609.1909512319154,3047.961886276374,1.4473684210526314,uniform_exact,uniform,0.0,0
2000,0.5845956482433441,7.133862103294786,0.4918951964677671,2.2489545089077576,2000,614.1252907176902,3047.961886276374,1.4473684210526314,uniform_exact,uniform,0.0,0
2000,0.6364016724628121,6.162099158324124,0.4150202667926461,2.0935355116100944,2000,646.8295982407201,3047.961886276374,1.4473684210526314,uniform,uniform,0.003159039934994245,0
2000,1.2983740571519216,4.789065542177101,1.3348512545515445,4.341788821659901,2000,1955.5143230204017,3047.961886276374,1.4473684210526314,uniform_exact,uniform,0.0,0
2000,1.3147579288921611,4.448881049791875,1.347840625083376,4.880939437570979,2000,1988.865891661483,3047.961886276374,1.4473684210526314,uniform_exact,uniform,0.0,0
2000,1.3083480127020897,4.637299734571176,1.2625478336628728,3.9223910195576868,2000,1977.704173984409,3047.961886276374,1.4473684210526314,uniform_exact,uniform,0.0,0
2000,1.7372109637686688,4.909762302581473,1.8945262837395274,5.549565309205859,2000,2000,3047.961886276374,1.4473684210526314,is,uniform,0.011074105345194284,0
2000,1.7421178180833923,4.869082529210165,1.5401737163612792,3.821546756656159,2000,2000,3047.961886276374,1.4473684210526314,is,uniform,0.008826236604893747,0
2000,1.7399890427199698,4.970317505328127,1.3363212299671599,3.1320657028327847,2000,2000,3047.961886276374,1.4473684210526314,uniform_exact,uniform,0.0,0
5000,0.7224807944290408,9.893139619301449,0.5298828529978763,2.695158128373414,5000,902.5681715523135,3415.3944697579104,1.4473684210526314,uniform,uniform,0.0029760887893947557,0
5000,0.6783674416504732,9.248645932905605,0.6741028360935182,3.27763593429731,4601.823858914082,814.3202078120423,3415.3944697579104,1.4473684210526314,uniform,uniform,0.006299731883297601,0
5000,0.6974014263102107,8.500077009248255,0.7180676546652687,4.381775618704805,4863.687494195162,815.627902553106,3415.3944697579104,1.4473684210526314,uniform_exact,uniform,0.0,0
5000,0.6966704990056833,11.78855723114979,0.5892770361766047,2.591385379654656,4853.497841848277,930.7042214416718,3415.3944697579104,1.4473684210526314,uniform,uniform,0.009024471256910995,0
5000,0.7020645774986704,10.493395057863204,0.6370132429958913,3.44287276649658,4928.946709783864,892.9513941522594,3415.3944697579104,1.4473684210526314,uniform,uniform,0.0010192703274338013,0
5000,0.6964872202949357,12.14043386833435,0.658922811128551,2.682235497877003,4850.944480341662,942.8626783672503,3415.3944697579104,1.4473684210526314,uniform,uniform,0.010025864740689684,0
5000,0.6923142098960464,10.791047985600459,0.8670654795956312,5.907711921354146,4792.989652239869,889.0582525453514,3415.3944697579104,1.4473684210526314,uniform_exact,uniform,0.0,0
5000,0.6749404683005831,10.377327086148796,0.6366334330801237,3.0663884648420776,4555.446357498104,849.2731597588138,3415.3944697579104,1.4473684210526314,uniform,uniform,0.0030328463313156694,0
5000,0.7043250568842707,9.485986571983513,0.5541831242205265,2.825333093271604,4960.737857550311,860.736386785567,3415.3944697579104,1.4473684210526314,uniform,uniform,0.0002779872044116056,0
5000,0.7278048746693839,12.570758348270179,0.8098175982341951,4.915671797116489,5000,1005.3294553439663,3415.3944697579104,1.4473684210526314,uniform_exact,uniform,0.0,0
5000,0.6959390046794844,8.19052749199074,0.5447644273407912,2.786805822702701,4843.310982342714,802.5347341334756,3415.3944697579104,1.4473684210526314,uniform,uniform,0.007890216294201885,0
5000,0.7275752487361427,11.991683623295147,0.7243523070125778,3.8576668731836814,5000,984.5211787295407,3415.3944697579104,1.4473684210526314,uniform_exact,uniform,0.0,0
5000,1.1514945012448503,13.921170970329356,0.9069394306873475,6.463013556099113,5000,1896.7749602854858,3415.3944697579104,1.4473684210526314,uniform_exact,uniform,0.0,0
5000,1.1000620070210954,13.282787825099584,0.9421899477404092,6.238400830113956,5000,1751.5135306439688,3415.3944697579104,1.4473684210526314,uniform_exact,uniform,0.0,0
5000,1.169644960173019,14.047324928197764,1.7949387857038592,10.366586353263543,5000,1945.8743384555728,3415.3944697579104,1.4473684210526314,is,uniform,0.012484122198319307,0
5000,3.012040993380712,33.184170841399485,3.2813153358931215,23.593112739295858,5000,5000,3415.3944697579104,1.4473684210526314,is,is,0.010875868822684797,1
5000,3.05512119238724,33.62125804296652,2.757133055214067,19.225568602982577,5000,5000,3415.3944697579104,1.4473684210526314,is,is,0.009865696789185188,1
5000,3.0106207049135034,32.90968384374054,3.4838153681152884,25.0149634860622,5000,5000,3415.3944697579104,1.4473684210526314,is,is,0.007156674524900401,1
5000,0.6966747062003946,7.519776239119451,0.6008580365447149,3.938892440889194,4853.5564625940615,779.9280568408838,3415.3944697579104,1.4473684210526314,uniform,uniform,0.00029883942659638996,0
5000,0.7118330565326979,11.001515450812754,0.5124334800293451,2.8202537644797108,5000,925.5349606766966,3415.3944697579104,1.4473684210526314,uniform,uniform,0.004780273541609708,0
5000,0.65806351816426,9.25657713996702,0.7150506524880967,3.4595836669602087,4330.475939387233,785.8466069380014,3415.3944697579104,1.4473684210526314,uniform_exact,uniform,0.0,0
5000,1.324498034040619,12.321985384365552,0.7570915062599881,3.3553927561955703,5000,2294.2009719524963,3415.3944697579104,1.4473684210526314,uniform_exact,uniform,0.0,0
5000,1.3258723349377788,12.187571001132723,1.6470142582836023,7.569407092276023,5000,2293.3128965373376,3415.3944697579104,1.4473684210526314,is,uniform,0.004807611461821169,0
5000,1.3582145587406718,12.411829353085658,1.6443902852076069,12.128801089577822,5000,2393.222861712485,3415.3944697579104,1.4473684210526314,is,uniform,0.003200895365319378,0
5000,3.273305510801266,25.581420388004364,0.9062956757270422,5.416074364304079,5000,5000,3415.3944697579104,1.4473684210526314,uniform_exact,is,0.0,1
5000,3.270192893939796,25.42383972037984,3.1469154978845046,22.64534650794092,5000,5000,3415.3944697579104,1.4473684210526314,is,is,0.0022323791276345427,1
5000,3.2584141459449203,25.386482551776233,0.6838697616552105,3.5749876938284917,5000,5000,3415.3944697579104,1.4473684210526314,uniform,is,0.02420022630882461,1
5000,0.6808824421638225,9.063293680601529,1.0508478246939057,6.815102998139734,4636.00900046971,811.3956486802743,3415.3944697579104,1.4473684210526314,uniform_exact,uniform,0.0,0
5000,0.6814735797847691,8.168079323694936,0.6366072026458947,3.871423223591102,4644.06239944668,780.6281727935872,3415.3944697579104,1.4473684210526314,uniform,uniform,0.0045601463892882,0
5000,0.6730762768779296,7.51328610662532,0.46152361658002194,2.426481216016453,4530.316744958553,745.4462794393922,3415.3944697579104,1.4473684210526314,uniform,uniform,0.0102643468831803,0
5000,1.5610511723927194,9.482297366454727,1.5067522571124086,7.682286018679147,5000,2917.208338590139,3415.3944697579104,1.4473684210526314,is,uniform,0.005321736628630776,0
5000,1.5983515327881193,10.05179141412876,1.6581888474022484,12.03152842882415,5000,3062.202085772467,3415.3944697579104,1.4473684210526314,is,uniform,0.004514894473819427,0
5000,1.564054233622819,9.903368559014538,1.6083011564540584,7.46697095075471,5000,2942.026281598381,3415.3944697579104,1.4473684210526314,is,uniform,0.013156316390978827,0
5000,3.0064614329892705,15.45576789854595,2.9055816293074783,12.66781379774153,5000,5000,3415.3944697579104,1.4473684210526314,is,is,0.0055914405330470115,1
5000,2.975958669383625,15.516826552718598,0.4456638510293509,2.1165524854806184,5000,5000,3415.3944697579104,1.4473684210526314,uniform,is,0.04076775358175008,1
5000,2.994754765488841,15.286751648815459,3.012281000941581,13.803781039111367,5000,5000,3415.3944697579104,1.4473684210526314,is,is,0.010146296254078233,1
5000,0.6452892873409604,7.975916618900835,0.6664765984129118,3.33348959220563,4163.982643570044,722.9682813290447,3415.3944697579104,1.4473684210526314,uniform,uniform,0.0005934494725470707,0
5000,0.6342794906340355,7.439749972949388,0.5579532568342457,3.1968949542768375,4023.1047223897153,689.1014222579303,3415.3944697579104,1.4473684210526314,uniform,uniform,0.003501999909721986,0
5000,0.6753511690743486,10.273263459798766,0.5920371010609426,3.588527645335578,4560.992015700892,846.1850654440004,3415.3944697579104,1.4473684210526314,uniform,uniform,0.004069720740999911,0
5000,1.5642034237759075,7.461215325213151,1.6830520613739168,9.067103154880261,5000,2856.258812823272,3415.3944697579104,1.4473684210526314,is,uniform,0.01663622496109911,0
5000,1.6069129255861263,7.627573339463385,1.54932758805704,5.743706991822055,5000,3005.6523591964697,3415.3944697579104,1.4473684210526314,is,uniform,0.023470235705814625,0
5000,1.5835535573326203,7.463665704236842,1.5460598253276305,6.513707516241968,5000,2920.888956784179,3415.3944697579104,1.4473684210526314,is,uniform,0.003884420136173718,0
5000,2.4387528204411435,9.085143647908605,2.296003027362228,7.430084095760445,5000,5000,3415.3944697579104,1.4473684210526314,is,is,0.006342034382291821,0
5000,2.44827057345472,9.074192457210252,2.351978611945295,7.738776930940878,5000,5000,3415.3944697579104,1.4473684210526314,is,is,0.0014995856622978998,1
5000,2.4335609917695766,9.037567396165114,2.437236797217145,8.421455635346941,5000,5000,3415.3944697579104,1.4473684210526314,is,is,0.0037192958928292724,0
5000,0.6519470284472162,8.754530513444111,0.7906141360805149,5.023746887010173,4250.349279011552,759.6225283466741,3415.3944697579104,1.4473684210526314,uniform_exact,uniform,0.0,0
5000,0.6299048125270215,10.880578863376364,0.48378675034623086,2.165917164978486,3967.80072844702,804.7784164634724,3415.3944697579104,1.4473684210526314,uniform,uniform,0.019903572446664512,0
5000,0.6870579308218044,13.544762416249597,0.7695156566218205,5.5611439109033265,4720.486003051393,978.6423256088318,3415.3944697579104,1.4473684210526314,uniform_exact,uniform,0.0,0
5000,1.3838458656873216,5.062593836717688,1.4462860853412294,4.81652838944164,5000,2208.1082099118385,3415.3944697579104,1.4473684210526314,uniform_exact,uniform,0.0,0
5000,1.398083832516939,5.098880683600188,1.371174181170082,4.480302922500537,5000,2251.362172756544,3415.3944697579104,1.4473684210526314,uniform_exact,uniform,0.0,0
5000,1.3909424378180453,5.143704401559593,1.4563395497877505,5.1203810676064965,5000,2231.8395544274426,3415.3944697579104,1.4473684210526314,is,uniform,0.01238592432638021,0
5000,1.7911999033758386,5.04722867967325,1.8053899090831496,4.872548676571799,5000,3578.1000040057165,3415.3944697579104,1.4473684210526314,is,is,0.003931482914721858,0
5000,1.7925498435757545,5.031734118828527,1.9124680560454974,5.45242028195372,5000,3582.67919398956,3415.3944697579104,1.4473684210526314,is,is,0.005526943786250694,0
5000,1.799646793110485,5.033057676968276,1.5553993016659924,3.832576105231541,5000,3609.740622118057,3415.3944697579104,1.4473684210526314,is,is,0.0044525695494041315,0
1000,0.617599978331471,6.544485015745742,0.7823842938362968,5.103075225600176,1000,635.3522133703194,2770.0098668718365,1.6842105263157894,uniform_exact,uniform,0.0,0
1000,0.7016203194983847,6.4257658382788225,0.5205091018024912,2.629385406040278,1000,748.6133196376052,2770.0098668718365,1.6842105263157894,uniform_exact,uniform,0.0,0
1000,0.633503586176026,5.578210996800821,0.5206910214705022,2.742528613522529,1000,622.3055587995697,2770.0098668718365,1.6842105263157894,uniform_exact,uniform,0.0,0
1000,0.6607087487078306,6.077985671873188,0.5682384508182965,2.4895568839777096,1000,677.2686212166315,2770.0098668718365,1.6842105263157894,uniform_exact,uniform,0.0,0
1000,0.6504739835154975,5.5695015501111715,0.9042141420194227,4.621175556227705,1000,645.0875760346555,2770.0098668718365,1.6842105263157894,uniform_exact,uniform,0.0,0
1000,0.6694892343956219,5.3838442549691585,0.667519843307601,3.770191059787409,1000,665.1267185776958,2770.0098668718365,1.6842105263157894,uniform_exact,uniform,0.0,0
1000,0.6398166324088268,6.140337691272391,0.5872886551946551,3.00400307974142,1000,650.6791989769632,2770.0098668718365,1.6842105263157894,uniform_exact,uniform,0.0,0
1000,0.6645481406412764,5.726033896808133,0.6675011652698157,3.2701243009604926,1000,670.2286990086395,2770.0098668718365,1.6842105263157894,uniform_exact,uniform,0.0,0
1000,0.6625855174916219,6.889022080403152,0.5478605772940593,2.503745178015231,1000,708.5478357810049,2770.0098668718365,1.6842105263157894,uniform_exact,uniform,0.0,0
1000,0.6194948810036581,4.431036671722072,0.5367076279689081,3.8552867583362387,1000,563.1847822127821,2770.0098668718365,1.6842105263157894,uniform_exact,uniform,0.0,0
1000,0.6419604984348997,5.780451621515172,0.49731971953324716,2.8659580864603957,1000,640.8791727435553,2770.0098668718365,1.6842105263157894,uniform_exact,uniform,0.0,0
1000,0.6478534945181104,7.295799872829969,0.5690315244531707,3.0349786601432873,1000,702.4588421607818,2770.0098668718365,1.6842105263157894,uniform_exact,uniform,0.0,0
1000,0.9275708025452007,9.067911114745035,1.1885237312667676,8.639730244472425,1000,1000,2770.0098668718365,1.6842105263157894,uniform_exact,uniform,0.0,0
1000,0.8826442516694574,9.20078801072338,0.926207736709517,6.309373515724871,1000,1000,2770.0098668718365,1.6842105263157894,uniform_exact,uniform,0.0,0
1000,0.8944373892679047,9.492564196854993,0.6969223449585741,5.088131593797387,1000,1000,2770.0098668718365,1.6842105263157894,uniform_exact,uniform,0.0,0
1000,2.1600848596659037,23.591190740265375,2.5805367155762866,18.70516947524951,1000,1000,2770.0098668718365,1.6842105263157894,is,uniform,0.007558614596013635,0
1000,2.186629044024305,23.67565527185168,2.5689217259036576,18.633790267533275,1000,1000,2770.0098668718365,1.6842105263157894,is,uniform,0.036437992418471996,0
1000,2.202788337834508,23.474969597415352,2.4566981597901116,17.789995059729332,1000,1000,2770.0098668718365,1.6842105263157894,is,uniform,0.013457606129437237,1
1000,0.668926440883736,6.047119721303887,0.5505856146142251,3.008112356962971,1000,687.7568181231449,2770.0098668718365,1.6842105263157894,uniform_exact,uniform,0.0,0
1000,0.6096939094021688,4.754850690421404,0.733352378911828,3.9838760160636935,1000,561.8565535974923,2770.0098668718365,1.6842105263157894,uniform_exact,uniform,0.0,0
1000,0.619980694353103,5.711189635441723,0.5754981408614708,3.127541573718604,1000,609.0405737763899,2770.0098668718365,1.6842105263157894,uniform_exact,uniform,0.0,0
1000,1.0363964890753734,8.83629684462703,1.2709137717947538,6.60463581109117,1000,1000,2770.0098668718365,1.6842105263157894,uniform_exact,uniform,0.0,0
1000,1.0808453099122093,9.327938871539764,0.5554508003631061,2.9146923481847864,1000,1000,2770.0098668718365,1.6842105263157894,uniform_exact,uniform,0.0,0
1000,1.0555990939448983,9.079803243418585,1.007349131184655,7.464344977362656,1000,1000,2770.0098668718365,1.6842105263157894,uniform_exact,uniform,0.0,0
1000,2.4223349633420703,19.324723385669508,0.6328173311583931,3.78773607836322,1000,1000,2770.0098668718365,1.6842105263157894,uniform_exact,uniform,0.0,1
1000,2.4594205603819232,19.349043540692758,2.386573243950536,17.101508372143286,1000,1000,2770.0098668718365,1.6842105263157894,is,uniform,0.006037824863795161,1
1000,2.441556227376376,19.145175988469532,0.4680932191316637,2.615181266489589,1000,1000,2770.0098668718365,1.6842105263157894,uniform_exact,uniform,0.0,1
1000,0.6787566315775071,6.9795351614658365,0.9334042384976152,6.445952864866831,1000,734.7301064462791,2770.0098668718365,1.6842105263157894,uniform_exact,uniform,0.0,0
1000,0.6273247767797993,5.416408240314115,0.5900180776771841,3.172536258621512,1000,608.3351215613185,2770.0098668718365,1.6842105263157894,uniform_exact,uniform,0.0,0
1000,0.6436184853347732,6.685255422490038,0.5390032357047725,2.977649427683219,1000,675.097401560128,2770.0098668718365,1.6842105263157894,uniform_exact,uniform,0.0,0
1000,1.322654341020879,7.809373922547658,1.326335841404939,5.017436718026032,1000,1000,2770.0098668718365,1.6842105263157894,uniform_exact,uniform,0.0,0
1000,1.2985808873964355,8.313744404611858,1.0539903542525113,6.792778140368572,1000,1000,2770.0098668718365,1.6842105263157894,uniform_exact,uniform,0.0,0
1000,1.208561744925839,7.712949719548932,1.3390985732763543,6.529696072200034,1000,1000,2770.0098668718365,1.6842105263157894,uniform_exact,uniform,0.0,0
1000,2.507398434602011,12.789785607408268,2.502483624704357,18.034267005124054,1000,1000,2770.0098668718365,1.6842105263157894,is,uniform,0.0075678161464133005,1
1000,2.520669114923294,12.78671987327333,2.528701603484288,13.416078173168906,1000,1000,2770.0098668718365,1.6842105263157894,is,uniform,0.005413606860429351,1
1000,2.49068495781207,12.596211278828237,2.448328205211978,11.2275123857768,1000,1000,2770.0098668718365,1.6842105263157894,is,uniform,0.0020224477957345908,1
1000,0.6524098435515786,7.086241475883487,0.5772468820811758,2.645101324005007,1000,701.3347232849229,2770.0098668718365,1.6842105263157894,uniform_exact,uniform,0.0,0
1000,0.581167313005821,6.085439413528287,0.3594953462300382,1.95034336666503,1000,572.85770424497,2770.0098668718365,1.6842105263157894,uniform_exact,uniform,0.0,0
1000,0.6984683097008569,7.200833170425255,0.6818865684246298,3.6437272920787924,1000,771.3139441410074,2770.0098668718365,1.6842105263157894,uniform_exact,uniform,0.0,0
1000,1.3537758517722411,6.291632634044208,1.3258587473671999,4.998542901838354,1000,1000,2770.0098668718365,1.6842105263157894,uniform_exact,uniform,0.0,0
1000,1.367532997551312,6.235878482522877,1.2713345583761269,5.704996459438272,1000,1000,2770.0098668718365,1.6842105263157894,uniform_exact,uniform,0.0,0
1000,1.3274574831627268,6.042607423381932,1.4407379737305739,5.840840526573353,1000,1000,2770.0098668718365,1.6842105263157894,uniform_exact,uniform,0.0,0
1000,2.1745485439283283,8.206958182334139,2.0659873924102197,6.2677458799127415,1000,1000,2770.0098668718365,1.6842105263157894,is,uniform,0.010940517485200675,0
1000,2.2071501455785794,8.244504029581895,2.4903507406375676,10.845427725019297,1000,1000,2770.0098668718365,1.6842105263157894,is,uniform,0.025465290401212475,1
1000,2.2131805137021714,8.13937339152958,1.7568922145367767,5.182311079651662,1000,1000,2770.0098668718365,1.6842105263157894,is,uniform,0.004051708077669198,1
1000,0.596226390605092,7.59566327931635,0.4322829474460419,2.037519802807652,1000,644.9903306438464,2770.0098668718365,1.6842105263157894,uniform_exact,uniform,0.0,0
1000,0.5707637716995058,4.76013034379612,0.5758008762007832,3.363015725908853,1000,513.3458044551178,2770.0098668718365,1.6842105263157894,uniform_exact,uniform,0.0,0
1000,0.6082008942884182,5.59710910895369,0.5041678378140068,2.5395503973625413,1000,589.680079419608,2770.0098668718365,1.6842105263157894,uniform_exact,uniform,0.0,0
1000,1.2128763710131376,4.437108297044463,1.0646735318374803,3.816487733269268,1000,1000,2770.0098668718365,1.6842105263157894,uniform_exact,uniform,0.0,0
1000,1.222022170293529,4.453870144522961,1.3087970670905302,4.496334770570345,1000,1000,2770.0098668718365,1.6842105263157894,uniform_exact,uniform,0.0,0
1000,1.2283430251331136,4.34226493758284,0.9843520228594187,2.974333979492973,1000,1000,2770.0098668718365,1.6842105263157894,uniform_exact,uniform,0.0,0
1000,1.6822322474532947,4.785774324099834,1.630396855953268,4.259412278507002,1000,1000,2770.0098668718365,1.6842105263157894,uniform_exact,uniform,0.0,0
1000,1.6828609678688584,4.797205593998007,1.809802882701852,5.283352157098152,1000,1000,2770.0098668718365,1.6842105263157894,is,uniform,0.00945729555464232,0
1000,1.6824444119691087,4.694431122747657,1.975514673266589,6.031223947133338,1000,1000,2770.0098668718365,1.6842105263157894,is,uniform,0.008611271992169853,0
2000,0.6437859806065077,7.26494190000632,0.5504762467095016,2.5281039297118224,2000,695.8016540771678,3047.961886276374,1.6842105263157894,uniform_exact,uniform,0.0,0
2000,0.6783226328241753,6.987718128416362,0.5860670052435321,2.714518891308385,2000,734.3950354052101,3047.961886276374,1.6842105263157894,uniform_exact,uniform,0.0,0
2000,0.7008485258315146,10.87323753149392,0.8237785121587327,4.829345491653516,2000,904.5604323951111,3047.961886276374,1.6842105263157894,uniform_exact,uniform,0.0,0
2000,0.6647636523552978,9.371015606248461,0.49836114559308625,2.32551159169246,2000,799.2807397443189,3047.961886276374,1.6842105263157894,uniform_exact,uniform,0.0,0
2000,0.6503303945228937,7.618833107152736,0.6286416049060833,3.6321468527205094,2000,717.2763773531361,3047.961886276374,1.6842105263157894,uniform_exact,uniform,0.0,0
2000,0.7116392058914187,10.837519913683188,0.6016349402659518,3.4893976454368465,2000,919.4498867172433,3047.961886276374,1.6842105263157894,uniform_exact,uniform,0.0,0
2000,0.6984542271619008,9.191213698217632,1.0669868988065845,7.63401996445825,2000,841.5975496551691,3047.961886276374,1.6842105263157894,uniform_exact,uniform,0.0,0
2000,0.6531760108020092,9.05950966881119,0.4827303585084929,2.149272056455962,2000,772.0947091795654,3047.961886276374,1.6842105263157894,uniform_exact,uniform,0.0,0
2000,0.6722700999610615,5.917746054892996,0.6711537488564054,3.4540502985883883,2000,687.9391315719704,3047.961886276374,1.6842105263157894,uniform_exact,uniform,0.0,0
2000,0.7041455345419971,8.158001271669198,0.5648935037676193,2.8042181999786613,2000,813.5611982931824,3047.961886276374,1.6842105263157894,uniform_exact,uniform,0.0,0
2000,0.6776575995706522,7.229319530734069,0.91188247233186,6.034748799081155,2000,741.9733333176847,3047.961886276374,1.6842105263157894,uniform_exact,uniform,0.0,0
2000,0.6623640231431586,9.28680597708695,0.4994505146963381,2.3937255973997362,2000,792.9316579825959,3047.961886276374,1.6842105263157894,uniform_exact,uniform,0.0,0
2000,0.9816612409123018,11.124163624423396,1.1702712279982639,8.476348669864576,2000,1414.083017984169,3047.961886276374,1.6842105263157894,uniform_exact,uniform,0.0,0
2000,1.019893147231907,10.771710935140439,0.7994166701342346,5.920327547950079,2000,1482.7225254275493,3047.961886276374,1.6842105263157894,uniform_exact,uniform,0.0,0
2000,1.0038984191058524,11.152323945467518,1.2441546860247932,9.065837925245017,2000,1461.8652799715167,3047.961886276374,1.6842105263157894,uniform_exact,uniform,0.0,0
2000,2.485939595674491,27.10730987984548,0.6944989144861629,3.922434426962668,2000,2000,3047.961886276374,1.6842105263157894,uniform_exact,uniform,0.0,1
2000,2.4574092914423638,26.830979453268434,0.769102467997573,4.642766961287735,2000,2000,3047.961886276374,1.6842105263157894,uniform_exact,uniform,0.0,1
2000,2.4875934157876274,27.001639859771334,2.9659506213323223,21.375049909844524,2000,2000,3047.961886276374,1.6842105263157894,is,uniform,0.004023363693418306,1
2000,0.6522247884106012,6.7974888408872705,0.662762715909199,3.0991495276752294,2000,690.8795354216088,3047.961886276374,1.6842105263157894,uniform_exact,uniform,0.0,0
2000,0.708592555862065,7.3196862152942685,0.6229033991013129,3.692885021112499,2000,790.6074475854836,3047.961886276374,1.6842105263157894,uniform_exact,uniform,0.0,0
2000,0.6266465193598646,6.766098028970186,0.7595158657029312,3.6388888100036283,2000,655.107760504205,3047.961886276374,1.6842105263157894,uniform_exact,uniform,0.0,0
2000,1.187664640127493,10.482197021947206,0.6649752680438608,3.2702972904661105,2000,1864.9588252464846,3047.961886276374,1.6842105263157894,uniform_exact,uniform,0.0,0
2000,1.169122399391696,10.541280528053289,1.2268183642828536,8.008094470756445,2000,1820.7383665351958,3047.961886276374,1.6842105263157894,uniform_exact,uniform,0.0,0
2000,1.2297958209577402,10.40504305776103,1.4749717807706502,8.90212394891377,2000,1970.1608002574487,3047.961886276374,1.6842105263157894,uniform_exact,uniform,0.0,0
2000,2.869439534666998,22.1660269939405,2.966637682488169,21.472773304941224,2000,2000,3047.961886276374,1.6842105263157894,is,uniform,0.011126850997598449,1
2000,2.804968516663726,22.06499967036417,0.565120644081391,2.853988320799105,2000,2000,3047.961886276374,1.6842105263157894,uniform_exact,uniform,0.0,1
2000,2.735942484849644,21.257719756855096,2.8374720610158923,14.78567522088208,2000,2000,3047.961886276374,1.6842105263157894,is,uniform,0.003011991705951065,1
2000,0.65141260441657,7.2644391200920655,0.838049890328847,5.973934746661505,2000,706.2512425280808,3047.961886276374,1.6842105263157894,uniform_exact,uniform,0.0,0
2000,0.6410291195607866,6.374989174742897,0.5326603024635521,3.4772138305221154,2000,660.6132527733449,3047.961886276374,1.6842105263157894,uniform_exact,uniform,0.0,0
2000,0.6227487686611384,6.430958934057433,0.5275629605298909,2.658713373468352,2000,638.1095561822503,3047.961886276374,1.6842105263157894,uniform_exact,uniform,0.0,0
2000,1.358269331673104,8.966713358539577,1.3747864977255917,7.960036507085535,2000,2000,3047.961886276374,1.6842105263157894,uniform_exact,uniform,0.0,0
2000,1.3763076923974027,8.285852764690443,1.407874809005802,8.007676236011017,2000,2000,3047.961886276374,1.6842105263157894,uniform_exact,uniform,0.0,0
2000,1.4611702597146317,9.106720084066147,1.3302771278221555,8.041113687777328,2000,2000,3047.961886276374,1.6842105263157894,uniform_exact,uniform,0.0,0
2000,2.7142794007709448,13.745211635687745,2.031509016353955,6.397554139632757,2000,2000,3047.961886276374,1.6842105263157894,is,uniform,0.012238677315008896,1
2000,2.726308523162901,13.889554001701725,2.8366177761204305,20.548015360129984,2000,2000,3047.961886276374,1.6842105263157894,is,uniform,0.0014011585645495497,1
2000,2.7326270401993864,13.72668609604081,2.7725341191913153,12.114860227548228,2000,2000,3047.961886276374,1.6842105263157894,is,uniform,0.009731629739995282,1
2000,0.5866904178552818,6.882127609815075,0.7770881639369542,3.45172991736431,2000,607.833459026285,3047.961886276374,1.6842105263157894,uniform_exact,uniform,0.0,0
2000,0.6805166058317258,7.844182030189697,0.5757544085828741,3.4590641668887807,2000,767.8062812379214,3047.961886276374,1.6842105263157894,uniform_exact,uniform,0.0,0
2000,0.6075248895724128,8.488601778181627,0.7282607805384532,3.8591647312835202,2000,690.9428482752027,3047.961886276374,1.6842105263157894,uniform_exact,uniform,0.0,0
2000,1.4612428196080953,6.753627793666996,1.5068217948630511,5.640958582510566,2000,2000,3047.961886276374,1.6842105263157894,uniform_exact,uniform,0.0,0
2000,1.4764441467779024,6.956174126191189,1.426686827189849,6.167136631124351,2000,2000,3047.961886276374,1.6842105263157894,uniform_exact,uniform,0.0,0
2000,1.4190922443740461,6.741387981806074,1.3741818402323454,4.476666056694372,2000,2000,3047.961886276374,1.6842105263157894,uniform_exact,uniform,0.0,0
2000,2.301445779003562,8.777361115865295,2.4444892872159483,9.499832135124521,2000,2000,3047.961886276374,1.6842105263157894,is,uniform,0.0018062305811780374,0
2000,2.3152827988189686,8.658788130102245,2.364756776016903,8.396129375304673,2000,2000,3047.961886276374,1.6842105263157894,is,uniform,0.015002346310028442,1
2000,2.30933321640677,8.687845653682372,2.5437773031017628,10.087673435389302,2000,2000,3047.961886276374,1.6842105263157894,is,uniform,0.017690402927870025,1
2000,0.5915941849529013,6.747218403782818,0.8450044618961902,6.06610125416621,2000,609.1909512319154,3047.961886276374,1.6842105263157894,uniform_exact,uniform,0.0,0
2000,0.5845956482433441,7.133862103294786,0.5268989128495027,2.7992168833916056,2000,614.1252907176902,3047.961886276374,1.6842105263157894,uniform_exact,uniform,0.0,0
2000,0.6364016724628121,6.162099158324124,0.7558954737869902,4.607055309585028,2000,646.8295982407201,3047.961886276374,1.6842105263157894,uniform_exact,uniform,0.0,0
2000,1.2983740571519216,4.789065542177101,1.3300894954380873,3.8848415441687587,2000,1955.5143230204017,3047.961886276374,1.6842105263157894,uniform_exact,uniform,0.0,0
2000,1.3147579288921611,4.448881049791875,1.345610362487653,5.111702482136405,2000,1988.865891661483,3047.961886276374,1.6842105263157894,uniform_exact,uniform,0.0,0
2000,1.3083480127020897,4.637299734571176,1.134904875436328,3.356974772867815,2000,1977.704173984409,3047.961886276374,1.6842105263157894,uniform_exact,uniform,0.0,0
2000,1.7372109637686688,4.909762302581473,2.316047177303603,8.242811467213661,2000,2000,3047.961886276374,1.6842105263157894,is,uniform,0.004839662123935241,0
2000,1.7421178180833923,4.869082529210165,1.9421047215245568,5.786166339067166,2000,2000,3047.961886276374,1.6842105263157894,is,uniform,0.005691378754092329,0
2000,1.7399890427199698,4.970317505328127,1.7371409667196338,4.831700285519275,2000,2000,3047.961886276374,1.6842105263157894,is,uniform,0.016705366853465357,0
5000,0.7224807944290408,9.893139619301449,0.8718635834912806,5.946937605667828,5000,902.5681715523135,3415.3944697579104,1.6842105263157894,uniform_exact,uniform,0.0,0
5000,0.6783674416504732,9.248645932905605,0.6542781581558064,3.113061293535401,4601.823858914082,814.3202078120423,3415.3944697579104,1.6842105263157894,uniform,uniform,0.0006555530338409966,0
5000,0.6974014263102107,8.500077009248255,0.9679745317456349,6.654982305687983,4863.687494195162,815.627902553106,3415.3944697579104,1.6842105263157894,uniform_exact,uniform,0.0,0
5000,0.6966704990056833,11.78855723114979,0.6427393350981419,3.247696939610265,4853.497841848277,930.7042214416718,3415.3944697579104,1.6842105263157894,uniform,uniform,0.0036044454872412746,0
5000,0.7020645774986704,10.493395057863204,0.46404253200847645,2.378977887130253,4928.946709783864,892.9513941522594,3415.3944697579104,1.6842105263157894,uniform,uniform,0.007016425896072584,0
5000,0.6964872202949357,12.14043386833435,0.6404688765459317,3.0609368509109616,4850.944480341662,942.8626783672503,3415.3944697579104,1.6842105263157894,uniform,uniform,0.007696602992405062,0
5000,0.6923142098960464,10.791047985600459,0.889667242814712,6.10871074279215,4792.989652239869,889.0582525453514,3415.3944697579104,1.6842105263157894,uniform_exact,uniform,0.0,0
5000,0.6749404683005831,10.377327086148796,0.8196488707090624,5.3250600472956595,4555.446357498104,849.2731597588138,3415.3944697579104,1.6842105263157894,uniform_exact,uniform,0.0,0
5000,0.7043250568842707,9.485986571983513,0.9673246906813137,6.6876920790951795,4960.737857550311,860.736386785567,3415.3944697579104,1.6842105263157894,uniform_exact,uniform,0.0,0
5000,0.7278048746693839,12.570758348270179,0.6736410641081515,3.093273483807121,5000,1005.3294553439663,3415.3944697579104,1.6842105263157894,uniform,uniform,0.0003125690959316402,0
5000,0.6959390046794844,8.19052749199074,0.504001463444701,2.183612203920272,4843.310982342714,802.5347341334756,3415.3944697579104,1.6842105263157894,uniform,uniform,0.0006057660271026991,0
5000,0.7275752487361427,11.991683623295147,0.8340096031925014,4.767335903465515,5000,984.5211787295407,3415.3944697579104,1.6842105263157894,uniform_exact,uniform,0.0,0
5000,1.1514945012448503,13.921170970329356,1.6761499488972729,10.224180051710196,5000,1896.7749602854858,3415.3944697579104,1.6842105263157894,uniform_exact,uniform,0.0,0
5000,1.1000620070210954,13.282787825099584,1.0324428377990007,7.0844082553949965,5000,1751.5135306439688,3415.3944697579104,1.6842105263157894,uniform_exact,uniform,0.0,0
5000,1.169644960173019,14.047324928197764,0.6662774228492846,3.7173001341158205,5000,1945.8743384555728,3415.3944697579104,1.6842105263157894,uniform,uniform,0.0032755168593788637,0
5000,3.012040993380712,33.184170841399485,2.7139023918668146,19.545600848866712,5000,5000,3415.3944697579104,1.6842105263157894,is,is,0.008521594593622046,1
5000,3.05512119238724,33.62125804296652,0.8530706943733081,5.162548126761962,5000,5000,3415.3944697579104,1.6842105263157894,uniform_exact,is,0.0,1
5000,3.0106207049135034,32.90968384374054,0.4974429418761233,2.7829873471062188,5000,5000,3415.3944697579104,1.6842105263157894,uniform,is,0.015976617411891957,1
5000,0.6966747062003946,7.519776239119451,0.49840084462772194,2.922626913665209,4853.5564625940615,779.9280568408838,3415.3944697579104,1.6842105263157894,uniform,uniform,0.001515079305665778,0
5000,0.7118330565326979,11.001515450812754,0.5262026793477023,3.1957331148361368,5000,925.5349606766966,3415.3944697579104,1.6842105263157894,uniform,uniform,0.0025808566204961417,0
5000,0.65806351816426,9.25657713996702,0.8089376720255728,4.501093627541828,4330.475939387233,785.8466069380014,3415.3944697579104,1.6842105263157894,uniform_exact,uniform,0.0,0
5000,1.324498034040619,12.321985384365552,1.4790014742258253,8.823936021958213,5000,2294.2009719524963,3415.3944697579104,1.6842105263157894,uniform_exact,uniform,0.0,0
5000,1.3258723349377788,12.187571001132723,0.7734152736585533,4.941073046267839,5000,2293.3128965373376,3415.3944697579104,1.6842105263157894,uniform_exact,uniform,0.0,0
5000,1.3582145587406718,12.411829353085658,1.0233118287668028,7.173865683158204,5000,2393.222861712485,3415.3944697579104,1.6842105263157894,uniform_exact,uniform,0.0,0
5000,3.273305510801266,25.581420388004364,3.3949264667491703,24.464199013147788,5000,5000,3415.3944697579104,1.6842105263157894,is,is,0.0031538885769070743,1
5000,3.270192893939796,25.42383972037984,3.16848684613719,16.591405881462446,5000,5000,3415.3944697579104,1.6842105263157894,is,is,0.00010425748510921791,1
5000,3.2584141459449203,25.386482551776233,3.0850642186285495,22.2012231036739,5000,5000,3415.3944697579104,1.6842105263157894,is,is,0.012992622306136162,1
5000,0.6808824421638225,9.063293680601529,0.5788551542927238,3.0434899594770353,4636.00900046971,811.3956486802743,3415.3944697579104,1.6842105263157894,uniform,uniform,0.004987084606715494,0
5000,0.6814735797847691,8.168079323694936,0.5010457234322773,2.749865850541148,4644.06239944668,780.6281727935872,3415.3944697579104,1.6842105263157894,uniform,uniform,0.01227828205381158,0
5000,0.6730762768779296,7.51328610662532,0.527964351825241,2.525558008924443,4530.316744958553,745.4462794393922,3415.3944697579104,1.6842105263157894,uniform,uniform,0.004500673915264961,0
5000,1.5610511723927194,9.482297366454727,1.5830019592259426,7.70204271321568,5000,2917.208338590139,3415.3944697579104,1.6842105263157894,uniform_exact,uniform,0.0,0
5000,1.5983515327881193,10.05179141412876,1.4656864068592825,6.385595499688911,5000,3062.202085772467,3415.3944697579104,1.6842105263157894,uniform_exact,uniform,0.0,0
5000,1.564054233622819,9.903368559014538,0.85399600551148,5.486558400684849,5000,2942.026281598381,3415.3944697579104,1.6842105263157894,uniform_exact,uniform,0.0,0
5000,3.0064614329892705,15.45576789854595,3.2986238977971523,18.007743980735604,5000,5000,3415.3944697579104,1.6842105263157894,is,is,0.024058669883076773,1
5000,2.975958669383625,15.516826552718598,3.502424449763415,25.169514537077546,5000,5000,3415.3944697579104,1.6842105263157894,is,is,0.003100713176373976,1
5000,2.994754765488841,15.286751648815459,2.9362284726471843,17.4667730827756,5000,5000,3415.3944697579104,1.6842105263157894,is,is,0.041443818936590625,1
5000,0.6452892873409604,7.975916618900835,1.0230500079281004,7.346286202998153,4163.982643570044,722.9682813290447,3415.3944697579104,1.6842105263157894,uniform_exact,uniform,0.0,0
5000,0.6342794906340355,7.439749972949388,0.40305811954494764,2.4518074660746447,4023.1047223897153,689.1014222579303,3415.3944697579104,1.6842105263157894,uniform,uniform,0.018091185854327424,0
5000,0.6753511690743486,10.273263459798766,0.5025918747802038,2.2761864972519548,4560.992015700892,846.1850654440004,3415.3944697579104,1.6842105263157894,uniform,uniform,0.0035599450025628164,0
5000,1.5642034237759075,7.461215325213151,1.4674282248619908,5.86204931050749,5000,2856.258812823272,3415.3944697579104,1.6842105263157894,uniform_exact,uniform,0.0,0
5000,1.6069129255861263,7.627573339463385,1.5039490467449927,5.670067759420082,5000,3005.6523591964697,3415.3944697579104,1.6842105263157894,uniform_exact,uniform,0.0,0
5000,1.5835535573326203,7.463665704236842,1.5681250282480599,6.290235931361636,5000,2920.888956784179,3415.3944697579104,1.6842105263157894,uniform_exact,uniform,0.0,0
5000,2.4387528204411435,9.085143647908605,2.1604217362231526,6.854725894238081,5000,5000,3415.3944697579104,1.6842105263157894,is,is,0.00243330783021215,0
5000,2.44827057345472,9.074192457210252,2.155695050313003,6.707788520947548,5000,5000,3415.3944697579104,1.6842105263157894,is,is,0.015405241012343852,1
5000,2.4335609917695766,9.037567396165114,2.6553973507882933,10.117061016923564,5000,5000,3415.3944697579104,1.6842105263157894,is,is,0.017836656573558058,0
5000,0.6519470284472162,8.754530513444111,0.5268208677430757,2.3628484851901423,4250.349279011552,759.6225283466741,3415.3944697579104,1.6842105263157894,uniform,uniform,0.0033242879408332867,0
5000,0.6299048125270215,10.880578863376364,0.7367775362554871,4.260396448287093,3967.80072844702,804.7784164634724,3415.3944697579104,1.6842105263157894,uniform_exact,uniform,0.0,0
5000,0.6870579308218044,13.544762416249597,0.6526846249925458,3.5510233512795795,4720.486003051393,978.6423256088318,3415.3944697579104,1.6842105263157894,uniform,uniform,0.00037992038484968956,0
5000,1.3838458656873216,5.062593836717688,1.4279174564499517,4.706049895185614,5000,2208.1082099118385,3415.3944697579104,1.6842105263157894,uniform_exact,uniform,0.0,0
5000,1.398083832516939,5.098880683600188,1.4711267047669556,5.013392544059252,5000,2251.362172756544,3415.3944697579104,1.6842105263157894,uniform_exact,uniform,0.0,0
5000,1.3909424378180453,5.143704401559593,1.2847277212248362,3.823249132131953,5000,2231.8395544274426,3415.3944697579104,1.6842105263157894,uniform_exact,uniform,0.0,0
5000,1.7911999033758386,5.04722867967325,1.5546375661830985,3.8881612538940673,5000,3578.1000040057165,3415.3944697579104,1.6842105263157894,uniform_exact,is,0.0,0
5000,1.7925498435757545,5.031734118828527,1.6364298515951603,4.122863362806351,5000,3582.67919398956,3415.3944697579104,1.6842105263157894,uniform_exact,is,0.0,0
5000,1.799646793110485,5.033057676968276,2.553078650376101,9.003738041146391,5000,3609.740622118057,3415.3944697579104,1.6842105263157894,is,is,0.005642128987558982,0
1000,0.617599978331471,6.544485015745742,0.4724835626994765,2.288981140242379,1000,635.3522133703194,2770.0098668718365,1.9210526315789473,uniform_exact,uniform,0.0,0
1000,0.7016203194983847,6.4257658382788225,0.7703585941811992,4.362023074092201,1000,748.6133196376052,2770.0098668718365,1.9210526315789473,uniform_exact,uniform,0.0,0
1000,0.633503586176026,5.578210996800821,0.6879098573979257,4.120884302013458,1000,622.3055587995697,2770.0098668718365,1.9210526315789473,uniform_exact,uniform,0.0,0
1000,0.6607087487078306,6.077985671873188,0.8138556637527836,4.547185149422173,1000,677.2686212166315,2770.0098668718365,1.9210526315789473,uniform_exact,uniform,0.0,0
1000,0.6504739835154975,5.5695015501111715,0.6300801748323802,2.5307442697723768,1000,645.0875760346555,2770.0098668718365,1.9210526315789473,uniform_exact,uniform,0.0,0
1000,0.6694892343956219,5.3838442549691585,0.838817714969817,5.281675160397833,1000,665.1267185776958,2770.0098668718365,1.9210526315789473,uniform_exact,uniform,0.0,0
1000,0.6398166324088268,6.140337691272391,0.5975083140492939,4.043117521185901,1000,650.6791989769632,2770.0098668718365,1.9210526315789473,uniform_exact,uniform,0.0,0
1000,0.6645481406412764,5.726033896808133,0.531075310424031,3.305884099241298,1000,670.2286990086395,2770.0098668718365,1.9210526315789473,uniform_exact,uniform,0.0,0
1000,0.6625855174916219,6.889022080403152,0.5098361984989078,2.9868274062696716,1000,708.5478357810049,2770.0098668718365,1.9210526315789473,uniform_exact,uniform,0.0,0
1000,0.6194948810036581,4.431036671722072,0.5970153504869133,3.4259277165310023,1000,563.1847822127821,2770.0098668718365,1.9210526315789473,uniform_exact,uniform,0.0,0
1000,0.6419604984348997,5.780451621515172,0.486432383969956,2.535801231887833,1000,640.8791727435553,2770.0098668718365,1.9210526315789473,uniform_exact,uniform,0.0,0
1000,0.6478534945181104,7.295799872829969,0.5794486419598149,2.6654326891754674,1000,702.4588421607818,2770.0098668718365,1.9210526315789473,uniform_exact,uniform,0.0,0
1000,0.9275708025452007,9.067911114745035,0.9056623108277241,5.911450576080697,1000,1000,2770.0098668718365,1.9210526315789473,uniform_exact,uniform,0.0,0
1000,0.8826442516694574,9.20078801072338,0.38570825132361364,2.3072655801057085,1000,1000,2770.0098668718365,1.9210526315789473,uniform_exact,uniform,0.0,0
1000,0.8944373892679047,9.492564196854993,0.5760074770391146,3.7585627950789373,1000,1000,2770.0098668718365,1.9210526315789473,uniform_exact,uniform,0.0,0
1000,2.1600848596659037,23.591190740265375,2.5994965068056937,18.802976028138033,1000,1000,2770.0098668718365,1.9210526315789473,is,uniform,0.004244123837464514,0
1000,2.186629044024305,23.67565527185168,0.479982521499944,3.0977232434972723,1000,1000,2770.0098668718365,1.9210526315789473,uniform_exact,uniform,0.0,0
1000,2.202788337834508,23.474969597415352,0.6014520802281594,2.693637303849781,1000,1000,2770.0098668718365,1.9210526315789473,uniform_exact,uniform,0.0,1
1000,0.668926440883736,6.047119721303887,0.6678744745432289,3.6136136841594406,1000,687.7568181231449,2770.0098668718365,1.9210526315789473,uniform_exact,uniform,0.0,0
1000,0.6096939094021688,4.754850690421404,0.49248594061183953,2.3529911220353266,1000,561.8565535974923,2770.0098668718365,1.9210526315789473,uniform_exact,uniform,0.0,0
1000,0.619980694353103,5.711189635441723,0.47873463390694093,2.2797832474342363,1000,609.0405737763899,2770.0098668718365,1.9210526315789473,uniform_exact,uniform,0.0,0
1000,1.0363964890753734,8.83629684462703,0.9282391972987893,5.450081482061549,1000,1000,2770.0098668718365,1.9210526315789473,uniform_exact,uniform,0.0,0
1000,1.0808453099122093,9.327938871539764,1.3827923618370739,7.7387921042889225,1000,1000,2770.0098668718365,1.9210526315789473,uniform_exact,uniform,0.0,0
1000,1.0555990939448983,9.079803243418585,0.5080084560699687,2.9266001064353264,1000,1000,2770.0098668718365,1.9210526315789473,uniform_exact,uniform,0.0,0
1000,2.4223349633420703,19.324723385669508,0.5591073433532646,2.826415006690646,1000,1000,2770.0098668718365,1.9210526315789473,uniform_exact,uniform,0.0,1
1000,2.4594205603819232,19.349043540692758,2.3954644598856736,17.17799631598005,1000,1000,2770.0098668718365,1.9210526315789473,is,uniform,0.0022653347143219704,1
1000,2.441556227376376,19.145175988469532,2.562980027559245,11.346396407121699,1000,1000,2770.0098668718365,1.9210526315789473,is,uniform,0.0003344825611032175,1
1000,0.6787566315775071,6.9795351614658365,0.6165991919676251,3.6732455493433136,1000,734.7301064462791,2770.0098668718365,1.9210526315789473,uniform_exact,uniform,0.0,0
1000,0.6273247767797993,5.416408240314115,0.7228742988650831,4.558593160235878,1000,608.3351215613185,2770.0098668718365,1.9210526315789473,uniform_exact,uniform,0.0,0
1000,0.6436184853347732,6.685255422490038,0.5930817239663686,3.3635431028577756,1000,675.097401560128,2770.0098668718365,1.9210526315789473,uniform_exact,uniform,0.0,0
1000,1.322654341020879,7.809373922547658,0.5690818653343916,2.938735338223328,1000,1000,2770.0098668718365,1.9210526315789473,uniform_exact,uniform,0.0,0
1000,1.2985808873964355,8.313744404611858,0.5072261677231282,2.469488078928286,1000,1000,2770.0098668718365,1.9210526315789473,uniform_exact,uniform,0.0,0
1000,1.208561744925839,7.712949719548932,0.93527788619106,6.271998569606833,1000,1000,2770.0098668718365,1.9210526315789473,uniform_exact,uniform,0.0,0
1000,2.507398434602011,12.789785607408268,2.3217067567478984,8.143380061756865,1000,1000,2770.0098668718365,1.9210526315789473,is,uniform,0.004602266719818804,1
1000,2.520669114923294,12.78671987327333,2.276382088191303,8.876754559694836,1000,1000,2770.0098668718365,1.9210526315789473,is,uniform,0.008749981725688834,1
1000,2.49068495781207,12.596211278828237,2.4805372494177353,18.010512637527913,1000,1000,2770.0098668718365,1.9210526315789473,is,uniform,0.015449464135378864,1
1000,0.6524098435515786,7.086241475883487,0.6751776564438221,3.3877783786728943,1000,701.3347232849229,2770.0098668718365,1.9210526315789473,uniform_exact,uniform,0.0,0
1000,0.581167313005821,6.085439413528287,0.4362970941269267,2.6370990820339686,1000,572.85770424497,2770.0098668718365,1.9210526315789473,uniform_exact,uniform,0.0,0
1000,0.6984683097008569,7.200833170425255,0.5098551419341468,2.18940809834812,1000,771.3139441410074,2770.0098668718365,1.9210526315789473,uniform_exact,uniform,0.0,0
1000,1.3537758517722411,6.291632634044208,1.368606112761428,5.7831929158284145,1000,1000,2770.0098668718365,1.9210526315789473,uniform_exact,uniform,0.0,0
1000,1.367532997551312,6.235878482522877,1.2578720428762296,5.33294879966493,1000,1000,2770.0098668718365,1.9210526315789473,uniform_exact,uniform,0.0,0
1000,1.3274574831627268,6.042607423381932,1.4541164567054832,5.656595719226067,1000,1000,2770.0098668718365,1.9210526315789473,uniform_exact,uniform,0.0,0
1000,2.1745485439283283,8.206958182334139,1.8431781574300374,5.514275293241086,1000,1000,2770.0098668718365,1.9210526315789473,uniform_exact,uniform,0.0,0
1000,2.2071501455785794,8.244504029581895,2.3838893384102033,9.122093571808284,1000,1000,2770.0098668718365,1.9210526315789473,is,uniform,0.042603858010604186,1
1000,2.2131805137021714,8.13937339152958,2.4006336792270524,10.994557474585724,1000,1000,2770.0098668718365,1.9210526315789473,is,uniform,0.0052147313946997184,1
1000,0.596226390605092,7.59566327931635,0.5844553069206667,3.363532961766814,1000,644.9903306438464,2770.0098668718365,1.9210526315789473,uniform_exact,uniform,0.0,0
1000,0.5707637716995058,4.76013034379612,0.601592075627399,3.1039986459761346,1000,513.3458044551178,2770.0098668718365,1.9210526315789473,uniform_exact,uniform,0.0,0
1000,0.6082008942884182,5.59710910895369,0.42854540678405795,2.0685464958754225,1000,589.680079419608,2770.0098668718365,1.9210526315789473,uniform_exact,uniform,0.0,0
1000,1.2128763710131376,4.437108297044463,1.1393069905898503,3.3752719005238467,1000,1000,2770.0098668718365,1.9210526315789473,uniform_exact,uniform,0.0,0
1000,1.222022170293529,4.453870144522961,0.9812348252112837,3.110907921678135,1000,1000,2770.0098668718365,1.9210526315789473,uniform_exact,uniform,0.0,0
1000,1.2283430251331136,4.34226493758284,1.0713164226316318,3.1570650663538844,1000,1000,2770.0098668718365,1.9210526315789473,uniform_exact,uniform,0.0,0
1000,1.6822322474532947,4.785774324099834,1.629080542395,4.2735729839260275,1000,1000,2770.0098668718365,1.9210526315789473,uniform_exact,uniform,0.0,0
1000,1.6828609678688584,4.797205593998007,1.3869623297293365,3.3885966809607955,1000,1000,2770.0098668718365,1.9210526315789473,uniform_exact,uniform,0.0,0
1000,1.6824444119691087,4.694431122747657,1.7385001875926065,4.735052065555623,1000,1000,2770.0098668718365,1.9210526315789473,uniform_exact,uniform,0.0,0
2000,0.6437859806065077,7.26494190000632,0.41741346275952806,1.9724778075402594,2000,695.8016540771678,3047.961886276374,1.9210526315789473,uniform,uniform,0.0012724281736500268,0
2000,0.6783226328241753,6.987718128416362,0.8071879474522724,4.280520728625363,2000,734.3950354052101,3047.961886276374,1.9210526315789473,uniform_exact,uniform,0.0,0
2000,0.7008485258315146,10.87323753149392,0.5666948880629464,2.5353977721161183,2000,904.5604323951111,3047.961886276374,1.9210526315789473,uniform_exact,uniform,0.0,0
2000,0.6647636523552978,9.371015606248461,0.34016432345633596,1.863677810075147,2000,799.2807397443189,3047.961886276374,1.9210526315789473,uniform,uniform,0.03119318000837494,0
2000,0.6503303945228937,7.618833107152736,0.6481552842287086,3.3290748311340534,2000,717.2763773531361,3047.961886276374,1.9210526315789473,uniform_exact,uniform,0.0,0
2000,0.7116392058914187,10.837519913683188,0.6328263464689244,3.379577847793609,2000,919.4498867172433,3047.961886276374,1.9210526315789473,uniform_exact,uniform,0.0,0
2000,0.6984542271619008,9.191213698217632,0.7017617907524005,3.779149340133934,2000,841.5975496551691,3047.961886276374,1.9210526315789473,uniform_exact,uniform,0.0,0
2000,0.6531760108020092,9.05950966881119,0.7273942943504401,4.686528223469221,2000,772.0947091795654,3047.961886276374,1.9210526315789473,uniform_exact,uniform,0.0,0
2000,0.6722700999610615,5.917746054892996,0.6529341457470869,3.1374757838533323,2000,687.9391315719704,3047.961886276374,1.9210526315789473,uniform_exact,uniform,0.0,0
2000,0.7041455345419971,8.158001271669198,0.6761888308394484,3.3778069164176867,2000,813.5611982931824,3047.961886276374,1.9210526315789473,uniform_exact,uniform,0.0,0
2000,0.6776575995706522,7.229319530734069,0.5724477478435249,3.8386253832070514,2000,741.9733333176847,3047.961886276374,1.9210526315789473,uniform_exact,uniform,0.0,0
2000,0.6623640231431586,9.28680597708695,0.5814585274695256,3.2745722410027303,2000,792.9316579825959,3047.961886276374,1.9210526315789473,uniform_exact,uniform,0.0,0
2000,0.9816612409123018,11.124163624423396,1.2951748888232228,9.257599629512518,2000,1414.083017984169,3047.961886276374,1.9210526315789473,uniform_exact,uniform,0.0,0
2000,1.019893147231907,10.771710935140439,1.4090043911533898,7.469885785262717,2000,1482.7225254275493,3047.961886276374,1.9210526315789473,uniform_exact,uniform,0.0,0
2000,1.0038984191058524,11.152323945467518,0.7698557941980381,4.713344618673225,2000,1461.8652799715167,3047.961886276374,1.9210526315789473,uniform_exact,uniform,0.0,0
2000,2.485939595674491,27.10730987984548,0.8336417542084241,5.4908626432563485,2000,2000,3047.961886276374,1.9210526315789473,uniform_exact,uniform,0.0,1
2000,2.4574092914423638,26.830979453268434,2.6539848335873906,19.26597091649341,2000,2000,3047.961886276374,1.9210526315789473,is,uniform,0.004537122321121981,1
2000,2.4875934157876274,27.001639859771334,0.8599737931297384,4.724503515737876,2000,2000,3047.961886276374,1.9210526315789473,uniform_exact,uniform,0.0,1
2000,0.6522247884106012,6.7974888408872705,0.6956370846598647,4.407806586536106,2000,690.8795354216088,3047.961886276374,1.9210526315789473,uniform_exact,uniform,0.0,0
2000,0.708592555862065,7.3196862152942685,0.6245858715154865,3.6088041063144187,2000,790.6074475854836,3047.961886276374,1.9210526315789473,uniform_exact,uniform,0.0,0
2000,0.6266465193598646,6.766098028970186,0.7030880548102697,3.175197186046421,2000,655.107760504205,3047.961886276374,1.9210526315789473,uniform_exact,uniform,0.0,0
2000,1.187664640127493,10.482197021947206,0.5425588364475714,2.831430740972908,2000,1864.9588252464846,3047.961886276374,1.9210526315789473,uniform_exact,uniform,0.0,0
2000,1.169122399391696,10.541280528053289,1.233342565747004,8.773165219682761,2000,1820.7383665351958,3047.961886276374,1.9210526315789473,uniform_exact,uniform,0.0,0
2000,1.2297958209577402,10.40504305776103,1.3730503890689518,10.041708054685728,2000,1970.1608002574487,3047.961886276374,1.9210526315789473,uniform_exact,uniform,0.0,0
2000,2.869439534666998,22.1660269939405,2.8242002357530964,20.3957343316636,2000,2000,3047.961886276374,1.9210526315789473,is,uniform,0.00016378206573536787,1
2000,2.804968516663726,22.06499967036417,0.4889973911742009,2.5451339995731623,2000,2000,3047.961886276374,1.9210526315789473,uniform_exact,uniform,0.0,1
2000,2.735942484849644,21.257719756855096,0.6793485946103178,3.5899028725098936,2000,2000,3047.961886276374,1.9210526315789473,uniform_exact,uniform,0.0,1
2000,0.65141260441657,7.2644391200920655,0.7563228936875775,5.234392203148381,2000,706.2512425280808,3047.961886276374,1.9210526315789473,uniform_exact,uniform,0.0,0
2000,0.6410291195607866,6.374989174742897,0.5270166017177033,2.9499935867107383,2000,660.6132527733449,3047.961886276374,1.9210526315789473,uniform_exact,uniform,0.0,0
2000,0.6227487686611384,6.430958934057433,0.6924797257248073,4.205820548437707,2000,638.1095561822503,3047.961886276374,1.9210526315789473,uniform_exact,uniform,0.0,0
2000,1.358269331673104,8.966713358539577,1.3358817404260672,5.5164373622062275,2000,2000,3047.961886276374,1.9210526315789473,uniform_exact,uniform,0.0,0
2000,1.3763076923974027,8.285852764690443,1.491105150204041,6.297805835575324,2000,2000,3047.961886276374,1.9210526315789473,uniform_exact,uniform,0.0,0
2000,1.4611702597146317,9.106720084066147,1.7076260958251732,7.262754972871028,2000,2000,3047.961886276374,1.9210526315789473,uniform_exact,uniform,0.0,0
2000,2.7142794007709448,13.745211635687745,2.5298805187101214,9.83603198411696,2000,2000,3047.961886276374,1.9210526315789473,is,uniform,0.0095121644912715,1
2000,2.726308523162901,13.889554001701725,2.533112751854823,9.869084845394955,2000,2000,3047.961886276374,1.9210526315789473,is,uniform,0.016592304373660716,1
2000,2.7326270401993864,13.72668609604081,2.572601126576445,13.528625810653692,2000,2000,3047.961886276374,1.9210526315789473,is,uniform,0.009062716245784318,1
2000,0.5866904178552818,6.882127609815075,0.5418066286137915,2.7602294254307727,2000,607.833459026285,3047.961886276374,1.9210526315789473,uniform_exact,uniform,0.0,0
2000,0.6805166058317258,7.844182030189697,0.5734386116929948,2.726409072405457,2000,767.8062812379214,3047.961886276374,1.9210526315789473,uniform_exact,uniform,0.0,0
2000,0.6075248895724128,8.488601778181627,0.6528781513817765,3.6233844025301467,2000,690.9428482752027,3047.961886276374,1.9210526315789473,uniform_exact,uniform,0.0,0
2000,1.4612428196080953,6.753627793666996,1.4496746531963254,5.54229643383686,2000,2000,3047.961886276374,1.9210526315789473,uniform_exact,uniform,0.0,0
2000,1.4764441467779024,6.956174126191189,1.6499083058143624,6.167562695766675,2000,2000,3047.961886276374,1.9210526315789473,uniform_exact,uniform,0.0,0
2000,1.4190922443740461,6.741387981806074,1.1257140848787448,7.0280423343574085,2000,2000,3047.961886276374,1.9210526315789473,uniform_exact,uniform,0.0,0
2000,2.301445779003562,8.777361115865295,2.0766341507897175,6.57893772044988,2000,2000,3047.961886276374,1.9210526315789473,is,uniform,0.008193389181928301,0
2000,2.3152827988189686,8.658788130102245,2.607258541653266,10.435650934952195,2000,2000,3047.961886276374,1.9210526315789473,is,uniform,0.006304970223330416,1
2000,2.30933321640677,8.687845653682372,2.3624922730165663,8.448279092748288,2000,2000,3047.961886276374,1.9210526315789473,is,uniform,0.004071759441303613,1
2000,0.5915941849529013,6.747218403782818,0.5062976503431602,2.8087486966886415,2000,609.1909512319154,3047.961886276374,1.9210526315789473,uniform_exact,uniform,0.0,0
2000,0.5845956482433441,7.133862103294786,0.42718210175110427,2.302252717887718,2000,614.1252907176902,3047.961886276374,1.9210526315789473,uniform,uniform,0.0032876473538004376,0
2000,0.6364016724628121,6.162099158324124,0.6083991142510171,3.8771666079743174,2000,646.8295982407201,3047.961886276374,1.9210526315789473,uniform_exact,uniform,0.0,0
2000,1.2983740571519216,4.789065542177101,1.2972651438421563,4.23036407091545,2000,1955.5143230204017,3047.961886276374,1.9210526315789473,uniform_exact,uniform,0.0,0
2000,1.3147579288921611,4.448881049791875,1.0732763718590392,2.827169026335072,2000,1988.865891661483,3047.961886276374,1.9210526315789473,uniform_exact,uniform,0.0,0
2000,1.3083480127020897,4.637299734571176,1.0717719587797943,2.906185651023119,2000,1977.704173984409,3047.961886276374,1.9210526315789473,uniform_exact,uniform,0.0,0
2000,1.7372109637686688,4.909762302581473,1.544599570274389,3.873939143267233,2000,2000,3047.961886276374,1.9210526315789473,uniform_exact,uniform,0.0,0
2000,1.7421178180833923,4.869082529210165,1.3353288698634853,3.0436570738781294,2000,2000,3047.961886276374,1.9210526315789473,uniform_exact,uniform,0.0,0
2000,1.7399890427199698,4.970317505328127,1.8111299070025448,5.294519234312423,2000,2000,3047.961886276374,1.9210526315789473,uniform_exact,uniform,0.0,0
5000,0.7224807944290408,9.893139619301449,0.8010238722151243,5.036099732902473,5000,902.5681715523135,3415.3944697579104,1.9210526315789473,uniform_exact,uniform,0.0,0
5000,0.6783674416504732,9.248645932905605,0.5851919676262911,3.1120178553558207,4601.823858914082,814.3202078120423,3415.3944697579104,1.9210526315789473,uniform,uniform,0.006913310274639352,0
5000,0.6974014263102107,8.500077009248255,0.6452749011167787,3.9217400572715735,4863.687494195162,815.627902553106,3415.3944697579104,1.9210526315789473,uniform,uniform,0.009319618041045473,0
5000,0.6966704990056833,11.78855723114979,0.42574952946879285,2.214163866133653,4853.497841848277,930.7042214416718,3415.3944697579104,1.9210526315789473,uniform,uniform,0.008187357540145197,0
5000,0.7020645774986704,10.493395057863204,0.801218551416488,5.428854296079234,4928.946709783864,892.9513941522594,3415.3944697579104,1.9210526315789473,uniform_exact,uniform,0.0,0
5000,0.6964872202949357,12.14043386833435,0.4937584618486692,2.4421768798425485,4850.944480341662,942.8626783672503,3415.3944697579104,1.9210526315789473,uniform,uniform,0.002396735527917919,0
5000,0.6923142098960464,10.791047985600459,0.706463062293935,4.842972211670875,4792.989652239869,889.0582525453514,3415.3944697579104,1.9210526315789473,uniform,uniform,0.00011512335062574186,0
5000,0.6749404683005831,10.377327086148796,0.8305804768987654,5.233740148602123,4555.446357498104,849.2731597588138,3415.3944697579104,1.9210526315789473,uniform_exact,uniform,0.0,0
5000,0.7043250568842707,9.485986571983513,0.6700092815665251,3.686360127687864,4960.737857550311,860.736386785567,3415.3944697579104,1.9210526315789473,uniform,uniform,0.002080087898618243,0
5000,0.7278048746693839,12.570758348270179,0.5846310669681626,3.413035908630745,5000,1005.3294553439663,3415.3944697579104,1.9210526315789473,uniform,uniform,0.0011117931443624146,0
5000,0.6959390046794844,8.19052749199074,0.5058347290460161,2.932758112186216,4843.310982342714,802.5347341334756,3415.3944697579104,1.9210526315789473,uniform,uniform,0.014886142020114254,0
5000,0.7275752487361427,11.991683623295147,0.5579035571431397,2.484182948655338,5000,984.5211787295407,3415.3944697579104,1.9210526315789473,uniform,uniform,0.009851433083590459,0
5000,1.1514945012448503,13.921170970329356,0.8616081688273634,5.051414311199084,5000,1896.7749602854858,3415.3944697579104,1.9210526315789473,uniform_exact,uniform,0.0,0
5000,1.1000620070210954,13.282787825099584,0.5356278274044091,2.5219837447508966,5000,1751.5135306439688,3415.3944697579104,1.9210526315789473,uniform,uniform,0.0034825117209459516,0
5000,1.169644960173019,14.047324928197764,1.3778862289188714,9.229792235818223,5000,1945.8743384555728,3415.3944697579104,1.9210526315789473,uniform_exact,uniform,0.0,0
5000,3.012040993380712,33.184170841399485,3.4074766248866957,24.438080649967088,5000,5000,3415.3944697579104,1.9210526315789473,is,is,0.011178977287013246,1
5000,3.05512119238724,33.62125804296652,0.7027061115339733,4.018101950830376,5000,5000,3415.3944697579104,1.9210526315789473,uniform,is,0.0020091514271478234,1
5000,3.0106207049135034,32.90968384374054,3.240596680925081,23.329120282383442,5000,5000,3415.3944697579104,1.9210526315789473,is,is,0.004887695403909532,1
5000,0.6966747062003946,7.519776239119451,0.5362650946199956,2.4116177082019083,4853.5564625940615,779.9280568408838,3415.3944697579104,1.9210526315789473,uniform,uniform,0.009293778372479237,0
5000,0.7118330565326979,11.001515450812754,0.7934607617880799,4.501544993752461,5000,925.5349606766966,3415.3944697579104,1.9210526315789473,uniform_exact,uniform,0.0,0
5000,0.65806351816426,9.25657713996702,0.7659896711404746,5.107572623401071,4330.475939387233,785.8466069380014,3415.3944697579104,1.9210526315789473,uniform_exact,uniform,0.0,0
5000,1.324498034040619,12.321985384365552,0.6280250421100576,4.359371369830264,5000,2294.2009719524963,3415.3944697579104,1.9210526315789473,uniform,uniform,0.005934499618495304,0
5000,1.3258723349377788,12.187571001132723,0.7478151835228627,4.523479336755851,5000,2293.3128965373376,3415.3944697579104,1.9210526315789473,uniform_exact,uniform,0.0,0
5000,1.3582145587406718,12.411829353085658,1.550550164881061,7.700339000124435,5000,2393.222861712485,3415.3944697579104,1.9210526315789473,uniform_exact,uniform,0.0,0
5000,3.273305510801266,25.581420388004364,0.6145751321768541,4.239914475237903,5000,5000,3415.3944697579104,1.9210526315789473,uniform,is,0.03205912052292527,1
5000,3.270192893939796,25.42383972037984,3.4034289077479105,24.34751993529567,5000,5000,3415.3944697579104,1.9210526315789473,is,is,0.011394758605811432,1
5000,3.2584141459449203,25.386482551776233,0.6886595411883601,3.8411640656961668,5000,5000,3415.3944697579104,1.9210526315789473,uniform,is,0.020814348116820317,1
5000,0.6808824421638225,9.063293680601529,0.5810989990832333,2.5357407408976784,4636.00900046971,811.3956486802743,3415.3944697579104,1.9210526315789473,uniform,uniform,0.007898397268429301,0
5000,0.6814735797847691,8.168079323694936,0.7000411561825373,3.7931263424108796,4644.06239944668,780.6281727935872,3415.3944697579104,1.9210526315789473,uniform,uniform,0.00046634383181114967,0
5000,0.6730762768779296,7.51328610662532,0.8360340548652448,4.447867458398413,4530.316744958553,745.4462794393922,3415.3944697579104,1.9210526315789473,uniform_exact,uniform,0.0,0
5000,1.5610511723927194,9.482297366454727,1.7103420415676613,6.911027447103136,5000,2917.208338590139,3415.3944697579104,1.9210526315789473,uniform_exact,uniform,0.0,0
5000,1.5983515327881193,10.05179141412876,0.5541385547588568,2.9806443987369504,5000,3062.202085772467,3415.3944697579104,1.9210526315789473,uniform,uniform,0.007130871766054935,0
5000,1.564054233622819,9.903368559014538,0.4356198871497176,2.4270497941759643,5000,2942.026281598381,3415.3944697579104,1.9210526315789473,uniform,uniform,0.01329450327576204,0
5000,3.0064614329892705,15.45576789854595,3.4478281204787677,24.819354340810964,5000,5000,3415.3944697579104,1.9210526315789473,is,is,0.00523336687053305,1
5000,2.975958669383625,15.516826552718598,3.059631778029653,16.466780340355648,5000,5000,3415.3944697579104,1.9210526315789473,is,is,0.007610585522020538,1
5000,2.994754765488841,15.286751648815459,2.8821773227426224,13.721907549524758,5000,5000,3415.3944697579104,1.9210526315789473,is,is,0.006043512977460393,1
5000,0.6452892873409604,7.975916618900835,0.8678467852344989,5.7275078860506445,4163.982643570044,722.9682813290447,3415.3944697579104,1.9210526315789473,uniform_exact,uniform,0.0,0
5000,0.6342794906340355,7.439749972949388,0.823600375462202,5.602991906083131,4023.1047223897153,689.1014222579303,3415.3944697579104,1.9210526315789473,uniform_exact,uniform,0.0,0
5000,0.6753511690743486,10.273263459798766,0.6030094326526855,3.549132492748644,4560.992015700892,846.1850654440004,3415.3944697579104,1.9210526315789473,uniform,uniform,0.0028101479280571006,0
5000,1.5642034237759075,7.461215325213151,1.7149421295030882,6.287231000239114,5000,2856.258812823272,3415.3944697579104,1.9210526315789473,uniform_exact,uniform,0.0,0
5000,1.6069129255861263,7.627573339463385,1.631492585313241,6.497758767740836,5000,3005.6523591964697,3415.3944697579104,1.9210526315789473,uniform_exact,uniform,0.0,0
5000,1.5835535573326203,7.463665704236842,1.280984088524354,7.224097951338623,5000,2920.888956784179,3415.3944697579104,1.9210526315789473,uniform_exact,uniform,0.0,0
5000,2.4387528204411435,9.085143647908605,2.17902939752191,6.613861343094642,5000,5000,3415.3944697579104,1.9210526315789473,is,is,0.006659570205365957,0
5000,2.44827057345472,9.074192457210252,2.9983006489230943,12.95865100360009,5000,5000,3415.3944697579104,1.9210526315789473,is,is,0.01268604162889332,1
5000,2.4335609917695766,9.037567396165114,3.565679952668738,25.634630168697438,5000,5000,3415.3944697579104,1.9210526315789473,is,is,0.007714133765047205,0
5000,0.6519470284472162,8.754530513444111,0.6151144188582873,3.621570195376452,4250.349279011552,759.6225283466741,3415.3944697579104,1.9210526315789473,uniform,uniform,0.004381870690573033,0
5000,0.6299048125270215,10.880578863376364,0.5457375507780943,2.6466105581135335,3967.80072844702,804.7784164634724,3415.3944697579104,1.9210526315789473,uniform,uniform,0.011680852295429457,0
5000,0.6870579308218044,13.544762416249597,0.529566984894997,2.938381910816715,4720.486003051393,978.6423256088318,3415.3944697579104,1.9210526315789473,uniform,uniform,0.005877365197768624,0
5000,1.3838458656873216,5.062593836717688,1.3358349802937908,3.97468023115645,5000,2208.1082099118385,3415.3944697579104,1.9210526315789473,uniform_exact,uniform,0.0,0
5000,1.398083832516939,5.098880683600188,1.3334831263236782,4.06550305885612,5000,2251.362172756544,3415.3944697579104,1.9210526315789473,uniform_exact,uniform,0.0,0
5000,1.3909424378180453,5.143704401559593,1.1841202839498257,3.4752062949865126,5000,2231.8395544274426,3415.3944697579104,1.9210526315789473,uniform_exact,uniform,0.0,0
5000,1.7911999033758386,5.04722867967325,1.8243097572455267,4.807406295583391,5000,3578.1000040057165,3415.3944697579104,1.9210526315789473,uniform_exact,is,0.0,0
5000,1.7925498435757545,5.031734118828527,1.8561732326053622,4.993126162320557,5000,3582.67919398956,3415.3944697579104,1.9210526315789473,uniform_exact,is,0.0,0
5000,1.799646793110485,5.033057676968276,1.2799138118631197,2.828779052222836,5000,3609.740622118057,3415.3944697579104,1.9210526315789473,uniform_exact,is,0.0,0
1000,0.617599978331471,6.544485015745742,0.4989797121420554,2.088770763792398,1000,635.3522133703194,2770.0098668718365,2.1578947368421053,uniform_exact,uniform,0.0,0
1000,0.7016203194983847,6.4257658382788225,0.5065543252579919,2.9969808535841698,1000,748.6133196376052,2770.0098668718365,2.1578947368421053,uniform_exact,uniform,0.0,0
1000,0.633503586176026,5.578210996800821,0.739103975054263,4.470807314197216,1000,622.3055587995697,2770.0098668718365,2.1578947368421053,uniform_exact,uniform,0.0,0
1000,0.6607087487078306,6.077985671873188,0.46203646220981603,2.2352990470457628,1000,677.2686212166315,2770.0098668718365,2.1578947368421053,uniform_exact,uniform,0.0,0
1000,0.6504739835154975,5.5695015501111715,0.593895542125181,3.405031973811377,1000,645.0875760346555,2770.0098668718365,2.1578947368421053,uniform_exact,uniform,0.0,0
1000,0.6694892343956219,5.3838442549691585,0.5684218631578325,2.7845991586506313,1000,665.1267185776958,2770.0098668718365,2.1578947368421053,uniform_exact,uniform,0.0,0
1000,0.6398166324088268,6.140337691272391,0.8905265157856551,5.533526729579853,1000,650.6791989769632,2770.0098668718365,2.1578947368421053,uniform_exact,uniform,0.0,0
1000,0.6645481406412764,5.726033896808133,0.665637408651697,3.940986608696741,1000,670.2286990086395,2770.0098668718365,2.1578947368421053,uniform_exact,uniform,0.0,0
1000,0.6625855174916219,6.889022080403152,0.5596087574928944,2.8137567802934202,1000,708.5478357810049,2770.0098668718365,2.1578947368421053,uniform_exact,uniform,0.0,0
1000,0.6194948810036581,4.431036671722072,0.7270306410469776,3.496748649518481,1000,563.1847822127821,2770.0098668718365,2.1578947368421053,uniform_exact,uniform,0.0,0
1000,0.6419604984348997,5.780451621515172,0.7917827575210907,5.157826810240281,1000,640.8791727435553,2770.0098668718365,2.1578947368421053,uniform_exact,uniform,0.0,0
1000,0.6478534945181104,7.295799872829969,0.6167487604843862,2.7530389463402245,1000,702.4588421607818,2770.0098668718365,2.1578947368421053,uniform_exact,uniform,0.0,0
1000,0.9275708025452007,9.067911114745035,0.5247631566925771,3.205324342970172,1000,1000,2770.0098668718365,2.1578947368421053,uniform_exact,uniform,0.0,0
1000,0.8826442516694574,9.20078801072338,1.2777667630145417,9.232458429923849,1000,1000,2770.0098668718365,2.1578947368421053,uniform_exact,uniform,0.0,0
1000,0.8944373892679047,9.492564196854993,0.5750584526201798,2.9344020204162478,1000,1000,2770.0098668718365,2.1578947368421053,uniform_exact,uniform,0.0,0
1000,2.1600848596659037,23.591190740265375,2.7369415440038245,19.734293452648892,1000,1000,2770.0098668718365,2.1578947368421053,is,uniform,0.02051220831081251,0
1000,2.186629044024305,23.67565527185168,0.5500538657189603,2.9317746700018947,1000,1000,2770.0098668718365,2.1578947368421053,uniform_exact,uniform,0.0,0
1000,2.202788337834508,23.474969597415352,0.6125643110505237,2.9380522395996014,1000,1000,2770.0098668718365,2.1578947368421053,uniform_exact,uniform,0.0,1
1000,0.668926440883736,6.047119721303887,0.5733625603153341,2.6268239490722376,1000,687.7568181231449,2770.0098668718365,2.1578947368421053,uniform_exact,uniform,0.0,0
1000,0.6096939094021688,4.754850690421404,0.5880324426616326,3.0589254250573052,1000,561.8565535974923,2770.0098668718365,2.1578947368421053,uniform_exact,uniform,0.0,0
1000,0.619980694353103,5.711189635441723,0.589948834834199,2.953831997353831,1000,609.0405737763899,2770.0098668718365,2.1578947368421053,uniform_exact,uniform,0.0,0
1000,1.0363964890753734,8.83629684462703,0.9158808325174262,6.452164581071841,1000,1000,2770.0098668718365,2.1578947368421053,uniform_exact,uniform,0.0,0
1000,1.0808453099122093,9.327938871539764,1.362490291729661,9.717892637236965,1000,1000,2770.0098668718365,2.1578947368421053,uniform_exact,uniform,0.0,0
1000,1.0555990939448983,9.079803243418585,1.0312345623381052,5.391588112121377,1000,1000,2770.0098668718365,2.1578947368421053,uniform_exact,uniform,0.0,0
1000,2.4223349633420703,19.324723385669508,2.2771965460684735,16.474707735940857,1000,1000,2770.0098668718365,2.1578947368421053,is,uniform,0.011615550506557533,1
1000,2.4594205603819232,19.349043540692758,0.7381072743550016,4.7841327985684,1000,1000,2770.0098668718365,2.1578947368421053,uniform_exact,uniform,0.0,1
1000,2.441556227376376,19.145175988469532,0.5041700417352684,2.132594988165258,1000,1000,2770.0098668718365,2.1578947368421053,uniform_exact,uniform,0.0,1
1000,0.6787566315775071,6.9795351614658365,0.5290623592531256,2.4386141944393476,1000,734.7301064462791,2770.0098668718365,2.1578947368421053,uniform_exact,uniform,0.0,0
1000,0.6273247767797993,5.416408240314115,0.6488895050050753,3.4192185570757463,1000,608.3351215613185,2770.0098668718365,2.1578947368421053,uniform_exact,uniform,0.0,0
1000,0.6436184853347732,6.685255422490038,0.8026623709003666,4.568302315112604,1000,675.097401560128,2770.0098668718365,2.1578947368421053,uniform_exact,uniform,0.0,0
1000,1.322654341020879,7.809373922547658,1.4850043140490505,6.416282246041703,1000,1000,2770.0098668718365,2.1578947368421053,uniform_exact,uniform,0.0,0
1000,1.2985808873964355,8.313744404611858,1.3640819631115892,5.479988649916645,1000,1000,2770.0098668718365,2.1578947368421053,uniform_exact,uniform,0.0,0
1000,1.208561744925839,7.712949719548932,1.0242874125532766,7.1854843195392,1000,1000,2770.0098668718365,2.1578947368421053,uniform_exact,uniform,0.0,0
1000,2.507398434602011,12.789785607408268,2.4720383448089818,13.241542303548554,1000,1000,2770.0098668718365,2.1578947368421053,is,uniform,0.03161047648479347,1
1000,2.520669114923294,12.78671987327333,2.4988400286494916,11.18817493154864,1000,1000,2770.0098668718365,2.1578947368421053,is,uniform,0.003913043249107107,1
1000,2.49068495781207,12.596211278828237,2.7492195582348544,14.277930226481711,1000,1000,2770.0098668718365,2.1578947368421053,is,uniform,0.010483981383218694,1
1000,0.6524098435515786,7.086241475883487,0.45793148637801123,2.257598309753965,1000,701.3347232849229,2770.0098668718365,2.1578947368421053,uniform_exact,uniform,0.0,0
1000,0.581167313005821,6.085439413528287,0.45063645493110627,2.2519228460002183,1000,572.85770424497,2770.0098668718365,2.1578947368421053,uniform_exact,uniform,0.0,0
1000,0.6984683097008569,7.200833170425255,0.6024605216233382,3.6233862980226275,1000,771.3139441410074,2770.0098668718365,2.1578947368421053,uniform_exact,uniform,0.0,0
1000,1.3537758517722411,6.291632634044208,1.425757694738298,5.699270160938066,1000,1000,2770.0098668718365,2.1578947368421053,uniform_exact,uniform,0.0,0
1000,1.367532997551312,6.235878482522877,1.3700052209152658,5.544258943610027,1000,1000,2770.0098668718365,2.1578947368421053,uniform_exact,uniform,0.0,0
1000,1.3274574831627268,6.042607423381932,1.2278970236773337,5.093408843104852,1000,1000,2770.0098668718365,2.1578947368421053,uniform_exact,uniform,0.0,0
1000,2.1745485439283283,8.206958182334139,2.111975311491101,6.8846286656339055,1000,1000,2770.0098668718365,2.1578947368421053,uniform_exact,uniform,0.0,0
1000,2.2071501455785794,8.244504029581895,2.521298490241242,11.371943668543873,1000,1000,2770.0098668718365,2.1578947368421053,is,uniform,0.02002056534215505,1
1000,2.2131805137021714,8.13937339152958,2.2330752740468793,7.775814828921754,1000,1000,2770.0098668718365,2.1578947368421053,is,uniform,0.012476715873687311,1
1000,0.596226390605092,7.59566327931635,0.4644789685522657,2.6526499461054205,1000,644.9903306438464,2770.0098668718365,2.1578947368421053,uniform_exact,uniform,0.0,0
1000,0.5707637716995058,4.76013034379612,0.7090647614691221,4.616970899768809,1000,513.3458044551178,2770.0098668718365,2.1578947368421053,uniform_exact,uniform,0.0,0
1000,0.6082008942884182,5.59710910895369,0.44961397495736605,2.428270472580003,1000,589.680079419608,2770.0098668718365,2.1578947368421053,uniform_exact,uniform,0.0,0
1000,1.2128763710131376,4.437108297044463,1.3704295394801185,4.610847702715478,1000,1000,2770.0098668718365,2.1578947368421053,uniform_exact,uniform,0.0,0
1000,1.222022170293529,4.453870144522961,1.1997100401534124,4.779371559551556,1000,1000,2770.0098668718365,2.1578947368421053,uniform_exact,uniform,0.0,0
1000,1.2283430251331136,4.34226493758284,1.1222893102607119,3.2382268910660996,1000,1000,2770.0098668718365,2.1578947368421053,uniform_exact,uniform,0.0,0
1000,1.6822322474532947,4.785774324099834,1.6171164334395405,4.182254271241394,1000,1000,2770.0098668718365,2.1578947368421053,uniform_exact,uniform,0.0,0
1000,1.6828609678688584,4.797205593998007,1.8805772070785014,5.463205022393017,1000,1000,2770.0098668718365,2.1578947368421053,uniform_exact,uniform,0.0,0
1000,1.6824444119691087,4.694431122747657,1.762513854026115,5.028503560586115,1000,1000,2770.0098668718365,2.1578947368421053,uniform_exact,uniform,0.0,0
2000,0.6437859806065077,7.26494190000632,0.5984896215790162,3.4582780830093647,2000,695.8016540771678,3047.961886276374,2.1578947368421053,uniform_exact,uniform,0.0,0
2000,0.6783226328241753,6.987718128416362,0.6589528028444125,3.8546987819913405,2000,734.3950354052101,3047.961886276374,2.1578947368421053,uniform_exact,uniform,0.0,0
2000,0.7008485258315146,10.87323753149392,0.7021176412631016,4.049373013298706,2000,904.5604323951111,3047.961886276374,2.1578947368421053,uniform_exact,uniform,0.0,0
2000,0.6647636523552978,9.371015606248461,0.4869649449580891,2.1963938978158613,2000,799.2807397443189,3047.961886276374,2.1578947368421053,uniform_exact,uniform,0.0,0
2000,0.6503303945228937,7.618833107152736,0.8058248666721809,5.2520066032809805,2000,717.2763773531361,3047.961886276374,2.1578947368421053,uniform_exact,uniform,0.0,0
2000,0.7116392058914187,10.837519913683188,0.5495692249142122,3.689576145037634,2000,919.4498867172433,3047.961886276374,2.1578947368421053,uniform_exact,uniform,0.0,0
2000,0.6984542271619008,9.191213698217632,0.5906633179668379,2.9601376498736314,2000,841.5975496551691,3047.961886276374,2.1578947368421053,uniform_exact,uniform,0.0,0
2000,0.6531760108020092,9.05950966881119,0.5520952009605011,2.6836973085198252,2000,772.0947091795654,3047.961886276374,2.1578947368421053,uniform_exact,uniform,0.0,0
2000,0.6722700999610615,5.917746054892996,0.7269990881870105,4.05014792290399,2000,687.9391315719704,3047.961886276374,2.1578947368421053,uniform_exact,uniform,0.0,0
2000,0.7041455345419971,8.158001271669198,0.6319254051894243,3.799571464965174,2000,813.5611982931824,3047.961886276374,2.1578947368421053,uniform_exact,uniform,0.0,0
2000,0.6776575995706522,7.229319530734069,0.5149196959196202,2.53618308100024,2000,741.9733333176847,3047.961886276374,2.1578947368421053,uniform_exact,uniform,0.0,0
2000,0.6623640231431586,9.28680597708695,1.1899285611517738,8.256884486280626,2000,792.9316579825959,3047.961886276374,2.1578947368421053,uniform_exact,uniform,0.0,0
2000,0.9816612409123018,11.124163624423396,0.5547380654800552,3.1934638715068093,2000,1414.083017984169,3047.961886276374,2.1578947368421053,uniform_exact,uniform,0.0,0
2000,1.019893147231907,10.771710935140439,0.6901839592511587,3.29640955491597,2000,1482.7225254275493,3047.961886276374,2.1578947368421053,uniform_exact,uniform,0.0,0
2000,1.0038984191058524,11.152323945467518,0.7306089985007684,4.145115395098725,2000,1461.8652799715167,3047.961886276374,2.1578947368421053,uniform_exact,uniform,0.0,0
2000,2.485939595674491,27.10730987984548,0.5186877989924379,2.5385126267837457,2000,2000,3047.961886276374,2.1578947368421053,uniform_exact,uniform,0.0,1
2000,2.4574092914423638,26.830979453268434,0.6212728536095949,3.4733640993872177,2000,2000,3047.961886276374,2.1578947368421053,uniform_exact,uniform,0.0,1
2000,2.4875934157876274,27.001639859771334,0.6683051951867537,3.9433321875834246,2000,2000,3047.961886276374,2.1578947368421053,uniform_exact,uniform,0.0,1
2000,0.6522247884106012,6.7974888408872705,0.7325507040747128,4.5901604478285964,2000,690.8795354216088,3047.961886276374,2.1578947368421053,uniform_exact,uniform,0.0,0
2000,0.708592555862065,7.3196862152942685,0.4607561132380732,1.8979420159438782,2000,790.6074475854836,3047.961886276374,2.1578947368421053,uniform_exact,uniform,0.0,0
2000,0.6266465193598646,6.766098028970186,0.46771832001980146,2.654461510182465,2000,655.107760504205,3047.961886276374,2.1578947368421053,uniform_exact,uniform,0.0,0
2000,1.187664640127493,10.482197021947206,1.2871175851018295,8.514202889459499,2000,1864.9588252464846,3047.961886276374,2.1578947368421053,uniform_exact,uniform,0.0,0
2000,1.169122399391696,10.541280528053289,1.249900106963537,9.146994425529849,2000,1820.7383665351958,3047.961886276374,2.1578947368421053,uniform_exact,uniform,0.0,0
2000,1.2297958209577402,10.40504305776103,1.326655804070892,9.750025691158053,2000,1970.1608002574487,3047.961886276374,2.1578947368421053,uniform_exact,uniform,0.0,0
2000,2.869439534666998,22.1660269939405,2.768411906512772,14.662154091626496,2000,2000,3047.961886276374,2.1578947368421053,is,uniform,0.003714340869680464,1
2000,2.804968516663726,22.06499967036417,0.4050599639990131,2.107943728839039,2000,2000,3047.961886276374,2.1578947368421053,uniform,uniform,0.010558877576758973,1
2000,2.735942484849644,21.257719756855096,0.676356880540233,4.061478801415559,2000,2000,3047.961886276374,2.1578947368421053,uniform_exact,uniform,0.0,1
2000,0.65141260441657,7.2644391200920655,0.4497325877155641,2.1942543922353215,2000,706.2512425280808,3047.961886276374,2.1578947368421053,uniform_exact,uniform,0.0,0
2000,0.6410291195607866,6.374989174742897,0.5764088265094913,3.7734287094903785,2000,660.6132527733449,3047.961886276374,2.1578947368421053,uniform_exact,uniform,0.0,0
2000,0.6227487686611384,6.430958934057433,0.5962985423883972,3.6701417556356613,2000,638.1095561822503,3047.961886276374,2.1578947368421053,uniform_exact,uniform,0.0,0
2000,1.358269331673104,8.966713358539577,1.542198321054144,6.867577694753405,2000,2000,3047.961886276374,2.1578947368421053,uniform_exact,uniform,0.0,0
2000,1.3763076923974027,8.285852764690443,1.1140728643776965,8.06311687105541,2000,2000,3047.961886276374,2.1578947368421053,uniform_exact,uniform,0.0,0
2000,1.4611702597146317,9.106720084066147,0.8386109003691904,5.8440470296747415,2000,2000,3047.961886276374,2.1578947368421053,uniform_exact,uniform,0.0,0
2000,2.7142794007709448,13.745211635687745,2.8097039281330094,14.67246740744481,2000,2000,3047.961886276374,2.1578947368421053,is,uniform,0.00058191966602841,1
2000,2.726308523162901,13.889554001701725,2.8814637849659754,20.858445874071116,2000,2000,3047.961886276374,2.1578947368421053,is,uniform,0.0238603109742569,1
2000,2.7326270401993864,13.72668609604081,2.4897765089131827,9.719376541962788,2000,2000,3047.961886276374,2.1578947368421053,is,uniform,0.002077979436214331,1
2000,0.5866904178552818,6.882127609815075,0.5663302518196303,2.708762110536789,2000,607.833459026285,3047.961886276374,2.1578947368421053,uniform_exact,uniform,0.0,0
2000,0.6805166058317258,7.844182030189697,0.8544630766360575,4.4098329828597524,2000,767.8062812379214,3047.961886276374,2.1578947368421053,uniform_exact,uniform,0.0,0
2000,0.6075248895724128,8.488601778181627,0.8810895667698535,5.743853550258269,2000,690.9428482752027,3047.961886276374,2.1578947368421053,uniform_exact,uniform,0.0,0
2000,1.4612428196080953,6.753627793666996,1.495557246012422,6.483238901717154,2000,2000,3047.961886276374,2.1578947368421053,uniform_exact,uniform,0.0,0
2000,1.4764441467779024,6.956174126191189,1.4467964898285837,6.407479794656082,2000,2000,3047.961886276374,2.1578947368421053,uniform_exact,uniform,0.0,0
2000,1.4190922443740461,6.741387981806074,1.3622260844522374,5.553515967609343,2000,2000,3047.961886276374,2.1578947368421053,uniform_exact,uniform,0.0,0
2000,2.301445779003562,8.777361115865295,2.204860998951982,7.273958406249124,2000,2000,3047.961886276374,2.1578947368421053,is,uniform,0.0029818552986768366,0
2000,2.3152827988189686,8.658788130102245,2.344236697798075,8.115179442892337,2000,2000,3047.961886276374,2.1578947368421053,is,uniform,0.00593427131952771,1
2000,2.30933321640677,8.687845653682372,2.5655948681979206,10.257270334456328,2000,2000,3047.961886276374,2.1578947368421053,is,uniform,0.0015483971308010219,1
2000,0.5915941849529013,6.747218403782818,0.47594619353840245,2.965088621668461,2000,609.1909512319154,3047.961886276374,2.1578947368421053,uniform_exact,uniform,0.0,0
2000,0.5845956482433441,7.133862103294786,0.4970630153352572,3.0219488973115927,2000,614.1252907176902,3047.961886276374,2.1578947368421053,uniform_exact,uniform,0.0,0
2000,0.6364016724628121,6.162099158324124,0.8302285263770346,5.054763129339202,2000,646.8295982407201,3047.961886276374,2.1578947368421053,uniform_exact,uniform,0.0,0
2000,1.2983740571519216,4.789065542177101,1.2319935294764282,4.160823037809255,2000,1955.5143230204017,3047.961886276374,2.1578947368421053,uniform_exact,uniform,0.0,0
2000,1.3147579288921611,4.448881049791875,1.2835936366010672,4.1969673398993175,2000,1988.865891661483,3047.961886276374,2.1578947368421053,uniform_exact,uniform,0.0,0
2000,1.3083480127020897,4.637299734571176,1.3776679425117102,4.950556360729774,2000,1977.704173984409,3047.961886276374,2.1578947368421053,uniform_exact,uniform,0.0,0
2000,1.7372109637686688,4.909762302581473,1.6713772294188025,4.3638806782450335,2000,2000,3047.961886276374,2.1578947368421053,uniform_exact,uniform,0.0,0
2000,1.7421178180833923,4.869082529210165,1.8387824990759474,5.137199731658644,2000,2000,3047.961886276374,2.1578947368421053,uniform_exact,uniform,0.0,0
2000,1.7399890427199698,4.970317505328127,1.4106520477735969,3.410947258914521,2000,2000,3047.961886276374,2.1578947368421053,uniform_exact,uniform,0.0,0
5000,0.7224807944290408,9.893139619301449,0.6072992434677841,3.8001857630213367,5000,902.5681715523135,3415.3944697579104,2.1578947368421053,uniform,uniform,0.005214580693023348,0
5000,0.6783674416504732,9.248645932905605,1.1580291335576627,7.2696551890297645,4601.823858914082,814.3202078120423,3415.3944697579104,2.1578947368421053,uniform_exact,uniform,0.0,0
5000,0.6974014263102107,8.500077009248255,0.8485468412131031,4.330969350633282,4863.687494195162,815.627902553106,3415.3944697579104,2.1578947368421053,uniform_exact,uniform,0.0,0
5000,0.6966704990056833,11.78855723114979,0.7466424179772786,5.054965999842761,4853.497841848277,930.7042214416718,3415.3944697579104,2.1578947368421053,uniform_exact,uniform,0.0,0
5000,0.7020645774986704,10.493395057863204,0.7873545119433879,4.597297176664881,4928.946709783864,892.9513941522594,3415.3944697579104,2.1578947368421053,uniform_exact,uniform,0.0,0
5000,0.6964872202949357,12.14043386833435,0.5160918101282679,2.68212295269849,4850.944480341662,942.8626783672503,3415.3944697579104,2.1578947368421053,uniform,uniform,0.0066166006298671665,0
5000,0.6923142098960464,10.791047985600459,0.7277746863085656,4.034726146382538,4792.989652239869,889.0582525453514,3415.3944697579104,2.1578947368421053,uniform_exact,uniform,0.0,0
5000,0.6749404683005831,10.377327086148796,0.6094986329162746,3.4103149528580907,4555.446357498104,849.2731597588138,3415.3944697579104,2.1578947368421053,uniform,uniform,0.0086744017898488,0
5000,0.7043250568842707,9.485986571983513,0.5833097665083372,2.4818032328262394,4960.737857550311,860.736386785567,3415.3944697579104,2.1578947368421053,uniform,uniform,0.007776305566595891,0
5000,0.7278048746693839,12.570758348270179,0.5876014426889516,3.2467067330447077,5000,1005.3294553439663,3415.3944697579104,2.1578947368421053,uniform,uniform,0.007474402929133148,0
5000,0.6959390046794844,8.19052749199074,1.0506295952210665,6.080496012069204,4843.310982342714,802.5347341334756,3415.3944697579104,2.1578947368421053,uniform_exact,uniform,0.0,0
5000,0.7275752487361427,11.991683623295147,0.5285801749561378,2.8715637310252418,5000,984.5211787295407,3415.3944697579104,2.1578947368421053,uniform,uniform,0.006547005307712434,0
5000,1.1514945012448503,13.921170970329356,0.7602504907362819,4.858772621837688,5000,1896.7749602854858,3415.3944697579104,2.1578947368421053,uniform_exact,uniform,0.0,0
5000,1.1000620070210954,13.282787825099584,0.5023791609446682,2.464431577159183,5000,1751.5135306439688,3415.3944697579104,2.1578947368421053,uniform,uniform,0.018664498956403142,0
5000,1.169644960173019,14.047324928197764,1.3794811206860071,8.560126491012621,5000,1945.8743384555728,3415.3944697579104,2.1578947368421053,uniform_exact,uniform,0.0,0
5000,3.012040993380712,33.184170841399485,3.1196872347621265,22.43678643897209,5000,5000,3415.3944697579104,2.1578947368421053,is,is,0.011015441439718164,1
5000,3.05512119238724,33.62125804296652,0.6600042181881648,3.259089191415359,5000,5000,3415.3944697579104,2.1578947368421053,uniform,is,0.0032470025690153493,1
5000,3.0106207049135034,32.90968384374054,0.8820157452437599,6.264550059360393,5000,5000,3415.3944697579104,2.1578947368421053,uniform_exact,is,0.0,1
5000,0.6966747062003946,7.519776239119451,0.8586778407977697,5.973331480082177,4853.5564625940615,779.9280568408838,3415.3944697579104,2.1578947368421053,uniform_exact,uniform,0.0,0
5000,0.7118330565326979,11.001515450812754,0.7585018121521162,3.9894743588775747,5000,925.5349606766966,3415.3944697579104,2.1578947368421053,uniform_exact,uniform,0.0,0
5000,0.65806351816426,9.25657713996702,0.6132840679255863,3.0042695890506286,4330.475939387233,785.8466069380014,3415.3944697579104,2.1578947368421053,uniform,uniform,0.002046539065211132,0
5000,1.324498034040619,12.321985384365552,1.4519267931314217,7.817765352877712,5000,2294.2009719524963,3415.3944697579104,2.1578947368421053,uniform_exact,uniform,0.0,0
5000,1.3258723349377788,12.187571001132723,1.4986243854106844,8.376100137306663,5000,2293.3128965373376,3415.3944697579104,2.1578947368421053,uniform_exact,uniform,0.0,0
5000,1.3582145587406718,12.411829353085658,1.5485540352348572,8.075053174227225,5000,2393.222861712485,3415.3944697579104,2.1578947368421053,uniform_exact,uniform,0.0,0
5000,3.273305510801266,25.581420388004364,3.330044910769324,24.020807747000088,5000,5000,3415.3944697579104,2.1578947368421053,is,is,0.00588230649229344,1
5000,3.270192893939796,25.42383972037984,3.204893726590633,16.85229375347691,5000,5000,3415.3944697579104,2.1578947368421053,is,is,0.009446122956948858,1
5000,3.2584141459449203,25.386482551776233,0.5224808828922582,2.71273659969525,5000,5000,3415.3944697579104,2.1578947368421053,uniform,is,0.015681340577091196,1
5000,0.6808824421638225,9.063293680601529,0.9184428356859006,4.476948797192629,4636.00900046971,811.3956486802743,3415.3944697579104,2.1578947368421053,uniform_exact,uniform,0.0,0
5000,0.6814735797847691,8.168079323694936,0.7537390565460946,4.3010420552349995,4644.06239944668,780.6281727935872,3415.3944697579104,2.1578947368421053,uniform_exact,uniform,0.0,0
5000,0.6730762768779296,7.51328610662532,0.5967370932298731,3.20736426930238,4530.316744958553,745.4462794393922,3415.3944697579104,2.1578947368421053,uniform,uniform,0.0028330424927674536,0
5000,1.5610511723927194,9.482297366454727,0.9867189572042755,6.510528900741194,5000,2917.208338590139,3415.3944697579104,2.1578947368421053,uniform_exact,uniform,0.0,0
5000,1.5983515327881193,10.05179141412876,1.724376547488782,7.563839431516794,5000,3062.202085772467,3415.3944697579104,2.1578947368421053,uniform_exact,uniform,0.0,0
5000,1.564054233622819,9.903368559014538,1.4130278595661658,8.327190912090936,5000,2942.026281598381,3415.3944697579104,2.1578947368421053,uniform_exact,uniform,0.0,0
5000,3.0064614329892705,15.45576789854595,3.5358837142722708,25.436091644951716,5000,5000,3415.3944697579104,2.1578947368421053,is,is,0.005393249945994613,1
5000,2.975958669383625,15.516826552718598,3.091040212182151,16.49252806456356,5000,5000,3415.3944697579104,2.1578947368421053,is,is,0.0026863128874076965,1
5000,2.994754765488841,15.286751648815459,3.407338444689353,18.039608763302503,5000,5000,3415.3944697579104,2.1578947368421053,is,is,0.0065288371291815726,1
5000,0.6452892873409604,7.975916618900835,0.9573939777515983,6.813678473780269,4163.982643570044,722.9682813290447,3415.3944697579104,2.1578947368421053,uniform_exact,uniform,0.0,0
5000,0.6342794906340355,7.439749972949388,0.5853041866065677,3.3274036540280196,4023.1047223897153,689.1014222579303,3415.3944697579104,2.1578947368421053,uniform,uniform,0.00476954980763443,0
5000,0.6753511690743486,10.273263459798766,0.80845245038044,5.3764774936051625,4560.992015700892,846.1850654440004,3415.3944697579104,2.1578947368421053,uniform_exact,uniform,0.0,0
5000,1.5642034237759075,7.461215325213151,1.4499295926162072,5.125801514864707,5000,2856.258812823272,3415.3944697579104,2.1578947368421053,uniform_exact,uniform,0.0,0
5000,1.6069129255861263,7.627573339463385,1.4849468853247956,7.70752678824148,5000,3005.6523591964697,3415.3944697579104,2.1578947368421053,uniform_exact,uniform,0.0,0
5000,1.5835535573326203,7.463665704236842,1.4686004977890759,5.600005165924046,5000,2920.888956784179,3415.3944697579104,2.1578947368421053,uniform_exact,uniform,0.0,0
5000,2.4387528204411435,9.085143647908605,2.388008805987667,8.57801596308769,5000,5000,3415.3944697579104,2.1578947368421053,is,is,0.002258013987148179,0
5000,2.44827057345472,9.074192457210252,2.6903587384729244,10.304112500128324,5000,5000,3415.3944697579104,2.1578947368421053,is,is,0.009045664284209139,1
5000,2.4335609917695766,9.037567396165114,2.601091467906219,10.294611573255118,5000,5000,3415.3944697579104,2.1578947368421053,is,is,0.003112131317954703,0
5000,0.6519470284472162,8.754530513444111,1.0440131116049234,7.692159937895773,4250.349279011552,759.6225283466741,3415.3944697579104,2.1578947368421053,uniform_exact,uniform,0.0,0
5000,0.6299048125270215,10.880578863376364,0.5816353633924667,2.820898864774675,3967.80072844702,804.7784164634724,3415.3944697579104,2.1578947368421053,uniform,uniform,0.007812818039436719,0
5000,0.6870579308218044,13.544762416249597,0.7341639396093339,3.864190834053022,4720.486003051393,978.6423256088318,3415.3944697579104,2.1578947368421053,uniform_exact,uniform,0.0,0
5000,1.3838458656873216,5.062593836717688,1.4528253906916704,4.450864652773875,5000,2208.1082099118385,3415.3944697579104,2.1578947368421053,uniform_exact,uniform,0.0,0
5000,1.398083832516939,5.098880683600188,1.5041370664007736,5.280918067144973,5000,2251.362172756544,3415.3944697579104,2.1578947368421053,uniform_exact,uniform,0.0,0
5000,1.3909424378180453,5.143704401559593,1.412425169784997,4.492113157870187,5000,2231.8395544274426,3415.3944697579104,2.1578947368421053,uniform_exact,uniform,0.0,0
5000,1.7911999033758386,5.04722867967325,2.2379288239109223,7.5682539365564505,5000,3578.1000040057165,3415.3944697579104,2.1578947368421053,is,is,0.012393283713758418,0
5000,1.7925498435757545,5.031734118828527,2.193710782722834,7.109389614162311,5000,3582.67919398956,3415.3944697579104,2.1578947368421053,is,is,0.0045350010211584225,0
5000,1.799646793110485,5.033057676968276,1.90347518734778,5.481008729947458,5000,3609.740622118057,3415.3944697579104,2.1578947368421053,uniform_exact,is,0.0,0
1000,0.617599978331471,6.544485015745742,0.8656626036464864,5.84599061758758,1000,635.3522133703194,2770.0098668718365,2.394736842105263,uniform_exact,uniform,0.0,0
1000,0.7016203194983847,6.4257658382788225,0.8408195290599584,5.020368944731252,1000,748.6133196376052,2770.0098668718365,2.394736842105263,uniform_exact,uniform,0.0,0
1000,0.633503586176026,5.578210996800821,0.638243421403503,2.756289719626985,1000,622.3055587995697,2770.0098668718365,2.394736842105263,uniform_exact,uniform,0.0,0
1000,0.6607087487078306,6.077985671873188,0.619857705832251,3.033013993201585,1000,677.2686212166315,2770.0098668718365,2.394736842105263,uniform_exact,uniform,0.0,0
1000,0.6504739835154975,5.5695015501111715,0.8267139604010851,4.344527575586406,1000,645.0875760346555,2770.0098668718365,2.394736842105263,uniform_exact,uniform,0.0,0
1000,0.6694892343956219,5.3838442549691585,0.4917315173109306,2.278415583465528,1000,665.1267185776958,2770.0098668718365,2.394736842105263,uniform_exact,uniform,0.0,0
1000,0.6398166324088268,6.140337691272391,0.6940743999879392,3.7519511177220504,1000,650.6791989769632,2770.0098668718365,2.394736842105263,uniform_exact,uniform,0.0,0
1000,0.6645481406412764,5.726033896808133,0.444434228469449,1.9703073345376676,1000,670.2286990086395,2770.0098668718365,2.394736842105263,uniform_exact,uniform,0.0,0
1000,0.6625855174916219,6.889022080403152,0.5602646339694777,3.151543593711249,1000,708.5478357810049,2770.0098668718365,2.394736842105263,uniform_exact,uniform,0.0,0
1000,0.6194948810036581,4.431036671722072,0.7132915198852308,4.5772031194250635,1000,563.1847822127821,2770.0098668718365,2.394736842105263,uniform_exact,uniform,0.0,0
1000,0.6419604984348997,5.780451621515172,0.7971508680544437,5.206855834333148,1000,640.8791727435553,2770.0098668718365,2.394736842105263,uniform_exact,uniform,0.0,0
1000,0.6478534945181104,7.295799872829969,0.5811138707378225,3.1617133940574846,1000,702.4588421607818,2770.0098668718365,2.394736842105263,uniform_exact,uniform,0.0,0
1000,0.9275708025452007,9.067911114745035,0.5580891526091428,2.756299073589711,1000,1000,2770.0098668718365,2.394736842105263,uniform_exact,uniform,0.0,0
1000,0.8826442516694574,9.20078801072338,0.5705569868802394,2.88291704530593,1000,1000,2770.0098668718365,2.394736842105263,uniform_exact,uniform,0.0,0
1000,0.8944373892679047,9.492564196854993,0.4987514821113007,2.496941461218261,1000,1000,2770.0098668718365,2.394736842105263,uniform_exact,uniform,0.0,0
1000,2.1600848596659037,23.591190740265375,2.3163605359408437,16.814209150746606,1000,1000,2770.0098668718365,2.394736842105263,uniform_exact,uniform,0.0,0
1000,2.186629044024305,23.67565527185168,2.6680416104034306,15.347791450612313,1000,1000,2770.0098668718365,2.394736842105263,is,uniform,0.002230111893183751,0
1000,2.202788337834508,23.474969597415352,0.6597937676009478,3.0476330719491296,1000,1000,2770.0098668718365,2.394736842105263,uniform_exact,uniform,0.0,1
1000,0.668926440883736,6.047119721303887,0.43900630130517576,2.286836847851024,1000,687.7568181231449,2770.0098668718365,2.394736842105263,uniform_exact,uniform,0.0,0
1000,0.6096939094021688,4.754850690421404,0.514677863199452,2.4923243642777533,1000,561.8565535974923,2770.0098668718365,2.394736842105263,uniform_exact,uniform,0.0,0
1000,0.619980694353103,5.711189635441723,0.5146347823041552,2.2699744564833626,1000,609.0405737763899,2770.0098668718365,2.394736842105263,uniform_exact,uniform,0.0,0
1000,1.0363964890753734,8.83629684462703,0.8353373022320935,3.776437674663488,1000,1000,2770.0098668718365,2.394736842105263,uniform_exact,uniform,0.0,0
1000,1.0808453099122093,9.327938871539764,1.0630241733315502,7.1556444902124055,1000,1000,2770.0098668718365,2.394736842105263,uniform_exact,uniform,0.0,0
1000,1.0555990939448983,9.079803243418585,0.47802010026103225,2.87587457285688,1000,1000,2770.0098668718365,2.394736842105263,uniform_exact,uniform,0.0,0
1000,2.4223349633420703,19.324723385669508,2.4446299480713365,14.188890308092772,1000,1000,2770.0098668718365,2.394736842105263,is,uniform,0.003671433031241052,1
1000,2.4594205603819232,19.349043540692758,2.5747534868810917,18.61313604253846,1000,1000,2770.0098668718365,2.394736842105263,is,uniform,0.02035642235618951,1
1000,2.441556227376376,19.145175988469532,0.7336706165061422,4.777333762318708,1000,1000,2770.0098668718365,2.394736842105263,uniform_exact,uniform,0.0,1
1000,0.6787566315775071,6.9795351614658365,0.6438717375471354,3.739882534864106,1000,734.7301064462791,2770.0098668718365,2.394736842105263,uniform_exact,uniform,0.0,0
1000,0.6273247767797993,5.416408240314115,0.6997459108128332,3.736688329619679,1000,608.3351215613185,2770.0098668718365,2.394736842105263,uniform_exact,uniform,0.0,0
1000,0.6436184853347732,6.685255422490038,0.7086712290685857,4.470265426929657,1000,675.097401560128,2770.0098668718365,2.394736842105263,uniform_exact,uniform,0.0,0
1000,1.322654341020879,7.809373922547658,1.3982502927455094,6.893474011627426,1000,1000,2770.0098668718365,2.394736842105263,uniform_exact,uniform,0.0,0
1000,1.2985808873964355,8.313744404611858,1.131228879451531,6.1878384078145405,1000,1000,2770.0098668718365,2.394736842105263,uniform_exact,uniform,0.0,0
1000,1.208561744925839,7.712949719548932,1.245014815822552,8.874191959121415,1000,1000,2770.0098668718365,2.394736842105263,uniform_exact,uniform,0.0,0
1000,2.507398434602011,12.789785607408268,2.3969920056812684,9.165124987315608,1000,1000,2770.0098668718365,2.394736842105263,is,uniform,0.007993890725126874,1
1000,2.520669114923294,12.78671987327333,2.3266185356679685,10.65288230224528,1000,1000,2770.0098668718365,2.394736842105263,uniform_exact,uniform,0.0,1
1000,2.49068495781207,12.596211278828237,2.498533512372696,13.038419976201737,1000,1000,2770.0098668718365,2.394736842105263,is,uniform,0.017137322850841394,1
1000,0.6524098435515786,7.086241475883487,0.7198887735854446,3.979361846132591,1000,701.3347232849229,2770.0098668718365,2.394736842105263,uniform_exact,uniform,0.0,0
1000,0.581167313005821,6.085439413528287,0.41030680352801685,1.9961794794788437,1000,572.85770424497,2770.0098668718365,2.394736842105263,uniform_exact,uniform,0.0,0
1000,0.6984683097008569,7.200833170425255,0.566771216779501,3.044942668153029,1000,771.3139441410074,2770.0098668718365,2.394736842105263,uniform_exact,uniform,0.0,0
1000,1.3537758517722411,6.291632634044208,1.241423919566215,5.757087047474628,1000,1000,2770.0098668718365,2.394736842105263,uniform_exact,uniform,0.0,0
1000,1.367532997551312,6.235878482522877,1.4200665030674973,5.507539294690077,1000,1000,2770.0098668718365,2.394736842105263,uniform_exact,uniform,0.0,0
1000,1.3274574831627268,6.042607423381932,1.1410856025825817,4.347678897934105,1000,1000,2770.0098668718365,2.394736842105263,uniform_exact,uniform,0.0,0
1000,2.1745485439283283,8.206958182334139,2.4074543775091035,9.284653264506936,1000,1000,2770.0098668718365,2.394736842105263,is,uniform,0.013680536938973252,0
1000,2.2071501455785794,8.244504029581895,2.227897105587904,8.06372441462812,1000,1000,2770.0098668718365,2.394736842105263,uniform_exact,uniform,0.0,1
1000,2.2131805137021714,8.13937339152958,1.9500922629019597,5.911293757150282,1000,1000,2770.0098668718365,2.394736842105263,uniform_exact,uniform,0.0,1
1000,0.596226390605092,7.59566327931635,0.49073160796009113,2.6167736629431086,1000,644.9903306438464,2770.0098668718365,2.394736842105263,uniform_exact,uniform,0.0,0
1000,0.5707637716995058,4.76013034379612,0.566473200699329,2.6567318009764116,1000,513.3458044551178,2770.0098668718365,2.394736842105263,uniform_exact,uniform,0.0,0
1000,0.6082008942884182,5.59710910895369,0.5076496453847361,2.850350039108756,1000,589.680079419608,2770.0098668718365,2.394736842105263,uniform_exact,uniform,0.0,0
1000,1.2128763710131376,4.437108297044463,1.2540128603360077,4.7754011914189185,1000,1000,2770.0098668718365,2.394736842105263,uniform_exact,uniform,0.0,0
1000,1.222022170293529,4.453870144522961,1.3536097235622286,4.665010993169788,1000,1000,2770.0098668718365,2.394736842105263,uniform_exact,uniform,0.0,0
1000,1.2283430251331136,4.34226493758284,1.3134324469532503,4.417966854796706,1000,1000,2770.0098668718365,2.394736842105263,uniform_exact,uniform,0.0,0
1000,1.6822322474532947,4.785774324099834,1.2700569789437355,2.8468065036891983,1000,1000,2770.0098668718365,2.394736842105263,uniform_exact,uniform,0.0,0
1000,1.6828609678688584,4.797205593998007,1.5462544920810954,3.9977426966517973,1000,1000,2770.0098668718365,2.394736842105263,uniform_exact,uniform,0.0,0
1000,1.6824444119691087,4.694431122747657,1.8222559431343552,5.365741612691564,1000,1000,2770.0098668718365,2.394736842105263,uniform_exact,uniform,0.0,0
2000,0.6437859806065077,7.26494190000632,0.9036930288072746,6.054520640665409,2000,695.8016540771678,3047.961886276374,2.394736842105263,uniform_exact,uniform,0.0,0
2000,0.6783226328241753,6.987718128416362,0.7553527033528714,3.3653325655462387,2000,734.3950354052101,3047.961886276374,2.394736842105263,uniform_exact,uniform,0.0,0
2000,0.7008485258315146,10.87323753149392,0.5947201529427201,3.4902031446844948,2000,904.5604323951111,3047.961886276374,2.394736842105263,uniform_exact,uniform,0.0,0
2000,0.6647636523552978,9.371015606248461,0.7813287749282158,5.563989174618567,2000,799.2807397443189,3047.961886276374,2.394736842105263,uniform_exact,uniform,0.0,0
2000,0.6503303945228937,7.618833107152736,0.5439826401678954,2.9998008777537506,2000,717.2763773531361,3047.961886276374,2.394736842105263,uniform_exact,uniform,0.0,0
2000,0.7116392058914187,10.837519913683188,0.4429901987337667,2.510400559926947,2000,919.4498867172433,3047.961886276374,2.394736842105263,uniform,uniform,0.00046927982199178883,0
2000,0.6984542271619008,9.191213698217632,0.5704259192046703,3.575351167669661,2000,841.5975496551691,3047.961886276374,2.394736842105263,uniform_exact,uniform,0.0,0
2000,0.6531760108020092,9.05950966881119,0.4446418952333622,2.1484125706452204,2000,772.0947091795654,3047.961886276374,2.394736842105263,uniform,uniform,0.004016425043256497,0
2000,0.6722700999610615,5.917746054892996,0.5304641337375389,3.0837425086326977,2000,687.9391315719704,3047.961886276374,2.394736842105263,uniform_exact,uniform,0.0,0
2000,0.7041455345419971,8.158001271669198,0.661427764702939,3.726599833795259,2000,813.5611982931824,3047.961886276374,2.394736842105263,uniform_exact,uniform,0.0,0
2000,0.6776575995706522,7.229319530734069,0.6544593916606404,3.2043062616210607,2000,741.9733333176847,3047.961886276374,2.394736842105263,uniform_exact,uniform,0.0,0
2000,0.6623640231431586,9.28680597708695,0.4842811857428233,2.325249984488323,2000,792.9316579825959,3047.961886276374,2.394736842105263,uniform_exact,uniform,0.0,0
2000,0.9816612409123018,11.124163624423396,1.362406551290474,8.848916872218059,2000,1414.083017984169,3047.961886276374,2.394736842105263,uniform_exact,uniform,0.0,0
2000,1.019893147231907,10.771710935140439,0.3964574656061968,1.916256728325341,2000,1482.7225254275493,3047.961886276374,2.394736842105263,uniform,uniform,0.01873632755643748,0
2000,1.0038984191058524,11.152323945467518,1.0857680483840986,5.913322048873442,2000,1461.8652799715167,3047.961886276374,2.394736842105263,uniform_exact,uniform,0.0,0
2000,2.485939595674491,27.10730987984548,2.8260042884694356,14.672516816161133,2000,2000,3047.961886276374,2.394736842105263,is,uniform,0.0007352637426341924,1
2000,2.4574092914423638,26.830979453268434,0.8193619422120284,4.965019867619774,2000,2000,3047.961886276374,2.394736842105263,uniform_exact,uniform,0.0,1
2000,2.4875934157876274,27.001639859771334,3.003505680381398,21.630744790545187,2000,2000,3047.961886276374,2.394736842105263,is,uniform,0.010533476892176201,1
2000,0.6522247884106012,6.7974888408872705,0.6181267946310607,3.9419202376474547,2000,690.8795354216088,3047.961886276374,2.394736842105263,uniform_exact,uniform,0.0,0
2000,0.708592555862065,7.3196862152942685,0.8474596600454893,3.7523794620436015,2000,790.6074475854836,3047.961886276374,2.394736842105263,uniform_exact,uniform,0.0,0
2000,0.6266465193598646,6.766098028970186,0.6092842015135433,2.857229129050966,2000,655.107760504205,3047.961886276374,2.394736842105263,uniform_exact,uniform,0.0,0
2000,1.187664640127493,10.482197021947206,1.3312811818368624,7.3846061327133175,2000,1864.9588252464846,3047.961886276374,2.394736842105263,uniform_exact,uniform,0.0,0
2000,1.169122399391696,10.541280528053289,1.0519047759635032,7.436591104230723,2000,1820.7383665351958,3047.961886276374,2.394736842105263,uniform_exact,uniform,0.0,0
2000,1.2297958209577402,10.40504305776103,0.5596639470269292,3.0419446826990306,2000,1970.1608002574487,3047.961886276374,2.394736842105263,uniform_exact,uniform,0.0,0
2000,2.869439534666998,22.1660269939405,0.45934541408033674,2.6879940874414157,2000,2000,3047.961886276374,2.394736842105263,uniform_exact,uniform,0.0,1
2000,2.804968516663726,22.06499967036417,0.7743837538503009,4.943485202404065,2000,2000,3047.961886276374,2.394736842105263,uniform_exact,uniform,0.0,1
2000,2.735942484849644,21.257719756855096,3.090633652625479,22.338559564569408,2000,2000,3047.961886276374,2.394736842105263,is,uniform,0.016762370655787225,1
2000,0.65141260441657,7.2644391200920655,0.9629287889632174,6.920676162961412,2000,706.2512425280808,3047.961886276374,2.394736842105263,uniform_exact,uniform,0.0,0
2000,0.6410291195607866,6.374989174742897,0.7426583769519269,4.852998390695718,2000,660.6132527733449,3047.961886276374,2.394736842105263,uniform_exact,uniform,0.0,0
2000,0.6227487686611384,6.430958934057433,0.5221257348484959,3.3570400704492314,2000,638.1095561822503,3047.961886276374,2.394736842105263,uniform_exact,uniform,0.0,0
2000,1.358269331673104,8.966713358539577,1.3124947162737466,9.347243306679148,2000,2000,3047.961886276374,2.394736842105263,uniform_exact,uniform,0.0,0
2000,1.3763076923974027,8.285852764690443,1.034006946605461,6.295227670117368,2000,2000,3047.961886276374,2.394736842105263,uniform_exact,uniform,0.0,0
2000,1.4611702597146317,9.106720084066147,1.5267908676713637,9.153245329400406,2000,2000,3047.961886276374,2.394736842105263,uniform_exact,uniform,0.0,0
2000,2.7142794007709448,13.745211635687745,2.59166748354428,11.591601230436433,2000,2000,3047.961886276374,2.394736842105263,is,uniform,0.0011804151927606418,1
2000,2.726308523162901,13.889554001701725,2.7928724562724234,20.06658643943107,2000,2000,3047.961886276374,2.394736842105263,is,uniform,0.00566431015193847,1
2000,2.7326270401993864,13.72668609604081,2.8600410418379925,15.436780339990671,2000,2000,3047.961886276374,2.394736842105263,is,uniform,0.0030062426873155947,1
2000,0.5866904178552818,6.882127609815075,0.5583713662993088,2.6977568099431837,2000,607.833459026285,3047.961886276374,2.394736842105263,uniform_exact,uniform,0.0,0
2000,0.6805166058317258,7.844182030189697,0.5528838978273316,3.3373917568927403,2000,767.8062812379214,3047.961886276374,2.394736842105263,uniform_exact,uniform,0.0,0
2000,0.6075248895724128,8.488601778181627,0.4817983285689563,3.429965041563814,2000,690.9428482752027,3047.961886276374,2.394736842105263,uniform_exact,uniform,0.0,0
2000,1.4612428196080953,6.753627793666996,1.4020310828596978,7.30422200706825,2000,2000,3047.961886276374,2.394736842105263,uniform_exact,uniform,0.0,0
2000,1.4764441467779024,6.956174126191189,1.5398396764152504,7.112398231279573,2000,2000,3047.961886276374,2.394736842105263,uniform_exact,uniform,0.0,0
2000,1.4190922443740461,6.741387981806074,1.3700960724054336,5.178448820945933,2000,2000,3047.961886276374,2.394736842105263,uniform_exact,uniform,0.0,0
2000,2.301445779003562,8.777361115865295,2.9598838789673,21.30561572649589,2000,2000,3047.961886276374,2.394736842105263,is,uniform,0.004342271666797611,0
2000,2.3152827988189686,8.658788130102245,2.0418980953934787,6.340027636600723,2000,2000,3047.961886276374,2.394736842105263,uniform_exact,uniform,0.0,1
2000,2.30933321640677,8.687845653682372,2.383895545978322,8.292329517706964,2000,2000,3047.961886276374,2.394736842105263,uniform_exact,uniform,0.0,1
2000,0.5915941849529013,6.747218403782818,0.7546703226862772,5.5935374193275305,2000,609.1909512319154,3047.961886276374,2.394736842105263,uniform_exact,uniform,0.0,0
2000,0.5845956482433441,7.133862103294786,0.4986380222309206,2.849155839122581,2000,614.1252907176902,3047.961886276374,2.394736842105263,uniform_exact,uniform,0.0,0
2000,0.6364016724628121,6.162099158324124,0.5337400278856489,2.7066259148968874,2000,646.8295982407201,3047.961886276374,2.394736842105263,uniform_exact,uniform,0.0,0
2000,1.2983740571519216,4.789065542177101,1.336483589535658,4.619178966076159,2000,1955.5143230204017,3047.961886276374,2.394736842105263,uniform_exact,uniform,0.0,0
2000,1.3147579288921611,4.448881049791875,1.1961396894094614,3.2779266116340473,2000,1988.865891661483,3047.961886276374,2.394736842105263,uniform_exact,uniform,0.0,0
2000,1.3083480127020897,4.637299734571176,1.2313837096986686,3.961394012829416,2000,1977.704173984409,3047.961886276374,2.394736842105263,uniform_exact,uniform,0.0,0
2000,1.7372109637686688,4.909762302581473,1.7581212837459217,4.688532763077236,2000,2000,3047.961886276374,2.394736842105263,uniform_exact,uniform,0.0,0
2000,1.7421178180833923,4.869082529210165,2.0438850897138128,6.342972268182931,2000,2000,3047.961886276374,2.394736842105263,uniform_exact,uniform,0.0,0
2000,1.7399890427199698,4.970317505328127,2.4944876002861456,9.87651438217046,2000,2000,3047.961886276374,2.394736842105263,is,uniform,0.003649552413754881,0
5000,0.7224807944290408,9.893139619301449,0.6802956146706126,4.1689229273352275,5000,902.5681715523135,3415.3944697579104,2.394736842105263,uniform,uniform,0.0013254727383678294,0
5000,0.6783674416504732,9.248645932905605,0.8025714262481312,4.5680244208600715,4601.823858914082,814.3202078120423,3415.3944697579104,2.394736842105263,uniform_exact,uniform,0.0,0
5000,0.6974014263102107,8.500077009248255,0.7563419715600477,4.6676745773688175,4863.687494195162,815.627902553106,3415.3944697579104,2.394736842105263,uniform_exact,uniform,0.0,0
5000,0.6966704990056833,11.78855723114979,0.7056671209862413,3.7496339219731127,4853.497841848277,930.7042214416718,3415.3944697579104,2.394736842105263,uniform,uniform,0.0007835321665543884,0
5000,0.7020645774986704,10.493395057863204,0.7285230819069876,4.400444954526989,4928.946709783864,892.9513941522594,3415.3944697579104,2.394736842105263,uniform_exact,uniform,0.0,0
5000,0.6964872202949357,12.14043386833435,0.7947006846877135,4.819607240255671,4850.944480341662,942.8626783672503,3415.3944697579104,2.394736842105263,uniform_exact,uniform,0.0,0
5000,0.6923142098960464,10.791047985600459,0.44405907058641736,2.0715336682090237,4792.989652239869,889.0582525453514,3415.3944697579104,2.394736842105263,uniform,uniform,0.016812519800506163,0
5000,0.6749404683005831,10.377327086148796,0.7293083388217945,3.933809156557621,4555.446357498104,849.2731597588138,3415.3944697579104,2.394736842105263,uniform_exact,uniform,0.0,0
5000,0.7043250568842707,9.485986571983513,0.5627461938211267,3.1617142447718956,4960.737857550311,860.736386785567,3415.3944697579104,2.394736842105263,uniform,uniform,0.0048545707875076415,0
5000,0.7278048746693839,12.570758348270179,0.6534320083525845,3.011175217999047,5000,1005.3294553439663,3415.3944697579104,2.394736842105263,uniform,uniform,0.008711614399157878,0
5000,0.6959390046794844,8.19052749199074,0.49586163650421694,2.7414824804623765,4843.310982342714,802.5347341334756,3415.3944697579104,2.394736842105263,uniform,uniform,0.009268400084738088,0
5000,0.7275752487361427,11.991683623295147,0.5530903370827589,2.9891719267611254,5000,984.5211787295407,3415.3944697579104,2.394736842105263,uniform,uniform,0.008988290686690227,0
5000,1.1514945012448503,13.921170970329356,0.5726124471987621,3.2382314440543447,5000,1896.7749602854858,3415.3944697579104,2.394736842105263,uniform,uniform,0.0021119266369931675,0
5000,1.1000620070210954,13.282787825099584,1.3968533799392329,9.871174000077865,5000,1751.5135306439688,3415.3944697579104,2.394736842105263,uniform_exact,uniform,0.0,0
5000,1.169644960173019,14.047324928197764,0.5973264548210075,3.307569328684652,5000,1945.8743384555728,3415.3944697579104,2.394736842105263,uniform,uniform,0.009999824605758172,0
5000,3.012040993380712,33.184170841399485,0.7181998185384911,4.47535615955574,5000,5000,3415.3944697579104,2.394736842105263,uniform_exact,is,0.0,1
5000,3.05512119238724,33.62125804296652,0.6124553258211269,3.335220028350961,5000,5000,3415.3944697579104,2.394736842105263,uniform,is,0.0020435706527986625,1
5000,3.0106207049135034,32.90968384374054,0.5453986874428027,2.9343188011901407,5000,5000,3415.3944697579104,2.394736842105263,uniform,is,0.0007980909425357913,1
5000,0.6966747062003946,7.519776239119451,0.5022100879693461,2.4049103227185022,4853.5564625940615,779.9280568408838,3415.3944697579104,2.394736842105263,uniform,uniform,0.000856113535121692,0
5000,0.7118330565326979,11.001515450812754,0.486504517346081,2.1865855849846354,5000,925.5349606766966,3415.3944697579104,2.394736842105263,uniform,uniform,0.011046183327987511,0
5000,0.65806351816426,9.25657713996702,0.7365564035279796,4.086709108917456,4330.475939387233,785.8466069380014,3415.3944697579104,2.394736842105263,uniform_exact,uniform,0.0,0
5000,1.324498034040619,12.321985384365552,1.6026017043121954,9.580136681139741,5000,2294.2009719524963,3415.3944697579104,2.394736842105263,uniform_exact,uniform,0.0,0
5000,1.3258723349377788,12.187571001132723,1.257608748332189,9.174280600670626,5000,2293.3128965373376,3415.3944697579104,2.394736842105263,uniform_exact,uniform,0.0,0
5000,1.3582145587406718,12.411829353085658,1.5726896717206849,9.157729311781049,5000,2393.222861712485,3415.3944697579104,2.394736842105263,uniform_exact,uniform,0.0,0
5000,3.273305510801266,25.581420388004364,3.3095399451145036,23.821445974152113,5000,5000,3415.3944697579104,2.394736842105263,is,is,0.009677144439618606,1
5000,3.270192893939796,25.42383972037984,3.43983903665073,24.67621962909435,5000,5000,3415.3944697579104,2.394736842105263,is,is,0.006030000297746564,1
5000,3.2584141459449203,25.386482551776233,3.2565831466819497,23.43496791189941,5000,5000,3415.3944697579104,2.394736842105263,is,is,0.0018742168170439886,1
5000,0.6808824421638225,9.063293680601529,0.918139510196843,6.206283526565811,4636.00900046971,811.3956486802743,3415.3944697579104,2.394736842105263,uniform_exact,uniform,0.0,0
5000,0.6814735797847691,8.168079323694936,0.5396561050328613,2.797938230735028,4644.06239944668,780.6281727935872,3415.3944697579104,2.394736842105263,uniform,uniform,0.0022268467566625445,0
5000,0.6730762768779296,7.51328610662532,0.5344234948385213,2.6974060245981386,4530.316744958553,745.4462794393922,3415.3944697579104,2.394736842105263,uniform,uniform,0.009819561826509107,0
5000,1.5610511723927194,9.482297366454727,1.47516331454897,7.836487865014542,5000,2917.208338590139,3415.3944697579104,2.394736842105263,uniform_exact,uniform,0.0,0
5000,1.5983515327881193,10.05179141412876,1.1108037030856448,7.426068490618448,5000,3062.202085772467,3415.3944697579104,2.394736842105263,uniform_exact,uniform,0.0,0
5000,1.564054233622819,9.903368559014538,1.1322186429124397,7.7844129710340475,5000,2942.026281598381,3415.3944697579104,2.394736842105263,uniform_exact,uniform,0.0,0
5000,3.0064614329892705,15.45576789854595,3.2528795411534586,23.321086217698063,5000,5000,3415.3944697579104,2.394736842105263,is,is,0.002048818292610958,1
5000,2.975958669383625,15.516826552718598,2.4988670882709116,8.93626939171041,5000,5000,3415.3944697579104,2.394736842105263,is,is,0.002427293213876467,1
5000,2.994754765488841,15.286751648815459,2.4991310323935325,8.52965058837478,5000,5000,3415.3944697579104,2.394736842105263,is,is,0.005351395760661513,1
5000,0.6452892873409604,7.975916618900835,0.6013712283756368,3.0609938669003975,4163.982643570044,722.9682813290447,3415.3944697579104,2.394736842105263,uniform,uniform,0.0005018623067705618,0
5000,0.6342794906340355,7.439749972949388,0.4682107954845307,2.542799782272678,4023.1047223897153,689.1014222579303,3415.3944697579104,2.394736842105263,uniform,uniform,0.011645650170988543,0
5000,0.6753511690743486,10.273263459798766,0.48392747355908483,2.54305493279015,4560.992015700892,846.1850654440004,3415.3944697579104,2.394736842105263,uniform,uniform,0.0009164185581795303,0
5000,1.5642034237759075,7.461215325213151,1.4852614640044355,5.30980297948077,5000,2856.258812823272,3415.3944697579104,2.394736842105263,uniform_exact,uniform,0.0,0
5000,1.6069129255861263,7.627573339463385,1.8857328890792384,10.074197921497694,5000,3005.6523591964697,3415.3944697579104,2.394736842105263,uniform_exact,uniform,0.0,0
5000,1.5835535573326203,7.463665704236842,1.3956710852091758,7.8070728648841055,5000,2920.888956784179,3415.3944697579104,2.394736842105263,uniform_exact,uniform,0.0,0
5000,2.4387528204411435,9.085143647908605,2.1945640694229582,6.762097830780815,5000,5000,3415.3944697579104,2.394736842105263,uniform_exact,is,0.0,0
5000,2.44827057345472,9.074192457210252,2.2933146776582474,7.581181821198726,5000,5000,3415.3944697579104,2.394736842105263,uniform_exact,is,0.0,1
5000,2.4335609917695766,9.037567396165114,2.654048751866401,10.304574144056513,5000,5000,3415.3944697579104,2.394736842105263,is,is,0.0015635562841326874,0
5000,0.6519470284472162,8.754530513444111,0.6046451376712371,3.390487023309413,4250.349279011552,759.6225283466741,3415.3944697579104,2.394736842105263,uniform,uniform,0.0015386962723324936,0
5000,0.6299048125270215,10.880578863376364,0.6229613628961498,2.7674719833445294,3967.80072844702,804.7784164634724,3415.3944697579104,2.394736842105263,uniform,uniform,0.008505472898054436,0
5000,0.6870579308218044,13.544762416249597,0.77473210178963,5.3620220252505515,4720.486003051393,978.6423256088318,3415.3944697579104,2.394736842105263,uniform_exact,uniform,0.0,0
5000,1.3838458656873216,5.062593836717688,1.3717354492291038,4.59852883514403,5000,2208.1082099118385,3415.3944697579104,2.394736842105263,uniform_exact,uniform,0.0,0
5000,1.398083832516939,5.098880683600188,1.4486263421747652,4.816079454391736,5000,2251.362172756544,3415.3944697579104,2.394736842105263,uniform_exact,uniform,0.0,0
5000,1.3909424378180453,5.143704401559593,1.3687955409719805,4.065577724395291,5000,2231.8395544274426,3415.3944697579104,2.394736842105263,uniform_exact,uniform,0.0,0
5000,1.7911999033758386,5.04722867967325,1.7893910931272299,4.889301802639766,5000,3578.1000040057165,3415.3944697579104,2.394736842105263,uniform_exact,is,0.0,0
5000,1.7925498435757545,5.031734118828527,2.3169304105431316,7.452271335633787,5000,3582.67919398956,3415.3944697579104,2.394736842105263,uniform_exact,is,0.0,0
5000,1.799646793110485,5.033057676968276,1.7228674908176373,4.540857682981415,5000,3609.740622118057,3415.3944697579104,2.394736842105263,uniform_exact,is,0.0,0
1000,0.617599978331471,6.544485015745742,0.6837585467750364,4.132282760302909,1000,635.3522133703194,2770.0098668718365,2.631578947368421,uniform_exact,uniform,0.0,0
1000,0.7016203194983847,6.4257658382788225,0.6145813397766354,2.9421747787780697,1000,748.6133196376052,2770.0098668718365,2.631578947368421,uniform_exact,uniform,0.0,0
1000,0.633503586176026,5.578210996800821,0.7717727783863059,5.23495727688589,1000,622.3055587995697,2770.0098668718365,2.631578947368421,uniform_exact,uniform,0.0,0
1000,0.6607087487078306,6.077985671873188,0.5686487597032353,3.244112132285376,1000,677.2686212166315,2770.0098668718365,2.631578947368421,uniform_exact,uniform,0.0,0
1000,0.6504739835154975,5.5695015501111715,0.7417216236987224,5.016677666695435,1000,645.0875760346555,2770.0098668718365,2.631578947368421,uniform_exact,uniform,0.0,0
1000,0.6694892343956219,5.3838442549691585,0.5056055731770082,3.048190016080115,1000,665.1267185776958,2770.0098668718365,2.631578947368421,uniform_exact,uniform,0.0,0
1000,0.6398166324088268,6.140337691272391,0.5334061230871874,2.724684431843944,1000,650.6791989769632,2770.0098668718365,2.631578947368421,uniform_exact,uniform,0.0,0
1000,0.6645481406412764,5.726033896808133,0.5320627848788793,3.066413389938722,1000,670.2286990086395,2770.0098668718365,2.631578947368421,uniform_exact,uniform,0.0,0
1000,0.6625855174916219,6.889022080403152,0.6110339482357502,2.794197151626806,1000,708.5478357810049,2770.0098668718365,2.631578947368421,uniform_exact,uniform,0.0,0
1000,0.6194948810036581,4.431036671722072,0.4636508723225562,2.3570010666847403,1000,563.1847822127821,2770.0098668718365,2.631578947368421,uniform_exact,uniform,0.0,0
1000,0.6419604984348997,5.780451621515172,0.5512253025304582,3.357586413101865,1000,640.8791727435553,2770.0098668718365,2.631578947368421,uniform_exact,uniform,0.0,0
1000,0.6478534945181104,7.295799872829969,0.7213670521845444,3.7328516457310896,1000,702.4588421607818,2770.0098668718365,2.631578947368421,uniform_exact,uniform,0.0,0
1000,0.9275708025452007,9.067911114745035,1.0270539584105394,7.131726497558544,1000,1000,2770.0098668718365,2.631578947368421,uniform_exact,uniform,0.0,0
1000,0.8826442516694574,9.20078801072338,0.6275189531257711,3.180192380602654,1000,1000,2770.0098668718365,2.631578947368421,uniform_exact,uniform,0.0,0
1000,0.8944373892679047,9.492564196854993,0.36539896896258645,1.831396049428219,1000,1000,2770.0098668718365,2.631578947368421,uniform_exact,uniform,0.0,0
1000,2.1600848596659037,23.591190740265375,0.6267516678550472,3.016697391758766,1000,1000,2770.0098668718365,2.631578947368421,uniform_exact,uniform,0.0,0
1000,2.186629044024305,23.67565527185168,2.4837614152141376,17.813507609397835,1000,1000,2770.0098668718365,2.631578947368421,uniform_exact,uniform,0.0,0
1000,2.202788337834508,23.474969597415352,0.6191893772357047,3.2548228025127237,1000,1000,2770.0098668718365,2.631578947368421,uniform_exact,uniform,0.0,1
1000,0.668926440883736,6.047119721303887,0.6858218563911023,3.6913501730672005,1000,687.7568181231449,2770.0098668718365,2.631578947368421,uniform_exact,uniform,0.0,0
1000,0.6096939094021688,4.754850690421404,0.5210984783538206,3.167605236299791,1000,561.8565535974923,2770.0098668718365,2.631578947368421,uniform_exact,uniform,0.0,0
1000,0.619980694353103,5.711189635441723,0.8806031430628787,4.4918787869760655,1000,609.0405737763899,2770.0098668718365,2.631578947368421,uniform_exact,uniform,0.0,0
1000,1.0363964890753734,8.83629684462703,1.077836893303872,7.34756244436171,1000,1000,2770.0098668718365,2.631578947368421,uniform_exact,uniform,0.0,0
1000,1.0808453099122093,9.327938871539764,1.3994820496108782,7.858960908858185,1000,1000,2770.0098668718365,2.631578947368421,uniform_exact,uniform,0.0,0
1000,1.0555990939448983,9.079803243418585,0.5896344998630799,3.301133741236176,1000,1000,2770.0098668718365,2.631578947368421,uniform_exact,uniform,0.0,0
1000,2.4223349633420703,19.324723385669508,0.6833950256688003,3.7504740060350437,1000,1000,2770.0098668718365,2.631578947368421,uniform_exact,uniform,0.0,1
1000,2.4594205603819232,19.349043540692758,2.4784663705407626,10.950879612753726,1000,1000,2770.0098668718365,2.631578947368421,uniform_exact,uniform,0.0,1
1000,2.441556227376376,19.145175988469532,0.6342607711039938,3.2747319271783746,1000,1000,2770.0098668718365,2.631578947368421,uniform_exact,uniform,0.0,1
1000,0.6787566315775071,6.9795351614658365,0.5171120834842452,2.548808943973175,1000,734.7301064462791,2770.0098668718365,2.631578947368421,uniform_exact,uniform,0.0,0
1000,0.6273247767797993,5.416408240314115,0.5055806378819114,2.4743551224515565,1000,608.3351215613185,2770.0098668718365,2.631578947368421,uniform_exact,uniform,0.0,0
1000,0.6436184853347732,6.685255422490038,0.672017171412026,3.677478398118839,1000,675.097401560128,2770.0098668718365,2.631578947368421,uniform_exact,uniform,0.0,0
1000,1.322654341020879,7.809373922547658,1.188423602864548,8.683019393797723,1000,1000,2770.0098668718365,2.631578947368421,uniform_exact,uniform,0.0,0
1000,1.2985808873964355,8.313744404611858,1.2753042996225374,5.853284617142359,1000,1000,2770.0098668718365,2.631578947368421,uniform_exact,uniform,0.0,0
1000,1.208561744925839,7.712949719548932,1.239944600008991,6.712765000263746,1000,1000,2770.0098668718365,2.631578947368421,uniform_exact,uniform,0.0,0
1000,2.507398434602011,12.789785607408268,2.563503152619536,18.621873895154362,1000,1000,2770.0098668718365,2.631578947368421,uniform_exact,uniform,0.0,1
1000,2.520669114923294,12.78671987327333,2.8580488101229964,14.979797381094203,1000,1000,2770.0098668718365,2.631578947368421,is,uniform,0.0079153080216094,1
1000,2.49068495781207,12.596211278828237,2.373780722889145,10.583587646807961,1000,1000,2770.0098668718365,2.631578947368421,uniform_exact,uniform,0.0,1
1000,0.6524098435515786,7.086241475883487,0.530970611722926,2.514244202043108,1000,701.3347232849229,2770.0098668718365,2.631578947368421,uniform_exact,uniform,0.0,0
1000,0.581167313005821,6.085439413528287,0.7636701582461289,5.377964627081692,1000,572.85770424497,2770.0098668718365,2.631578947368421,uniform_exact,uniform,0.0,0
1000,0.6984683097008569,7.200833170425255,0.5401078665922913,2.5998350733373385,1000,771.3139441410074,2770.0098668718365,2.631578947368421,uniform_exact,uniform,0.0,0
1000,1.3537758517722411,6.291632634044208,1.2762397298176698,7.320969828704598,1000,1000,2770.0098668718365,2.631578947368421,uniform_exact,uniform,0.0,0
1000,1.367532997551312,6.235878482522877,1.3682834730664584,5.306166518570127,1000,1000,2770.0098668718365,2.631578947368421,uniform_exact,uniform,0.0,0
1000,1.3274574831627268,6.042607423381932,1.4332399545965375,5.372333094837648,1000,1000,2770.0098668718365,2.631578947368421,uniform_exact,uniform,0.0,0
1000,2.1745485439283283,8.206958182334139,1.822486141977057,5.423628395122879,1000,1000,2770.0098668718365,2.631578947368421,uniform_exact,uniform,0.0,0
1000,2.2071501455785794,8.244504029581895,1.7925689580962125,5.1290193705175895,1000,1000,2770.0098668718365,2.631578947368421,uniform_exact,uniform,0.0,1
1000,2.2131805137021714,8.13937339152958,2.3427629365837466,9.216797363430556,1000,1000,2770.0098668718365,2.631578947368421,uniform_exact,uniform,0.0,1
1000,0.596226390605092,7.59566327931635,0.4259536281056878,2.180929810800363,1000,644.9903306438464,2770.0098668718365,2.631578947368421,uniform_exact,uniform,0.0,0
1000,0.5707637716995058,4.76013034379612,0.5932070796821377,2.7952649829611524,1000,513.3458044551178,2770.0098668718365,2.631578947368421,uniform_exact,uniform,0.0,0
1000,0.6082008942884182,5.59710910895369,0.5944896121855237,3.5200106483420863,1000,589.680079419608,2770.0098668718365,2.631578947368421,uniform_exact,uniform,0.0,0
1000,1.2128763710131376,4.437108297044463,1.2333629600039002,4.787699799210203,1000,1000,2770.0098668718365,2.631578947368421,uniform_exact,uniform,0.0,0
1000,1.222022170293529,4.453870144522961,1.3782236122085139,5.5795156074317385,1000,1000,2770.0098668718365,2.631578947368421,uniform_exact,uniform,0.0,0
1000,1.2283430251331136,4.34226493758284,1.2854521864268469,4.428533234317628,1000,1000,2770.0098668718365,2.631578947368421,uniform_exact,uniform,0.0,0
1000,1.6822322474532947,4.785774324099834,1.619134100977819,4.250085437920619,1000,1000,2770.0098668718365,2.631578947368421,uniform_exact,uniform,0.0,0
1000,1.6828609678688584,4.797205593998007,1.5235010685345682,3.9812025588818853,1000,1000,2770.0098668718365,2.631578947368421,uniform_exact,uniform,0.0,0
1000,1.6824444119691087,4.694431122747657,1.794868961201293,5.12642795714371,1000,1000,2770.0098668718365,2.631578947368421,uniform_exact,uniform,0.0,0
2000,0.6437859806065077,7.26494190000632,0.40722418253191495,2.3221261880730224,2000,695.8016540771678,3047.961886276374,2.631578947368421,uniform,uniform,0.0026138981814322533,0
2000,0.6783226328241753,6.987718128416362,0.5798349217010145,3.1230416954970823,2000,734.3950354052101,3047.961886276374,2.631578947368421,uniform_exact,uniform,0.0,0
2000,0.7008485258315146,10.87323753149392,0.7906557520811394,5.046214436368428,2000,904.5604323951111,3047.961886276374,2.631578947368421,uniform_exact,uniform,0.0,0
2000,0.6647636523552978,9.371015606248461,0.6141667918223641,3.7612684073626155,2000,799.2807397443189,3047.961886276374,2.631578947368421,uniform_exact,uniform,0.0,0
2000,0.6503303945228937,7.618833107152736,0.562515192632752,2.7338689661924858,2000,717.2763773531361,3047.961886276374,2.631578947368421,uniform_exact,uniform,0.0,0
2000,0.7116392058914187,10.837519913683188,0.5064686740987687,2.5397441833895935,2000,919.4498867172433,3047.961886276374,2.631578947368421,uniform_exact,uniform,0.0,0
2000,0.6984542271619008,9.191213698217632,0.5701560455677976,2.805365130418513,2000,841.5975496551691,3047.961886276374,2.631578947368421,uniform_exact,uniform,0.0,0
2000,0.6531760108020092,9.05950966881119,0.5673767487134381,3.676440710727453,2000,772.0947091795654,3047.961886276374,2.631578947368421,uniform_exact,uniform,0.0,0
2000,0.6722700999610615,5.917746054892996,0.6597800906636055,3.9283684380366415,2000,687.9391315719704,3047.961886276374,2.631578947368421,uniform_exact,uniform,0.0,0
2000,0.7041455345419971,8.158001271669198,0.5335965686601193,3.238675683542172,2000,813.5611982931824,3047.961886276374,2.631578947368421,uniform_exact,uniform,0.0,0
2000,0.6776575995706522,7.229319530734069,0.6222244540358687,3.2215193284882884,2000,741.9733333176847,3047.961886276374,2.631578947368421,uniform_exact,uniform,0.0,0
2000,0.6623640231431586,9.28680597708695,0.5976338516264514,3.4737101582235965,2000,792.9316579825959,3047.961886276374,2.631578947368421,uniform_exact,uniform,0.0,0
2000,0.9816612409123018,11.124163624423396,0.6836772331667503,4.1330978348814575,2000,1414.083017984169,3047.961886276374,2.631578947368421,uniform_exact,uniform,0.0,0
2000,1.019893147231907,10.771710935140439,0.5176990043833696,2.3940595667906934,2000,1482.7225254275493,3047.961886276374,2.631578947368421,uniform_exact,uniform,0.0,0
2000,1.0038984191058524,11.152323945467518,1.3558798212897865,7.467248737825268,2000,1461.8652799715167,3047.961886276374,2.631578947368421,uniform_exact,uniform,0.0,0
2000,2.485939595674491,27.10730987984548,0.5864541131460149,3.4988190986953374,2000,2000,3047.961886276374,2.631578947368421,uniform_exact,uniform,0.0,1
2000,2.4574092914423638,26.830979453268434,0.6835619292873666,4.496720586072606,2000,2000,3047.961886276374,2.631578947368421,uniform_exact,uniform,0.0,1
2000,2.4875934157876274,27.001639859771334,0.5976407818188667,3.135820665818405,2000,2000,3047.961886276374,2.631578947368421,uniform_exact,uniform,0.0,1
2000,0.6522247884106012,6.7974888408872705,0.6308522533775551,3.2744006944243966,2000,690.8795354216088,3047.961886276374,2.631578947368421,uniform_exact,uniform,0.0,0
2000,0.708592555862065,7.3196862152942685,0.6701358353020856,3.84191421971614,2000,790.6074475854836,3047.961886276374,2.631578947368421,uniform_exact,uniform,0.0,0
2000,0.6266465193598646,6.766098028970186,0.7202259278544578,4.018723512556487,2000,655.107760504205,3047.961886276374,2.631578947368421,uniform_exact,uniform,0.0,0
2000,1.187664640127493,10.482197021947206,1.019684956330686,7.325334388676696,2000,1864.9588252464846,3047.961886276374,2.631578947368421,uniform_exact,uniform,0.0,0
2000,1.169122399391696,10.541280528053289,0.5355389676252739,3.4517218651228214,2000,1820.7383665351958,3047.961886276374,2.631578947368421,uniform_exact,uniform,0.0,0
2000,1.2297958209577402,10.40504305776103,0.5075662771304148,2.7687230704961916,2000,1970.1608002574487,3047.961886276374,2.631578947368421,uniform_exact,uniform,0.0,0
2000,2.869439534666998,22.1660269939405,2.525464674144819,9.602881692432952,2000,2000,3047.961886276374,2.631578947368421,uniform_exact,uniform,0.0,1
2000,2.804968516663726,22.06499967036417,2.8044700359784382,14.575271790261526,2000,2000,3047.961886276374,2.631578947368421,is,uniform,0.010767700356812512,1
2000,2.735942484849644,21.257719756855096,0.5603647488990479,2.3427476113948167,2000,2000,3047.961886276374,2.631578947368421,uniform_exact,uniform,0.0,1
2000,0.65141260441657,7.2644391200920655,0.8321949937802192,5.802360289683945,2000,706.2512425280808,3047.961886276374,2.631578947368421,uniform_exact,uniform,0.0,0
2000,0.6410291195607866,6.374989174742897,0.6331403070901612,4.00291637056879,2000,660.6132527733449,3047.961886276374,2.631578947368421,uniform_exact,uniform,0.0,0
2000,0.6227487686611384,6.430958934057433,0.4532633218456101,2.38057162247974,2000,638.1095561822503,3047.961886276374,2.631578947368421,uniform_exact,uniform,0.0,0
2000,1.358269331673104,8.966713358539577,1.46143503383789,7.748830414761266,2000,2000,3047.961886276374,2.631578947368421,uniform_exact,uniform,0.0,0
2000,1.3763076923974027,8.285852764690443,1.3387986024984544,6.349389312117776,2000,2000,3047.961886276374,2.631578947368421,uniform_exact,uniform,0.0,0
2000,1.4611702597146317,9.106720084066147,1.4107628322481998,5.485172786076595,2000,2000,3047.961886276374,2.631578947368421,uniform_exact,uniform,0.0,0
2000,2.7142794007709448,13.745211635687745,2.6097980852990443,11.930147555146675,2000,2000,3047.961886276374,2.631578947368421,uniform_exact,uniform,0.0,1
2000,2.726308523162901,13.889554001701725,2.743533296902135,12.225058281471675,2000,2000,3047.961886276374,2.631578947368421,is,uniform,0.011594268119933972,1
2000,2.7326270401993864,13.72668609604081,2.8297247321952588,15.256851747468772,2000,2000,3047.961886276374,2.631578947368421,is,uniform,0.008026061226629133,1
2000,0.5866904178552818,6.882127609815075,0.638768148936235,2.9804587362022166,2000,607.833459026285,3047.961886276374,2.631578947368421,uniform_exact,uniform,0.0,0
2000,0.6805166058317258,7.844182030189697,0.6339548928564814,3.158365533163778,2000,767.8062812379214,3047.961886276374,2.631578947368421,uniform_exact,uniform,0.0,0
2000,0.6075248895724128,8.488601778181627,0.5240115965160738,3.3669730613821414,2000,690.9428482752027,3047.961886276374,2.631578947368421,uniform_exact,uniform,0.0,0
2000,1.4612428196080953,6.753627793666996,1.443770724640389,6.110821832612969,2000,2000,3047.961886276374,2.631578947368421,uniform_exact,uniform,0.0,0
2000,1.4764441467779024,6.956174126191189,1.3921489702951308,4.64866981675261,2000,2000,3047.961886276374,2.631578947368421,uniform_exact,uniform,0.0,0
2000,1.4190922443740461,6.741387981806074,1.513408640784823,5.6200086539484575,2000,2000,3047.961886276374,2.631578947368421,uniform_exact,uniform,0.0,0
2000,2.301445779003562,8.777361115865295,2.5787938024475108,11.591092995855268,2000,2000,3047.961886276374,2.631578947368421,uniform_exact,uniform,0.0,0
2000,2.3152827988189686,8.658788130102245,1.9688371472808939,5.7687311080966435,2000,2000,3047.961886276374,2.631578947368421,uniform_exact,uniform,0.0,1
2000,2.30933321640677,8.687845653682372,1.9486071757837495,5.864230999432001,2000,2000,3047.961886276374,2.631578947368421,uniform_exact,uniform,0.0,1
2000,0.5915941849529013,6.747218403782818,0.583047504474998,2.7135632742708835,2000,609.1909512319154,3047.961886276374,2.631578947368421,uniform_exact,uniform,0.0,0
2000,0.5845956482433441,7.133862103294786,0.560730281469355,2.537010169165513,2000,614.1252907176902,3047.961886276374,2.631578947368421,uniform_exact,uniform,0.0,0
2000,0.6364016724628121,6.162099158324124,0.5408284214401793,2.463108390925808,2000,646.8295982407201,3047.961886276374,2.631578947368421,uniform_exact,uniform,0.0,0
2000,1.2983740571519216,4.789065542177101,1.1487401472247654,3.7842834903998437,2000,1955.5143230204017,3047.961886276374,2.631578947368421,uniform_exact,uniform,0.0,0
2000,1.3147579288921611,4.448881049791875,1.245793446594499,3.68844445508733,2000,1988.865891661483,3047.961886276374,2.631578947368421,uniform_exact,uniform,0.0,0
2000,1.3083480127020897,4.637299734571176,1.5122888531187122,5.608678815230009,2000,1977.704173984409,3047.961886276374,2.631578947368421,uniform_exact,uniform,0.0,0
2000,1.7372109637686688,4.909762302581473,1.6716309608531748,4.388355596263126,2000,2000,3047.961886276374,2.631578947368421,uniform_exact,uniform,0.0,0
2000,1.7421178180833923,4.869082529210165,1.3920251470425702,3.2364242352466905,2000,2000,3047.961886276374,2.631578947368421,uniform_exact,uniform,0.0,0
2000,1.7399890427199698,4.970317505328127,1.6097928537647304,4.035328696097734,2000,2000,3047.961886276374,2.631578947368421,uniform_exact,uniform,0.0,0
5000,0.7224807944290408,9.893139619301449,0.5614430545234046,2.285997890132211,5000,902.5681715523135,3415.3944697579104,2.631578947368421,uniform,uniform,0.005604080425472968,0
5000,0.6783674416504732,9.248645932905605,0.5722214300091005,3.0791852807638826,4601.823858914082,814.3202078120423,3415.3944697579104,2.631578947368421,uniform,uniform,0.0021436210056949095,0
5000,0.6974014263102107,8.500077009248255,0.765822326875014,4.567145598788921,4863.687494195162,815.627902553106,3415.3944697579104,2.631578947368421,uniform_exact,uniform,0.0,0
5000,0.6966704990056833,11.78855723114979,0.9374815054069516,6.7383609548803145,4853.497841848277,930.7042214416718,3415.3944697579104,2.631578947368421,uniform_exact,uniform,0.0,0
5000,0.7020645774986704,10.493395057863204,1.3273351538564335,9.647493258635082,4928.946709783864,892.9513941522594,3415.3944697579104,2.631578947368421,uniform_exact,uniform,0.0,0
5000,0.6964872202949357,12.14043386833435,0.4904163313578692,2.2793427229188037,4850.944480341662,942.8626783672503,3415.3944697579104,2.631578947368421,uniform,uniform,0.0024600638831320334,0
5000,0.6923142098960464,10.791047985600459,0.6018971156430966,2.939264512712495,4792.989652239869,889.0582525453514,3415.3944697579104,2.631578947368421,uniform,uniform,0.001960134330845797,0
5000,0.6749404683005831,10.377327086148796,0.8906222846307147,4.920546267728389,4555.446357498104,849.2731597588138,3415.3944697579104,2.631578947368421,uniform_exact,uniform,0.0,0
5000,0.7043250568842707,9.485986571983513,0.6588895910204521,3.025778064474251,4960.737857550311,860.736386785567,3415.3944697579104,2.631578947368421,uniform,uniform,0.003917706050239351,0
5000,0.7278048746693839,12.570758348270179,0.4957898987188222,2.7893199430792897,5000,1005.3294553439663,3415.3944697579104,2.631578947368421,uniform,uniform,0.009653239166554087,0
5000,0.6959390046794844,8.19052749199074,0.6501703883797106,3.3330866376901174,4843.310982342714,802.5347341334756,3415.3944697579104,2.631578947368421,uniform,uniform,0.004599068916265144,0
5000,0.7275752487361427,11.991683623295147,0.5653833462780569,3.5962584094955283,5000,984.5211787295407,3415.3944697579104,2.631578947368421,uniform,uniform,0.006903001587663712,0
5000,1.1514945012448503,13.921170970329356,0.6261549421405608,4.297305305758574,5000,1896.7749602854858,3415.3944697579104,2.631578947368421,uniform,uniform,0.010491780608558194,0
5000,1.1000620070210954,13.282787825099584,0.7719476237790804,4.907175494488262,5000,1751.5135306439688,3415.3944697579104,2.631578947368421,uniform_exact,uniform,0.0,0
5000,1.169644960173019,14.047324928197764,0.7355517501169647,4.160392361466911,5000,1945.8743384555728,3415.3944697579104,2.631578947368421,uniform_exact,uniform,0.0,0
5000,3.012040993380712,33.184170841399485,0.5471914114661783,2.679785236817598,5000,5000,3415.3944697579104,2.631578947368421,uniform,is,0.03471235094696287,1
5000,3.05512119238724,33.62125804296652,0.5130685223679796,2.7928484623614676,5000,5000,3415.3944697579104,2.631578947368421,uniform,is,0.032222813469092754,1
5000,3.0106207049135034,32.90968384374054,0.5878855137038238,3.1400204869197164,5000,5000,3415.3944697579104,2.631578947368421,uniform,is,0.010398799433121237,1
5000,0.6966747062003946,7.519776239119451,0.8360663516092074,5.070479343960554,4853.5564625940615,779.9280568408838,3415.3944697579104,2.631578947368421,uniform_exact,uniform,0.0,0
5000,0.7118330565326979,11.001515450812754,0.6829923257811019,3.848230718507465,5000,925.5349606766966,3415.3944697579104,2.631578947368421,uniform,uniform,0.00028363880770504023,0
5000,0.65806351816426,9.25657713996702,0.5210832011915695,3.009658120457691,4330.475939387233,785.8466069380014,3415.3944697579104,2.631578947368421,uniform,uniform,0.003114234490634666,0
5000,1.324498034040619,12.321985384365552,0.6839240639160747,4.346495701234621,5000,2294.2009719524963,3415.3944697579104,2.631578947368421,uniform,uniform,0.0008956885338750971,0
5000,1.3258723349377788,12.187571001132723,1.73003666419072,10.106970137397335,5000,2293.3128965373376,3415.3944697579104,2.631578947368421,uniform_exact,uniform,0.0,0
5000,1.3582145587406718,12.411829353085658,1.0320883990835974,7.353071842006123,5000,2393.222861712485,3415.3944697579104,2.631578947368421,uniform_exact,uniform,0.0,0
5000,3.273305510801266,25.581420388004364,3.1083569959548125,16.053851575688824,5000,5000,3415.3944697579104,2.631578947368421,is,is,0.0009622797958895357,1
5000,3.270192893939796,25.42383972037984,3.1629404837759334,22.728762568451977,5000,5000,3415.3944697579104,2.631578947368421,is,is,0.015340212591736646,1
5000,3.2584141459449203,25.386482551776233,3.243974748159738,23.381508103443956,5000,5000,3415.3944697579104,2.631578947368421,is,is,0.01886077878196208,1
5000,0.6808824421638225,9.063293680601529,0.9514706108907272,6.318174779011014,4636.00900046971,811.3956486802743,3415.3944697579104,2.631578947368421,uniform_exact,uniform,0.0,0
5000,0.6814735797847691,8.168079323694936,0.6775805280726648,3.9010483181152558,4644.06239944668,780.6281727935872,3415.3944697579104,2.631578947368421,uniform,uniform,4.159448790920392e-05,0
5000,0.6730762768779296,7.51328610662532,0.5603801475877154,2.5956014255421747,4530.316744958553,745.4462794393922,3415.3944697579104,2.631578947368421,uniform,uniform,0.0026453592832745196,0
5000,1.5610511723927194,9.482297366454727,1.6613919465040323,7.818784868025832,5000,2917.208338590139,3415.3944697579104,2.631578947368421,uniform_exact,uniform,0.0,0
5000,1.5983515327881193,10.05179141412876,1.7130394222296068,8.533096891307927,5000,3062.202085772467,3415.3944697579104,2.631578947368421,uniform_exact,uniform,0.0,0
5000,1.564054233622819,9.903368559014538,1.5450570224287894,7.205894044165951,5000,2942.026281598381,3415.3944697579104,2.631578947368421,uniform_exact,uniform,0.0,0
5000,3.0064614329892705,15.45576789854595,2.5040939452134108,8.735822625196475,5000,5000,3415.3944697579104,2.631578947368421,uniform_exact,is,0.0,1
5000,2.975958669383625,15.516826552718598,2.4184527231924573,8.72535443317346,5000,5000,3415.3944697579104,2.631578947368421,uniform_exact,is,0.0,1
5000,2.994754765488841,15.286751648815459,3.328069018376057,23.995424368710193,5000,5000,3415.3944697579104,2.631578947368421,is,is,0.004816013909848483,1
5000,0.6452892873409604,7.975916618900835,0.6268466439235048,3.3717664102113103,4163.982643570044,722.9682813290447,3415.3944697579104,2.631578947368421,uniform,uniform,0.009036854823742363,0
5000,0.6342794906340355,7.439749972949388,0.570566480024051,3.212887230444031,4023.1047223897153,689.1014222579303,3415.3944697579104,2.631578947368421,uniform,uniform,0.004363515603431077,0
5000,0.6753511690743486,10.273263459798766,0.6383031628654906,3.836080330322145,4560.992015700892,846.1850654440004,3415.3944697579104,2.631578947368421,uniform,uniform,0.0009126789610475261,0
5000,1.5642034237759075,7.461215325213151,1.5794036744058864,6.2635052190724805,5000,2856.258812823272,3415.3944697579104,2.631578947368421,uniform_exact,uniform,0.0,0
5000,1.6069129255861263,7.627573339463385,1.483181525991579,5.17936723071973,5000,3005.6523591964697,3415.3944697579104,2.631578947368421,uniform_exact,uniform,0.0,0
5000,1.5835535573326203,7.463665704236842,1.5943438325449921,5.8887630262837485,5000,2920.888956784179,3415.3944697579104,2.631578947368421,uniform_exact,uniform,0.0,0
5000,2.4387528204411435,9.085143647908605,2.3852026772869004,8.533082100251969,5000,5000,3415.3944697579104,2.631578947368421,uniform_exact,is,0.0,0
5000,2.44827057345472,9.074192457210252,3.0205621882074993,12.995594979544668,5000,5000,3415.3944697579104,2.631578947368421,is,is,0.008193745724641589,1
5000,2.4335609917695766,9.037567396165114,2.7084837760607585,11.96630009770294,5000,5000,3415.3944697579104,2.631578947368421,is,is,0.004836703728959797,0
5000,0.6519470284472162,8.754530513444111,0.6247859958585109,3.5525555255518104,4250.349279011552,759.6225283466741,3415.3944697579104,2.631578947368421,uniform,uniform,9.805634297087399e-05,0
5000,0.6299048125270215,10.880578863376364,0.5567342809688982,2.8051508563313496,3967.80072844702,804.7784164634724,3415.3944697579104,2.631578947368421,uniform,uniform,0.005389353131892895,0
5000,0.6870579308218044,13.544762416249597,0.8216223440671996,4.998386320441621,4720.486003051393,978.6423256088318,3415.3944697579104,2.631578947368421,uniform_exact,uniform,0.0,0
5000,1.3838458656873216,5.062593836717688,1.4205059843051806,4.358175324916367,5000,2208.1082099118385,3415.3944697579104,2.631578947368421,uniform_exact,uniform,0.0,0
5000,1.398083832516939,5.098880683600188,1.3460292820398914,4.530783970474595,5000,2251.362172756544,3415.3944697579104,2.631578947368421,uniform_exact,uniform,0.0,0
5000,1.3909424378180453,5.143704401559593,1.4280148892029405,4.847444748688462,5000,2231.8395544274426,3415.3944697579104,2.631578947368421,uniform_exact,uniform,0.0,0
5000,1.7911999033758386,5.04722867967325,1.818958368183501,5.052146066522877,5000,3578.1000040057165,3415.3944697579104,2.631578947368421,uniform_exact,is,0.0,0
5000,1.7925498435757545,5.031734118828527,1.573162811886946,3.8323023899515363,5000,3582.67919398956,3415.3944697579104,2.631578947368421,uniform_exact,is,0.0,0
5000,1.799646793110485,5.033057676968276,1.6926693192945663,4.285256135089368,5000,3609.740622118057,3415.3944697579104,2.631578947368421,uniform_exact,is,0.0,0
1000,0.617599978331471,6.544485015745742,0.5569373888027122,3.927057743634966,1000,635.3522133703194,2770.0098668718365,2.8684210526315788,uniform_exact,uniform,0.0,0
1000,0.7016203194983847,6.4257658382788225,0.7736043061541271,4.760425608540907,1000,748.6133196376052,2770.0098668718365,2.8684210526315788,uniform_exact,uniform,0.0,0
1000,0.633503586176026,5.578210996800821,0.6867247621124223,4.0870791032975635,1000,622.3055587995697,2770.0098668718365,2.8684210526315788,uniform_exact,uniform,0.0,0
1000,0.6607087487078306,6.077985671873188,0.8408719763831928,4.686953909201708,1000,677.2686212166315,2770.0098668718365,2.8684210526315788,uniform_exact,uniform,0.0,0
1000,0.6504739835154975,5.5695015501111715,0.5975667187876323,3.2151771854192766,1000,645.0875760346555,2770.0098668718365,2.8684210526315788,uniform_exact,uniform,0.0,0
1000,0.6694892343956219,5.3838442549691585,0.7046489983591949,3.636963373840931,1000,665.1267185776958,2770.0098668718365,2.8684210526315788,uniform_exact,uniform,0.0,0
1000,0.6398166324088268,6.140337691272391,0.7280992158627383,4.8448831617692685,1000,650.6791989769632,2770.0098668718365,2.8684210526315788,uniform_exact,uniform,0.0,0
1000,0.6645481406412764,5.726033896808133,0.6122483694524626,3.5000085390104427,1000,670.2286990086395,2770.0098668718365,2.8684210526315788,uniform_exact,uniform,0.0,0
1000,0.6625855174916219,6.889022080403152,0.5139656264307281,2.8354420795468305,1000,708.5478357810049,2770.0098668718365,2.8684210526315788,uniform_exact,uniform,0.0,0
1000,0.6194948810036581,4.431036671722072,0.48480782341120787,2.3055337007594434,1000,563.1847822127821,2770.0098668718365,2.8684210526315788,uniform_exact,uniform,0.0,0
1000,0.6419604984348997,5.780451621515172,0.7246796256553815,4.052495643662799,1000,640.8791727435553,2770.0098668718365,2.8684210526315788,uniform_exact,uniform,0.0,0
1000,0.6478534945181104,7.295799872829969,0.6869700634907897,2.9723090513094403,1000,702.4588421607818,2770.0098668718365,2.8684210526315788,uniform_exact,uniform,0.0,0
1000,0.9275708025452007,9.067911114745035,0.6378213529513217,3.37236372536286,1000,1000,2770.0098668718365,2.8684210526315788,uniform_exact,uniform,0.0,0
1000,0.8826442516694574,9.20078801072338,0.7108467494226214,4.155361547451803,1000,1000,2770.0098668718365,2.8684210526315788,uniform_exact,uniform,0.0,0
1000,0.8944373892679047,9.492564196854993,0.8938671512360022,6.415711007409704,1000,1000,2770.0098668718365,2.8684210526315788,uniform_exact,uniform,0.0,0
1000,2.1600848596659037,23.591190740265375,0.5975748927155514,3.0709580032479162,1000,1000,2770.0098668718365,2.8684210526315788,uniform_exact,uniform,0.0,0
1000,2.186629044024305,23.67565527185168,2.54822737529639,18.486324904351715,1000,1000,2770.0098668718365,2.8684210526315788,uniform_exact,uniform,0.0,0
1000,2.202788337834508,23.474969597415352,2.609756894162879,14.106628432468467,1000,1000,2770.0098668718365,2.8684210526315788,uniform_exact,uniform,0.0,1
1000,0.668926440883736,6.047119721303887,0.5563947196242877,2.4942371173591575,1000,687.7568181231449,2770.0098668718365,2.8684210526315788,uniform_exact,uniform,0.0,0
1000,0.6096939094021688,4.754850690421404,0.5815216926872884,3.395573628115751,1000,561.8565535974923,2770.0098668718365,2.8684210526315788,uniform_exact,uniform,0.0,0
1000,0.619980694353103,5.711189635441723,0.8386466386891339,5.335125259071453,1000,609.0405737763899,2770.0098668718365,2.8684210526315788,uniform_exact,uniform,0.0,0
1000,1.0363964890753734,8.83629684462703,1.1636423156543751,6.297601116725704,1000,1000,2770.0098668718365,2.8684210526315788,uniform_exact,uniform,0.0,0
1000,1.0808453099122093,9.327938871539764,1.16548871767357,6.884162633923767,1000,1000,2770.0098668718365,2.8684210526315788,uniform_exact,uniform,0.0,0
1000,1.0555990939448983,9.079803243418585,0.7597527708390206,3.2160631254792587,1000,1000,2770.0098668718365,2.8684210526315788,uniform_exact,uniform,0.0,0
1000,2.4223349633420703,19.324723385669508,2.4794002169492093,10.925916558476917,1000,1000,2770.0098668718365,2.8684210526315788,uniform_exact,uniform,0.0,1
1000,2.4594205603819232,19.349043540692758,2.3480952153229495,8.232136166558483,1000,1000,2770.0098668718365,2.8684210526315788,uniform_exact,uniform,0.0,1
1000,2.441556227376376,19.145175988469532,2.522376385052809,18.198590782482928,1000,1000,2770.0098668718365,2.8684210526315788,uniform_exact,uniform,0.0,1
1000,0.6787566315775071,6.9795351614658365,0.589904637599324,2.7121246466234554,1000,734.7301064462791,2770.0098668718365,2.8684210526315788,uniform_exact,uniform,0.0,0
1000,0.6273247767797993,5.416408240314115,0.6537288654959224,3.102969256570558,1000,608.3351215613185,2770.0098668718365,2.8684210526315788,uniform_exact,uniform,0.0,0
1000,0.6436184853347732,6.685255422490038,0.858804134812529,5.978715305685298,1000,675.097401560128,2770.0098668718365,2.8684210526315788,uniform_exact,uniform,0.0,0
1000,1.322654341020879,7.809373922547658,1.0605945919692041,7.146744994877575,1000,1000,2770.0098668718365,2.8684210526315788,uniform_exact,uniform,0.0,0
1000,1.2985808873964355,8.313744404611858,1.144484889522472,8.228529732047338,1000,1000,2770.0098668718365,2.8684210526315788,uniform_exact,uniform,0.0,0
1000,1.208561744925839,7.712949719548932,1.0126138217024563,5.125465207317638,1000,1000,2770.0098668718365,2.8684210526315788,uniform_exact,uniform,0.0,0
1000,2.507398434602011,12.789785607408268,2.4223015275486923,9.624054318352302,1000,1000,2770.0098668718365,2.8684210526315788,uniform_exact,uniform,0.0,1
1000,2.520669114923294,12.78671987327333,2.261946005325924,8.011581480486466,1000,1000,2770.0098668718365,2.8684210526315788,uniform_exact,uniform,0.0,1
1000,2.49068495781207,12.596211278828237,2.118445635017124,7.060502514778585,1000,1000,2770.0098668718365,2.8684210526315788,uniform_exact,uniform,0.0,1
1000,0.6524098435515786,7.086241475883487,0.5423065004237145,2.6864016822447248,1000,701.3347232849229,2770.0098668718365,2.8684210526315788,uniform_exact,uniform,0.0,0
1000,0.581167313005821,6.085439413528287,0.3884993896822791,1.9457846056827957,1000,572.85770424497,2770.0098668718365,2.8684210526315788,uniform_exact,uniform,0.0,0
1000,0.6984683097008569,7.200833170425255,0.5294928449943053,3.3433417484595083,1000,771.3139441410074,2770.0098668718365,2.8684210526315788,uniform_exact,uniform,0.0,0
1000,1.3537758517722411,6.291632634044208,1.3663406320363618,5.444509029206669,1000,1000,2770.0098668718365,2.8684210526315788,uniform_exact,uniform,0.0,0
1000,1.367532997551312,6.235878482522877,1.430168969337519,5.033736211883466,1000,1000,2770.0098668718365,2.8684210526315788,uniform_exact,uniform,0.0,0
1000,1.3274574831627268,6.042607423381932,1.312896937549038,5.962758162437087,1000,1000,2770.0098668718365,2.8684210526315788,uniform_exact,uniform,0.0,0
1000,2.1745485439283283,8.206958182334139,2.456869717894574,9.632502798918212,1000,1000,2770.0098668718365,2.8684210526315788,uniform_exact,uniform,0.0,0
1000,2.2071501455785794,8.244504029581895,2.1028544417236326,6.913882154576766,1000,1000,2770.0098668718365,2.8684210526315788,uniform_exact,uniform,0.0,1
1000,2.2131805137021714,8.13937339152958,2.306161981820493,9.060963903558704,1000,1000,2770.0098668718365,2.8684210526315788,uniform_exact,uniform,0.0,1
1000,0.596226390605092,7.59566327931635,0.5116251513950149,2.902317129794314,1000,644.9903306438464,2770.0098668718365,2.8684210526315788,uniform_exact,uniform,0.0,0
1000,0.5707637716995058,4.76013034379612,0.70703416671721,3.928438413066784,1000,513.3458044551178,2770.0098668718365,2.8684210526315788,uniform_exact,uniform,0.0,0
1000,0.6082008942884182,5.59710910895369,0.6928619142094187,4.116679510013101,1000,589.680079419608,2770.0098668718365,2.8684210526315788,uniform_exact,uniform,0.0,0
1000,1.2128763710131376,4.437108297044463,1.0909736165642834,3.6852694421507013,1000,1000,2770.0098668718365,2.8684210526315788,uniform_exact,uniform,0.0,0
1000,1.222022170293529,4.453870144522961,1.2946600527940733,4.671140082709692,1000,1000,2770.0098668718365,2.8684210526315788,uniform_exact,uniform,0.0,0
1000,1.2283430251331136,4.34226493758284,1.363766648238496,6.282543357428151,1000,1000,2770.0098668718365,2.8684210526315788,uniform_exact,uniform,0.0,0
1000,1.6822322474532947,4.785774324099834,1.9211154594385143,5.923517033358115,1000,1000,2770.0098668718365,2.8684210526315788,uniform_exact,uniform,0.0,0
1000,1.6828609678688584,4.797205593998007,1.5440128341444355,3.963022562140166,1000,1000,2770.0098668718365,2.8684210526315788,uniform_exact,uniform,0.0,0
1000,1.6824444119691087,4.694431122747657,1.87989140982208,5.505521852546986,1000,1000,2770.0098668718365,2.8684210526315788,uniform_exact,uniform,0.0,0
2000,0.6437859806065077,7.26494190000632,0.6795378261653001,3.537558541588774,2000,695.8016540771678,3047.961886276374,2.8684210526315788,uniform_exact,uniform,0.0,0
2000,0.6783226328241753,6.987718128416362,0.7173100475790765,3.7310022984077666,2000,734.3950354052101,3047.961886276374,2.8684210526315788,uniform_exact,uniform,0.0,0
2000,0.7008485258315146,10.87323753149392,0.9098039140205012,6.592826316886497,2000,904.5604323951111,3047.961886276374,2.8684210526315788,uniform_exact,uniform,0.0,0
2000,0.6647636523552978,9.371015606248461,0.5264179112853857,2.789820880662961,2000,799.2807397443189,3047.961886276374,2.8684210526315788,uniform_exact,uniform,0.0,0
2000,0.6503303945228937,7.618833107152736,0.5052717973526014,2.0834531684664594,2000,717.2763773531361,3047.961886276374,2.8684210526315788,uniform_exact,uniform,0.0,0
2000,0.7116392058914187,10.837519913683188,0.43514294189277913,2.6070082849308642,2000,919.4498867172433,3047.961886276374,2.8684210526315788,uniform,uniform,0.0012184208115801226,0
2000,0.6984542271619008,9.191213698217632,0.6455172901841676,2.7679064932069926,2000,841.5975496551691,3047.961886276374,2.8684210526315788,uniform_exact,uniform,0.0,0
2000,0.6531760108020092,9.05950966881119,0.5539131662558244,2.782076495315784,2000,772.0947091795654,3047.961886276374,2.8684210526315788,uniform_exact,uniform,0.0,0
2000,0.6722700999610615,5.917746054892996,0.5569329664754396,2.7488327206624352,2000,687.9391315719704,3047.961886276374,2.8684210526315788,uniform_exact,uniform,0.0,0
2000,0.7041455345419971,8.158001271669198,0.9001902678535196,6.000927455840264,2000,813.5611982931824,3047.961886276374,2.8684210526315788,uniform_exact,uniform,0.0,0
2000,0.6776575995706522,7.229319530734069,0.7411400784137787,3.4772080421326357,2000,741.9733333176847,3047.961886276374,2.8684210526315788,uniform_exact,uniform,0.0,0
2000,0.6623640231431586,9.28680597708695,0.6049148000474264,3.0707069753576146,2000,792.9316579825959,3047.961886276374,2.8684210526315788,uniform_exact,uniform,0.0,0
2000,0.9816612409123018,11.124163624423396,0.8111280283346239,4.3430124498432825,2000,1414.083017984169,3047.961886276374,2.8684210526315788,uniform_exact,uniform,0.0,0
2000,1.019893147231907,10.771710935140439,0.8244018861057834,5.496152844091107,2000,1482.7225254275493,3047.961886276374,2.8684210526315788,uniform_exact,uniform,0.0,0
2000,1.0038984191058524,11.152323945467518,1.4569049725347272,8.240848192347942,2000,1461.8652799715167,3047.961886276374,2.8684210526315788,uniform_exact,uniform,0.0,0
2000,2.485939595674491,27.10730987984548,0.8891244120584624,5.930702351718412,2000,2000,3047.961886276374,2.8684210526315788,uniform_exact,uniform,0.0,1
2000,2.4574092914423638,26.830979453268434,0.47728777181043147,2.3117898203390688,2000,2000,3047.961886276374,2.8684210526315788,uniform_exact,uniform,0.0,1
2000,2.4875934157876274,27.001639859771334,0.6645592674332018,3.540174400361063,2000,2000,3047.961886276374,2.8684210526315788,uniform_exact,uniform,0.0,1
2000,0.6522247884106012,6.7974888408872705,0.7422459117407096,4.724950717378569,2000,690.8795354216088,3047.961886276374,2.8684210526315788,uniform_exact,uniform,0.0,0
2000,0.708592555862065,7.3196862152942685,1.0386411284594017,6.01129553938185,2000,790.6074475854836,3047.961886276374,2.8684210526315788,uniform_exact,uniform,0.0,0
2000,0.6266465193598646,6.766098028970186,0.7540740759461966,4.904314272243291,2000,655.107760504205,3047.961886276374,2.8684210526315788,uniform_exact,uniform,0.0,0
2000,1.187664640127493,10.482197021947206,0.6085513478322091,3.4159795098201555,2000,1864.9588252464846,3047.961886276374,2.8684210526315788,uniform_exact,uniform,0.0,0
2000,1.169122399391696,10.541280528053289,0.6390632967260746,3.7301333641875987,2000,1820.7383665351958,3047.961886276374,2.8684210526315788,uniform_exact,uniform,0.0,0
2000,1.2297958209577402,10.40504305776103,1.4871083962870628,8.106492914015815,2000,1970.1608002574487,3047.961886276374,2.8684210526315788,uniform_exact,uniform,0.0,0
2000,2.869439534666998,22.1660269939405,0.5150354372031547,2.5125706063014532,2000,2000,3047.961886276374,2.8684210526315788,uniform_exact,uniform,0.0,1
2000,2.804968516663726,22.06499967036417,2.8586826410631683,20.653121778308122,2000,2000,3047.961886276374,2.8684210526315788,uniform_exact,uniform,0.0,1
2000,2.735942484849644,21.257719756855096,3.060233177306045,22.088853303229122,2000,2000,3047.961886276374,2.8684210526315788,is,uniform,0.02802843080395577,1
2000,0.65141260441657,7.2644391200920655,0.449100386284324,2.041569503251057,2000,706.2512425280808,3047.961886276374,2.8684210526315788,uniform_exact,uniform,0.0,0
2000,0.6410291195607866,6.374989174742897,0.7355892024404006,3.7659285184892384,2000,660.6132527733449,3047.961886276374,2.8684210526315788,uniform_exact,uniform,0.0,0
2000,0.6227487686611384,6.430958934057433,0.8362888766865616,5.993197138946969,2000,638.1095561822503,3047.961886276374,2.8684210526315788,uniform_exact,uniform,0.0,0
2000,1.358269331673104,8.966713358539577,1.545376224584582,7.739699257488331,2000,2000,3047.961886276374,2.8684210526315788,uniform_exact,uniform,0.0,0
2000,1.3763076923974027,8.285852764690443,1.4125575903389553,6.954794148421016,2000,2000,3047.961886276374,2.8684210526315788,uniform_exact,uniform,0.0,0
2000,1.4611702597146317,9.106720084066147,1.5882687499425883,8.103100381432293,2000,2000,3047.961886276374,2.8684210526315788,uniform_exact,uniform,0.0,0
2000,2.7142794007709448,13.745211635687745,2.9448782809965737,15.787392429238963,2000,2000,3047.961886276374,2.8684210526315788,is,uniform,0.0028000904061604836,1
2000,2.726308523162901,13.889554001701725,2.800034961040646,15.004875714158661,2000,2000,3047.961886276374,2.8684210526315788,uniform_exact,uniform,0.0,1
2000,2.7326270401993864,13.72668609604081,0.49563374051024117,2.3817533376686457,2000,2000,3047.961886276374,2.8684210526315788,uniform_exact,uniform,0.0,1
2000,0.5866904178552818,6.882127609815075,0.6009059597765013,2.861635777745531,2000,607.833459026285,3047.961886276374,2.8684210526315788,uniform_exact,uniform,0.0,0
2000,0.6805166058317258,7.844182030189697,0.5377359119846903,2.9958341011902627,2000,767.8062812379214,3047.961886276374,2.8684210526315788,uniform_exact,uniform,0.0,0
2000,0.6075248895724128,8.488601778181627,0.49524027080151584,2.1698314113254233,2000,690.9428482752027,3047.961886276374,2.8684210526315788,uniform_exact,uniform,0.0,0
2000,1.4612428196080953,6.753627793666996,1.4984201058899802,7.062513183954372,2000,2000,3047.961886276374,2.8684210526315788,uniform_exact,uniform,0.0,0
2000,1.4764441467779024,6.956174126191189,1.5155897124122797,7.498906322275059,2000,2000,3047.961886276374,2.8684210526315788,uniform_exact,uniform,0.0,0
2000,1.4190922443740461,6.741387981806074,1.3816114931414487,5.867467670230106,2000,2000,3047.961886276374,2.8684210526315788,uniform_exact,uniform,0.0,0
2000,2.301445779003562,8.777361115865295,2.3891647719609383,8.374730631546242,2000,2000,3047.961886276374,2.8684210526315788,uniform_exact,uniform,0.0,0
2000,2.3152827988189686,8.658788130102245,2.9051397421051006,16.178768861257545,2000,2000,3047.961886276374,2.8684210526315788,is,uniform,0.010393144720537284,1
2000,2.30933321640677,8.687845653682372,2.4192954207976958,9.493135413818418,2000,2000,3047.961886276374,2.8684210526315788,uniform_exact,uniform,0.0,1
2000,0.5915941849529013,6.747218403782818,0.4034332106975152,2.0962252860317028,2000,609.1909512319154,3047.961886276374,2.8684210526315788,uniform,uniform,0.011208010119104779,0
2000,0.5845956482433441,7.133862103294786,0.5884970221686106,2.196055372331372,2000,614.1252907176902,3047.961886276374,2.8684210526315788,uniform_exact,uniform,0.0,0
2000,0.6364016724628121,6.162099158324124,0.5429992076045689,3.1469110903944593,2000,646.8295982407201,3047.961886276374,2.8684210526315788,uniform_exact,uniform,0.0,0
2000,1.2983740571519216,4.789065542177101,1.2535684673568972,4.01211978898392,2000,1955.5143230204017,3047.961886276374,2.8684210526315788,uniform_exact,uniform,0.0,0
2000,1.3147579288921611,4.448881049791875,1.4038038359161362,4.167784926856798,2000,1988.865891661483,3047.961886276374,2.8684210526315788,uniform_exact,uniform,0.0,0
2000,1.3083480127020897,4.637299734571176,1.358302179943512,4.5494836832946675,2000,1977.704173984409,3047.961886276374,2.8684210526315788,uniform_exact,uniform,0.0,0
2000,1.7372109637686688,4.909762302581473,2.2555881348260605,7.999200344617522,2000,2000,3047.961886276374,2.8684210526315788,uniform_exact,uniform,0.0,0
2000,1.7421178180833923,4.869082529210165,1.6077066528370554,4.17984250001544,2000,2000,3047.961886276374,2.8684210526315788,uniform_exact,uniform,0.0,0
2000,1.7399890427199698,4.970317505328127,1.4635542360416156,3.5554292572999606,2000,2000,3047.961886276374,2.8684210526315788,uniform_exact,uniform,0.0,0
5000,0.7224807944290408,9.893139619301449,0.624048069576135,3.5887803585752773,5000,902.5681715523135,3415.3944697579104,2.8684210526315788,uniform,uniform,0.006162629570755657,0
5000,0.6783674416504732,9.248645932905605,0.8188116364208007,4.381389144944955,4601.823858914082,814.3202078120423,3415.3944697579104,2.8684210526315788,uniform_exact,uniform,0.0,0
5000,0.6974014263102107,8.500077009248255,0.6318057394111302,3.353511422941508,4863.687494195162,815.627902553106,3415.3944697579104,2.8684210526315788,uniform,uniform,0.0016689403788321276,0
5000,0.6966704990056833,11.78855723114979,0.7222482457458098,3.4070018676264806,4853.497841848277,930.7042214416718,3415.3944697579104,2.8684210526315788,uniform_exact,uniform,0.0,0
5000,0.7020645774986704,10.493395057863204,0.5967413258942754,3.5695197040807916,4928.946709783864,892.9513941522594,3415.3944697579104,2.8684210526315788,uniform,uniform,0.00017120866566865502,0
5000,0.6964872202949357,12.14043386833435,0.7501956032937582,3.627484756226908,4850.944480341662,942.8626783672503,3415.3944697579104,2.8684210526315788,uniform_exact,uniform,0.0,0
5000,0.6923142098960464,10.791047985600459,0.7418417080870725,4.467177802529099,4792.989652239869,889.0582525453514,3415.3944697579104,2.8684210526315788,uniform_exact,uniform,0.0,0
5000,0.6749404683005831,10.377327086148796,0.7942034066305073,5.35864587949851,4555.446357498104,849.2731597588138,3415.3944697579104,2.8684210526315788,uniform_exact,uniform,0.0,0
5000,0.7043250568842707,9.485986571983513,0.7584327053008494,4.978089919311557,4960.737857550311,860.736386785567,3415.3944697579104,2.8684210526315788,uniform_exact,uniform,0.0,0
5000,0.7278048746693839,12.570758348270179,0.6628478351143258,4.052601761138997,5000,1005.3294553439663,3415.3944697579104,2.8684210526315788,uniform,uniform,0.0005865037572378754,0
5000,0.6959390046794844,8.19052749199074,0.7042231276610253,3.3500774095495176,4843.310982342714,802.5347341334756,3415.3944697579104,2.8684210526315788,uniform,uniform,0.0010655951580393576,0
5000,0.7275752487361427,11.991683623295147,0.5634554730460829,3.058303446279375,5000,984.5211787295407,3415.3944697579104,2.8684210526315788,uniform,uniform,0.004995552761176417,0
5000,1.1514945012448503,13.921170970329356,1.5250342335968499,11.162795478099593,5000,1896.7749602854858,3415.3944697579104,2.8684210526315788,uniform_exact,uniform,0.0,0
5000,1.1000620070210954,13.282787825099584,1.49541679894591,10.726953553923998,5000,1751.5135306439688,3415.3944697579104,2.8684210526315788,uniform_exact,uniform,0.0,0
5000,1.169644960173019,14.047324928197764,1.6405657901606967,11.356274938149888,5000,1945.8743384555728,3415.3944697579104,2.8684210526315788,uniform_exact,uniform,0.0,0
5000,3.012040993380712,33.184170841399485,0.8602860816365523,5.909172864436895,5000,5000,3415.3944697579104,2.8684210526315788,uniform_exact,is,0.0,1
5000,3.05512119238724,33.62125804296652,0.5953490144720393,3.155879645058882,5000,5000,3415.3944697579104,2.8684210526315788,uniform,is,0.03329019990172901,1
5000,3.0106207049135034,32.90968384374054,2.8516622907310216,12.45785758882493,5000,5000,3415.3944697579104,2.8684210526315788,uniform_exact,is,0.0,1
5000,0.6966747062003946,7.519776239119451,0.6952854140309823,4.35108965244905,4853.5564625940615,779.9280568408838,3415.3944697579104,2.8684210526315788,uniform,uniform,0.0009965812246964913,0
5000,0.7118330565326979,11.001515450812754,0.6033080463934779,3.2824230029482044,5000,925.5349606766966,3415.3944697579104,2.8684210526315788,uniform,uniform,0.003319168276599223,0
5000,0.65806351816426,9.25657713996702,0.6400032333626161,3.5021433827039816,4330.475939387233,785.8466069380014,3415.3944697579104,2.8684210526315788,uniform,uniform,0.0014397542899491978,0
5000,1.324498034040619,12.321985384365552,0.5343101617989948,2.749427153932115,5000,2294.2009719524963,3415.3944697579104,2.8684210526315788,uniform,uniform,0.00245830436514613,0
5000,1.3258723349377788,12.187571001132723,1.5174050354638602,8.102807085754929,5000,2293.3128965373376,3415.3944697579104,2.8684210526315788,uniform_exact,uniform,0.0,0
5000,1.3582145587406718,12.411829353085658,1.7804980702796525,9.453905539567366,5000,2393.222861712485,3415.3944697579104,2.8684210526315788,uniform_exact,uniform,0.0,0
5000,3.273305510801266,25.581420388004364,3.229677101311159,23.2760017859118,5000,5000,3415.3944697579104,2.8684210526315788,is,is,0.005061394532549401,1
5000,3.270192893939796,25.42383972037984,3.5104078658515774,25.163404149187283,5000,5000,3415.3944697579104,2.8684210526315788,is,is,0.0001888717775550312,1
5000,3.2584141459449203,25.386482551776233,0.6310139109772743,2.921649278066524,5000,5000,3415.3944697579104,2.8684210526315788,uniform,is,0.011639331910695924,1
5000,0.6808824421638225,9.063293680601529,0.6045979034804737,3.46453084611126,4636.00900046971,811.3956486802743,3415.3944697579104,2.8684210526315788,uniform,uniform,0.00042246797125619,0
5000,0.6814735797847691,8.168079323694936,0.6537460276915682,3.347271620897726,4644.06239944668,780.6281727935872,3415.3944697579104,2.8684210526315788,uniform,uniform,0.0019813371472418334,0
5000,0.6730762768779296,7.51328610662532,0.5626391450178362,4.031000797087987,4530.316744958553,745.4462794393922,3415.3944697579104,2.8684210526315788,uniform,uniform,0.014274517149068924,0
5000,1.5610511723927194,9.482297366454727,1.383981780017776,6.419035568074323,5000,2917.208338590139,3415.3944697579104,2.8684210526315788,uniform_exact,uniform,0.0,0
5000,1.5983515327881193,10.05179141412876,1.8101375171164382,10.100069866932888,5000,3062.202085772467,3415.3944697579104,2.8684210526315788,uniform_exact,uniform,0.0,0
5000,1.564054233622819,9.903368559014538,1.6185828642655502,5.797907645281811,5000,2942.026281598381,3415.3944697579104,2.8684210526315788,uniform_exact,uniform,0.0,0
5000,3.0064614329892705,15.45576789854595,2.9043614457973246,12.936757331123147,5000,5000,3415.3944697579104,2.8684210526315788,is,is,0.009163496380500253,1
5000,2.975958669383625,15.516826552718598,2.903283282746154,15.18960091924026,5000,5000,3415.3944697579104,2.8684210526315788,is,is,0.004770257591324136,1
5000,2.994754765488841,15.286751648815459,2.98177845019793,13.079052129037938,5000,5000,3415.3944697579104,2.8684210526315788,is,is,0.012503172917364589,1
5000,0.6452892873409604,7.975916618900835,0.751719611356489,5.002285430550186,4163.982643570044,722.9682813290447,3415.3944697579104,2.8684210526315788,uniform_exact,uniform,0.0,0
5000,0.6342794906340355,7.439749972949388,0.765648211988257,3.88798245575718,4023.1047223897153,689.1014222579303,3415.3944697579104,2.8684210526315788,uniform_exact,uniform,0.0,0
5000,0.6753511690743486,10.273263459798766,0.5451674232897429,2.856736446736392,4560.992015700892,846.1850654440004,3415.3944697579104,2.8684210526315788,uniform,uniform,0.0008187886388782556,0
5000,1.5642034237759075,7.461215325213151,1.6358943536884,6.809337477472801,5000,2856.258812823272,3415.3944697579104,2.8684210526315788,uniform_exact,uniform,0.0,0
5000,1.6069129255861263,7.627573339463385,1.7054044190710436,8.580118890352173,5000,3005.6523591964697,3415.3944697579104,2.8684210526315788,uniform_exact,uniform,0.0,0
5000,1.5835535573326203,7.463665704236842,1.6503127249029899,6.323370535098338,5000,2920.888956784179,3415.3944697579104,2.8684210526315788,uniform_exact,uniform,0.0,0
5000,2.4387528204411435,9.085143647908605,2.9969984356890067,13.165055997923057,5000,5000,3415.3944697579104,2.8684210526315788,is,is,0.004751723915851707,0
5000,2.44827057345472,9.074192457210252,2.4698123654652004,8.683580721410477,5000,5000,3415.3944697579104,2.8684210526315788,uniform_exact,is,0.0,1
5000,2.4335609917695766,9.037567396165114,1.9137703486028623,5.1977501644194435,5000,5000,3415.3944697579104,2.8684210526315788,uniform_exact,is,0.0,0
5000,0.6519470284472162,8.754530513444111,0.5414916552265215,2.331943749042292,4250.349279011552,759.6225283466741,3415.3944697579104,2.8684210526315788,uniform,uniform,0.0023637432842827143,0
5000,0.6299048125270215,10.880578863376364,0.5957898236368724,3.1436325940891416,3967.80072844702,804.7784164634724,3415.3944697579104,2.8684210526315788,uniform,uniform,0.009528422190790625,0
5000,0.6870579308218044,13.544762416249597,0.9138303615835028,5.606808510991619,4720.486003051393,978.6423256088318,3415.3944697579104,2.8684210526315788,uniform_exact,uniform,0.0,0
5000,1.3838458656873216,5.062593836717688,1.3896529055447422,4.171664611344566,5000,2208.1082099118385,3415.3944697579104,2.8684210526315788,uniform_exact,uniform,0.0,0
5000,1.398083832516939,5.098880683600188,1.3755704177489534,4.6398630135829295,5000,2251.362172756544,3415.3944697579104,2.8684210526315788,uniform_exact,uniform,0.0,0
5000,1.3909424378180453,5.143704401559593,1.228179892698243,3.262877618493992,5000,2231.8395544274426,3415.3944697579104,2.8684210526315788,uniform_exact,uniform,0.0,0
5000,1.7911999033758386,5.04722867967325,1.7983321954200253,4.808201445676914,5000,3578.1000040057165,3415.3944697579104,2.8684210526315788,uniform_exact,is,0.0,0
5000,1.7925498435757545,5.031734118828527,2.0218133155867886,5.896853891908424,5000,3582.67919398956,3415.3944697579104,2.8684210526315788,uniform_exact,is,0.0,0
5000,1.799646793110485,5.033057676968276,1.6499713544933374,4.233665223861257,5000,3609.740622118057,3415.3944697579104,2.8684210526315788,uniform_exact,is,0.0,0
1000,0.617599978331471,6.544485015745742,0.5942921829450385,2.6264771481168983,1000,635.3522133703194,2770.0098668718365,3.1052631578947367,uniform_exact,uniform,0.0,0
1000,0.7016203194983847,6.4257658382788225,0.7759543842999687,5.0038090874809305,1000,748.6133196376052,2770.0098668718365,3.1052631578947367,uniform_exact,uniform,0.0,0
1000,0.633503586176026,5.578210996800821,0.5971088476158903,2.9124866424304927,1000,622.3055587995697,2770.0098668718365,3.1052631578947367,uniform_exact,uniform,0.0,0
1000,0.6607087487078306,6.077985671873188,0.5697998735500797,2.865816316897958,1000,677.2686212166315,2770.0098668718365,3.1052631578947367,uniform_exact,uniform,0.0,0
1000,0.6504739835154975,5.5695015501111715,0.6112457993557617,2.8285905736982304,1000,645.0875760346555,2770.0098668718365,3.1052631578947367,uniform_exact,uniform,0.0,0
1000,0.6694892343956219,5.3838442549691585,0.5927437974018713,2.8440907015747796,1000,665.1267185776958,2770.0098668718365,3.1052631578947367,uniform_exact,uniform,0.0,0
1000,0.6398166324088268,6.140337691272391,0.47728490153037495,2.147381091011644,1000,650.6791989769632,2770.0098668718365,3.1052631578947367,uniform_exact,uniform,0.0,0
1000,0.6645481406412764,5.726033896808133,0.6715325168960441,4.110317247162284,1000,670.2286990086395,2770.0098668718365,3.1052631578947367,uniform_exact,uniform,0.0,0
1000,0.6625855174916219,6.889022080403152,0.5397140206587729,2.817693059900303,1000,708.5478357810049,2770.0098668718365,3.1052631578947367,uniform_exact,uniform,0.0,0
1000,0.6194948810036581,4.431036671722072,0.6339868703499307,3.584598714974111,1000,563.1847822127821,2770.0098668718365,3.1052631578947367,uniform_exact,uniform,0.0,0
1000,0.6419604984348997,5.780451621515172,0.6604657889243799,2.874337914775365,1000,640.8791727435553,2770.0098668718365,3.1052631578947367,uniform_exact,uniform,0.0,0
1000,0.6478534945181104,7.295799872829969,0.5422200923154791,2.784165709882257,1000,702.4588421607818,2770.0098668718365,3.1052631578947367,uniform_exact,uniform,0.0,0
1000,0.9275708025452007,9.067911114745035,0.5948632922498986,3.111370236339561,1000,1000,2770.0098668718365,3.1052631578947367,uniform_exact,uniform,0.0,0
1000,0.8826442516694574,9.20078801072338,1.0465278549345483,7.518229667174334,1000,1000,2770.0098668718365,3.1052631578947367,uniform_exact,uniform,0.0,0
1000,0.8944373892679047,9.492564196854993,1.1853756443409773,8.164771653627637,1000,1000,2770.0098668718365,3.1052631578947367,uniform_exact,uniform,0.0,0
1000,2.1600848596659037,23.591190740265375,2.476010536530092,13.611125879297528,1000,1000,2770.0098668718365,3.1052631578947367,uniform_exact,uniform,0.0,0
1000,2.186629044024305,23.67565527185168,0.6285650020264286,3.9677750018557467,1000,1000,2770.0098668718365,3.1052631578947367,uniform_exact,uniform,0.0,0
1000,2.202788337834508,23.474969597415352,0.6071859048566062,3.016300772074131,1000,1000,2770.0098668718365,3.1052631578947367,uniform_exact,uniform,0.0,1
1000,0.668926440883736,6.047119721303887,0.5586372229995655,2.569218299167391,1000,687.7568181231449,2770.0098668718365,3.1052631578947367,uniform_exact,uniform,0.0,0
1000,0.6096939094021688,4.754850690421404,0.6151762749077859,2.8436206808070867,1000,561.8565535974923,2770.0098668718365,3.1052631578947367,uniform_exact,uniform,0.0,0
1000,0.619980694353103,5.711189635441723,0.710464644384241,5.096661764015339,1000,609.0405737763899,2770.0098668718365,3.1052631578947367,uniform_exact,uniform,0.0,0
1000,1.0363964890753734,8.83629684462703,0.9925547092538204,6.990323203265631,1000,1000,2770.0098668718365,3.1052631578947367,uniform_exact,uniform,0.0,0
1000,1.0808453099122093,9.327938871539764,1.10921509290976,7.1291554086783275,1000,1000,2770.0098668718365,3.1052631578947367,uniform_exact,uniform,0.0,0
1000,1.0555990939448983,9.079803243418585,1.4571982355526907,7.64626952804395,1000,1000,2770.0098668718365,3.1052631578947367,uniform_exact,uniform,0.0,0
1000,2.4223349633420703,19.324723385669508,2.431582735934133,17.585241235498895,1000,1000,2770.0098668718365,3.1052631578947367,uniform_exact,uniform,0.0,1
1000,2.4594205603819232,19.349043540692758,2.4890870150968523,17.876495414551066,1000,1000,2770.0098668718365,3.1052631578947367,uniform_exact,uniform,0.0,1
1000,2.441556227376376,19.145175988469532,2.4925088889010873,13.417357146642027,1000,1000,2770.0098668718365,3.1052631578947367,uniform_exact,uniform,0.0,1
1000,0.6787566315775071,6.9795351614658365,0.8110975958969135,5.585435887255924,1000,734.7301064462791,2770.0098668718365,3.1052631578947367,uniform_exact,uniform,0.0,0
1000,0.6273247767797993,5.416408240314115,0.6306784395441772,3.4699199243166796,1000,608.3351215613185,2770.0098668718365,3.1052631578947367,uniform_exact,uniform,0.0,0
1000,0.6436184853347732,6.685255422490038,0.7926925101873183,5.208455123065807,1000,675.097401560128,2770.0098668718365,3.1052631578947367,uniform_exact,uniform,0.0,0
1000,1.322654341020879,7.809373922547658,1.2926835344526864,5.979878492256194,1000,1000,2770.0098668718365,3.1052631578947367,uniform_exact,uniform,0.0,0
1000,1.2985808873964355,8.313744404611858,0.8761832652779862,6.058895419621284,1000,1000,2770.0098668718365,3.1052631578947367,uniform_exact,uniform,0.0,0
1000,1.208561744925839,7.712949719548932,1.1406489004922689,5.70903625378913,1000,1000,2770.0098668718365,3.1052631578947367,uniform_exact,uniform,0.0,0
1000,2.507398434602011,12.789785607408268,2.525023478105038,13.680728720179733,1000,1000,2770.0098668718365,3.1052631578947367,uniform_exact,uniform,0.0,1
1000,2.520669114923294,12.78671987327333,2.2724659272387084,8.706048598018555,1000,1000,2770.0098668718365,3.1052631578947367,uniform_exact,uniform,0.0,1
1000,2.49068495781207,12.596211278828237,2.558266014420162,14.286429787721458,1000,1000,2770.0098668718365,3.1052631578947367,uniform_exact,uniform,0.0,1
1000,0.6524098435515786,7.086241475883487,0.5561885676625596,2.6363077378923863,1000,701.3347232849229,2770.0098668718365,3.1052631578947367,uniform_exact,uniform,0.0,0
1000,0.581167313005821,6.085439413528287,0.4839145691149659,2.0805086203564063,1000,572.85770424497,2770.0098668718365,3.1052631578947367,uniform_exact,uniform,0.0,0
1000,0.6984683097008569,7.200833170425255,0.5985928940867927,3.7274601678901322,1000,771.3139441410074,2770.0098668718365,3.1052631578947367,uniform_exact,uniform,0.0,0
1000,1.3537758517722411,6.291632634044208,1.070515533534928,7.81463146187978,1000,1000,2770.0098668718365,3.1052631578947367,uniform_exact,uniform,0.0,0
1000,1.367532997551312,6.235878482522877,1.5529669832670574,6.0285950170183185,1000,1000,2770.0098668718365,3.1052631578947367,uniform_exact,uniform,0.0,0
1000,1.3274574831627268,6.042607423381932,1.4230786562534332,6.019647350985087,1000,1000,2770.0098668718365,3.1052631578947367,uniform_exact,uniform,0.0,0
1000,2.1745485439283283,8.206958182334139,2.0674754610900794,6.959125916821265,1000,1000,2770.0098668718365,3.1052631578947367,uniform_exact,uniform,0.0,0
1000,2.2071501455785794,8.244504029581895,2.1266534733189304,7.011463526303731,1000,1000,2770.0098668718365,3.1052631578947367,uniform_exact,uniform,0.0,1
1000,2.2131805137021714,8.13937339152958,2.333725935538029,9.232900656807802,1000,1000,2770.0098668718365,3.1052631578947367,uniform_exact,uniform,0.0,1
1000,0.596226390605092,7.59566327931635,0.5039546698090662,2.968479573388745,1000,644.9903306438464,2770.0098668718365,3.1052631578947367,uniform_exact,uniform,0.0,0
1000,0.5707637716995058,4.76013034379612,0.43083152129556845,2.6761514325365425,1000,513.3458044551178,2770.0098668718365,3.1052631578947367,uniform_exact,uniform,0.0,0
1000,0.6082008942884182,5.59710910895369,0.46692289099954115,2.7216694183206913,1000,589.680079419608,2770.0098668718365,3.1052631578947367,uniform_exact,uniform,0.0,0
1000,1.2128763710131376,4.437108297044463,1.191331069400818,3.8767262202097474,1000,1000,2770.0098668718365,3.1052631578947367,uniform_exact,uniform,0.0,0
1000,1.222022170293529,4.453870144522961,1.1477912481052994,3.6307723025211875,1000,1000,2770.0098668718365,3.1052631578947367,uniform_exact,uniform,0.0,0
1000,1.2283430251331136,4.34226493758284,1.1626177902533434,3.65916191544607,1000,1000,2770.0098668718365,3.1052631578947367,uniform_exact,uniform,0.0,0
1000,1.6822322474532947,4.785774324099834,1.318668419552899,3.072314132508588,1000,1000,2770.0098668718365,3.1052631578947367,uniform_exact,uniform,0.0,0
1000,1.6828609678688584,4.797205593998007,1.5573061491789097,3.9641439326232915,1000,1000,2770.0098668718365,3.1052631578947367,uniform_exact,uniform,0.0,0
1000,1.6824444119691087,4.694431122747657,1.669397452137094,4.480542711066855,1000,1000,2770.0098668718365,3.1052631578947367,uniform_exact,uniform,0.0,0
2000,0.6437859806065077,7.26494190000632,0.5793774216171284,2.553445878302826,2000,695.8016540771678,3047.961886276374,3.1052631578947367,uniform_exact,uniform,0.0,0
2000,0.6783226328241753,6.987718128416362,0.7905994087427808,5.04346311334597,2000,734.3950354052101,3047.961886276374,3.1052631578947367,uniform_exact,uniform,0.0,0
2000,0.7008485258315146,10.87323753149392,0.5575829836083537,2.425972764798848,2000,904.5604323951111,3047.961886276374,3.1052631578947367,uniform_exact,uniform,0.0,0
2000,0.6647636523552978,9.371015606248461,0.7914854265188036,4.5297335731532,2000,799.2807397443189,3047.961886276374,3.1052631578947367,uniform_exact,uniform,0.0,0
2000,0.6503303945228937,7.618833107152736,0.6091265108689172,2.942375053336869,2000,717.2763773531361,3047.961886276374,3.1052631578947367,uniform_exact,uniform,0.0,0
2000,0.7116392058914187,10.837519913683188,0.6881404183163123,3.5832236599532865,2000,919.4498867172433,3047.961886276374,3.1052631578947367,uniform_exact,uniform,0.0,0
2000,0.6984542271619008,9.191213698217632,0.8375973613282114,5.425003457287504,2000,841.5975496551691,3047.961886276374,3.1052631578947367,uniform_exact,uniform,0.0,0
2000,0.6531760108020092,9.05950966881119,0.5455370444932722,2.7942327589698395,2000,772.0947091795654,3047.961886276374,3.1052631578947367,uniform_exact,uniform,0.0,0
2000,0.6722700999610615,5.917746054892996,0.9491326463322486,5.564922355448199,2000,687.9391315719704,3047.961886276374,3.1052631578947367,uniform_exact,uniform,0.0,0
2000,0.7041455345419971,8.158001271669198,0.48804424817849396,2.239951415858279,2000,813.5611982931824,3047.961886276374,3.1052631578947367,uniform_exact,uniform,0.0,0
2000,0.6776575995706522,7.229319530734069,0.6972094208341457,4.589796130726148,2000,741.9733333176847,3047.961886276374,3.1052631578947367,uniform_exact,uniform,0.0,0
2000,0.6623640231431586,9.28680597708695,0.5321250091124979,2.648907266837745,2000,792.9316579825959,3047.961886276374,3.1052631578947367,uniform_exact,uniform,0.0,0
2000,0.9816612409123018,11.124163624423396,1.3829237427562835,9.474890766195317,2000,1414.083017984169,3047.961886276374,3.1052631578947367,uniform_exact,uniform,0.0,0
2000,1.019893147231907,10.771710935140439,1.3568218437510675,8.503240465798578,2000,1482.7225254275493,3047.961886276374,3.1052631578947367,uniform_exact,uniform,0.0,0
2000,1.0038984191058524,11.152323945467518,1.0094441230613056,6.737160502061316,2000,1461.8652799715167,3047.961886276374,3.1052631578947367,uniform_exact,uniform,0.0,0
2000,2.485939595674491,27.10730987984548,2.5790110230648575,11.227711660473533,2000,2000,3047.961886276374,3.1052631578947367,uniform_exact,uniform,0.0,1
2000,2.4574092914423638,26.830979453268434,0.45200067014291495,2.8547397543501685,2000,2000,3047.961886276374,3.1052631578947367,uniform_exact,uniform,0.0,1
2000,2.4875934157876274,27.001639859771334,0.7930218057954367,4.926462142123843,2000,2000,3047.961886276374,3.1052631578947367,uniform_exact,uniform,0.0,1
2000,0.6522247884106012,6.7974888408872705,0.6243103247189783,2.885538342587348,2000,690.8795354216088,3047.961886276374,3.1052631578947367,uniform_exact,uniform,0.0,0
2000,0.708592555862065,7.3196862152942685,0.7344417413322397,3.579807596134472,2000,790.6074475854836,3047.961886276374,3.1052631578947367,uniform_exact,uniform,0.0,0
2000,0.6266465193598646,6.766098028970186,0.8698150654982566,5.889957364963688,2000,655.107760504205,3047.961886276374,3.1052631578947367,uniform_exact,uniform,0.0,0
2000,1.187664640127493,10.482197021947206,0.6657524469755957,3.62785173806076,2000,1864.9588252464846,3047.961886276374,3.1052631578947367,uniform_exact,uniform,0.0,0
2000,1.169122399391696,10.541280528053289,0.5190281309932053,2.463105360878785,2000,1820.7383665351958,3047.961886276374,3.1052631578947367,uniform_exact,uniform,0.0,0
2000,1.2297958209577402,10.40504305776103,0.5466419144722428,3.048691054976386,2000,1970.1608002574487,3047.961886276374,3.1052631578947367,uniform_exact,uniform,0.0,0
2000,2.869439534666998,22.1660269939405,0.6096626980354259,2.8805129046898057,2000,2000,3047.961886276374,3.1052631578947367,uniform_exact,uniform,0.0,1
2000,2.804968516663726,22.06499967036417,2.7011602945412845,19.52602636675695,2000,2000,3047.961886276374,3.1052631578947367,uniform_exact,uniform,0.0,1
2000,2.735942484849644,21.257719756855096,2.777503366262843,15.974506151805945,2000,2000,3047.961886276374,3.1052631578947367,uniform_exact,uniform,0.0,1
2000,0.65141260441657,7.2644391200920655,0.5373572277621149,2.853980590577312,2000,706.2512425280808,3047.961886276374,3.1052631578947367,uniform_exact,uniform,0.0,0
2000,0.6410291195607866,6.374989174742897,0.49570945535113076,2.7852066634055292,2000,660.6132527733449,3047.961886276374,3.1052631578947367,uniform_exact,uniform,0.0,0
2000,0.6227487686611384,6.430958934057433,0.5169345080532071,2.535697962759599,2000,638.1095561822503,3047.961886276374,3.1052631578947367,uniform_exact,uniform,0.0,0
2000,1.358269331673104,8.966713358539577,1.4968133842073346,9.137742750793317,2000,2000,3047.961886276374,3.1052631578947367,uniform_exact,uniform,0.0,0
2000,1.3763076923974027,8.285852764690443,1.4779708260601954,10.780416590787294,2000,2000,3047.961886276374,3.1052631578947367,uniform_exact,uniform,0.0,0
2000,1.4611702597146317,9.106720084066147,1.396481545325307,10.353615653614067,2000,2000,3047.961886276374,3.1052631578947367,uniform_exact,uniform,0.0,0
2000,2.7142794007709448,13.745211635687745,2.727207513378807,14.331561329754662,2000,2000,3047.961886276374,3.1052631578947367,uniform_exact,uniform,0.0,1
2000,2.726308523162901,13.889554001701725,2.7371430833110244,11.928809507217006,2000,2000,3047.961886276374,3.1052631578947367,uniform_exact,uniform,0.0,1
2000,2.7326270401993864,13.72668609604081,2.815205540403905,15.367223790013703,2000,2000,3047.961886276374,3.1052631578947367,uniform_exact,uniform,0.0,1
2000,0.5866904178552818,6.882127609815075,0.5094763929148217,2.744125044917484,2000,607.833459026285,3047.961886276374,3.1052631578947367,uniform_exact,uniform,0.0,0
2000,0.6805166058317258,7.844182030189697,0.69594052623524,3.3279410559466234,2000,767.8062812379214,3047.961886276374,3.1052631578947367,uniform_exact,uniform,0.0,0
2000,0.6075248895724128,8.488601778181627,0.5838896427838571,3.2380481941414825,2000,690.9428482752027,3047.961886276374,3.1052631578947367,uniform_exact,uniform,0.0,0
2000,1.4612428196080953,6.753627793666996,1.501243498328347,6.254893916134475,2000,2000,3047.961886276374,3.1052631578947367,uniform_exact,uniform,0.0,0
2000,1.4764441467779024,6.956174126191189,1.520111414571896,6.487357445198196,2000,2000,3047.961886276374,3.1052631578947367,uniform_exact,uniform,0.0,0
2000,1.4190922443740461,6.741387981806074,1.4748427164276536,7.295554799439159,2000,2000,3047.961886276374,3.1052631578947367,uniform_exact,uniform,0.0,0
2000,2.301445779003562,8.777361115865295,2.228893484733885,7.83546475045433,2000,2000,3047.961886276374,3.1052631578947367,uniform_exact,uniform,0.0,0
2000,2.3152827988189686,8.658788130102245,2.3720899731187193,8.560714356517394,2000,2000,3047.961886276374,3.1052631578947367,uniform_exact,uniform,0.0,1
2000,2.30933321640677,8.687845653682372,2.218127150192437,7.996634847680983,2000,2000,3047.961886276374,3.1052631578947367,uniform_exact,uniform,0.0,1
2000,0.5915941849529013,6.747218403782818,0.620835312300028,3.1954705216102055,2000,609.1909512319154,3047.961886276374,3.1052631578947367,uniform_exact,uniform,0.0,0
2000,0.5845956482433441,7.133862103294786,0.7035034904261671,4.545838770333961,2000,614.1252907176902,3047.961886276374,3.1052631578947367,uniform_exact,uniform,0.0,0
2000,0.6364016724628121,6.162099158324124,0.5727061622599742,3.836118859205571,2000,646.8295982407201,3047.961886276374,3.1052631578947367,uniform_exact,uniform,0.0,0
2000,1.2983740571519216,4.789065542177101,1.3733621755974423,5.076019202926032,2000,1955.5143230204017,3047.961886276374,3.1052631578947367,uniform_exact,uniform,0.0,0
2000,1.3147579288921611,4.448881049791875,1.3976911831426924,4.997144765297909,2000,1988.865891661483,3047.961886276374,3.1052631578947367,uniform_exact,uniform,0.0,0
2000,1.3083480127020897,4.637299734571176,1.3927189155023065,4.8613430195240745,2000,1977.704173984409,3047.961886276374,3.1052631578947367,uniform_exact,uniform,0.0,0
2000,1.7372109637686688,4.909762302581473,1.5185086960985763,3.7608427776004674,2000,2000,3047.961886276374,3.1052631578947367,uniform_exact,uniform,0.0,0
2000,1.7421178180833923,4.869082529210165,1.5238848653409662,3.7572568165318656,2000,2000,3047.961886276374,3.1052631578947367,uniform_exact,uniform,0.0,0
2000,1.7399890427199698,4.970317505328127,1.5948653907549344,3.9527482307536186,2000,2000,3047.961886276374,3.1052631578947367,uniform_exact,uniform,0.0,0
5000,0.7224807944290408,9.893139619301449,0.7029053127256123,4.657236208760336,5000,902.5681715523135,3415.3944697579104,3.1052631578947367,uniform,uniform,0.0020840971648671083,0
5000,0.6783674416504732,9.248645932905605,0.6548157439104748,3.686551208172463,4601.823858914082,814.3202078120423,3415.3944697579104,3.1052631578947367,uniform,uniform,0.0020400428432082057,0
5000,0.6974014263102107,8.500077009248255,0.4710278420743726,2.323391432775541,4863.687494195162,815.627902553106,3415.3944697579104,3.1052631578947367,uniform,uniform,0.004179091758188606,0
5000,0.6966704990056833,11.78855723114979,0.6726162603151785,3.5211570598917805,4853.497841848277,930.7042214416718,3415.3944697579104,3.1052631578947367,uniform,uniform,0.006061865781159199,0
5000,0.7020645774986704,10.493395057863204,0.7177156218742307,3.4654262353216874,4928.946709783864,892.9513941522594,3415.3944697579104,3.1052631578947367,uniform_exact,uniform,0.0,0
5000,0.6964872202949357,12.14043386833435,0.7802553217645944,4.503974204328549,4850.944480341662,942.8626783672503,3415.3944697579104,3.1052631578947367,uniform_exact,uniform,0.0,0
5000,0.6923142098960464,10.791047985600459,1.115312841361532,7.463977539233981,4792.989652239869,889.0582525453514,3415.3944697579104,3.1052631578947367,uniform_exact,uniform,0.0,0
5000,0.6749404683005831,10.377327086148796,0.606513564592826,3.6832757700130547,4555.446357498104,849.2731597588138,3415.3944697579104,3.1052631578947367,uniform,uniform,0.0004418048484717522,0
5000,0.7043250568842707,9.485986571983513,0.5636903983989301,2.9724233670232496,4960.737857550311,860.736386785567,3415.3944697579104,3.1052631578947367,uniform,uniform,0.002600625078262339,0
5000,0.7278048746693839,12.570758348270179,0.5869330168996083,2.7944754525654147,5000,1005.3294553439663,3415.3944697579104,3.1052631578947367,uniform,uniform,0.001905800877256392,0
5000,0.6959390046794844,8.19052749199074,0.6233175300719462,3.1119750747050725,4843.310982342714,802.5347341334756,3415.3944697579104,3.1052631578947367,uniform,uniform,0.005761835291690851,0
5000,0.7275752487361427,11.991683623295147,0.6612357407812901,3.2271635922212125,5000,984.5211787295407,3415.3944697579104,3.1052631578947367,uniform,uniform,0.0005928096486080787,0
5000,1.1514945012448503,13.921170970329356,1.4946696945621263,8.673299313065018,5000,1896.7749602854858,3415.3944697579104,3.1052631578947367,uniform_exact,uniform,0.0,0
5000,1.1000620070210954,13.282787825099584,0.8431980129354955,5.327787799085827,5000,1751.5135306439688,3415.3944697579104,3.1052631578947367,uniform_exact,uniform,0.0,0
5000,1.169644960173019,14.047324928197764,0.5618418658454529,3.5478773731518625,5000,1945.8743384555728,3415.3944697579104,3.1052631578947367,uniform,uniform,0.027784816530715992,0
5000,3.012040993380712,33.184170841399485,3.077053166231066,16.368902102367183,5000,5000,3415.3944697579104,3.1052631578947367,uniform_exact,is,0.0,1
5000,3.05512119238724,33.62125804296652,3.2194080254433466,23.149393831428167,5000,5000,3415.3944697579104,3.1052631578947367,is,is,0.0044493932445493975,1
5000,3.0106207049135034,32.90968384374054,0.7257831942331552,4.41491378902149,5000,5000,3415.3944697579104,3.1052631578947367,uniform_exact,is,0.0,1
5000,0.6966747062003946,7.519776239119451,0.8411464541418465,4.764094089811951,4853.5564625940615,779.9280568408838,3415.3944697579104,3.1052631578947367,uniform_exact,uniform,0.0,0
5000,0.7118330565326979,11.001515450812754,0.7535049713458812,3.2790972688983135,5000,925.5349606766966,3415.3944697579104,3.1052631578947367,uniform_exact,uniform,0.0,0
5000,0.65806351816426,9.25657713996702,0.4013717213088666,2.453985738432264,4330.475939387233,785.8466069380014,3415.3944697579104,3.1052631578947367,uniform,uniform,0.0016650596667932146,0
5000,1.324498034040619,12.321985384365552,1.5453601834245903,11.430804738230036,5000,2294.2009719524963,3415.3944697579104,3.1052631578947367,uniform_exact,uniform,0.0,0
5000,1.3258723349377788,12.187571001132723,0.7158808809714432,3.746393674548509,5000,2293.3128965373376,3415.3944697579104,3.1052631578947367,uniform_exact,uniform,0.0,0
5000,1.3582145587406718,12.411829353085658,0.684605805793197,3.242909556596871,5000,2393.222861712485,3415.3944697579104,3.1052631578947367,uniform,uniform,0.0020891960517939075,0
5000,3.273305510801266,25.581420388004364,0.6710802468516944,3.135695717510515,5000,5000,3415.3944697579104,3.1052631578947367,uniform,is,0.042896471591911914,1
5000,3.270192893939796,25.42383972037984,3.2951433435476263,23.732222650850346,5000,5000,3415.3944697579104,3.1052631578947367,is,is,0.019808615320927103,1
5000,3.2584141459449203,25.386482551776233,0.5951191102930508,3.689748536537987,5000,5000,3415.3944697579104,3.1052631578947367,uniform,is,0.008017452885189609,1
5000,0.6808824421638225,9.063293680601529,1.0409913046398778,7.463411034148529,4636.00900046971,811.3956486802743,3415.3944697579104,3.1052631578947367,uniform_exact,uniform,0.0,0
5000,0.6814735797847691,8.168079323694936,0.444957592794511,1.9678708964148357,4644.06239944668,780.6281727935872,3415.3944697579104,3.1052631578947367,uniform,uniform,0.003985592743906132,0
5000,0.6730762768779296,7.51328610662532,0.533541529238995,3.0652448859026626,4530.316744958553,745.4462794393922,3415.3944697579104,3.1052631578947367,uniform,uniform,0.00028724487971749083,0
5000,1.5610511723927194,9.482297366454727,1.5454089335292769,9.586715040106004,5000,2917.208338590139,3415.3944697579104,3.1052631578947367,uniform_exact,uniform,0.0,0
5000,1.5983515327881193,10.05179141412876,0.6523349827927374,3.868359753240098,5000,3062.202085772467,3415.3944697579104,3.1052631578947367,uniform,uniform,0.0028785920258759083,0
5000,1.564054233622819,9.903368559014538,1.480239554356055,6.946616310010502,5000,2942.026281598381,3415.3944697579104,3.1052631578947367,uniform_exact,uniform,0.0,0
5000,3.0064614329892705,15.45576789854595,2.8583026255471626,12.454204876771545,5000,5000,3415.3944697579104,3.1052631578947367,uniform_exact,is,0.0,1
5000,2.975958669383625,15.516826552718598,2.775077630253987,12.188663937897845,5000,5000,3415.3944697579104,3.1052631578947367,uniform_exact,is,0.0,1
5000,2.994754765488841,15.286751648815459,2.7708043267719242,12.358291554868517,5000,5000,3415.3944697579104,3.1052631578947367,uniform_exact,is,0.0,1
5000,0.6452892873409604,7.975916618900835,0.49800493302751375,2.6564717207241157,4163.982643570044,722.9682813290447,3415.3944697579104,3.1052631578947367,uniform,uniform,0.013092940595890959,0
5000,0.6342794906340355,7.439749972949388,0.6498427355087403,3.9358030277047327,4023.1047223897153,689.1014222579303,3415.3944697579104,3.1052631578947367,uniform,uniform,0.002999927522428193,0
5000,0.6753511690743486,10.273263459798766,0.7688602757141851,4.991788334768127,4560.992015700892,846.1850654440004,3415.3944697579104,3.1052631578947367,uniform_exact,uniform,0.0,0
5000,1.5642034237759075,7.461215325213151,1.5328158023658014,5.143414516521745,5000,2856.258812823272,3415.3944697579104,3.1052631578947367,uniform_exact,uniform,0.0,0
5000,1.6069129255861263,7.627573339463385,1.2221304648604194,7.26778063072451,5000,3005.6523591964697,3415.3944697579104,3.1052631578947367,uniform_exact,uniform,0.0,0
5000,1.5835535573326203,7.463665704236842,1.4329887884425714,5.0384601948212095,5000,2920.888956784179,3415.3944697579104,3.1052631578947367,uniform_exact,uniform,0.0,0
5000,2.4387528204411435,9.085143647908605,2.458187152421279,8.774659188086423,5000,5000,3415.3944697579104,3.1052631578947367,uniform_exact,is,0.0,0
5000,2.44827057345472,9.074192457210252,2.83150493293776,12.690582193934898,5000,5000,3415.3944697579104,3.1052631578947367,uniform_exact,is,0.0,1
5000,2.4335609917695766,9.037567396165114,2.5970542094050266,10.024384576646735,5000,5000,3415.3944697579104,3.1052631578947367,uniform_exact,is,0.0,0
5000,0.6519470284472162,8.754530513444111,0.726347192508126,5.1710442551670965,4250.349279011552,759.6225283466741,3415.3944697579104,3.1052631578947367,uniform_exact,uniform,0.0,0
5000,0.6299048125270215,10.880578863376364,0.6372862590634992,4.160302977120053,3967.80072844702,804.7784164634724,3415.3944697579104,3.1052631578947367,uniform,uniform,0.003391833968348705,0
5000,0.6870579308218044,13.544762416249597,1.0440356352951978,6.828785269416746,4720.486003051393,978.6423256088318,3415.3944697579104,3.1052631578947367,uniform_exact,uniform,0.0,0
5000,1.3838458656873216,5.062593836717688,1.2982745683024441,3.7599941600408475,5000,2208.1082099118385,3415.3944697579104,3.1052631578947367,uniform_exact,uniform,0.0,0
5000,1.398083832516939,5.098880683600188,1.5772766078951377,6.2414075484132185,5000,2251.362172756544,3415.3944697579104,3.1052631578947367,uniform_exact,uniform,0.0,0
5000,1.3909424378180453,5.143704401559593,1.532807882505528,5.499705533739965,5000,2231.8395544274426,3415.3944697579104,3.1052631578947367,uniform_exact,uniform,0.0,0
5000,1.7911999033758386,5.04722867967325,1.7909720517769805,4.907130790977063,5000,3578.1000040057165,3415.3944697579104,3.1052631578947367,uniform_exact,is,0.0,0
5000,1.7925498435757545,5.031734118828527,1.3806195418597664,3.242087535322457,5000,3582.67919398956,3415.3944697579104,3.1052631578947367,uniform_exact,is,0.0,0
5000,1.799646793110485,5.033057676968276,1.4967610728381366,3.627161696148725,5000,3609.740622118057,3415.3944697579104,3.1052631578947367,uniform_exact,is,0.0,0
1000,0.617599978331471,6.544485015745742,0.38652007180084785,2.261778430244089,1000,635.3522133703194,2770.0098668718365,3.3421052631578947,uniform_exact,uniform,0.0,0
1000,0.7016203194983847,6.4257658382788225,0.5796638443396244,3.0628533680672074,1000,748.6133196376052,2770.0098668718365,3.3421052631578947,uniform_exact,uniform,0.0,0
1000,0.633503586176026,5.578210996800821,0.7655564663553873,4.734868964146999,1000,622.3055587995697,2770.0098668718365,3.3421052631578947,uniform_exact,uniform,0.0,0
1000,0.6607087487078306,6.077985671873188,0.6426786980184054,3.193144745750151,1000,677.2686212166315,2770.0098668718365,3.3421052631578947,uniform_exact,uniform,0.0,0
1000,0.6504739835154975,5.5695015501111715,0.6161671673624365,3.990677245288698,1000,645.0875760346555,2770.0098668718365,3.3421052631578947,uniform_exact,uniform,0.0,0
1000,0.6694892343956219,5.3838442549691585,0.5773581937526007,2.8131969149040326,1000,665.1267185776958,2770.0098668718365,3.3421052631578947,uniform_exact,uniform,0.0,0
1000,0.6398166324088268,6.140337691272391,0.5549351863817891,2.275319807293304,1000,650.6791989769632,2770.0098668718365,3.3421052631578947,uniform_exact,uniform,0.0,0
1000,0.6645481406412764,5.726033896808133,0.4857663121725629,2.2377932675049435,1000,670.2286990086395,2770.0098668718365,3.3421052631578947,uniform_exact,uniform,0.0,0
1000,0.6625855174916219,6.889022080403152,0.475970244257212,2.3627842271973365,1000,708.5478357810049,2770.0098668718365,3.3421052631578947,uniform_exact,uniform,0.0,0
1000,0.6194948810036581,4.431036671722072,0.5549560055130679,2.6563856159877424,1000,563.1847822127821,2770.0098668718365,3.3421052631578947,uniform_exact,uniform,0.0,0
1000,0.6419604984348997,5.780451621515172,0.5130784781971734,2.576707562092446,1000,640.8791727435553,2770.0098668718365,3.3421052631578947,uniform_exact,uniform,0.0,0
1000,0.6478534945181104,7.295799872829969,0.8143659768900811,5.2538449056234,1000,702.4588421607818,2770.0098668718365,3.3421052631578947,uniform_exact,uniform,0.0,0
1000,0.9275708025452007,9.067911114745035,0.6073857838173373,3.273401969934366,1000,1000,2770.0098668718365,3.3421052631578947,uniform_exact,uniform,0.0,0
1000,0.8826442516694574,9.20078801072338,0.4965276393519081,2.765210500022794,1000,1000,2770.0098668718365,3.3421052631578947,uniform_exact,uniform,0.0,0
1000,0.8944373892679047,9.492564196854993,1.323936939304427,7.604113031190372,1000,1000,2770.0098668718365,3.3421052631578947,uniform_exact,uniform,0.0,0
1000,2.1600848596659037,23.591190740265375,0.7319640456631422,5.142346048467935,1000,1000,2770.0098668718365,3.3421052631578947,uniform_exact,uniform,0.0,0
1000,2.186629044024305,23.67565527185168,0.6209188470680012,3.974625380642659,1000,1000,2770.0098668718365,3.3421052631578947,uniform_exact,uniform,0.0,0
1000,2.202788337834508,23.474969597415352,2.431728498054224,17.5600649496123,1000,1000,2770.0098668718365,3.3421052631578947,uniform_exact,uniform,0.0,1
1000,0.668926440883736,6.047119721303887,0.7542141416844316,4.34571711492929,1000,687.7568181231449,2770.0098668718365,3.3421052631578947,uniform_exact,uniform,0.0,0
1000,0.6096939094021688,4.754850690421404,0.6737127941718263,3.6366377672119885,1000,561.8565535974923,2770.0098668718365,3.3421052631578947,uniform_exact,uniform,0.0,0
1000,0.619980694353103,5.711189635441723,0.5088815008775043,2.775116042258788,1000,609.0405737763899,2770.0098668718365,3.3421052631578947,uniform_exact,uniform,0.0,0
1000,1.0363964890753734,8.83629684462703,1.1728675360733276,6.322673876109022,1000,1000,2770.0098668718365,3.3421052631578947,uniform_exact,uniform,0.0,0
1000,1.0808453099122093,9.327938871539764,1.3209214766960975,7.417883616801174,1000,1000,2770.0098668718365,3.3421052631578947,uniform_exact,uniform,0.0,0
1000,1.0555990939448983,9.079803243418585,1.2744311716321282,7.070280705645493,1000,1000,2770.0098668718365,3.3421052631578947,uniform_exact,uniform,0.0,0
1000,2.4223349633420703,19.324723385669508,2.092253021508885,15.032400484755208,1000,1000,2770.0098668718365,3.3421052631578947,uniform_exact,uniform,0.0,1
1000,2.4594205603819232,19.349043540692758,2.506566700898742,18.082939551752354,1000,1000,2770.0098668718365,3.3421052631578947,uniform_exact,uniform,0.0,1
1000,2.441556227376376,19.145175988469532,2.3983223589290823,13.40417511093411,1000,1000,2770.0098668718365,3.3421052631578947,uniform_exact,uniform,0.0,1
1000,0.6787566315775071,6.9795351614658365,0.49173450778056726,2.306055270941595,1000,734.7301064462791,2770.0098668718365,3.3421052631578947,uniform_exact,uniform,0.0,0
1000,0.6273247767797993,5.416408240314115,0.6990961212459103,3.1821535342238723,1000,608.3351215613185,2770.0098668718365,3.3421052631578947,uniform_exact,uniform,0.0,0
1000,0.6436184853347732,6.685255422490038,0.5536287251548859,2.837667919064536,1000,675.097401560128,2770.0098668718365,3.3421052631578947,uniform_exact,uniform,0.0,0
1000,1.322654341020879,7.809373922547658,1.512927068203278,7.980294524360041,1000,1000,2770.0098668718365,3.3421052631578947,uniform_exact,uniform,0.0,0
1000,1.2985808873964355,8.313744404611858,1.1879972199084887,6.295020410782686,1000,1000,2770.0098668718365,3.3421052631578947,uniform_exact,uniform,0.0,0
1000,1.208561744925839,7.712949719548932,1.0858408046510648,6.761445172242253,1000,1000,2770.0098668718365,3.3421052631578947,uniform_exact,uniform,0.0,0
1000,2.507398434602011,12.789785607408268,2.5065236982416375,10.997488035381812,1000,1000,2770.0098668718365,3.3421052631578947,uniform_exact,uniform,0.0,1
1000,2.520669114923294,12.78671987327333,2.5083992837143905,11.144889913716483,1000,1000,2770.0098668718365,3.3421052631578947,uniform_exact,uniform,0.0,1
1000,2.49068495781207,12.596211278828237,2.2633174121562454,9.073270679784692,1000,1000,2770.0098668718365,3.3421052631578947,uniform_exact,uniform,0.0,1
1000,0.6524098435515786,7.086241475883487,0.5380876732971137,2.7301920255013012,1000,701.3347232849229,2770.0098668718365,3.3421052631578947,uniform_exact,uniform,0.0,0
1000,0.581167313005821,6.085439413528287,0.7165171789626201,4.797941378211626,1000,572.85770424497,2770.0098668718365,3.3421052631578947,uniform_exact,uniform,0.0,0
1000,0.6984683097008569,7.200833170425255,0.4034739002848001,1.9436257660261345,1000,771.3139441410074,2770.0098668718365,3.3421052631578947,uniform_exact,uniform,0.0,0
1000,1.3537758517722411,6.291632634044208,1.159118712828872,5.180722117806222,1000,1000,2770.0098668718365,3.3421052631578947,uniform_exact,uniform,0.0,0
1000,1.367532997551312,6.235878482522877,1.3730420436542443,6.089718234181308,1000,1000,2770.0098668718365,3.3421052631578947,uniform_exact,uniform,0.0,0
1000,1.3274574831627268,6.042607423381932,1.298833680901398,5.369615340287401,1000,1000,2770.0098668718365,3.3421052631578947,uniform_exact,uniform,0.0,0
1000,2.1745485439283283,8.206958182334139,2.642325212706974,19.161489449102195,1000,1000,2770.0098668718365,3.3421052631578947,uniform_exact,uniform,0.0,0
1000,2.2071501455785794,8.244504029581895,2.1049296302561054,6.790738755459189,1000,1000,2770.0098668718365,3.3421052631578947,uniform_exact,uniform,0.0,1
1000,2.2131805137021714,8.13937339152958,2.4734319413229926,11.139543869626436,1000,1000,2770.0098668718365,3.3421052631578947,uniform_exact,uniform,0.0,1
1000,0.596226390605092,7.59566327931635,0.6355163248298666,2.937638658177424,1000,644.9903306438464,2770.0098668718365,3.3421052631578947,uniform_exact,uniform,0.0,0
1000,0.5707637716995058,4.76013034379612,0.5220746227272984,2.705136989604221,1000,513.3458044551178,2770.0098668718365,3.3421052631578947,uniform_exact,uniform,0.0,0
1000,0.6082008942884182,5.59710910895369,0.5934076692243887,3.3022497907372963,1000,589.680079419608,2770.0098668718365,3.3421052631578947,uniform_exact,uniform,0.0,0
1000,1.2128763710131376,4.437108297044463,1.2248819940992113,3.956599188353256,1000,1000,2770.0098668718365,3.3421052631578947,uniform_exact,uniform,0.0,0
1000,1.222022170293529,4.453870144522961,1.183843059493179,4.452464930169225,1000,1000,2770.0098668718365,3.3421052631578947,uniform_exact,uniform,0.0,0
1000,1.2283430251331136,4.34226493758284,1.2322318138768276,3.9195652562680303,1000,1000,2770.0098668718365,3.3421052631578947,uniform_exact,uniform,0.0,0
1000,1.6822322474532947,4.785774324099834,1.2364530195726156,2.7710675200291157,1000,1000,2770.0098668718365,3.3421052631578947,uniform_exact,uniform,0.0,0
1000,1.6828609678688584,4.797205593998007,1.814013465386664,5.130454281830335,1000,1000,2770.0098668718365,3.3421052631578947,uniform_exact,uniform,0.0,0
1000,1.6824444119691087,4.694431122747657,1.5088851086617394,3.9065497114299994,1000,1000,2770.0098668718365,3.3421052631578947,uniform_exact,uniform,0.0,0
2000,0.6437859806065077,7.26494190000632,0.6876553442171929,3.8301680039432133,2000,695.8016540771678,3047.961886276374,3.3421052631578947,uniform_exact,uniform,0.0,0
2000,0.6783226328241753,6.987718128416362,0.6851476553141842,4.6283696621851655,2000,734.3950354052101,3047.961886276374,3.3421052631578947,uniform_exact,uniform,0.0,0
2000,0.7008485258315146,10.87323753149392,0.9649767742618223,6.6740189399312175,2000,904.5604323951111,3047.961886276374,3.3421052631578947,uniform_exact,uniform,0.0,0
2000,0.6647636523552978,9.371015606248461,0.6401560222457614,3.7004206235381907,2000,799.2807397443189,3047.961886276374,3.3421052631578947,uniform_exact,uniform,0.0,0
2000,0.6503303945228937,7.618833107152736,0.5588943857048003,2.6961939426026382,2000,717.2763773531361,3047.961886276374,3.3421052631578947,uniform_exact,uniform,0.0,0
2000,0.7116392058914187,10.837519913683188,0.6012512735025194,3.201254206645546,2000,919.4498867172433,3047.961886276374,3.3421052631578947,uniform_exact,uniform,0.0,0
2000,0.6984542271619008,9.191213698217632,0.9984040874764616,6.284491614173146,2000,841.5975496551691,3047.961886276374,3.3421052631578947,uniform_exact,uniform,0.0,0
2000,0.6531760108020092,9.05950966881119,0.575169473018394,3.2541511291291805,2000,772.0947091795654,3047.961886276374,3.3421052631578947,uniform_exact,uniform,0.0,0
2000,0.6722700999610615,5.917746054892996,0.8640318010409745,5.35835345546467,2000,687.9391315719704,3047.961886276374,3.3421052631578947,uniform_exact,uniform,0.0,0
2000,0.7041455345419971,8.158001271669198,0.9934333463080368,5.107841148612346,2000,813.5611982931824,3047.961886276374,3.3421052631578947,uniform_exact,uniform,0.0,0
2000,0.6776575995706522,7.229319530734069,0.6496652179896281,3.4919750603894264,2000,741.9733333176847,3047.961886276374,3.3421052631578947,uniform_exact,uniform,0.0,0
2000,0.6623640231431586,9.28680597708695,0.5150400407451248,2.7731132394810065,2000,792.9316579825959,3047.961886276374,3.3421052631578947,uniform_exact,uniform,0.0,0
2000,0.9816612409123018,11.124163624423396,1.2877450615694153,6.206356159269197,2000,1414.083017984169,3047.961886276374,3.3421052631578947,uniform_exact,uniform,0.0,0
2000,1.019893147231907,10.771710935140439,0.5583817624224625,2.7681157839315556,2000,1482.7225254275493,3047.961886276374,3.3421052631578947,uniform_exact,uniform,0.0,0
2000,1.0038984191058524,11.152323945467518,1.5120107024128462,10.798770822983169,2000,1461.8652799715167,3047.961886276374,3.3421052631578947,uniform_exact,uniform,0.0,0
2000,2.485939595674491,27.10730987984548,0.7593933901662386,4.672705585062408,2000,2000,3047.961886276374,3.3421052631578947,uniform_exact,uniform,0.0,1
2000,2.4574092914423638,26.830979453268434,3.1842068624746234,22.974896072025594,2000,2000,3047.961886276374,3.3421052631578947,uniform_exact,uniform,0.0,1
2000,2.4875934157876274,27.001639859771334,2.9941395072969477,15.726359204909894,2000,2000,3047.961886276374,3.3421052631578947,uniform_exact,uniform,0.0,1
2000,0.6522247884106012,6.7974888408872705,0.4978289890826004,2.4415289201785404,2000,690.8795354216088,3047.961886276374,3.3421052631578947,uniform_exact,uniform,0.0,0
2000,0.708592555862065,7.3196862152942685,0.5150195269286008,2.4942294540548104,2000,790.6074475854836,3047.961886276374,3.3421052631578947,uniform_exact,uniform,0.0,0
2000,0.6266465193598646,6.766098028970186,0.6151980437414254,2.858805564144274,2000,655.107760504205,3047.961886276374,3.3421052631578947,uniform_exact,uniform,0.0,0
2000,1.187664640127493,10.482197021947206,1.20717178075435,7.699182185497575,2000,1864.9588252464846,3047.961886276374,3.3421052631578947,uniform_exact,uniform,0.0,0
2000,1.169122399391696,10.541280528053289,0.5470804311104164,2.657435734182843,2000,1820.7383665351958,3047.961886276374,3.3421052631578947,uniform_exact,uniform,0.0,0
2000,1.2297958209577402,10.40504305776103,1.4783237396185305,6.645378077686835,2000,1970.1608002574487,3047.961886276374,3.3421052631578947,uniform_exact,uniform,0.0,0
2000,2.869439534666998,22.1660269939405,2.8010067020262355,14.803847068222684,2000,2000,3047.961886276374,3.3421052631578947,uniform_exact,uniform,0.0,1
2000,2.804968516663726,22.06499967036417,0.5008106454078246,2.8742139416090273,2000,2000,3047.961886276374,3.3421052631578947,uniform_exact,uniform,0.0,1
2000,2.735942484849644,21.257719756855096,0.9759063459600755,6.673885200468934,2000,2000,3047.961886276374,3.3421052631578947,uniform_exact,uniform,0.0,1
2000,0.65141260441657,7.2644391200920655,0.5881771019353363,2.988070587691626,2000,706.2512425280808,3047.961886276374,3.3421052631578947,uniform_exact,uniform,0.0,0
2000,0.6410291195607866,6.374989174742897,0.6850094324773196,3.6751834757149835,2000,660.6132527733449,3047.961886276374,3.3421052631578947,uniform_exact,uniform,0.0,0
2000,0.6227487686611384,6.430958934057433,0.692013968033141,3.4746539130492886,2000,638.1095561822503,3047.961886276374,3.3421052631578947,uniform_exact,uniform,0.0,0
2000,1.358269331673104,8.966713358539577,1.6065737568767688,6.0516843668075335,2000,2000,3047.961886276374,3.3421052631578947,uniform_exact,uniform,0.0,0
2000,1.3763076923974027,8.285852764690443,1.0880565215568845,7.86667338980065,2000,2000,3047.961886276374,3.3421052631578947,uniform_exact,uniform,0.0,0
2000,1.4611702597146317,9.106720084066147,1.5285529912510092,6.127390219220414,2000,2000,3047.961886276374,3.3421052631578947,uniform_exact,uniform,0.0,0
2000,2.7142794007709448,13.745211635687745,2.502911022333185,9.50722008004814,2000,2000,3047.961886276374,3.3421052631578947,uniform_exact,uniform,0.0,1
2000,2.726308523162901,13.889554001701725,2.79342259676193,14.786479576822709,2000,2000,3047.961886276374,3.3421052631578947,uniform_exact,uniform,0.0,1
2000,2.7326270401993864,13.72668609604081,3.070811532342458,22.20873245897771,2000,2000,3047.961886276374,3.3421052631578947,uniform_exact,uniform,0.0,1
2000,0.5866904178552818,6.882127609815075,0.4882953747840559,2.674313460790405,2000,607.833459026285,3047.961886276374,3.3421052631578947,uniform_exact,uniform,0.0,0
2000,0.6805166058317258,7.844182030189697,0.6913359157011733,3.308862947796058,2000,767.8062812379214,3047.961886276374,3.3421052631578947,uniform_exact,uniform,0.0,0
2000,0.6075248895724128,8.488601778181627,0.5509040248071304,2.745519633568727,2000,690.9428482752027,3047.961886276374,3.3421052631578947,uniform_exact,uniform,0.0,0
2000,1.4612428196080953,6.753627793666996,1.505520048930303,5.9496680885518565,2000,2000,3047.961886276374,3.3421052631578947,uniform_exact,uniform,0.0,0
2000,1.4764441467779024,6.956174126191189,1.4012187856374945,5.013534530985257,2000,2000,3047.961886276374,3.3421052631578947,uniform_exact,uniform,0.0,0
2000,1.4190922443740461,6.741387981806074,1.342525286293047,4.961300715415446,2000,2000,3047.961886276374,3.3421052631578947,uniform_exact,uniform,0.0,0
2000,2.301445779003562,8.777361115865295,2.776000505252041,14.681031526224384,2000,2000,3047.961886276374,3.3421052631578947,uniform_exact,uniform,0.0,0
2000,2.3152827988189686,8.658788130102245,2.3849738390442083,8.585855276431401,2000,2000,3047.961886276374,3.3421052631578947,uniform_exact,uniform,0.0,1
2000,2.30933321640677,8.687845653682372,2.1615791914698606,7.486265903041657,2000,2000,3047.961886276374,3.3421052631578947,uniform_exact,uniform,0.0,1
2000,0.5915941849529013,6.747218403782818,0.5463330259556759,2.9950105029271765,2000,609.1909512319154,3047.961886276374,3.3421052631578947,uniform_exact,uniform,0.0,0
2000,0.5845956482433441,7.133862103294786,0.614390583307679,2.939410376093684,2000,614.1252907176902,3047.961886276374,3.3421052631578947,uniform_exact,uniform,0.0,0
2000,0.6364016724628121,6.162099158324124,0.5130845548607375,2.3005850656056945,2000,646.8295982407201,3047.961886276374,3.3421052631578947,uniform_exact,uniform,0.0,0
2000,1.2983740571519216,4.789065542177101,1.2036674018225204,4.004863068187955,2000,1955.5143230204017,3047.961886276374,3.3421052631578947,uniform_exact,uniform,0.0,0
2000,1.3147579288921611,4.448881049791875,1.2904310818943259,4.038687403525022,2000,1988.865891661483,3047.961886276374,3.3421052631578947,uniform_exact,uniform,0.0,0
2000,1.3083480127020897,4.637299734571176,1.4560308699865223,5.311210224254618,2000,1977.704173984409,3047.961886276374,3.3421052631578947,uniform_exact,uniform,0.0,0
2000,1.7372109637686688,4.909762302581473,1.456405009326729,3.4349461045235157,2000,2000,3047.961886276374,3.3421052631578947,uniform_exact,uniform,0.0,0
2000,1.7421178180833923,4.869082529210165,1.6040085270354163,4.066380849166394,2000,2000,3047.961886276374,3.3421052631578947,uniform_exact,uniform,0.0,0
2000,1.7399890427199698,4.970317505328127,1.6232451132901058,4.258035864553701,2000,2000,3047.961886276374,3.3421052631578947,uniform_exact,uniform,0.0,0
5000,0.7224807944290408,9.893139619301449,0.8130783911284712,4.5946343060830985,5000,902.5681715523135,3415.3944697579104,3.3421052631578947,uniform_exact,uniform,0.0,0
5000,0.6783674416504732,9.248645932905605,0.5427321049935202,3.55169782908067,4601.823858914082,814.3202078120423,3415.3944697579104,3.3421052631578947,uniform,uniform,0.008851410451581715,0
5000,0.6974014263102107,8.500077009248255,0.46293291204498627,1.9963493138636197,4863.687494195162,815.627902553106,3415.3944697579104,3.3421052631578947,uniform,uniform,0.021034219938587267,0
5000,0.6966704990056833,11.78855723114979,0.6056282076886015,3.201843615886113,4853.497841848277,930.7042214416718,3415.3944697579104,3.3421052631578947,uniform,uniform,0.0048753283965402,0
5000,0.7020645774986704,10.493395057863204,0.7203046400545912,4.038239261062824,4928.946709783864,892.9513941522594,3415.3944697579104,3.3421052631578947,uniform_exact,uniform,0.0,0
5000,0.6964872202949357,12.14043386833435,0.54105914411339,2.4778289545388152,4850.944480341662,942.8626783672503,3415.3944697579104,3.3421052631578947,uniform,uniform,0.0022494502464674186,0
5000,0.6923142098960464,10.791047985600459,0.5837758394628397,3.3558603331004924,4792.989652239869,889.0582525453514,3415.3944697579104,3.3421052631578947,uniform,uniform,0.009622609432519587,0
5000,0.6749404683005831,10.377327086148796,0.53673478144731,2.4198762517635117,4555.446357498104,849.2731597588138,3415.3944697579104,3.3421052631578947,uniform,uniform,0.005304105752693322,0
5000,0.7043250568842707,9.485986571983513,0.4462099525188289,2.2521485005258253,4960.737857550311,860.736386785567,3415.3944697579104,3.3421052631578947,uniform,uniform,0.00047362196054403426,0
5000,0.7278048746693839,12.570758348270179,0.5346580956721823,2.75528618852797,5000,1005.3294553439663,3415.3944697579104,3.3421052631578947,uniform,uniform,0.009033671291786016,0
5000,0.6959390046794844,8.19052749199074,0.5794117280065189,2.7902865481889885,4843.310982342714,802.5347341334756,3415.3944697579104,3.3421052631578947,uniform,uniform,0.0022984216101278724,0
5000,0.7275752487361427,11.991683623295147,0.5470906699704124,2.9528790789227837,5000,984.5211787295407,3415.3944697579104,3.3421052631578947,uniform,uniform,0.002188623059150291,0
5000,1.1514945012448503,13.921170970329356,1.3967086639516917,10.146961036058201,5000,1896.7749602854858,3415.3944697579104,3.3421052631578947,uniform_exact,uniform,0.0,0
5000,1.1000620070210954,13.282787825099584,1.4346705200707421,10.191061629017117,5000,1751.5135306439688,3415.3944697579104,3.3421052631578947,uniform_exact,uniform,0.0,0
5000,1.169644960173019,14.047324928197764,1.7030640429259174,12.153716402743546,5000,1945.8743384555728,3415.3944697579104,3.3421052631578947,uniform_exact,uniform,0.0,0
5000,3.012040993380712,33.184170841399485,3.044574585207106,16.504884491448696,5000,5000,3415.3944697579104,3.3421052631578947,uniform_exact,is,0.0,1
5000,3.05512119238724,33.62125804296652,3.33023253038474,23.930680542804204,5000,5000,3415.3944697579104,3.3421052631578947,uniform_exact,is,0.0,1
5000,3.0106207049135034,32.90968384374054,0.6042713281877492,3.1890913851835903,5000,5000,3415.3944697579104,3.3421052631578947,uniform,is,0.0536207791366087,1
5000,0.6966747062003946,7.519776239119451,0.6407589117249796,4.002967445524825,4853.5564625940615,779.9280568408838,3415.3944697579104,3.3421052631578947,uniform,uniform,0.0006852210829130955,0
5000,0.7118330565326979,11.001515450812754,0.6722694785189282,2.600148613379658,5000,925.5349606766966,3415.3944697579104,3.3421052631578947,uniform,uniform,0.0004614314068988722,0
5000,0.65806351816426,9.25657713996702,0.6794068869089891,4.400809283092015,4330.475939387233,785.8466069380014,3415.3944697579104,3.3421052631578947,uniform,uniform,0.0020366245618843593,0
5000,1.324498034040619,12.321985384365552,1.4709136516912795,10.550658606025188,5000,2294.2009719524963,3415.3944697579104,3.3421052631578947,uniform_exact,uniform,0.0,0
5000,1.3258723349377788,12.187571001132723,0.7007967934409258,3.375299061095431,5000,2293.3128965373376,3415.3944697579104,3.3421052631578947,uniform,uniform,0.0018019104811602797,0
5000,1.3582145587406718,12.411829353085658,1.345861220745235,9.664544971577392,5000,2393.222861712485,3415.3944697579104,3.3421052631578947,uniform_exact,uniform,0.0,0
5000,3.273305510801266,25.581420388004364,3.3009578352641844,23.73332476978728,5000,5000,3415.3944697579104,3.3421052631578947,uniform_exact,is,0.0,1
5000,3.270192893939796,25.42383972037984,0.6157169526745395,3.4098079876236334,5000,5000,3415.3944697579104,3.3421052631578947,uniform,is,0.030987382328205474,1
5000,3.2584141459449203,25.386482551776233,2.919519036651189,16.034379278320184,5000,5000,3415.3944697579104,3.3421052631578947,uniform_exact,is,0.0,1
5000,0.6808824421638225,9.063293680601529,0.5309301482944851,2.5405305767412076,4636.00900046971,811.3956486802743,3415.3944697579104,3.3421052631578947,uniform,uniform,0.011824212541105706,0
5000,0.6814735797847691,8.168079323694936,0.5094283707982334,2.622081317619049,4644.06239944668,780.6281727935872,3415.3944697579104,3.3421052631578947,uniform,uniform,0.003448656807193889,0
5000,0.6730762768779296,7.51328610662532,0.557776899772723,2.651780350683474,4530.316744958553,745.4462794393922,3415.3944697579104,3.3421052631578947,uniform,uniform,0.005714477660800977,0
5000,1.5610511723927194,9.482297366454727,1.5814138324073648,7.086985047209214,5000,2917.208338590139,3415.3944697579104,3.3421052631578947,uniform_exact,uniform,0.0,0
5000,1.5983515327881193,10.05179141412876,1.1232684820261292,7.347495547572738,5000,3062.202085772467,3415.3944697579104,3.3421052631578947,uniform_exact,uniform,0.0,0
5000,1.564054233622819,9.903368559014538,1.6033151517108049,6.441696623741881,5000,2942.026281598381,3415.3944697579104,3.3421052631578947,uniform_exact,uniform,0.0,0
5000,3.0064614329892705,15.45576789854595,3.1340825268152814,16.279905247527584,5000,5000,3415.3944697579104,3.3421052631578947,uniform_exact,is,0.0,1
5000,2.975958669383625,15.516826552718598,3.3566901462585004,24.189990239627157,5000,5000,3415.3944697579104,3.3421052631578947,is,is,0.007111215147994493,1
5000,2.994754765488841,15.286751648815459,2.678996540439149,10.585320620309275,5000,5000,3415.3944697579104,3.3421052631578947,uniform_exact,is,0.0,1
5000,0.6452892873409604,7.975916618900835,0.6023948340067939,2.895885589927052,4163.982643570044,722.9682813290447,3415.3944697579104,3.3421052631578947,uniform,uniform,0.0073991802236418654,0
5000,0.6342794906340355,7.439749972949388,0.48578125857125803,2.526454306341552,4023.1047223897153,689.1014222579303,3415.3944697579104,3.3421052631578947,uniform,uniform,0.009681674348425347,0
5000,0.6753511690743486,10.273263459798766,0.44778835753168045,2.4348500275066987,4560.992015700892,846.1850654440004,3415.3944697579104,3.3421052631578947,uniform,uniform,0.015660707312745794,0
5000,1.5642034237759075,7.461215325213151,1.4013653127048513,5.354506133930263,5000,2856.258812823272,3415.3944697579104,3.3421052631578947,uniform_exact,uniform,0.0,0
5000,1.6069129255861263,7.627573339463385,1.496980861609093,5.96902454669308,5000,3005.6523591964697,3415.3944697579104,3.3421052631578947,uniform_exact,uniform,0.0,0
5000,1.5835535573326203,7.463665704236842,1.7552452411763957,7.623149741750945,5000,2920.888956784179,3415.3944697579104,3.3421052631578947,uniform_exact,uniform,0.0,0
5000,2.4387528204411435,9.085143647908605,2.26482038612102,7.227569247209228,5000,5000,3415.3944697579104,3.3421052631578947,uniform_exact,is,0.0,0
5000,2.44827057345472,9.074192457210252,2.6789347677689337,10.383119944938606,5000,5000,3415.3944697579104,3.3421052631578947,uniform_exact,is,0.0,1
5000,2.4335609917695766,9.037567396165114,2.145122067094484,6.6331006442410745,5000,5000,3415.3944697579104,3.3421052631578947,uniform_exact,is,0.0,0
5000,0.6519470284472162,8.754530513444111,0.489279008494782,2.614025139718864,4250.349279011552,759.6225283466741,3415.3944697579104,3.3421052631578947,uniform,uniform,0.0024643091444006325,0
5000,0.6299048125270215,10.880578863376364,0.8797275401615621,5.645832412620336,3967.80072844702,804.7784164634724,3415.3944697579104,3.3421052631578947,uniform_exact,uniform,0.0,0
5000,0.6870579308218044,13.544762416249597,0.5139858360385675,2.065515753511405,4720.486003051393,978.6423256088318,3415.3944697579104,3.3421052631578947,uniform,uniform,0.0005738739040400079,0
5000,1.3838458656873216,5.062593836717688,1.1812489436575941,3.3943800651011005,5000,2208.1082099118385,3415.3944697579104,3.3421052631578947,uniform_exact,uniform,0.0,0
5000,1.398083832516939,5.098880683600188,1.6015969838695299,5.604240072020636,5000,2251.362172756544,3415.3944697579104,3.3421052631578947,uniform_exact,uniform,0.0,0
5000,1.3909424378180453,5.143704401559593,1.4902068930383188,5.26862691972517,5000,2231.8395544274426,3415.3944697579104,3.3421052631578947,uniform_exact,uniform,0.0,0
5000,1.7911999033758386,5.04722867967325,1.6351561802162435,4.141921243924258,5000,3578.1000040057165,3415.3944697579104,3.3421052631578947,uniform_exact,is,0.0,0
5000,1.7925498435757545,5.031734118828527,1.4961782360298332,3.630507581883769,5000,3582.67919398956,3415.3944697579104,3.3421052631578947,uniform_exact,is,0.0,0
5000,1.799646793110485,5.033057676968276,1.657190209648293,4.154519325702862,5000,3609.740622118057,3415.3944697579104,3.3421052631578947,uniform_exact,is,0.0,0
1000,0.617599978331471,6.544485015745742,0.5792216289809453,3.7551211556949267,1000,635.3522133703194,2770.0098668718365,3.5789473684210527,uniform_exact,uniform,0.0,0
1000,0.7016203194983847,6.4257658382788225,0.5624153605456648,3.594511845561916,1000,748.6133196376052,2770.0098668718365,3.5789473684210527,uniform_exact,uniform,0.0,0
1000,0.633503586176026,5.578210996800821,0.6203493818483108,3.3607742351690266,1000,622.3055587995697,2770.0098668718365,3.5789473684210527,uniform_exact,uniform,0.0,0
1000,0.6607087487078306,6.077985671873188,0.6778324000867579,4.507517400829262,1000,677.2686212166315,2770.0098668718365,3.5789473684210527,uniform_exact,uniform,0.0,0
1000,0.6504739835154975,5.5695015501111715,0.5769330983034893,3.4280999904442577,1000,645.0875760346555,2770.0098668718365,3.5789473684210527,uniform_exact,uniform,0.0,0
1000,0.6694892343956219,5.3838442549691585,0.5904773849138812,2.9777481310590947,1000,665.1267185776958,2770.0098668718365,3.5789473684210527,uniform_exact,uniform,0.0,0
1000,0.6398166324088268,6.140337691272391,0.6048854325727876,3.2238802407359564,1000,650.6791989769632,2770.0098668718365,3.5789473684210527,uniform_exact,uniform,0.0,0
1000,0.6645481406412764,5.726033896808133,0.5948030913967516,3.4086031598724578,1000,670.2286990086395,2770.0098668718365,3.5789473684210527,uniform_exact,uniform,0.0,0
1000,0.6625855174916219,6.889022080403152,0.5587755873642236,2.7155851232783563,1000,708.5478357810049,2770.0098668718365,3.5789473684210527,uniform_exact,uniform,0.0,0
1000,0.6194948810036581,4.431036671722072,0.600412885539662,3.504839920760178,1000,563.1847822127821,2770.0098668718365,3.5789473684210527,uniform_exact,uniform,0.0,0
1000,0.6419604984348997,5.780451621515172,0.6360048928099782,3.9879343389153816,1000,640.8791727435553,2770.0098668718365,3.5789473684210527,uniform_exact,uniform,0.0,0
1000,0.6478534945181104,7.295799872829969,0.7461386760860199,3.799948395448764,1000,702.4588421607818,2770.0098668718365,3.5789473684210527,uniform_exact,uniform,0.0,0
1000,0.9275708025452007,9.067911114745035,1.179577636648103,6.361693534558651,1000,1000,2770.0098668718365,3.5789473684210527,uniform_exact,uniform,0.0,0
1000,0.8826442516694574,9.20078801072338,0.5534527448707319,3.265936968535783,1000,1000,2770.0098668718365,3.5789473684210527,uniform_exact,uniform,0.0,0
1000,0.8944373892679047,9.492564196854993,0.6872701523492689,3.5238864749841685,1000,1000,2770.0098668718365,3.5789473684210527,uniform_exact,uniform,0.0,0
1000,2.1600848596659037,23.591190740265375,0.595696740110624,2.6803622284925925,1000,1000,2770.0098668718365,3.5789473684210527,uniform_exact,uniform,0.0,0
1000,2.186629044024305,23.67565527185168,2.686473508696533,19.437634977921316,1000,1000,2770.0098668718365,3.5789473684210527,uniform_exact,uniform,0.0,0
1000,2.202788337834508,23.474969597415352,0.5229689491770683,3.1986674664316057,1000,1000,2770.0098668718365,3.5789473684210527,uniform_exact,uniform,0.0,1
1000,0.668926440883736,6.047119721303887,0.7277017571359087,3.9820869811691497,1000,687.7568181231449,2770.0098668718365,3.5789473684210527,uniform_exact,uniform,0.0,0
1000,0.6096939094021688,4.754850690421404,0.6144767830462303,3.9935331538568932,1000,561.8565535974923,2770.0098668718365,3.5789473684210527,uniform_exact,uniform,0.0,0
1000,0.619980694353103,5.711189635441723,0.535580704103483,2.9768981553962552,1000,609.0405737763899,2770.0098668718365,3.5789473684210527,uniform_exact,uniform,0.0,0
1000,1.0363964890753734,8.83629684462703,1.0466092268098628,6.239202102338911,1000,1000,2770.0098668718365,3.5789473684210527,uniform_exact,uniform,0.0,0
1000,1.0808453099122093,9.327938871539764,0.5999845634124513,3.4163300519488495,1000,1000,2770.0098668718365,3.5789473684210527,uniform_exact,uniform,0.0,0
1000,1.0555990939448983,9.079803243418585,0.6179288531044986,2.9140629448012034,1000,1000,2770.0098668718365,3.5789473684210527,uniform_exact,uniform,0.0,0
1000,2.4223349633420703,19.324723385669508,2.2768391964061068,12.493682597522259,1000,1000,2770.0098668718365,3.5789473684210527,uniform_exact,uniform,0.0,1
1000,2.4594205603819232,19.349043540692758,2.586218043528126,18.491673197422436,1000,1000,2770.0098668718365,3.5789473684210527,uniform_exact,uniform,0.0,1
1000,2.441556227376376,19.145175988469532,2.4756114206815076,17.971255599982634,1000,1000,2770.0098668718365,3.5789473684210527,uniform_exact,uniform,0.0,1
1000,0.6787566315775071,6.9795351614658365,0.6532660087150711,3.9303997649460536,1000,734.7301064462791,2770.0098668718365,3.5789473684210527,uniform_exact,uniform,0.0,0
1000,0.6273247767797993,5.416408240314115,0.7006769131461544,3.417156707937501,1000,608.3351215613185,2770.0098668718365,3.5789473684210527,uniform_exact,uniform,0.0,0
1000,0.6436184853347732,6.685255422490038,0.5655776948558334,2.9675966664623066,1000,675.097401560128,2770.0098668718365,3.5789473684210527,uniform_exact,uniform,0.0,0
1000,1.322654341020879,7.809373922547658,1.2602729160032287,5.790966252674343,1000,1000,2770.0098668718365,3.5789473684210527,uniform_exact,uniform,0.0,0
1000,1.2985808873964355,8.313744404611858,1.3937808712611708,6.549115066501622,1000,1000,2770.0098668718365,3.5789473684210527,uniform_exact,uniform,0.0,0
1000,1.208561744925839,7.712949719548932,1.2356541450415703,8.065464600605994,1000,1000,2770.0098668718365,3.5789473684210527,uniform_exact,uniform,0.0,0
1000,2.507398434602011,12.789785607408268,2.5460169774584447,13.571538671321873,1000,1000,2770.0098668718365,3.5789473684210527,uniform_exact,uniform,0.0,1
1000,2.520669114923294,12.78671987327333,1.9387297725172656,5.629355416875417,1000,1000,2770.0098668718365,3.5789473684210527,uniform_exact,uniform,0.0,1
1000,2.49068495781207,12.596211278828237,0.6178687009433114,3.037576054622195,1000,1000,2770.0098668718365,3.5789473684210527,uniform_exact,uniform,0.0,1
1000,0.6524098435515786,7.086241475883487,0.592438652466298,2.583706210617889,1000,701.3347232849229,2770.0098668718365,3.5789473684210527,uniform_exact,uniform,0.0,0
1000,0.581167313005821,6.085439413528287,0.49926726725109266,2.4002990465347884,1000,572.85770424497,2770.0098668718365,3.5789473684210527,uniform_exact,uniform,0.0,0
1000,0.6984683097008569,7.200833170425255,0.6218004376448718,3.2083742084691735,1000,771.3139441410074,2770.0098668718365,3.5789473684210527,uniform_exact,uniform,0.0,0
1000,1.3537758517722411,6.291632634044208,1.2270944613417873,8.059082935224273,1000,1000,2770.0098668718365,3.5789473684210527,uniform_exact,uniform,0.0,0
1000,1.367532997551312,6.235878482522877,1.2685575669172509,6.16386871650078,1000,1000,2770.0098668718365,3.5789473684210527,uniform_exact,uniform,0.0,0
1000,1.3274574831627268,6.042607423381932,1.2664956647410255,6.937159018869974,1000,1000,2770.0098668718365,3.5789473684210527,uniform_exact,uniform,0.0,0
1000,2.1745485439283283,8.206958182334139,2.4346902432383204,9.412526709326883,1000,1000,2770.0098668718365,3.5789473684210527,uniform_exact,uniform,0.0,0
1000,2.2071501455785794,8.244504029581895,2.3812422257400883,9.569168732034875,1000,1000,2770.0098668718365,3.5789473684210527,uniform_exact,uniform,0.0,1
1000,2.2131805137021714,8.13937339152958,2.25708430858496,9.004323730109185,1000,1000,2770.0098668718365,3.5789473684210527,uniform_exact,uniform,0.0,1
1000,0.596226390605092,7.59566327931635,0.4367494044822424,2.156021407331392,1000,644.9903306438464,2770.0098668718365,3.5789473684210527,uniform_exact,uniform,0.0,0
1000,0.5707637716995058,4.76013034379612,0.5904453327558927,3.0208394963467016,1000,513.3458044551178,2770.0098668718365,3.5789473684210527,uniform_exact,uniform,0.0,0
1000,0.6082008942884182,5.59710910895369,0.6592103173997579,3.0898704853914385,1000,589.680079419608,2770.0098668718365,3.5789473684210527,uniform_exact,uniform,0.0,0
1000,1.2128763710131376,4.437108297044463,1.1928192941444213,4.044758532649838,1000,1000,2770.0098668718365,3.5789473684210527,uniform_exact,uniform,0.0,0
1000,1.222022170293529,4.453870144522961,1.1992716933043563,5.041641870792823,1000,1000,2770.0098668718365,3.5789473684210527,uniform_exact,uniform,0.0,0
1000,1.2283430251331136,4.34226493758284,1.2163609615840314,4.537820635239081,1000,1000,2770.0098668718365,3.5789473684210527,uniform_exact,uniform,0.0,0
1000,1.6822322474532947,4.785774324099834,1.6126622476279933,4.174688409215442,1000,1000,2770.0098668718365,3.5789473684210527,uniform_exact,uniform,0.0,0
1000,1.6828609678688584,4.797205593998007,1.7863650903320294,5.242603023408948,1000,1000,2770.0098668718365,3.5789473684210527,uniform_exact,uniform,0.0,0
1000,1.6824444119691087,4.694431122747657,1.8808219559796164,5.680978120999826,1000,1000,2770.0098668718365,3.5789473684210527,uniform_exact,uniform,0.0,0
2000,0.6437859806065077,7.26494190000632,0.674991533476765,2.7082690710664776,2000,695.8016540771678,3047.961886276374,3.5789473684210527,uniform_exact,uniform,0.0,0
2000,0.6783226328241753,6.987718128416362,0.5667600333268128,3.303712787520689,2000,734.3950354052101,3047.961886276374,3.5789473684210527,uniform_exact,uniform,0.0,0
2000,0.7008485258315146,10.87323753149392,0.638676943837571,2.8940703713838247,2000,904.5604323951111,3047.961886276374,3.5789473684210527,uniform_exact,uniform,0.0,0
2000,0.6647636523552978,9.371015606248461,0.43923074949135293,2.248582861193317,2000,799.2807397443189,3047.961886276374,3.5789473684210527,uniform,uniform,0.003330309967959099,0
2000,0.6503303945228937,7.618833107152736,0.550019335975267,2.9086195735706912,2000,717.2763773531361,3047.961886276374,3.5789473684210527,uniform_exact,uniform,0.0,0
2000,0.7116392058914187,10.837519913683188,0.519706476796153,2.4535648362469447,2000,919.4498867172433,3047.961886276374,3.5789473684210527,uniform_exact,uniform,0.0,0
2000,0.6984542271619008,9.191213698217632,0.5092813099360831,2.4793143279605285,2000,841.5975496551691,3047.961886276374,3.5789473684210527,uniform_exact,uniform,0.0,0
2000,0.6531760108020092,9.05950966881119,0.627980754154927,3.093823427179868,2000,772.0947091795654,3047.961886276374,3.5789473684210527,uniform_exact,uniform,0.0,0
2000,0.6722700999610615,5.917746054892996,0.62568892276094,3.73863589867444,2000,687.9391315719704,3047.961886276374,3.5789473684210527,uniform_exact,uniform,0.0,0
2000,0.7041455345419971,8.158001271669198,0.5680526943638872,3.4942995308401055,2000,813.5611982931824,3047.961886276374,3.5789473684210527,uniform_exact,uniform,0.0,0
2000,0.6776575995706522,7.229319530734069,0.7434477026544858,3.2898113611149316,2000,741.9733333176847,3047.961886276374,3.5789473684210527,uniform_exact,uniform,0.0,0
2000,0.6623640231431586,9.28680597708695,0.43711552500825435,2.428383543961075,2000,792.9316579825959,3047.961886276374,3.5789473684210527,uniform,uniform,0.003954979567307816,0
2000,0.9816612409123018,11.124163624423396,1.1275560866428693,7.5738772473757505,2000,1414.083017984169,3047.961886276374,3.5789473684210527,uniform_exact,uniform,0.0,0
2000,1.019893147231907,10.771710935140439,1.4011127247460928,10.080675047078085,2000,1482.7225254275493,3047.961886276374,3.5789473684210527,uniform_exact,uniform,0.0,0
2000,1.0038984191058524,11.152323945467518,1.1043626508796562,8.004086825580226,2000,1461.8652799715167,3047.961886276374,3.5789473684210527,uniform_exact,uniform,0.0,0
2000,2.485939595674491,27.10730987984548,0.6633916037771289,4.414615479645728,2000,2000,3047.961886276374,3.5789473684210527,uniform_exact,uniform,0.0,1
2000,2.4574092914423638,26.830979453268434,2.927275795378559,21.181963239330813,2000,2000,3047.961886276374,3.5789473684210527,uniform_exact,uniform,0.0,1
2000,2.4875934157876274,27.001639859771334,2.9522182148526666,15.388247090251422,2000,2000,3047.961886276374,3.5789473684210527,uniform_exact,uniform,0.0,1
2000,0.6522247884106012,6.7974888408872705,0.663615079934754,2.845777659821521,2000,690.8795354216088,3047.961886276374,3.5789473684210527,uniform_exact,uniform,0.0,0
2000,0.708592555862065,7.3196862152942685,0.783079556068144,4.365849076687414,2000,790.6074475854836,3047.961886276374,3.5789473684210527,uniform_exact,uniform,0.0,0
2000,0.6266465193598646,6.766098028970186,0.5814199074378263,3.0165771271410105,2000,655.107760504205,3047.961886276374,3.5789473684210527,uniform_exact,uniform,0.0,0
2000,1.187664640127493,10.482197021947206,1.3959785592285896,9.933616905857406,2000,1864.9588252464846,3047.961886276374,3.5789473684210527,uniform_exact,uniform,0.0,0
2000,1.169122399391696,10.541280528053289,0.5436182059486385,2.703551105220374,2000,1820.7383665351958,3047.961886276374,3.5789473684210527,uniform_exact,uniform,0.0,0
2000,1.2297958209577402,10.40504305776103,1.5440309715136735,8.961265241479975,2000,1970.1608002574487,3047.961886276374,3.5789473684210527,uniform_exact,uniform,0.0,0
2000,2.869439534666998,22.1660269939405,0.4868876569688313,2.5347969343691266,2000,2000,3047.961886276374,3.5789473684210527,uniform_exact,uniform,0.0,1
2000,2.804968516663726,22.06499967036417,2.6042308034659394,11.342982552889508,2000,2000,3047.961886276374,3.5789473684210527,uniform_exact,uniform,0.0,1
2000,2.735942484849644,21.257719756855096,0.6913687267996956,3.4791511801655646,2000,2000,3047.961886276374,3.5789473684210527,uniform_exact,uniform,0.0,1
2000,0.65141260441657,7.2644391200920655,0.5758976607989406,3.568377733977482,2000,706.2512425280808,3047.961886276374,3.5789473684210527,uniform_exact,uniform,0.0,0
2000,0.6410291195607866,6.374989174742897,0.423707004277755,2.2026269488562256,2000,660.6132527733449,3047.961886276374,3.5789473684210527,uniform,uniform,0.004534710502652713,0
2000,0.6227487686611384,6.430958934057433,0.8126938516301474,4.410802698398098,2000,638.1095561822503,3047.961886276374,3.5789473684210527,uniform_exact,uniform,0.0,0
2000,1.358269331673104,8.966713358539577,1.3930604394355475,7.529230707105305,2000,2000,3047.961886276374,3.5789473684210527,uniform_exact,uniform,0.0,0
2000,1.3763076923974027,8.285852764690443,1.4370406724481637,5.7048471462455606,2000,2000,3047.961886276374,3.5789473684210527,uniform_exact,uniform,0.0,0
2000,1.4611702597146317,9.106720084066147,1.1627763177145658,8.536972130772934,2000,2000,3047.961886276374,3.5789473684210527,uniform_exact,uniform,0.0,0
2000,2.7142794007709448,13.745211635687745,2.42821481322382,11.019194779213086,2000,2000,3047.961886276374,3.5789473684210527,uniform_exact,uniform,0.0,1
2000,2.726308523162901,13.889554001701725,0.7932128839651166,4.54207964660799,2000,2000,3047.961886276374,3.5789473684210527,uniform_exact,uniform,0.0,1
2000,2.7326270401993864,13.72668609604081,2.7269486055885768,12.006679258798314,2000,2000,3047.961886276374,3.5789473684210527,uniform_exact,uniform,0.0,1
2000,0.5866904178552818,6.882127609815075,0.5603246298187173,2.9133950889213853,2000,607.833459026285,3047.961886276374,3.5789473684210527,uniform_exact,uniform,0.0,0
2000,0.6805166058317258,7.844182030189697,0.9230782312378601,4.504358091382083,2000,767.8062812379214,3047.961886276374,3.5789473684210527,uniform_exact,uniform,0.0,0
2000,0.6075248895724128,8.488601778181627,0.4534254640464673,2.419582742086685,2000,690.9428482752027,3047.961886276374,3.5789473684210527,uniform_exact,uniform,0.0,0
2000,1.4612428196080953,6.753627793666996,1.5202576967455184,5.565782913030145,2000,2000,3047.961886276374,3.5789473684210527,uniform_exact,uniform,0.0,0
2000,1.4764441467779024,6.956174126191189,1.4373757799387972,5.003382332493351,2000,2000,3047.961886276374,3.5789473684210527,uniform_exact,uniform,0.0,0
2000,1.4190922443740461,6.741387981806074,1.456843607537471,6.657444011479854,2000,2000,3047.961886276374,3.5789473684210527,uniform_exact,uniform,0.0,0
2000,2.301445779003562,8.777361115865295,1.934153491493032,5.790838523440522,2000,2000,3047.961886276374,3.5789473684210527,uniform_exact,uniform,0.0,0
2000,2.3152827988189686,8.658788130102245,1.9585873462683725,5.90081056899774,2000,2000,3047.961886276374,3.5789473684210527,uniform_exact,uniform,0.0,1
2000,2.30933321640677,8.687845653682372,2.3994023492492764,8.816058313257416,2000,2000,3047.961886276374,3.5789473684210527,uniform_exact,uniform,0.0,1
2000,0.5915941849529013,6.747218403782818,0.686396677945271,3.7923600105180877,2000,609.1909512319154,3047.961886276374,3.5789473684210527,uniform_exact,uniform,0.0,0
2000,0.5845956482433441,7.133862103294786,0.524569935578736,2.528805649555165,2000,614.1252907176902,3047.961886276374,3.5789473684210527,uniform_exact,uniform,0.0,0
2000,0.6364016724628121,6.162099158324124,0.7960376567418506,5.2464168799199795,2000,646.8295982407201,3047.961886276374,3.5789473684210527,uniform_exact,uniform,0.0,0
2000,1.2983740571519216,4.789065542177101,1.2897597838859116,4.45061207966649,2000,1955.5143230204017,3047.961886276374,3.5789473684210527,uniform_exact,uniform,0.0,0
2000,1.3147579288921611,4.448881049791875,1.0163117565268944,2.595027481110448,2000,1988.865891661483,3047.961886276374,3.5789473684210527,uniform_exact,uniform,0.0,0
2000,1.3083480127020897,4.637299734571176,1.3955985988606014,4.393712162179013,2000,1977.704173984409,3047.961886276374,3.5789473684210527,uniform_exact,uniform,0.0,0
2000,1.7372109637686688,4.909762302581473,1.889395007993454,5.478893835336999,2000,2000,3047.961886276374,3.5789473684210527,uniform_exact,uniform,0.0,0
2000,1.7421178180833923,4.869082529210165,2.046914715380733,6.5554327240881305,2000,2000,3047.961886276374,3.5789473684210527,uniform_exact,uniform,0.0,0
2000,1.7399890427199698,4.970317505328127,1.905672732550998,5.468977338675821,2000,2000,3047.961886276374,3.5789473684210527,uniform_exact,uniform,0.0,0
5000,0.7224807944290408,9.893139619301449,0.6870797305389904,3.523867494582266,5000,902.5681715523135,3415.3944697579104,3.5789473684210527,uniform,uniform,0.0001542168449694866,0
5000,0.6783674416504732,9.248645932905605,0.5727257510087516,2.6497505974209843,4601.823858914082,814.3202078120423,3415.3944697579104,3.5789473684210527,uniform,uniform,0.0013849873684381316,0
5000,0.6974014263102107,8.500077009248255,0.5550499232583211,2.79162639115273,4863.687494195162,815.627902553106,3415.3944697579104,3.5789473684210527,uniform,uniform,0.006416994710521708,0
5000,0.6966704990056833,11.78855723114979,0.7754190898198455,4.229983429592277,4853.497841848277,930.7042214416718,3415.3944697579104,3.5789473684210527,uniform_exact,uniform,0.0,0
5000,0.7020645774986704,10.493395057863204,0.5337422009453784,3.523327000885844,4928.946709783864,892.9513941522594,3415.3944697579104,3.5789473684210527,uniform,uniform,0.009055061135598546,0
5000,0.6964872202949357,12.14043386833435,0.6032178030769562,3.0991854374328627,4850.944480341662,942.8626783672503,3415.3944697579104,3.5789473684210527,uniform,uniform,0.00539966196157743,0
5000,0.6923142098960464,10.791047985600459,0.8168953932041757,5.484329839939783,4792.989652239869,889.0582525453514,3415.3944697579104,3.5789473684210527,uniform_exact,uniform,0.0,0
5000,0.6749404683005831,10.377327086148796,0.6436417657756855,3.988067855687239,4555.446357498104,849.2731597588138,3415.3944697579104,3.5789473684210527,uniform,uniform,0.0011543477059190056,0
5000,0.7043250568842707,9.485986571983513,0.6650253473802408,3.956706344582903,4960.737857550311,860.736386785567,3415.3944697579104,3.5789473684210527,uniform,uniform,0.002865467987819276,0
5000,0.7278048746693839,12.570758348270179,0.4829685143351468,2.434348493674677,5000,1005.3294553439663,3415.3944697579104,3.5789473684210527,uniform,uniform,0.0038800212469189267,0
5000,0.6959390046794844,8.19052749199074,0.8957654034666402,6.237326429646903,4843.310982342714,802.5347341334756,3415.3944697579104,3.5789473684210527,uniform_exact,uniform,0.0,0
5000,0.7275752487361427,11.991683623295147,0.5477702653613551,2.535658612981017,5000,984.5211787295407,3415.3944697579104,3.5789473684210527,uniform,uniform,0.01181801216785813,0
5000,1.1514945012448503,13.921170970329356,0.7127133139601103,4.716573626634476,5000,1896.7749602854858,3415.3944697579104,3.5789473684210527,uniform_exact,uniform,0.0,0
5000,1.1000620070210954,13.282787825099584,0.6448490689724905,4.238724276834311,5000,1751.5135306439688,3415.3944697579104,3.5789473684210527,uniform,uniform,0.002896462151523955,0
5000,1.169644960173019,14.047324928197764,0.530302452442877,2.8117515772192703,5000,1945.8743384555728,3415.3944697579104,3.5789473684210527,uniform,uniform,0.008140963190408123,0
5000,3.012040993380712,33.184170841399485,0.506149125691641,2.443278637807778,5000,5000,3415.3944697579104,3.5789473684210527,uniform,is,0.03877368492711035,1
5000,3.05512119238724,33.62125804296652,0.640022114023458,3.5729595595147203,5000,5000,3415.3944697579104,3.5789473684210527,uniform,is,0.00918226854501547,1
5000,3.0106207049135034,32.90968384374054,0.7427447723474767,5.092779082648739,5000,5000,3415.3944697579104,3.5789473684210527,uniform_exact,is,0.0,1
5000,0.6966747062003946,7.519776239119451,0.47600072198570675,2.6963238116012893,4853.5564625940615,779.9280568408838,3415.3944697579104,3.5789473684210527,uniform,uniform,0.003821897898743199,0
5000,0.7118330565326979,11.001515450812754,0.9695829326558091,5.903895221926112,5000,925.5349606766966,3415.3944697579104,3.5789473684210527,uniform_exact,uniform,0.0,0
5000,0.65806351816426,9.25657713996702,0.4730785725399673,2.1144157866056714,4330.475939387233,785.8466069380014,3415.3944697579104,3.5789473684210527,uniform,uniform,0.0032742168872498876,0
5000,1.324498034040619,12.321985384365552,1.4466222943408842,8.0848067015135,5000,2294.2009719524963,3415.3944697579104,3.5789473684210527,uniform_exact,uniform,0.0,0
5000,1.3258723349377788,12.187571001132723,0.669543039791471,3.9290058537864576,5000,2293.3128965373376,3415.3944697579104,3.5789473684210527,uniform,uniform,0.00018990260212452294,0
5000,1.3582145587406718,12.411829353085658,1.3306819851429785,9.54952552790078,5000,2393.222861712485,3415.3944697579104,3.5789473684210527,uniform_exact,uniform,0.0,0
5000,3.273305510801266,25.581420388004364,3.0204893085830564,15.890171362604516,5000,5000,3415.3944697579104,3.5789473684210527,uniform_exact,is,0.0,1
5000,3.270192893939796,25.42383972037984,0.4976122371139403,2.971359774911797,5000,5000,3415.3944697579104,3.5789473684210527,uniform,is,0.004299449659094824,1
5000,3.2584141459449203,25.386482551776233,3.447641290031321,24.820423214765928,5000,5000,3415.3944697579104,3.5789473684210527,uniform_exact,is,0.0,1
5000,0.6808824421638225,9.063293680601529,1.1966058365166654,8.604588591556396,4636.00900046971,811.3956486802743,3415.3944697579104,3.5789473684210527,uniform_exact,uniform,0.0,0
5000,0.6814735797847691,8.168079323694936,0.6009067615551716,3.131188887452047,4644.06239944668,780.6281727935872,3415.3944697579104,3.5789473684210527,uniform,uniform,0.0032451168331263667,0
5000,0.6730762768779296,7.51328610662532,0.5913693187737462,2.60618624457093,4530.316744958553,745.4462794393922,3415.3944697579104,3.5789473684210527,uniform,uniform,0.005614073926190817,0
5000,1.5610511723927194,9.482297366454727,1.689498559540476,8.21404482643313,5000,2917.208338590139,3415.3944697579104,3.5789473684210527,uniform_exact,uniform,0.0,0
5000,1.5983515327881193,10.05179141412876,1.397290035762414,9.778697896136027,5000,3062.202085772467,3415.3944697579104,3.5789473684210527,uniform_exact,uniform,0.0,0
5000,1.564054233622819,9.903368559014538,1.6066946166395784,7.927297510582036,5000,2942.026281598381,3415.3944697579104,3.5789473684210527,uniform_exact,uniform,0.0,0
5000,3.0064614329892705,15.45576789854595,3.3313243668382433,17.670270793705086,5000,5000,3415.3944697579104,3.5789473684210527,uniform_exact,is,0.0,1
5000,2.975958669383625,15.516826552718598,2.6745475873252853,10.259399976275118,5000,5000,3415.3944697579104,3.5789473684210527,uniform_exact,is,0.0,1
5000,2.994754765488841,15.286751648815459,3.169624705725661,22.76830854383888,5000,5000,3415.3944697579104,3.5789473684210527,uniform_exact,is,0.0,1
5000,0.6452892873409604,7.975916618900835,1.1225081723137325,7.2462988775908395,4163.982643570044,722.9682813290447,3415.3944697579104,3.5789473684210527,uniform_exact,uniform,0.0,0
5000,0.6342794906340355,7.439749972949388,0.5923939610064605,3.6887735746824593,4023.1047223897153,689.1014222579303,3415.3944697579104,3.5789473684210527,uniform,uniform,0.00011788904681099124,0
5000,0.6753511690743486,10.273263459798766,1.0399693069546916,7.482829060736854,4560.992015700892,846.1850654440004,3415.3944697579104,3.5789473684210527,uniform_exact,uniform,0.0,0
5000,1.5642034237759075,7.461215325213151,1.6711238997163427,9.010322327186909,5000,2856.258812823272,3415.3944697579104,3.5789473684210527,uniform_exact,uniform,0.0,0
5000,1.6069129255861263,7.627573339463385,1.6510544917495618,9.422441091404739,5000,3005.6523591964697,3415.3944697579104,3.5789473684210527,uniform_exact,uniform,0.0,0
5000,1.5835535573326203,7.463665704236842,1.7300622385095645,7.6691432323679924,5000,2920.888956784179,3415.3944697579104,3.5789473684210527,uniform_exact,uniform,0.0,0
5000,2.4387528204411435,9.085143647908605,2.3681440714941973,7.4544411746968775,5000,5000,3415.3944697579104,3.5789473684210527,uniform_exact,is,0.0,0
5000,2.44827057345472,9.074192457210252,3.001392366614883,15.798780950459658,5000,5000,3415.3944697579104,3.5789473684210527,uniform_exact,is,0.0,1
5000,2.4335609917695766,9.037567396165114,2.681678669464504,10.702063619405346,5000,5000,3415.3944697579104,3.5789473684210527,uniform_exact,is,0.0,0
5000,0.6519470284472162,8.754530513444111,0.7263243721239656,3.737356099770735,4250.349279011552,759.6225283466741,3415.3944697579104,3.5789473684210527,uniform_exact,uniform,0.0,0
5000,0.6299048125270215,10.880578863376364,0.8874820514984179,6.30315505326041,3967.80072844702,804.7784164634724,3415.3944697579104,3.5789473684210527,uniform_exact,uniform,0.0,0
5000,0.6870579308218044,13.544762416249597,0.5959465885998302,3.0675082158972957,4720.486003051393,978.6423256088318,3415.3944697579104,3.5789473684210527,uniform,uniform,0.0005274469454840731,0
5000,1.3838458656873216,5.062593836717688,1.357458612373641,4.019551583023794,5000,2208.1082099118385,3415.3944697579104,3.5789473684210527,uniform_exact,uniform,0.0,0
5000,1.398083832516939,5.098880683600188,1.3473248670432727,4.42958057979212,5000,2251.362172756544,3415.3944697579104,3.5789473684210527,uniform_exact,uniform,0.0,0
5000,1.3909424378180453,5.143704401559593,1.5685546219423314,7.075197505169332,5000,2231.8395544274426,3415.3944697579104,3.5789473684210527,uniform_exact,uniform,0.0,0
5000,1.7911999033758386,5.04722867967325,2.0601950379499683,5.7809758177312505,5000,3578.1000040057165,3415.3944697579104,3.5789473684210527,uniform_exact,is,0.0,0
5000,1.7925498435757545,5.031734118828527,1.44757388529416,3.370487543101464,5000,3582.67919398956,3415.3944697579104,3.5789473684210527,uniform_exact,is,0.0,0
5000,1.799646793110485,5.033057676968276,1.4240310520963537,3.2832191947987965,5000,3609.740622118057,3415.3944697579104,3.5789473684210527,uniform_exact,is,0.0,0
1000,0.617599978331471,6.544485015745742,0.4738179151364163,2.4331704623223667,1000,635.3522133703194,2770.0098668718365,3.81578947368421,uniform_exact,uniform,0.0,0
1000,0.7016203194983847,6.4257658382788225,0.6796560928690446,4.417382016532379,1000,748.6133196376052,2770.0098668718365,3.81578947368421,uniform_exact,uniform,0.0,0
1000,0.633503586176026,5.578210996800821,0.5674952875173673,2.936844109396042,1000,622.3055587995697,2770.0098668718365,3.81578947368421,uniform_exact,uniform,0.0,0
1000,0.6607087487078306,6.077985671873188,0.9145461148797074,4.995585473898321,1000,677.2686212166315,2770.0098668718365,3.81578947368421,uniform_exact,uniform,0.0,0
1000,0.6504739835154975,5.5695015501111715,0.5054223620095619,3.2012676115762058,1000,645.0875760346555,2770.0098668718365,3.81578947368421,uniform_exact,uniform,0.0,0
1000,0.6694892343956219,5.3838442549691585,0.6099644823017328,3.0657848281418976,1000,665.1267185776958,2770.0098668718365,3.81578947368421,uniform_exact,uniform,0.0,0
1000,0.6398166324088268,6.140337691272391,0.6699995315491051,3.643699761691058,1000,650.6791989769632,2770.0098668718365,3.81578947368421,uniform_exact,uniform,0.0,0
1000,0.6645481406412764,5.726033896808133,0.608263238380901,3.957367746106393,1000,670.2286990086395,2770.0098668718365,3.81578947368421,uniform_exact,uniform,0.0,0
1000,0.6625855174916219,6.889022080403152,0.7044676386784866,4.7350242813928745,1000,708.5478357810049,2770.0098668718365,3.81578947368421,uniform_exact,uniform,0.0,0
1000,0.6194948810036581,4.431036671722072,0.7017432669879999,4.213460434743665,1000,563.1847822127821,2770.0098668718365,3.81578947368421,uniform_exact,uniform,0.0,0
1000,0.6419604984348997,5.780451621515172,0.5591841696667907,3.1068890625835306,1000,640.8791727435553,2770.0098668718365,3.81578947368421,uniform_exact,uniform,0.0,0
1000,0.6478534945181104,7.295799872829969,0.7006878277414295,3.935478789184091,1000,702.4588421607818,2770.0098668718365,3.81578947368421,uniform_exact,uniform,0.0,0
1000,0.9275708025452007,9.067911114745035,1.0486071516007367,6.856417806022615,1000,1000,2770.0098668718365,3.81578947368421,uniform_exact,uniform,0.0,0
1000,0.8826442516694574,9.20078801072338,1.23659334028396,6.840595549164356,1000,1000,2770.0098668718365,3.81578947368421,uniform_exact,uniform,0.0,0
1000,0.8944373892679047,9.492564196854993,0.46131302817702047,3.1215489538524874,1000,1000,2770.0098668718365,3.81578947368421,uniform_exact,uniform,0.0,0
1000,2.1600848596659037,23.591190740265375,2.536387101298374,18.41399131183737,1000,1000,2770.0098668718365,3.81578947368421,uniform_exact,uniform,0.0,0
1000,2.186629044024305,23.67565527185168,2.7180087576960545,19.72293416357231,1000,1000,2770.0098668718365,3.81578947368421,uniform_exact,uniform,0.0,0
1000,2.202788337834508,23.474969597415352,0.642572516680256,3.1043895101654395,1000,1000,2770.0098668718365,3.81578947368421,uniform_exact,uniform,0.0,1
1000,0.668926440883736,6.047119721303887,0.6695350814760506,3.1903530937925697,1000,687.7568181231449,2770.0098668718365,3.81578947368421,uniform_exact,uniform,0.0,0
1000,0.6096939094021688,4.754850690421404,0.6532614358436555,3.898081048373769,1000,561.8565535974923,2770.0098668718365,3.81578947368421,uniform_exact,uniform,0.0,0
1000,0.619980694353103,5.711189635441723,0.7989396149578554,4.821938411792809,1000,609.0405737763899,2770.0098668718365,3.81578947368421,uniform_exact,uniform,0.0,0
1000,1.0363964890753734,8.83629684462703,1.2032450245190818,6.6703190657781075,1000,1000,2770.0098668718365,3.81578947368421,uniform_exact,uniform,0.0,0
1000,1.0808453099122093,9.327938871539764,1.2246948562339963,8.096756271105606,1000,1000,2770.0098668718365,3.81578947368421,uniform_exact,uniform,0.0,0
1000,1.0555990939448983,9.079803243418585,0.7581494766873089,4.689202902973435,1000,1000,2770.0098668718365,3.81578947368421,uniform_exact,uniform,0.0,0
1000,2.4223349633420703,19.324723385669508,2.1251146098242883,15.393437191645988,1000,1000,2770.0098668718365,3.81578947368421,uniform_exact,uniform,0.0,1
1000,2.4594205603819232,19.349043540692758,0.49135383093908525,2.679946890480327,1000,1000,2770.0098668718365,3.81578947368421,uniform_exact,uniform,0.0,1
1000,2.441556227376376,19.145175988469532,2.4502727382311478,17.53887204033327,1000,1000,2770.0098668718365,3.81578947368421,uniform_exact,uniform,0.0,1
1000,0.6787566315775071,6.9795351614658365,0.5536371175484167,2.901885683487638,1000,734.7301064462791,2770.0098668718365,3.81578947368421,uniform_exact,uniform,0.0,0
1000,0.6273247767797993,5.416408240314115,0.5468841638256522,3.446419386329001,1000,608.3351215613185,2770.0098668718365,3.81578947368421,uniform_exact,uniform,0.0,0
1000,0.6436184853347732,6.685255422490038,0.5252770564422435,2.9508578300749884,1000,675.097401560128,2770.0098668718365,3.81578947368421,uniform_exact,uniform,0.0,0
1000,1.322654341020879,7.809373922547658,1.1232277931243402,8.05205057023696,1000,1000,2770.0098668718365,3.81578947368421,uniform_exact,uniform,0.0,0
1000,1.2985808873964355,8.313744404611858,1.0618739831844994,7.763488732690386,1000,1000,2770.0098668718365,3.81578947368421,uniform_exact,uniform,0.0,0
1000,1.208561744925839,7.712949719548932,1.2767368346863894,8.707921839959768,1000,1000,2770.0098668718365,3.81578947368421,uniform_exact,uniform,0.0,0
1000,2.507398434602011,12.789785607408268,2.469682394401989,10.892810206724185,1000,1000,2770.0098668718365,3.81578947368421,uniform_exact,uniform,0.0,1
1000,2.520669114923294,12.78671987327333,2.3542658079586474,9.451411132673654,1000,1000,2770.0098668718365,3.81578947368421,uniform_exact,uniform,0.0,1
1000,2.49068495781207,12.596211278828237,0.46118378096297896,2.4402875440684615,1000,1000,2770.0098668718365,3.81578947368421,uniform_exact,uniform,0.0,1
1000,0.6524098435515786,7.086241475883487,0.5621119158999696,2.9244783202228395,1000,701.3347232849229,2770.0098668718365,3.81578947368421,uniform_exact,uniform,0.0,0
1000,0.581167313005821,6.085439413528287,0.7852007252199302,5.197821645039018,1000,572.85770424497,2770.0098668718365,3.81578947368421,uniform_exact,uniform,0.0,0
1000,0.6984683097008569,7.200833170425255,0.8196921350983851,4.250429554779196,1000,771.3139441410074,2770.0098668718365,3.81578947368421,uniform_exact,uniform,0.0,0
1000,1.3537758517722411,6.291632634044208,1.3832993547616756,5.564541631090946,1000,1000,2770.0098668718365,3.81578947368421,uniform_exact,uniform,0.0,0
1000,1.367532997551312,6.235878482522877,1.3446210173459472,5.578682673770887,1000,1000,2770.0098668718365,3.81578947368421,uniform_exact,uniform,0.0,0
1000,1.3274574831627268,6.042607423381932,1.1770458358810851,4.148660303954661,1000,1000,2770.0098668718365,3.81578947368421,uniform_exact,uniform,0.0,0
1000,2.1745485439283283,8.206958182334139,2.2577423012635798,9.115270466373296,1000,1000,2770.0098668718365,3.81578947368421,uniform_exact,uniform,0.0,0
1000,2.2071501455785794,8.244504029581895,2.3340874135551473,8.974154854164922,1000,1000,2770.0098668718365,3.81578947368421,uniform_exact,uniform,0.0,1
1000,2.2131805137021714,8.13937339152958,1.8925076678444086,5.566004586636439,1000,1000,2770.0098668718365,3.81578947368421,uniform_exact,uniform,0.0,1
1000,0.596226390605092,7.59566327931635,0.46472849189496107,2.4995783269619354,1000,644.9903306438464,2770.0098668718365,3.81578947368421,uniform_exact,uniform,0.0,0
1000,0.5707637716995058,4.76013034379612,0.5293074641994473,2.8200412289405388,1000,513.3458044551178,2770.0098668718365,3.81578947368421,uniform_exact,uniform,0.0,0
1000,0.6082008942884182,5.59710910895369,0.7718827569143505,4.122819501126693,1000,589.680079419608,2770.0098668718365,3.81578947368421,uniform_exact,uniform,0.0,0
1000,1.2128763710131376,4.437108297044463,1.1508611769596622,4.973849608971801,1000,1000,2770.0098668718365,3.81578947368421,uniform_exact,uniform,0.0,0
1000,1.222022170293529,4.453870144522961,1.0922085113971223,3.299232801523883,1000,1000,2770.0098668718365,3.81578947368421,uniform_exact,uniform,0.0,0
1000,1.2283430251331136,4.34226493758284,1.2694603485027807,4.8637701005553495,1000,1000,2770.0098668718365,3.81578947368421,uniform_exact,uniform,0.0,0
1000,1.6822322474532947,4.785774324099834,1.388104229526254,3.2890413411767905,1000,1000,2770.0098668718365,3.81578947368421,uniform_exact,uniform,0.0,0
1000,1.6828609678688584,4.797205593998007,1.7070270533619598,4.638531470678157,1000,1000,2770.0098668718365,3.81578947368421,uniform_exact,uniform,0.0,0
1000,1.6824444119691087,4.694431122747657,1.426545719128298,3.4887587615956046,1000,1000,2770.0098668718365,3.81578947368421,uniform_exact,uniform,0.0,0
2000,0.6437859806065077,7.26494190000632,0.9562715811686507,6.109746982746252,2000,695.8016540771678,3047.961886276374,3.81578947368421,uniform_exact,uniform,0.0,0
2000,0.6783226328241753,6.987718128416362,0.6078051206622476,2.582704066196987,2000,734.3950354052101,3047.961886276374,3.81578947368421,uniform_exact,uniform,0.0,0
2000,0.7008485258315146,10.87323753149392,0.6120470550193267,3.5579291591952535,2000,904.5604323951111,3047.961886276374,3.81578947368421,uniform_exact,uniform,0.0,0
2000,0.6647636523552978,9.371015606248461,0.5869673229264928,2.861907892108089,2000,799.2807397443189,3047.961886276374,3.81578947368421,uniform_exact,uniform,0.0,0
2000,0.6503303945228937,7.618833107152736,0.48590192281539746,2.2501361310002976,2000,717.2763773531361,3047.961886276374,3.81578947368421,uniform_exact,uniform,0.0,0
2000,0.7116392058914187,10.837519913683188,0.4615097941300018,2.7438096176600144,2000,919.4498867172433,3047.961886276374,3.81578947368421,uniform_exact,uniform,0.0,0
2000,0.6984542271619008,9.191213698217632,0.4903445715325235,2.5465224753918263,2000,841.5975496551691,3047.961886276374,3.81578947368421,uniform_exact,uniform,0.0,0
2000,0.6531760108020092,9.05950966881119,0.5728090084153736,2.8702555590383794,2000,772.0947091795654,3047.961886276374,3.81578947368421,uniform_exact,uniform,0.0,0
2000,0.6722700999610615,5.917746054892996,0.614253205863955,4.432650244079233,2000,687.9391315719704,3047.961886276374,3.81578947368421,uniform_exact,uniform,0.0,0
2000,0.7041455345419971,8.158001271669198,1.0801964854252593,7.89583023344393,2000,813.5611982931824,3047.961886276374,3.81578947368421,uniform_exact,uniform,0.0,0
2000,0.6776575995706522,7.229319530734069,0.7353947073759816,4.126765605117267,2000,741.9733333176847,3047.961886276374,3.81578947368421,uniform_exact,uniform,0.0,0
2000,0.6623640231431586,9.28680597708695,0.5225251614809908,3.073959932856342,2000,792.9316579825959,3047.961886276374,3.81578947368421,uniform_exact,uniform,0.0,0
2000,0.9816612409123018,11.124163624423396,0.8217367235343056,4.351084158023166,2000,1414.083017984169,3047.961886276374,3.81578947368421,uniform_exact,uniform,0.0,0
2000,1.019893147231907,10.771710935140439,1.182663575544861,8.24242669699874,2000,1482.7225254275493,3047.961886276374,3.81578947368421,uniform_exact,uniform,0.0,0
2000,1.0038984191058524,11.152323945467518,0.6794214568790538,3.5377949651900025,2000,1461.8652799715167,3047.961886276374,3.81578947368421,uniform_exact,uniform,0.0,0
2000,2.485939595674491,27.10730987984548,0.5451257073428697,3.526080175116146,2000,2000,3047.961886276374,3.81578947368421,uniform_exact,uniform,0.0,1
2000,2.4574092914423638,26.830979453268434,0.6441466829765328,3.2725721898731304,2000,2000,3047.961886276374,3.81578947368421,uniform_exact,uniform,0.0,1
2000,2.4875934157876274,27.001639859771334,2.7013547252287373,14.096991241293416,2000,2000,3047.961886276374,3.81578947368421,uniform_exact,uniform,0.0,1
2000,0.6522247884106012,6.7974888408872705,0.4867900081300112,2.80772540124229,2000,690.8795354216088,3047.961886276374,3.81578947368421,uniform_exact,uniform,0.0,0
2000,0.708592555862065,7.3196862152942685,0.7359675512002957,4.1050664966758506,2000,790.6074475854836,3047.961886276374,3.81578947368421,uniform_exact,uniform,0.0,0
2000,0.6266465193598646,6.766098028970186,0.4468129221346623,2.048137388699135,2000,655.107760504205,3047.961886276374,3.81578947368421,uniform,uniform,0.0001242759304940857,0
2000,1.187664640127493,10.482197021947206,1.259419844180321,8.406897324175283,2000,1864.9588252464846,3047.961886276374,3.81578947368421,uniform_exact,uniform,0.0,0
2000,1.169122399391696,10.541280528053289,1.3500546946026075,7.510121429480836,2000,1820.7383665351958,3047.961886276374,3.81578947368421,uniform_exact,uniform,0.0,0
2000,1.2297958209577402,10.40504305776103,0.6699939790320246,4.116650615838153,2000,1970.1608002574487,3047.961886276374,3.81578947368421,uniform_exact,uniform,0.0,0
2000,2.869439534666998,22.1660269939405,2.7321755312696094,19.658493966072776,2000,2000,3047.961886276374,3.81578947368421,uniform_exact,uniform,0.0,1
2000,2.804968516663726,22.06499967036417,2.865269275354812,15.468956771088402,2000,2000,3047.961886276374,3.81578947368421,uniform_exact,uniform,0.0,1
2000,2.735942484849644,21.257719756855096,0.7299107273281709,3.23855006714024,2000,2000,3047.961886276374,3.81578947368421,uniform_exact,uniform,0.0,1
2000,0.65141260441657,7.2644391200920655,0.49652884657513113,2.5215024500493444,2000,706.2512425280808,3047.961886276374,3.81578947368421,uniform_exact,uniform,0.0,0
2000,0.6410291195607866,6.374989174742897,0.4928310886012549,2.718650220576182,2000,660.6132527733449,3047.961886276374,3.81578947368421,uniform_exact,uniform,0.0,0
2000,0.6227487686611384,6.430958934057433,0.6494530425153621,2.890267275807611,2000,638.1095561822503,3047.961886276374,3.81578947368421,uniform_exact,uniform,0.0,0
2000,1.358269331673104,8.966713358539577,1.2433222971261335,9.043455429543657,2000,2000,3047.961886276374,3.81578947368421,uniform_exact,uniform,0.0,0
2000,1.3763076923974027,8.285852764690443,1.4143739610700263,6.88674691966788,2000,2000,3047.961886276374,3.81578947368421,uniform_exact,uniform,0.0,0
2000,1.4611702597146317,9.106720084066147,1.2543586159702398,8.304385522716217,2000,2000,3047.961886276374,3.81578947368421,uniform_exact,uniform,0.0,0
2000,2.7142794007709448,13.745211635687745,2.583221126393128,11.180741636678357,2000,2000,3047.961886276374,3.81578947368421,uniform_exact,uniform,0.0,1
2000,2.726308523162901,13.889554001701725,2.6939347618007283,15.125825292892582,2000,2000,3047.961886276374,3.81578947368421,uniform_exact,uniform,0.0,1
2000,2.7326270401993864,13.72668609604081,2.53727704775804,9.746750382160231,2000,2000,3047.961886276374,3.81578947368421,uniform_exact,uniform,0.0,1
2000,0.5866904178552818,6.882127609815075,0.5830950851335039,3.4464231187984944,2000,607.833459026285,3047.961886276374,3.81578947368421,uniform_exact,uniform,0.0,0
2000,0.6805166058317258,7.844182030189697,0.5582731579807814,2.846239125431262,2000,767.8062812379214,3047.961886276374,3.81578947368421,uniform_exact,uniform,0.0,0
2000,0.6075248895724128,8.488601778181627,0.4580519470106236,2.286840212630486,2000,690.9428482752027,3047.961886276374,3.81578947368421,uniform_exact,uniform,0.0,0
2000,1.4612428196080953,6.753627793666996,1.4268446393339658,6.459363090299534,2000,2000,3047.961886276374,3.81578947368421,uniform_exact,uniform,0.0,0
2000,1.4764441467779024,6.956174126191189,1.4778311186347295,8.355384219186309,2000,2000,3047.961886276374,3.81578947368421,uniform_exact,uniform,0.0,0
2000,1.4190922443740461,6.741387981806074,1.5305456021014374,6.268549703636985,2000,2000,3047.961886276374,3.81578947368421,uniform_exact,uniform,0.0,0
2000,2.301445779003562,8.777361115865295,2.162334124724752,7.119748314286852,2000,2000,3047.961886276374,3.81578947368421,uniform_exact,uniform,0.0,0
2000,2.3152827988189686,8.658788130102245,2.408888783764294,8.541093000581254,2000,2000,3047.961886276374,3.81578947368421,uniform_exact,uniform,0.0,1
2000,2.30933321640677,8.687845653682372,1.9818591933500678,6.149509104417296,2000,2000,3047.961886276374,3.81578947368421,uniform_exact,uniform,0.0,1
2000,0.5915941849529013,6.747218403782818,0.3998971124810903,1.7948668891401687,2000,609.1909512319154,3047.961886276374,3.81578947368421,uniform,uniform,0.002519163615775911,0
2000,0.5845956482433441,7.133862103294786,0.5176396410391756,2.999168908335064,2000,614.1252907176902,3047.961886276374,3.81578947368421,uniform_exact,uniform,0.0,0
2000,0.6364016724628121,6.162099158324124,0.4717802369216799,2.506235424885505,2000,646.8295982407201,3047.961886276374,3.81578947368421,uniform_exact,uniform,0.0,0
2000,1.2983740571519216,4.789065542177101,1.3615900094025963,4.316670771678937,2000,1955.5143230204017,3047.961886276374,3.81578947368421,uniform_exact,uniform,0.0,0
2000,1.3147579288921611,4.448881049791875,1.1622578358827083,3.5747755198472326,2000,1988.865891661483,3047.961886276374,3.81578947368421,uniform_exact,uniform,0.0,0
2000,1.3083480127020897,4.637299734571176,1.4473578875130293,4.81292318171263,2000,1977.704173984409,3047.961886276374,3.81578947368421,uniform_exact,uniform,0.0,0
2000,1.7372109637686688,4.909762302581473,2.1500107145279315,7.010976177222654,2000,2000,3047.961886276374,3.81578947368421,uniform_exact,uniform,0.0,0
2000,1.7421178180833923,4.869082529210165,1.8194145742254753,5.273746163721373,2000,2000,3047.961886276374,3.81578947368421,uniform_exact,uniform,0.0,0
2000,1.7399890427199698,4.970317505328127,1.6249664874658398,4.072231402274142,2000,2000,3047.961886276374,3.81578947368421,uniform_exact,uniform,0.0,0
5000,0.7224807944290408,9.893139619301449,0.40728367738999355,2.0821834613466916,5000,902.5681715523135,3415.3944697579104,3.81578947368421,uniform,uniform,0.004389447320445828,0
5000,0.6783674416504732,9.248645932905605,0.6915635213483102,3.431236968111904,4601.823858914082,814.3202078120423,3415.3944697579104,3.81578947368421,uniform,uniform,0.0005472927586371256,0
5000,0.6974014263102107,8.500077009248255,0.707259115220634,4.399256009804995,4863.687494195162,815.627902553106,3415.3944697579104,3.81578947368421,uniform_exact,uniform,0.0,0
5000,0.6966704990056833,11.78855723114979,0.7978474248429692,4.2739437995901275,4853.497841848277,930.7042214416718,3415.3944697579104,3.81578947368421,uniform_exact,uniform,0.0,0
5000,0.7020645774986704,10.493395057863204,0.7776045045176343,4.445217864095547,4928.946709783864,892.9513941522594,3415.3944697579104,3.81578947368421,uniform_exact,uniform,0.0,0
5000,0.6964872202949357,12.14043386833435,0.5472029058034672,2.673624650646339,4850.944480341662,942.8626783672503,3415.3944697579104,3.81578947368421,uniform,uniform,0.0008535342240585185,0
5000,0.6923142098960464,10.791047985600459,0.6348296872653542,3.1651648372132497,4792.989652239869,889.0582525453514,3415.3944697579104,3.81578947368421,uniform,uniform,0.0003210302470112422,0
5000,0.6749404683005831,10.377327086148796,0.7052750751233533,3.8007358662353448,4555.446357498104,849.2731597588138,3415.3944697579104,3.81578947368421,uniform,uniform,8.993573319438364e-05,0
5000,0.7043250568842707,9.485986571983513,0.5581214141674834,2.935377732105561,4960.737857550311,860.736386785567,3415.3944697579104,3.81578947368421,uniform,uniform,0.004516182137377496,0
5000,0.7278048746693839,12.570758348270179,0.6423868582548585,2.9660413011716593,5000,1005.3294553439663,3415.3944697579104,3.81578947368421,uniform,uniform,0.004759403560522864,0
5000,0.6959390046794844,8.19052749199074,0.4541962498779539,2.098039178442305,4843.310982342714,802.5347341334756,3415.3944697579104,3.81578947368421,uniform,uniform,0.005382311066013105,0
5000,0.7275752487361427,11.991683623295147,0.49358675971080024,2.787562036158918,5000,984.5211787295407,3415.3944697579104,3.81578947368421,uniform,uniform,0.00687689844768681,0
5000,1.1514945012448503,13.921170970329356,0.7089472819774092,4.254843209073427,5000,1896.7749602854858,3415.3944697579104,3.81578947368421,uniform_exact,uniform,0.0,0
5000,1.1000620070210954,13.282787825099584,0.3748729478643105,1.9752486965391836,5000,1751.5135306439688,3415.3944697579104,3.81578947368421,uniform,uniform,0.014642215392303006,0
5000,1.169644960173019,14.047324928197764,0.6495232538895612,4.016324906043804,5000,1945.8743384555728,3415.3944697579104,3.81578947368421,uniform,uniform,0.004032729859355969,0
5000,3.012040993380712,33.184170841399485,3.111653887398356,17.25380228222794,5000,5000,3415.3944697579104,3.81578947368421,uniform_exact,is,0.0,1
5000,3.05512119238724,33.62125804296652,0.4775169142830615,2.4305315702192,5000,5000,3415.3944697579104,3.81578947368421,uniform,is,0.05477676771329041,1
5000,3.0106207049135034,32.90968384374054,0.8559629626580776,6.0017727194213295,5000,5000,3415.3944697579104,3.81578947368421,uniform_exact,is,0.0,1
5000,0.6966747062003946,7.519776239119451,0.5867681889951984,3.1739886764400427,4853.5564625940615,779.9280568408838,3415.3944697579104,3.81578947368421,uniform,uniform,0.0025009742968384752,0
5000,0.7118330565326979,11.001515450812754,0.6238871229842778,4.251511856793013,5000,925.5349606766966,3415.3944697579104,3.81578947368421,uniform,uniform,0.0033864698370032788,0
5000,0.65806351816426,9.25657713996702,0.6080791796372874,3.370321241717645,4330.475939387233,785.8466069380014,3415.3944697579104,3.81578947368421,uniform,uniform,0.0015766978932540317,0
5000,1.324498034040619,12.321985384365552,1.431780685235003,10.23491906992671,5000,2294.2009719524963,3415.3944697579104,3.81578947368421,uniform_exact,uniform,0.0,0
5000,1.3258723349377788,12.187571001132723,1.5692665898284552,8.391781496914385,5000,2293.3128965373376,3415.3944697579104,3.81578947368421,uniform_exact,uniform,0.0,0
5000,1.3582145587406718,12.411829353085658,1.3794389369849804,7.551446576193697,5000,2393.222861712485,3415.3944697579104,3.81578947368421,uniform_exact,uniform,0.0,0
5000,3.273305510801266,25.581420388004364,2.911318360614885,12.688860512354076,5000,5000,3415.3944697579104,3.81578947368421,uniform_exact,is,0.0,1
5000,3.270192893939796,25.42383972037984,0.6205497298720324,4.010347396208841,5000,5000,3415.3944697579104,3.81578947368421,uniform,is,0.02968611888286899,1
5000,3.2584141459449203,25.386482551776233,3.0649262515326083,22.043228955130484,5000,5000,3415.3944697579104,3.81578947368421,uniform_exact,is,0.0,1
5000,0.6808824421638225,9.063293680601529,0.6146485901174965,3.5272017278482912,4636.00900046971,811.3956486802743,3415.3944697579104,3.81578947368421,uniform,uniform,0.004205108102228395,0
5000,0.6814735797847691,8.168079323694936,0.5908895775112372,2.9089333786058686,4644.06239944668,780.6281727935872,3415.3944697579104,3.81578947368421,uniform,uniform,0.0161017229969721,0
5000,0.6730762768779296,7.51328610662532,0.7474179683085285,5.065498402446272,4530.316744958553,745.4462794393922,3415.3944697579104,3.81578947368421,uniform_exact,uniform,0.0,0
5000,1.5610511723927194,9.482297366454727,1.363079006809296,8.956180989052026,5000,2917.208338590139,3415.3944697579104,3.81578947368421,uniform_exact,uniform,0.0,0
5000,1.5983515327881193,10.05179141412876,1.761891038365471,8.334556313419696,5000,3062.202085772467,3415.3944697579104,3.81578947368421,uniform_exact,uniform,0.0,0
5000,1.564054233622819,9.903368559014538,1.402258203267809,10.467510303333102,5000,2942.026281598381,3415.3944697579104,3.81578947368421,uniform_exact,uniform,0.0,0
5000,3.0064614329892705,15.45576789854595,2.889844521933419,13.891018724005804,5000,5000,3415.3944697579104,3.81578947368421,uniform_exact,is,0.0,1
5000,2.975958669383625,15.516826552718598,2.562372289089822,9.892452263734974,5000,5000,3415.3944697579104,3.81578947368421,uniform_exact,is,0.0,1
5000,2.994754765488841,15.286751648815459,0.6814007199794196,4.4930310579895725,5000,5000,3415.3944697579104,3.81578947368421,uniform,is,0.00355957806886217,1
5000,0.6452892873409604,7.975916618900835,0.5920498682175043,3.8318891585279973,4163.982643570044,722.9682813290447,3415.3944697579104,3.81578947368421,uniform,uniform,0.0024128132225416246,0
5000,0.6342794906340355,7.439749972949388,0.4820312933141721,2.383834218986227,4023.1047223897153,689.1014222579303,3415.3944697579104,3.81578947368421,uniform,uniform,2.6487762371738403e-05,0
5000,0.6753511690743486,10.273263459798766,0.839267460407563,4.749190941867775,4560.992015700892,846.1850654440004,3415.3944697579104,3.81578947368421,uniform_exact,uniform,0.0,0
5000,1.5642034237759075,7.461215325213151,1.482485433609462,6.399710833936407,5000,2856.258812823272,3415.3944697579104,3.81578947368421,uniform_exact,uniform,0.0,0
5000,1.6069129255861263,7.627573339463385,1.7655904566935856,7.4760707087497265,5000,3005.6523591964697,3415.3944697579104,3.81578947368421,uniform_exact,uniform,0.0,0
5000,1.5835535573326203,7.463665704236842,1.6127259803845906,7.26936297382367,5000,2920.888956784179,3415.3944697579104,3.81578947368421,uniform_exact,uniform,0.0,0
5000,2.4387528204411435,9.085143647908605,2.8059988678059944,12.113879245164396,5000,5000,3415.3944697579104,3.81578947368421,uniform_exact,is,0.0,0
5000,2.44827057345472,9.074192457210252,2.3468959610404,7.5877168136409745,5000,5000,3415.3944697579104,3.81578947368421,uniform_exact,is,0.0,1
5000,2.4335609917695766,9.037567396165114,2.566602092465996,10.042622212956763,5000,5000,3415.3944697579104,3.81578947368421,uniform_exact,is,0.0,0
5000,0.6519470284472162,8.754530513444111,0.9947346857063888,6.243056490803804,4250.349279011552,759.6225283466741,3415.3944697579104,3.81578947368421,uniform_exact,uniform,0.0,0
5000,0.6299048125270215,10.880578863376364,0.5901610884385893,3.130636395798847,3967.80072844702,804.7784164634724,3415.3944697579104,3.81578947368421,uniform,uniform,0.0038278795696256467,0
5000,0.6870579308218044,13.544762416249597,0.44327864311051446,2.085410827237117,4720.486003051393,978.6423256088318,3415.3944697579104,3.81578947368421,uniform,uniform,0.022208556927585235,0
5000,1.3838458656873216,5.062593836717688,1.4206461239267048,4.876979714310828,5000,2208.1082099118385,3415.3944697579104,3.81578947368421,uniform_exact,uniform,0.0,0
5000,1.398083832516939,5.098880683600188,1.6691724556107543,6.893946001206717,5000,2251.362172756544,3415.3944697579104,3.81578947368421,uniform_exact,uniform,0.0,0
5000,1.3909424378180453,5.143704401559593,1.2631523162820633,3.6330482489670817,5000,2231.8395544274426,3415.3944697579104,3.81578947368421,uniform_exact,uniform,0.0,0
5000,1.7911999033758386,5.04722867967325,1.6442006213855416,4.179329183051334,5000,3578.1000040057165,3415.3944697579104,3.81578947368421,uniform_exact,is,0.0,0
5000,1.7925498435757545,5.031734118828527,1.441539940315074,3.455965776226517,5000,3582.67919398956,3415.3944697579104,3.81578947368421,uniform_exact,is,0.0,0
5000,1.799646793110485,5.033057676968276,1.6540985653231624,4.083627002062341,5000,3609.740622118057,3415.3944697579104,3.81578947368421,uniform_exact,is,0.0,0
1000,0.617599978331471,6.544485015745742,0.6546744526717984,4.037233512446905,1000,635.3522133703194,2770.0098668718365,4.052631578947368,uniform_exact,uniform,0.0,0
1000,0.7016203194983847,6.4257658382788225,0.6002583147105496,2.8128078373000833,1000,748.6133196376052,2770.0098668718365,4.052631578947368,uniform_exact,uniform,0.0,0
1000,0.633503586176026,5.578210996800821,0.4546662280591609,2.9358062521886557,1000,622.3055587995697,2770.0098668718365,4.052631578947368,uniform_exact,uniform,0.0,0
1000,0.6607087487078306,6.077985671873188,0.5418417073704571,2.3543254384921535,1000,677.2686212166315,2770.0098668718365,4.052631578947368,uniform_exact,uniform,0.0,0
1000,0.6504739835154975,5.5695015501111715,0.5515493055873881,3.037685258769284,1000,645.0875760346555,2770.0098668718365,4.052631578947368,uniform_exact,uniform,0.0,0
1000,0.6694892343956219,5.3838442549691585,0.7665598992739887,3.8531717296857506,1000,665.1267185776958,2770.0098668718365,4.052631578947368,uniform_exact,uniform,0.0,0
1000,0.6398166324088268,6.140337691272391,0.6024222521837911,3.56117384987849,1000,650.6791989769632,2770.0098668718365,4.052631578947368,uniform_exact,uniform,0.0,0
1000,0.6645481406412764,5.726033896808133,0.7791046543782835,4.887635049814275,1000,670.2286990086395,2770.0098668718365,4.052631578947368,uniform_exact,uniform,0.0,0
1000,0.6625855174916219,6.889022080403152,0.8354601640528279,4.356281890623636,1000,708.5478357810049,2770.0098668718365,4.052631578947368,uniform_exact,uniform,0.0,0
1000,0.6194948810036581,4.431036671722072,0.48812682142441977,2.2749945025092777,1000,563.1847822127821,2770.0098668718365,4.052631578947368,uniform_exact,uniform,0.0,0
1000,0.6419604984348997,5.780451621515172,0.6099074691096907,3.5207294236023032,1000,640.8791727435553,2770.0098668718365,4.052631578947368,uniform_exact,uniform,0.0,0
1000,0.6478534945181104,7.295799872829969,0.6177568153151964,2.7589495879877557,1000,702.4588421607818,2770.0098668718365,4.052631578947368,uniform_exact,uniform,0.0,0
1000,0.9275708025452007,9.067911114745035,1.2012793598247467,7.477222967550049,1000,1000,2770.0098668718365,4.052631578947368,uniform_exact,uniform,0.0,0
1000,0.8826442516694574,9.20078801072338,0.9443149450566591,5.614523808544906,1000,1000,2770.0098668718365,4.052631578947368,uniform_exact,uniform,0.0,0
1000,0.8944373892679047,9.492564196854993,0.46105765307177327,2.2987661101266013,1000,1000,2770.0098668718365,4.052631578947368,uniform_exact,uniform,0.0,0
1000,2.1600848596659037,23.591190740265375,2.3411113420912524,16.86268120937064,1000,1000,2770.0098668718365,4.052631578947368,uniform_exact,uniform,0.0,0
1000,2.186629044024305,23.67565527185168,2.389797598195235,13.419902508831482,1000,1000,2770.0098668718365,4.052631578947368,uniform_exact,uniform,0.0,0
1000,2.202788337834508,23.474969597415352,2.561508304088971,13.623985339275857,1000,1000,2770.0098668718365,4.052631578947368,uniform_exact,uniform,0.0,1
1000,0.668926440883736,6.047119721303887,0.7071704775249051,4.658243812205226,1000,687.7568181231449,2770.0098668718365,4.052631578947368,uniform_exact,uniform,0.0,0
1000,0.6096939094021688,4.754850690421404,0.5853844309594483,3.130286198565388,1000,561.8565535974923,2770.0098668718365,4.052631578947368,uniform_exact,uniform,0.0,0
1000,0.619980694353103,5.711189635441723,0.7882682294698055,5.74739965771354,1000,609.0405737763899,2770.0098668718365,4.052631578947368,uniform_exact,uniform,0.0,0
1000,1.0363964890753734,8.83629684462703,1.021699435948659,4.61481969915823,1000,1000,2770.0098668718365,4.052631578947368,uniform_exact,uniform,0.0,0
1000,1.0808453099122093,9.327938871539764,1.1003993250254636,7.541553310310866,1000,1000,2770.0098668718365,4.052631578947368,uniform_exact,uniform,0.0,0
1000,1.0555990939448983,9.079803243418585,1.2388471556110574,6.038505276140739,1000,1000,2770.0098668718365,4.052631578947368,uniform_exact,uniform,0.0,0
1000,2.4223349633420703,19.324723385669508,2.676607508929119,19.425820986314665,1000,1000,2770.0098668718365,4.052631578947368,uniform_exact,uniform,0.0,1
1000,2.4594205603819232,19.349043540692758,0.5667938020637977,3.31181544600094,1000,1000,2770.0098668718365,4.052631578947368,uniform_exact,uniform,0.0,1
1000,2.441556227376376,19.145175988469532,2.476834214210542,10.975575683842813,1000,1000,2770.0098668718365,4.052631578947368,uniform_exact,uniform,0.0,1
1000,0.6787566315775071,6.9795351614658365,0.7434925297388245,4.364378626407917,1000,734.7301064462791,2770.0098668718365,4.052631578947368,uniform_exact,uniform,0.0,0
1000,0.6273247767797993,5.416408240314115,0.4475837894847671,2.548120618372928,1000,608.3351215613185,2770.0098668718365,4.052631578947368,uniform_exact,uniform,0.0,0
1000,0.6436184853347732,6.685255422490038,0.6324709422526615,2.940137267558474,1000,675.097401560128,2770.0098668718365,4.052631578947368,uniform_exact,uniform,0.0,0
1000,1.322654341020879,7.809373922547658,1.0927224528012458,6.550031132170276,1000,1000,2770.0098668718365,4.052631578947368,uniform_exact,uniform,0.0,0
1000,1.2985808873964355,8.313744404611858,1.4817340545804925,6.091666973403394,1000,1000,2770.0098668718365,4.052631578947368,uniform_exact,uniform,0.0,0
1000,1.208561744925839,7.712949719548932,1.231391906380909,6.66561568765089,1000,1000,2770.0098668718365,4.052631578947368,uniform_exact,uniform,0.0,0
1000,2.507398434602011,12.789785607408268,2.405410282231151,12.50496185098091,1000,1000,2770.0098668718365,4.052631578947368,uniform_exact,uniform,0.0,1
1000,2.520669114923294,12.78671987327333,2.7201337947628206,14.619773904710403,1000,1000,2770.0098668718365,4.052631578947368,uniform_exact,uniform,0.0,1
1000,2.49068495781207,12.596211278828237,2.515781262435814,11.319409592006084,1000,1000,2770.0098668718365,4.052631578947368,uniform_exact,uniform,0.0,1
1000,0.6524098435515786,7.086241475883487,0.5407635661736063,2.950225089543239,1000,701.3347232849229,2770.0098668718365,4.052631578947368,uniform_exact,uniform,0.0,0
1000,0.581167313005821,6.085439413528287,0.5776638554665519,3.5907482301813443,1000,572.85770424497,2770.0098668718365,4.052631578947368,uniform_exact,uniform,0.0,0
1000,0.6984683097008569,7.200833170425255,0.5744430564689973,3.207961963791067,1000,771.3139441410074,2770.0098668718365,4.052631578947368,uniform_exact,uniform,0.0,0
1000,1.3537758517722411,6.291632634044208,1.3091420264500084,5.775779911552052,1000,1000,2770.0098668718365,4.052631578947368,uniform_exact,uniform,0.0,0
1000,1.367532997551312,6.235878482522877,1.3963433121846316,6.136610669579271,1000,1000,2770.0098668718365,4.052631578947368,uniform_exact,uniform,0.0,0
1000,1.3274574831627268,6.042607423381932,1.3973147237765626,5.972495722188987,1000,1000,2770.0098668718365,4.052631578947368,uniform_exact,uniform,0.0,0
1000,2.1745485439283283,8.206958182334139,2.2570623628620377,9.134880341179114,1000,1000,2770.0098668718365,4.052631578947368,uniform_exact,uniform,0.0,0
1000,2.2071501455785794,8.244504029581895,1.9927867416905283,6.199081673489519,1000,1000,2770.0098668718365,4.052631578947368,uniform_exact,uniform,0.0,1
1000,2.2131805137021714,8.13937339152958,1.885874472966494,5.5680124291508095,1000,1000,2770.0098668718365,4.052631578947368,uniform_exact,uniform,0.0,1
1000,0.596226390605092,7.59566327931635,0.6456833913799237,4.35839797540944,1000,644.9903306438464,2770.0098668718365,4.052631578947368,uniform_exact,uniform,0.0,0
1000,0.5707637716995058,4.76013034379612,0.5063122243046145,2.6437130345752253,1000,513.3458044551178,2770.0098668718365,4.052631578947368,uniform_exact,uniform,0.0,0
1000,0.6082008942884182,5.59710910895369,0.6242178338812222,4.1620342853573495,1000,589.680079419608,2770.0098668718365,4.052631578947368,uniform_exact,uniform,0.0,0
1000,1.2128763710131376,4.437108297044463,1.2301369262412751,5.33936774082057,1000,1000,2770.0098668718365,4.052631578947368,uniform_exact,uniform,0.0,0
1000,1.222022170293529,4.453870144522961,1.1722460569147126,3.5677231918426897,1000,1000,2770.0098668718365,4.052631578947368,uniform_exact,uniform,0.0,0
1000,1.2283430251331136,4.34226493758284,1.2334496051180397,3.9234819932023233,1000,1000,2770.0098668718365,4.052631578947368,uniform_exact,uniform,0.0,0
1000,1.6822322474532947,4.785774324099834,1.2241335371740663,2.8309877429811823,1000,1000,2770.0098668718365,4.052631578947368,uniform_exact,uniform,0.0,0
1000,1.6828609678688584,4.797205593998007,1.576510089531765,3.985236202319548,1000,1000,2770.0098668718365,4.052631578947368,uniform_exact,uniform,0.0,0
1000,1.6824444119691087,4.694431122747657,2.0320015289240683,6.8940964372817515,1000,1000,2770.0098668718365,4.052631578947368,uniform_exact,uniform,0.0,0
2000,0.6437859806065077,7.26494190000632,0.5832212672391087,2.8602830109456177,2000,695.8016540771678,3047.961886276374,4.052631578947368,uniform_exact,uniform,0.0,0
2000,0.6783226328241753,6.987718128416362,0.9267404048683263,4.459463144429104,2000,734.3950354052101,3047.961886276374,4.052631578947368,uniform_exact,uniform,0.0,0
2000,0.7008485258315146,10.87323753149392,0.8103160587747787,4.708225074294921,2000,904.5604323951111,3047.961886276374,4.052631578947368,uniform_exact,uniform,0.0,0
2000,0.6647636523552978,9.371015606248461,0.47046058590012235,2.3782093762255383,2000,799.2807397443189,3047.961886276374,4.052631578947368,uniform_exact,uniform,0.0,0
2000,0.6503303945228937,7.618833107152736,0.6864581958481417,4.781335836360754,2000,717.2763773531361,3047.961886276374,4.052631578947368,uniform_exact,uniform,0.0,0
2000,0.7116392058914187,10.837519913683188,0.6381799267212958,3.64007890683168,2000,919.4498867172433,3047.961886276374,4.052631578947368,uniform_exact,uniform,0.0,0
2000,0.6984542271619008,9.191213698217632,0.5817001219975085,2.9710481106260884,2000,841.5975496551691,3047.961886276374,4.052631578947368,uniform_exact,uniform,0.0,0
2000,0.6531760108020092,9.05950966881119,0.4991635992672069,2.506918218474804,2000,772.0947091795654,3047.961886276374,4.052631578947368,uniform_exact,uniform,0.0,0
2000,0.6722700999610615,5.917746054892996,0.5957669186614098,3.0635566120496116,2000,687.9391315719704,3047.961886276374,4.052631578947368,uniform_exact,uniform,0.0,0
2000,0.7041455345419971,8.158001271669198,0.7102662702685152,4.559406580401231,2000,813.5611982931824,3047.961886276374,4.052631578947368,uniform_exact,uniform,0.0,0
2000,0.6776575995706522,7.229319530734069,0.7085745155698432,4.819564548046165,2000,741.9733333176847,3047.961886276374,4.052631578947368,uniform_exact,uniform,0.0,0
2000,0.6623640231431586,9.28680597708695,0.558528900136556,2.5175309386952853,2000,792.9316579825959,3047.961886276374,4.052631578947368,uniform_exact,uniform,0.0,0
2000,0.9816612409123018,11.124163624423396,1.2903691078481274,8.480568679321944,2000,1414.083017984169,3047.961886276374,4.052631578947368,uniform_exact,uniform,0.0,0
2000,1.019893147231907,10.771710935140439,1.2475893613752596,8.425821227055366,2000,1482.7225254275493,3047.961886276374,4.052631578947368,uniform_exact,uniform,0.0,0
2000,1.0038984191058524,11.152323945467518,0.7162976353532349,3.9877399506304596,2000,1461.8652799715167,3047.961886276374,4.052631578947368,uniform_exact,uniform,0.0,0
2000,2.485939595674491,27.10730987984548,2.661222913379614,19.19527896728977,2000,2000,3047.961886276374,4.052631578947368,uniform_exact,uniform,0.0,1
2000,2.4574092914423638,26.830979453268434,0.5159140085903287,3.059287213566769,2000,2000,3047.961886276374,4.052631578947368,uniform_exact,uniform,0.0,1
2000,2.4875934157876274,27.001639859771334,2.9447688054644057,21.185213930294193,2000,2000,3047.961886276374,4.052631578947368,uniform_exact,uniform,0.0,1
2000,0.6522247884106012,6.7974888408872705,0.6701401239604216,4.718153315730349,2000,690.8795354216088,3047.961886276374,4.052631578947368,uniform_exact,uniform,0.0,0
2000,0.708592555862065,7.3196862152942685,0.6894385426220558,4.622308762411152,2000,790.6074475854836,3047.961886276374,4.052631578947368,uniform_exact,uniform,0.0,0
2000,0.6266465193598646,6.766098028970186,0.48993320419727115,2.7443328659851987,2000,655.107760504205,3047.961886276374,4.052631578947368,uniform_exact,uniform,0.0,0
2000,1.187664640127493,10.482197021947206,1.1704861778040871,7.15376236727165,2000,1864.9588252464846,3047.961886276374,4.052631578947368,uniform_exact,uniform,0.0,0
2000,1.169122399391696,10.541280528053289,1.1438019341950625,8.02522850637299,2000,1820.7383665351958,3047.961886276374,4.052631578947368,uniform_exact,uniform,0.0,0
2000,1.2297958209577402,10.40504305776103,1.4233332302775725,6.333698492318037,2000,1970.1608002574487,3047.961886276374,4.052631578947368,uniform_exact,uniform,0.0,0
2000,2.869439534666998,22.1660269939405,2.646745180367046,13.995883686757649,2000,2000,3047.961886276374,4.052631578947368,uniform_exact,uniform,0.0,1
2000,2.804968516663726,22.06499967036417,0.6434800202122952,4.254845807097411,2000,2000,3047.961886276374,4.052631578947368,uniform_exact,uniform,0.0,1
2000,2.735942484849644,21.257719756855096,2.8383812133891615,14.933463153509315,2000,2000,3047.961886276374,4.052631578947368,uniform_exact,uniform,0.0,1
2000,0.65141260441657,7.2644391200920655,0.566453689073244,2.6974077637493976,2000,706.2512425280808,3047.961886276374,4.052631578947368,uniform_exact,uniform,0.0,0
2000,0.6410291195607866,6.374989174742897,0.7162280135903464,4.549070378107034,2000,660.6132527733449,3047.961886276374,4.052631578947368,uniform_exact,uniform,0.0,0
2000,0.6227487686611384,6.430958934057433,0.5459727841751367,2.823542357169971,2000,638.1095561822503,3047.961886276374,4.052631578947368,uniform_exact,uniform,0.0,0
2000,1.358269331673104,8.966713358539577,1.3723269490712815,6.406343892233075,2000,2000,3047.961886276374,4.052631578947368,uniform_exact,uniform,0.0,0
2000,1.3763076923974027,8.285852764690443,0.7749111857624245,4.270328843262996,2000,2000,3047.961886276374,4.052631578947368,uniform_exact,uniform,0.0,0
2000,1.4611702597146317,9.106720084066147,1.521311970365212,5.980018105180251,2000,2000,3047.961886276374,4.052631578947368,uniform_exact,uniform,0.0,0
2000,2.7142794007709448,13.745211635687745,2.9623790550098223,21.40968506883677,2000,2000,3047.961886276374,4.052631578947368,uniform_exact,uniform,0.0,1
2000,2.726308523162901,13.889554001701725,0.6991468311296727,4.5412972162153515,2000,2000,3047.961886276374,4.052631578947368,uniform_exact,uniform,0.0,1
2000,2.7326270401993864,13.72668609604081,2.9033696989116557,15.172645057482507,2000,2000,3047.961886276374,4.052631578947368,uniform_exact,uniform,0.0,1
2000,0.5866904178552818,6.882127609815075,0.5805490484405254,2.895280995548519,2000,607.833459026285,3047.961886276374,4.052631578947368,uniform_exact,uniform,0.0,0
2000,0.6805166058317258,7.844182030189697,0.5902576119175316,3.265802290507244,2000,767.8062812379214,3047.961886276374,4.052631578947368,uniform_exact,uniform,0.0,0
2000,0.6075248895724128,8.488601778181627,0.5524947834763275,2.6006174003137836,2000,690.9428482752027,3047.961886276374,4.052631578947368,uniform_exact,uniform,0.0,0
2000,1.4612428196080953,6.753627793666996,1.4637564208247935,6.127948657842031,2000,2000,3047.961886276374,4.052631578947368,uniform_exact,uniform,0.0,0
2000,1.4764441467779024,6.956174126191189,1.4674625531344239,5.7310795182246155,2000,2000,3047.961886276374,4.052631578947368,uniform_exact,uniform,0.0,0
2000,1.4190922443740461,6.741387981806074,1.5077030890947885,7.054049405629129,2000,2000,3047.961886276374,4.052631578947368,uniform_exact,uniform,0.0,0
2000,2.301445779003562,8.777361115865295,2.506429750727522,9.530497841031707,2000,2000,3047.961886276374,4.052631578947368,uniform_exact,uniform,0.0,0
2000,2.3152827988189686,8.658788130102245,2.4364184610808395,8.788218954225657,2000,2000,3047.961886276374,4.052631578947368,uniform_exact,uniform,0.0,1
2000,2.30933321640677,8.687845653682372,2.512657135544825,10.114135435472017,2000,2000,3047.961886276374,4.052631578947368,uniform_exact,uniform,0.0,1
2000,0.5915941849529013,6.747218403782818,0.6456284289272434,3.7424729906114833,2000,609.1909512319154,3047.961886276374,4.052631578947368,uniform_exact,uniform,0.0,0
2000,0.5845956482433441,7.133862103294786,0.8242732260277579,5.098482326451003,2000,614.1252907176902,3047.961886276374,4.052631578947368,uniform_exact,uniform,0.0,0
2000,0.6364016724628121,6.162099158324124,0.6867431901597176,4.53646512145048,2000,646.8295982407201,3047.961886276374,4.052631578947368,uniform_exact,uniform,0.0,0
2000,1.2983740571519216,4.789065542177101,1.345521611397635,3.969611958165405,2000,1955.5143230204017,3047.961886276374,4.052631578947368,uniform_exact,uniform,0.0,0
2000,1.3147579288921611,4.448881049791875,1.203432889390721,3.3784338380173553,2000,1988.865891661483,3047.961886276374,4.052631578947368,uniform_exact,uniform,0.0,0
2000,1.3083480127020897,4.637299734571176,0.980752244445845,2.6060364599825983,2000,1977.704173984409,3047.961886276374,4.052631578947368,uniform_exact,uniform,0.0,0
2000,1.7372109637686688,4.909762302581473,1.654788053074392,4.207957401092123,2000,2000,3047.961886276374,4.052631578947368,uniform_exact,uniform,0.0,0
2000,1.7421178180833923,4.869082529210165,1.8697495499975871,5.182935358203248,2000,2000,3047.961886276374,4.052631578947368,uniform_exact,uniform,0.0,0
2000,1.7399890427199698,4.970317505328127,1.6741801177798215,4.494097816942863,2000,2000,3047.961886276374,4.052631578947368,uniform_exact,uniform,0.0,0
5000,0.7224807944290408,9.893139619301449,0.7393988031437676,4.44216171091808,5000,902.5681715523135,3415.3944697579104,4.052631578947368,uniform_exact,uniform,0.0,0
5000,0.6783674416504732,9.248645932905605,0.7143476764039032,3.410859881789213,4601.823858914082,814.3202078120423,3415.3944697579104,4.052631578947368,uniform_exact,uniform,0.0,0
5000,0.6974014263102107,8.500077009248255,0.7083841796016659,4.01874577776468,4863.687494195162,815.627902553106,3415.3944697579104,4.052631578947368,uniform_exact,uniform,0.0,0
5000,0.6966704990056833,11.78855723114979,0.7455324682491694,4.561491997481248,4853.497841848277,930.7042214416718,3415.3944697579104,4.052631578947368,uniform_exact,uniform,0.0,0
5000,0.7020645774986704,10.493395057863204,0.5160014989555651,2.5978717957650597,4928.946709783864,892.9513941522594,3415.3944697579104,4.052631578947368,uniform,uniform,0.020146183809963834,0
5000,0.6964872202949357,12.14043386833435,0.5504211522064281,2.8355913016791066,4850.944480341662,942.8626783672503,3415.3944697579104,4.052631578947368,uniform,uniform,0.009759226332462161,0
5000,0.6923142098960464,10.791047985600459,0.7500360759093362,4.8636981626895786,4792.989652239869,889.0582525453514,3415.3944697579104,4.052631578947368,uniform_exact,uniform,0.0,0
5000,0.6749404683005831,10.377327086148796,0.5246949224744977,2.583978818771351,4555.446357498104,849.2731597588138,3415.3944697579104,4.052631578947368,uniform,uniform,0.00997339639536582,0
5000,0.7043250568842707,9.485986571983513,1.016010287361832,6.327247439019631,4960.737857550311,860.736386785567,3415.3944697579104,4.052631578947368,uniform_exact,uniform,0.0,0
5000,0.7278048746693839,12.570758348270179,0.6095042147697824,3.5498088618634176,5000,1005.3294553439663,3415.3944697579104,4.052631578947368,uniform,uniform,0.00876259200789114,0
5000,0.6959390046794844,8.19052749199074,0.8023666860163905,5.0317223662592605,4843.310982342714,802.5347341334756,3415.3944697579104,4.052631578947368,uniform_exact,uniform,0.0,0
5000,0.7275752487361427,11.991683623295147,0.4526420839426433,2.2145390159074374,5000,984.5211787295407,3415.3944697579104,4.052631578947368,uniform,uniform,0.008044291557054165,0
5000,1.1514945012448503,13.921170970329356,1.275278626810074,8.987881355136949,5000,1896.7749602854858,3415.3944697579104,4.052631578947368,uniform_exact,uniform,0.0,0
5000,1.1000620070210954,13.282787825099584,0.784896518196815,5.203276977518117,5000,1751.5135306439688,3415.3944697579104,4.052631578947368,uniform_exact,uniform,0.0,0
5000,1.169644960173019,14.047324928197764,0.5314153943238085,2.528351870357331,5000,1945.8743384555728,3415.3944697579104,4.052631578947368,uniform,uniform,0.0022029039533864436,0
5000,3.012040993380712,33.184170841399485,0.5274777335597045,2.2680161012721687,5000,5000,3415.3944697579104,4.052631578947368,uniform,is,0.009560365047814011,1
5000,3.05512119238724,33.62125804296652,3.273596478003398,23.575409509256286,5000,5000,3415.3944697579104,4.052631578947368,uniform_exact,is,0.0,1
5000,3.0106207049135034,32.90968384374054,3.169804888695065,22.66743834286811,5000,5000,3415.3944697579104,4.052631578947368,uniform_exact,is,0.0,1
5000,0.6966747062003946,7.519776239119451,0.5942712084314384,2.9517804904576455,4853.5564625940615,779.9280568408838,3415.3944697579104,4.052631578947368,uniform,uniform,0.0021364343530083712,0
5000,0.7118330565326979,11.001515450812754,0.8070321641189339,4.840723262512223,5000,925.5349606766966,3415.3944697579104,4.052631578947368,uniform_exact,uniform,0.0,0
5000,0.65806351816426,9.25657713996702,0.6128827030927391,2.4721990883563194,4330.475939387233,785.8466069380014,3415.3944697579104,4.052631578947368,uniform,uniform,0.0004890339741528121,0
5000,1.324498034040619,12.321985384365552,1.455667471502432,9.854680356396319,5000,2294.2009719524963,3415.3944697579104,4.052631578947368,uniform_exact,uniform,0.0,0
5000,1.3258723349377788,12.187571001132723,1.5144108758392434,8.91440643734524,5000,2293.3128965373376,3415.3944697579104,4.052631578947368,uniform_exact,uniform,0.0,0
5000,1.3582145587406718,12.411829353085658,0.6615078877538454,3.602811269999139,5000,2393.222861712485,3415.3944697579104,4.052631578947368,uniform,uniform,0.007296394791550192,0
5000,3.273305510801266,25.581420388004364,3.2592894782084096,23.39662058929458,5000,5000,3415.3944697579104,4.052631578947368,uniform_exact,is,0.0,1
5000,3.270192893939796,25.42383972037984,0.606378441889165,3.4884906004002625,5000,5000,3415.3944697579104,4.052631578947368,uniform,is,0.027573839800983786,1
5000,3.2584141459449203,25.386482551776233,3.2591620368966687,23.45957210142874,5000,5000,3415.3944697579104,4.052631578947368,uniform_exact,is,0.0,1
5000,0.6808824421638225,9.063293680601529,0.6751917455198996,4.125621144343894,4636.00900046971,811.3956486802743,3415.3944697579104,4.052631578947368,uniform,uniform,0.0012628209293473961,0
5000,0.6814735797847691,8.168079323694936,0.5896191627955369,3.714646110038311,4644.06239944668,780.6281727935872,3415.3944697579104,4.052631578947368,uniform,uniform,0.010019590786064757,0
5000,0.6730762768779296,7.51328610662532,0.9619992324601403,5.00852574816729,4530.316744958553,745.4462794393922,3415.3944697579104,4.052631578947368,uniform_exact,uniform,0.0,0
5000,1.5610511723927194,9.482297366454727,1.3150754711602262,9.574381688487188,5000,2917.208338590139,3415.3944697579104,4.052631578947368,uniform_exact,uniform,0.0,0
5000,1.5983515327881193,10.05179141412876,1.5292562670237344,7.874186369564421,5000,3062.202085772467,3415.3944697579104,4.052631578947368,uniform_exact,uniform,0.0,0
5000,1.564054233622819,9.903368559014538,1.6984464922207194,6.893212111180402,5000,2942.026281598381,3415.3944697579104,4.052631578947368,uniform_exact,uniform,0.0,0
5000,3.0064614329892705,15.45576789854595,3.1392244608123447,16.237160487875265,5000,5000,3415.3944697579104,4.052631578947368,uniform_exact,is,0.0,1
5000,2.975958669383625,15.516826552718598,2.984084646244614,13.297344345363575,5000,5000,3415.3944697579104,4.052631578947368,uniform_exact,is,0.0,1
5000,2.994754765488841,15.286751648815459,3.3468546442402194,24.033053578171568,5000,5000,3415.3944697579104,4.052631578947368,uniform_exact,is,0.0,1
5000,0.6452892873409604,7.975916618900835,0.576311174495763,2.892051740510646,4163.982643570044,722.9682813290447,3415.3944697579104,4.052631578947368,uniform,uniform,0.0033647534074225213,0
5000,0.6342794906340355,7.439749972949388,0.6941294022972766,3.1985550821835376,4023.1047223897153,689.1014222579303,3415.3944697579104,4.052631578947368,uniform,uniform,0.0004603147115928518,0
5000,0.6753511690743486,10.273263459798766,0.6618079273124562,3.9879811460741417,4560.992015700892,846.1850654440004,3415.3944697579104,4.052631578947368,uniform,uniform,0.0034349295400106605,0
5000,1.5642034237759075,7.461215325213151,1.5446864692298032,6.379500461178315,5000,2856.258812823272,3415.3944697579104,4.052631578947368,uniform_exact,uniform,0.0,0
5000,1.6069129255861263,7.627573339463385,1.7198931881500292,7.649807340899376,5000,3005.6523591964697,3415.3944697579104,4.052631578947368,uniform_exact,uniform,0.0,0
5000,1.5835535573326203,7.463665704236842,1.5626267468563861,5.841080159406376,5000,2920.888956784179,3415.3944697579104,4.052631578947368,uniform_exact,uniform,0.0,0
5000,2.4387528204411435,9.085143647908605,0.7437420703995645,4.431157982787823,5000,5000,3415.3944697579104,4.052631578947368,uniform_exact,is,0.0,0
5000,2.44827057345472,9.074192457210252,2.0474668353799808,6.066747142764171,5000,5000,3415.3944697579104,4.052631578947368,uniform_exact,is,0.0,1
5000,2.4335609917695766,9.037567396165114,2.245864029084206,7.392881109641884,5000,5000,3415.3944697579104,4.052631578947368,uniform_exact,is,0.0,0
5000,0.6519470284472162,8.754530513444111,0.5646837328302936,3.1031828146756446,4250.349279011552,759.6225283466741,3415.3944697579104,4.052631578947368,uniform,uniform,0.008245610000558639,0
5000,0.6299048125270215,10.880578863376364,0.5493034119274551,2.667366399260847,3967.80072844702,804.7784164634724,3415.3944697579104,4.052631578947368,uniform,uniform,0.0027569071783355753,0
5000,0.6870579308218044,13.544762416249597,0.5567312052988291,3.242918746423385,4720.486003051393,978.6423256088318,3415.3944697579104,4.052631578947368,uniform,uniform,0.009142742866818774,0
5000,1.3838458656873216,5.062593836717688,1.3151988115785385,4.340613045238251,5000,2208.1082099118385,3415.3944697579104,4.052631578947368,uniform_exact,uniform,0.0,0
5000,1.398083832516939,5.098880683600188,1.2745049737777705,3.8881059571443,5000,2251.362172756544,3415.3944697579104,4.052631578947368,uniform_exact,uniform,0.0,0
5000,1.3909424378180453,5.143704401559593,1.4415645482471313,5.32289355693068,5000,2231.8395544274426,3415.3944697579104,4.052631578947368,uniform_exact,uniform,0.0,0
5000,1.7911999033758386,5.04722867967325,3.033704463953727,15.686679798709187,5000,3578.1000040057165,3415.3944697579104,4.052631578947368,uniform_exact,is,0.0,0
5000,1.7925498435757545,5.031734118828527,1.9414665664146618,5.383894663916223,5000,3582.67919398956,3415.3944697579104,4.052631578947368,uniform_exact,is,0.0,0
5000,1.799646793110485,5.033057676968276,1.5726295613161558,3.866012946486747,5000,3609.740622118057,3415.3944697579104,4.052631578947368,uniform_exact,is,0.0,0
1000,0.617599978331471,6.544485015745742,0.3951626621069189,1.9456690803277688,1000,635.3522133703194,2770.0098668718365,4.289473684210526,uniform_exact,uniform,0.0,0
1000,0.7016203194983847,6.4257658382788225,0.7920498063773633,4.044789063858636,1000,748.6133196376052,2770.0098668718365,4.289473684210526,uniform_exact,uniform,0.0,0
1000,0.633503586176026,5.578210996800821,0.5335051957839361,2.881664237954822,1000,622.3055587995697,2770.0098668718365,4.289473684210526,uniform_exact,uniform,0.0,0
1000,0.6607087487078306,6.077985671873188,0.5172001759928824,2.3520235291364693,1000,677.2686212166315,2770.0098668718365,4.289473684210526,uniform_exact,uniform,0.0,0
1000,0.6504739835154975,5.5695015501111715,0.6410998858405578,3.301121657492969,1000,645.0875760346555,2770.0098668718365,4.289473684210526,uniform_exact,uniform,0.0,0
1000,0.6694892343956219,5.3838442549691585,0.6341001384430761,3.1877250228155054,1000,665.1267185776958,2770.0098668718365,4.289473684210526,uniform_exact,uniform,0.0,0
1000,0.6398166324088268,6.140337691272391,0.5757267744433392,3.104105342865083,1000,650.6791989769632,2770.0098668718365,4.289473684210526,uniform_exact,uniform,0.0,0
1000,0.6645481406412764,5.726033896808133,0.5310542492474436,3.180111867941812,1000,670.2286990086395,2770.0098668718365,4.289473684210526,uniform_exact,uniform,0.0,0
1000,0.6625855174916219,6.889022080403152,0.521699920316922,2.5161669463049314,1000,708.5478357810049,2770.0098668718365,4.289473684210526,uniform_exact,uniform,0.0,0
1000,0.6194948810036581,4.431036671722072,0.5342648639350855,2.858111439525127,1000,563.1847822127821,2770.0098668718365,4.289473684210526,uniform_exact,uniform,0.0,0
1000,0.6419604984348997,5.780451621515172,0.5395390824687315,3.688916438009584,1000,640.8791727435553,2770.0098668718365,4.289473684210526,uniform_exact,uniform,0.0,0
1000,0.6478534945181104,7.295799872829969,0.5786678757997724,3.361553733807077,1000,702.4588421607818,2770.0098668718365,4.289473684210526,uniform_exact,uniform,0.0,0
1000,0.9275708025452007,9.067911114745035,0.5785482149272715,3.283443411701352,1000,1000,2770.0098668718365,4.289473684210526,uniform_exact,uniform,0.0,0
1000,0.8826442516694574,9.20078801072338,1.043129765932303,6.8254453120893555,1000,1000,2770.0098668718365,4.289473684210526,uniform_exact,uniform,0.0,0
1000,0.8944373892679047,9.492564196854993,0.45677003963591706,2.19518877008792,1000,1000,2770.0098668718365,4.289473684210526,uniform_exact,uniform,0.0,0
1000,2.1600848596659037,23.591190740265375,0.5520101744495785,3.234304147211269,1000,1000,2770.0098668718365,4.289473684210526,uniform_exact,uniform,0.0,0
1000,2.186629044024305,23.67565527185168,0.7194309867066487,4.998638651224954,1000,1000,2770.0098668718365,4.289473684210526,uniform_exact,uniform,0.0,0
1000,2.202788337834508,23.474969597415352,0.4365004713068933,1.9095776370311106,1000,1000,2770.0098668718365,4.289473684210526,uniform_exact,uniform,0.0,1
1000,0.668926440883736,6.047119721303887,0.5599898366194509,2.671588654123765,1000,687.7568181231449,2770.0098668718365,4.289473684210526,uniform_exact,uniform,0.0,0
1000,0.6096939094021688,4.754850690421404,0.6621621092383021,3.2078361005043607,1000,561.8565535974923,2770.0098668718365,4.289473684210526,uniform_exact,uniform,0.0,0
1000,0.619980694353103,5.711189635441723,0.7220740339269687,4.669793590320693,1000,609.0405737763899,2770.0098668718365,4.289473684210526,uniform_exact,uniform,0.0,0
1000,1.0363964890753734,8.83629684462703,0.6880128006098226,4.221031572413992,1000,1000,2770.0098668718365,4.289473684210526,uniform_exact,uniform,0.0,0
1000,1.0808453099122093,9.327938871539764,0.8887265049181664,6.329092518448279,1000,1000,2770.0098668718365,4.289473684210526,uniform_exact,uniform,0.0,0
1000,1.0555990939448983,9.079803243418585,0.5804789841702265,3.2348810285909786,1000,1000,2770.0098668718365,4.289473684210526,uniform_exact,uniform,0.0,0
1000,2.4223349633420703,19.324723385669508,2.368461181580873,17.24340464593597,1000,1000,2770.0098668718365,4.289473684210526,uniform_exact,uniform,0.0,1
1000,2.4594205603819232,19.349043540692758,2.642872227581459,13.760590996356026,1000,1000,2770.0098668718365,4.289473684210526,uniform_exact,uniform,0.0,1
1000,2.441556227376376,19.145175988469532,2.299206034471335,16.672993568356542,1000,1000,2770.0098668718365,4.289473684210526,uniform_exact,uniform,0.0,1
1000,0.6787566315775071,6.9795351614658365,0.5640760110870733,2.4436883022747256,1000,734.7301064462791,2770.0098668718365,4.289473684210526,uniform_exact,uniform,0.0,0
1000,0.6273247767797993,5.416408240314115,0.5381435845425013,3.1105455382869147,1000,608.3351215613185,2770.0098668718365,4.289473684210526,uniform_exact,uniform,0.0,0
1000,0.6436184853347732,6.685255422490038,0.6069848950429678,3.045864036756874,1000,675.097401560128,2770.0098668718365,4.289473684210526,uniform_exact,uniform,0.0,0
1000,1.322654341020879,7.809373922547658,1.3916098631209166,5.589651154611019,1000,1000,2770.0098668718365,4.289473684210526,uniform_exact,uniform,0.0,0
1000,1.2985808873964355,8.313744404611858,1.296823592848279,5.149789203585744,1000,1000,2770.0098668718365,4.289473684210526,uniform_exact,uniform,0.0,0
1000,1.208561744925839,7.712949719548932,1.1505025096004344,7.732042940406004,1000,1000,2770.0098668718365,4.289473684210526,uniform_exact,uniform,0.0,0
1000,2.507398434602011,12.789785607408268,2.523482863580457,18.31206571675702,1000,1000,2770.0098668718365,4.289473684210526,uniform_exact,uniform,0.0,1
1000,2.520669114923294,12.78671987327333,2.553194713209769,13.6049160100573,1000,1000,2770.0098668718365,4.289473684210526,uniform_exact,uniform,0.0,1
1000,2.49068495781207,12.596211278828237,0.6512780916778349,3.3180583829168944,1000,1000,2770.0098668718365,4.289473684210526,uniform_exact,uniform,0.0,1
1000,0.6524098435515786,7.086241475883487,0.5973919437391217,2.8584829896912005,1000,701.3347232849229,2770.0098668718365,4.289473684210526,uniform_exact,uniform,0.0,0
1000,0.581167313005821,6.085439413528287,0.8304603514805488,5.225373132805279,1000,572.85770424497,2770.0098668718365,4.289473684210526,uniform_exact,uniform,0.0,0
1000,0.6984683097008569,7.200833170425255,0.655794946543179,3.64332211149665,1000,771.3139441410074,2770.0098668718365,4.289473684210526,uniform_exact,uniform,0.0,0
1000,1.3537758517722411,6.291632634044208,1.3075780995795918,5.299975720098226,1000,1000,2770.0098668718365,4.289473684210526,uniform_exact,uniform,0.0,0
1000,1.367532997551312,6.235878482522877,1.36531778426095,6.473395744601105,1000,1000,2770.0098668718365,4.289473684210526,uniform_exact,uniform,0.0,0
1000,1.3274574831627268,6.042607423381932,1.4320465296334222,5.916445465562851,1000,1000,2770.0098668718365,4.289473684210526,uniform_exact,uniform,0.0,0
1000,2.1745485439283283,8.206958182334139,2.2801694194264006,12.285691279388066,1000,1000,2770.0098668718365,4.289473684210526,uniform_exact,uniform,0.0,0
1000,2.2071501455785794,8.244504029581895,2.386334049994428,9.442151587715935,1000,1000,2770.0098668718365,4.289473684210526,uniform_exact,uniform,0.0,1
1000,2.2131805137021714,8.13937339152958,2.0180009853306324,6.229464123773358,1000,1000,2770.0098668718365,4.289473684210526,uniform_exact,uniform,0.0,1
1000,0.596226390605092,7.59566327931635,0.5807419134707802,3.4403486795129115,1000,644.9903306438464,2770.0098668718365,4.289473684210526,uniform_exact,uniform,0.0,0
1000,0.5707637716995058,4.76013034379612,0.47948148807906577,2.1196679888946526,1000,513.3458044551178,2770.0098668718365,4.289473684210526,uniform_exact,uniform,0.0,0
1000,0.6082008942884182,5.59710910895369,0.570996162222676,3.718043889531792,1000,589.680079419608,2770.0098668718365,4.289473684210526,uniform_exact,uniform,0.0,0
1000,1.2128763710131376,4.437108297044463,1.1523948850891528,3.498399968332168,1000,1000,2770.0098668718365,4.289473684210526,uniform_exact,uniform,0.0,0
1000,1.222022170293529,4.453870144522961,1.1547991390975971,3.6424080018599767,1000,1000,2770.0098668718365,4.289473684210526,uniform_exact,uniform,0.0,0
1000,1.2283430251331136,4.34226493758284,1.3348590818079566,5.00192765844411,1000,1000,2770.0098668718365,4.289473684210526,uniform_exact,uniform,0.0,0
1000,1.6822322474532947,4.785774324099834,1.277334151428927,2.848867993518029,1000,1000,2770.0098668718365,4.289473684210526,uniform_exact,uniform,0.0,0
1000,1.6828609678688584,4.797205593998007,1.867167194577825,5.651780013879342,1000,1000,2770.0098668718365,4.289473684210526,uniform_exact,uniform,0.0,0
1000,1.6824444119691087,4.694431122747657,1.4132516878146817,3.3920249539080456,1000,1000,2770.0098668718365,4.289473684210526,uniform_exact,uniform,0.0,0
2000,0.6437859806065077,7.26494190000632,0.5745670324137518,3.210967703028489,2000,695.8016540771678,3047.961886276374,4.289473684210526,uniform_exact,uniform,0.0,0
2000,0.6783226328241753,6.987718128416362,0.6791148248452324,4.15846392762597,2000,734.3950354052101,3047.961886276374,4.289473684210526,uniform_exact,uniform,0.0,0
2000,0.7008485258315146,10.87323753149392,0.7508675979281532,5.0510922651827945,2000,904.5604323951111,3047.961886276374,4.289473684210526,uniform_exact,uniform,0.0,0
2000,0.6647636523552978,9.371015606248461,0.5061016427618036,2.7252348093195486,2000,799.2807397443189,3047.961886276374,4.289473684210526,uniform_exact,uniform,0.0,0
2000,0.6503303945228937,7.618833107152736,0.5193139240096116,2.7981267127851277,2000,717.2763773531361,3047.961886276374,4.289473684210526,uniform_exact,uniform,0.0,0
2000,0.7116392058914187,10.837519913683188,0.6290411883765724,3.407468556992723,2000,919.4498867172433,3047.961886276374,4.289473684210526,uniform_exact,uniform,0.0,0
2000,0.6984542271619008,9.191213698217632,0.6345452492037325,4.102036427332518,2000,841.5975496551691,3047.961886276374,4.289473684210526,uniform_exact,uniform,0.0,0
2000,0.6531760108020092,9.05950966881119,0.6176702520298529,3.5148150858566805,2000,772.0947091795654,3047.961886276374,4.289473684210526,uniform_exact,uniform,0.0,0
2000,0.6722700999610615,5.917746054892996,0.9433198957921225,5.215581533264711,2000,687.9391315719704,3047.961886276374,4.289473684210526,uniform_exact,uniform,0.0,0
2000,0.7041455345419971,8.158001271669198,0.5918710257886757,3.3424572512925996,2000,813.5611982931824,3047.961886276374,4.289473684210526,uniform_exact,uniform,0.0,0
2000,0.6776575995706522,7.229319530734069,0.571250988937061,2.5467926338198272,2000,741.9733333176847,3047.961886276374,4.289473684210526,uniform_exact,uniform,0.0,0
2000,0.6623640231431586,9.28680597708695,0.5623564174316397,3.6908663040729532,2000,792.9316579825959,3047.961886276374,4.289473684210526,uniform_exact,uniform,0.0,0
2000,0.9816612409123018,11.124163624423396,0.8499046017560989,5.847681361746475,2000,1414.083017984169,3047.961886276374,4.289473684210526,uniform_exact,uniform,0.0,0
2000,1.019893147231907,10.771710935140439,0.6054434641850844,3.2263172015752355,2000,1482.7225254275493,3047.961886276374,4.289473684210526,uniform_exact,uniform,0.0,0
2000,1.0038984191058524,11.152323945467518,1.469605933659633,10.471965926059319,2000,1461.8652799715167,3047.961886276374,4.289473684210526,uniform_exact,uniform,0.0,0
2000,2.485939595674491,27.10730987984548,2.585938107685754,18.523012387252514,2000,2000,3047.961886276374,4.289473684210526,uniform_exact,uniform,0.0,1
2000,2.4574092914423638,26.830979453268434,2.712682078814493,12.158600528355425,2000,2000,3047.961886276374,4.289473684210526,uniform_exact,uniform,0.0,1
2000,2.4875934157876274,27.001639859771334,0.5079039612412134,2.995095119801045,2000,2000,3047.961886276374,4.289473684210526,uniform_exact,uniform,0.0,1
2000,0.6522247884106012,6.7974888408872705,0.5320639420603587,2.6256391722985244,2000,690.8795354216088,3047.961886276374,4.289473684210526,uniform_exact,uniform,0.0,0
2000,0.708592555862065,7.3196862152942685,0.6632207426835149,3.3220539644995655,2000,790.6074475854836,3047.961886276374,4.289473684210526,uniform_exact,uniform,0.0,0
2000,0.6266465193598646,6.766098028970186,0.45680830362162617,2.557500619782193,2000,655.107760504205,3047.961886276374,4.289473684210526,uniform_exact,uniform,0.0,0
2000,1.187664640127493,10.482197021947206,0.7572623555007512,4.4863904815805675,2000,1864.9588252464846,3047.961886276374,4.289473684210526,uniform_exact,uniform,0.0,0
2000,1.169122399391696,10.541280528053289,0.648181108158217,3.5371583502888204,2000,1820.7383665351958,3047.961886276374,4.289473684210526,uniform_exact,uniform,0.0,0
2000,1.2297958209577402,10.40504305776103,0.5674893164518563,2.9726513141097994,2000,1970.1608002574487,3047.961886276374,4.289473684210526,uniform_exact,uniform,0.0,0
2000,2.869439534666998,22.1660269939405,3.2449018832031737,23.429180921821516,2000,2000,3047.961886276374,4.289473684210526,uniform_exact,uniform,0.0,1
2000,2.804968516663726,22.06499967036417,2.771650651525747,20.059078891128845,2000,2000,3047.961886276374,4.289473684210526,uniform_exact,uniform,0.0,1
2000,2.735942484849644,21.257719756855096,2.643688191665375,19.129187540904876,2000,2000,3047.961886276374,4.289473684210526,uniform_exact,uniform,0.0,1
2000,0.65141260441657,7.2644391200920655,0.5022894115683502,2.6817581248527134,2000,706.2512425280808,3047.961886276374,4.289473684210526,uniform_exact,uniform,0.0,0
2000,0.6410291195607866,6.374989174742897,0.4496705388385816,2.7764198706031196,2000,660.6132527733449,3047.961886276374,4.289473684210526,uniform_exact,uniform,0.0,0
2000,0.6227487686611384,6.430958934057433,0.46297925425634245,2.3684446212531634,2000,638.1095561822503,3047.961886276374,4.289473684210526,uniform_exact,uniform,0.0,0
2000,1.358269331673104,8.966713358539577,1.4807166811952812,6.4120091959991665,2000,2000,3047.961886276374,4.289473684210526,uniform_exact,uniform,0.0,0
2000,1.3763076923974027,8.285852764690443,1.3011231002147368,6.435578030915568,2000,2000,3047.961886276374,4.289473684210526,uniform_exact,uniform,0.0,0
2000,1.4611702597146317,9.106720084066147,1.4470493560448994,7.992489591840738,2000,2000,3047.961886276374,4.289473684210526,uniform_exact,uniform,0.0,0
2000,2.7142794007709448,13.745211635687745,2.7764408179958755,19.905925274073194,2000,2000,3047.961886276374,4.289473684210526,uniform_exact,uniform,0.0,1
2000,2.726308523162901,13.889554001701725,2.665574238999146,11.560596315387535,2000,2000,3047.961886276374,4.289473684210526,uniform_exact,uniform,0.0,1
2000,2.7326270401993864,13.72668609604081,2.737970277362732,12.100154553760332,2000,2000,3047.961886276374,4.289473684210526,uniform_exact,uniform,0.0,1
2000,0.5866904178552818,6.882127609815075,0.633475502884227,3.285645987018435,2000,607.833459026285,3047.961886276374,4.289473684210526,uniform_exact,uniform,0.0,0
2000,0.6805166058317258,7.844182030189697,0.6963477297151625,4.194597720480942,2000,767.8062812379214,3047.961886276374,4.289473684210526,uniform_exact,uniform,0.0,0
2000,0.6075248895724128,8.488601778181627,0.6580685978224196,4.472419107227073,2000,690.9428482752027,3047.961886276374,4.289473684210526,uniform_exact,uniform,0.0,0
2000,1.4612428196080953,6.753627793666996,1.4792600799492073,7.236872678341121,2000,2000,3047.961886276374,4.289473684210526,uniform_exact,uniform,0.0,0
2000,1.4764441467779024,6.956174126191189,1.4305802741227447,4.934206731858285,2000,2000,3047.961886276374,4.289473684210526,uniform_exact,uniform,0.0,0
2000,1.4190922443740461,6.741387981806074,1.4580119672087815,5.345115152163091,2000,2000,3047.961886276374,4.289473684210526,uniform_exact,uniform,0.0,0
2000,2.301445779003562,8.777361115865295,2.5401892768718004,11.661432250186339,2000,2000,3047.961886276374,4.289473684210526,uniform_exact,uniform,0.0,0
2000,2.3152827988189686,8.658788130102245,1.8883405229999388,5.206032183226255,2000,2000,3047.961886276374,4.289473684210526,uniform_exact,uniform,0.0,1
2000,2.30933321640677,8.687845653682372,2.570020622257411,10.124559257331223,2000,2000,3047.961886276374,4.289473684210526,uniform_exact,uniform,0.0,1
2000,0.5915941849529013,6.747218403782818,0.6735480066316569,3.2350283162490663,2000,609.1909512319154,3047.961886276374,4.289473684210526,uniform_exact,uniform,0.0,0
2000,0.5845956482433441,7.133862103294786,0.4790487925359152,2.7456145678928743,2000,614.1252907176902,3047.961886276374,4.289473684210526,uniform_exact,uniform,0.0,0
2000,0.6364016724628121,6.162099158324124,0.4697794808911543,2.196128865026092,2000,646.8295982407201,3047.961886276374,4.289473684210526,uniform_exact,uniform,0.0,0
2000,1.2983740571519216,4.789065542177101,1.3954757194281215,4.836527633221846,2000,1955.5143230204017,3047.961886276374,4.289473684210526,uniform_exact,uniform,0.0,0
2000,1.3147579288921611,4.448881049791875,1.3094848663918452,3.813885965424516,2000,1988.865891661483,3047.961886276374,4.289473684210526,uniform_exact,uniform,0.0,0
2000,1.3083480127020897,4.637299734571176,1.2579187051552823,4.208248316973343,2000,1977.704173984409,3047.961886276374,4.289473684210526,uniform_exact,uniform,0.0,0
2000,1.7372109637686688,4.909762302581473,1.520193799516511,3.7332249632291794,2000,2000,3047.961886276374,4.289473684210526,uniform_exact,uniform,0.0,0
2000,1.7421178180833923,4.869082529210165,1.3619417172477335,3.1209370138023944,2000,2000,3047.961886276374,4.289473684210526,uniform_exact,uniform,0.0,0
2000,1.7399890427199698,4.970317505328127,1.4680076559216506,3.6289227649248166,2000,2000,3047.961886276374,4.289473684210526,uniform_exact,uniform,0.0,0
5000,0.7224807944290408,9.893139619301449,0.7416700200960755,4.123239374720147,5000,902.5681715523135,3415.3944697579104,4.289473684210526,uniform_exact,uniform,0.0,0
5000,0.6783674416504732,9.248645932905605,0.7377346349663256,5.189728110866153,4601.823858914082,814.3202078120423,3415.3944697579104,4.289473684210526,uniform_exact,uniform,0.0,0
5000,0.6974014263102107,8.500077009248255,0.4948401278672773,2.2349687204418722,4863.687494195162,815.627902553106,3415.3944697579104,4.289473684210526,uniform,uniform,0.009461197068525535,0
5000,0.6966704990056833,11.78855723114979,0.7536956708289949,3.8920919466773505,4853.497841848277,930.7042214416718,3415.3944697579104,4.289473684210526,uniform_exact,uniform,0.0,0
5000,0.7020645774986704,10.493395057863204,0.5869623080712214,2.955196018048121,4928.946709783864,892.9513941522594,3415.3944697579104,4.289473684210526,uniform,uniform,0.00041250960646697785,0
5000,0.6964872202949357,12.14043386833435,0.5716824034167604,3.2018376474974897,4850.944480341662,942.8626783672503,3415.3944697579104,4.289473684210526,uniform,uniform,0.007376577564803679,0
5000,0.6923142098960464,10.791047985600459,0.8903419905503202,5.237974621425265,4792.989652239869,889.0582525453514,3415.3944697579104,4.289473684210526,uniform_exact,uniform,0.0,0
5000,0.6749404683005831,10.377327086148796,0.49854030726481485,2.7455255382916803,4555.446357498104,849.2731597588138,3415.3944697579104,4.289473684210526,uniform,uniform,0.005957495743586293,0
5000,0.7043250568842707,9.485986571983513,0.5089492015678193,2.9115631922066663,4960.737857550311,860.736386785567,3415.3944697579104,4.289473684210526,uniform,uniform,0.0183772587402847,0
5000,0.7278048746693839,12.570758348270179,0.7137133396145178,4.862802187748373,5000,1005.3294553439663,3415.3944697579104,4.289473684210526,uniform_exact,uniform,0.0,0
5000,0.6959390046794844,8.19052749199074,0.6796805381947405,3.348230783378321,4843.310982342714,802.5347341334756,3415.3944697579104,4.289473684210526,uniform,uniform,0.000743528067610096,0
5000,0.7275752487361427,11.991683623295147,0.5922319103260868,2.9561259445256276,5000,984.5211787295407,3415.3944697579104,4.289473684210526,uniform,uniform,0.00405522545430109,0
5000,1.1514945012448503,13.921170970329356,0.5252663496012435,2.5345534745699183,5000,1896.7749602854858,3415.3944697579104,4.289473684210526,uniform,uniform,0.029425161047919427,0
5000,1.1000620070210954,13.282787825099584,1.3767159080170335,10.157385959694858,5000,1751.5135306439688,3415.3944697579104,4.289473684210526,uniform_exact,uniform,0.0,0
5000,1.169644960173019,14.047324928197764,0.6745760286149239,3.5781635792726636,5000,1945.8743384555728,3415.3944697579104,4.289473684210526,uniform,uniform,0.0032449007262210384,0
5000,3.012040993380712,33.184170841399485,3.2082477361737527,17.41009363063582,5000,5000,3415.3944697579104,4.289473684210526,uniform_exact,is,0.0,1
5000,3.05512119238724,33.62125804296652,0.5199154078162044,2.838962490677112,5000,5000,3415.3944697579104,4.289473684210526,uniform,is,0.037691669704279944,1
5000,3.0106207049135034,32.90968384374054,3.100141697347997,22.24455554390525,5000,5000,3415.3944697579104,4.289473684210526,uniform_exact,is,0.0,1
5000,0.6966747062003946,7.519776239119451,0.6513014448064793,3.8474535902943545,4853.5564625940615,779.9280568408838,3415.3944697579104,4.289473684210526,uniform,uniform,0.0015301258141028188,0
5000,0.7118330565326979,11.001515450812754,0.6985787003312565,4.043325981463549,5000,925.5349606766966,3415.3944697579104,4.289473684210526,uniform,uniform,0.0014209599381552695,0
5000,0.65806351816426,9.25657713996702,1.0632033721239904,7.060733858142837,4330.475939387233,785.8466069380014,3415.3944697579104,4.289473684210526,uniform_exact,uniform,0.0,0
5000,1.324498034040619,12.321985384365552,1.592113487392084,11.477070577434779,5000,2294.2009719524963,3415.3944697579104,4.289473684210526,uniform_exact,uniform,0.0,0
5000,1.3258723349377788,12.187571001132723,0.7351772148040971,4.6044682337669975,5000,2293.3128965373376,3415.3944697579104,4.289473684210526,uniform_exact,uniform,0.0,0
5000,1.3582145587406718,12.411829353085658,0.603716824675,2.6936208818545273,5000,2393.222861712485,3415.3944697579104,4.289473684210526,uniform,uniform,0.014853021316118762,0
5000,3.273305510801266,25.581420388004364,3.1485391723207,16.819551077873708,5000,5000,3415.3944697579104,4.289473684210526,uniform_exact,is,0.0,1
5000,3.270192893939796,25.42383972037984,3.3914378582136755,24.399595891452513,5000,5000,3415.3944697579104,4.289473684210526,uniform_exact,is,0.0,1
5000,3.2584141459449203,25.386482551776233,2.9637369438017123,21.331858884619557,5000,5000,3415.3944697579104,4.289473684210526,uniform_exact,is,0.0,1
5000,0.6808824421638225,9.063293680601529,0.6456863098751706,3.409233137449982,4636.00900046971,811.3956486802743,3415.3944697579104,4.289473684210526,uniform,uniform,0.010937107216670164,0
5000,0.6814735797847691,8.168079323694936,0.5507405999440952,2.588572885316005,4644.06239944668,780.6281727935872,3415.3944697579104,4.289473684210526,uniform,uniform,0.0019105533356008882,0
5000,0.6730762768779296,7.51328610662532,0.6098417497446516,3.854804150749666,4530.316744958553,745.4462794393922,3415.3944697579104,4.289473684210526,uniform,uniform,0.004755314691196576,0
5000,1.5610511723927194,9.482297366454727,1.7360046995361627,9.274766186100527,5000,2917.208338590139,3415.3944697579104,4.289473684210526,uniform_exact,uniform,0.0,0
5000,1.5983515327881193,10.05179141412876,1.52269352523096,6.6312871170325165,5000,3062.202085772467,3415.3944697579104,4.289473684210526,uniform_exact,uniform,0.0,0
5000,1.564054233622819,9.903368559014538,1.745266697188866,6.650165252156575,5000,2942.026281598381,3415.3944697579104,4.289473684210526,uniform_exact,uniform,0.0,0
5000,3.0064614329892705,15.45576789854595,3.141936570809205,17.53530742917905,5000,5000,3415.3944697579104,4.289473684210526,uniform_exact,is,0.0,1
5000,2.975958669383625,15.516826552718598,3.576709519310947,25.712454320345017,5000,5000,3415.3944697579104,4.289473684210526,uniform_exact,is,0.0,1
5000,2.994754765488841,15.286751648815459,2.343792004199874,7.619795799551168,5000,5000,3415.3944697579104,4.289473684210526,uniform_exact,is,0.0,1
5000,0.6452892873409604,7.975916618900835,0.5789872783836386,2.334028216014451,4163.982643570044,722.9682813290447,3415.3944697579104,4.289473684210526,uniform,uniform,0.002762528733832586,0
5000,0.6342794906340355,7.439749972949388,0.5746926378921846,2.880987158963551,4023.1047223897153,689.1014222579303,3415.3944697579104,4.289473684210526,uniform,uniform,0.00564238908487938,0
5000,0.6753511690743486,10.273263459798766,0.6878003348430847,4.514238904077298,4560.992015700892,846.1850654440004,3415.3944697579104,4.289473684210526,uniform,uniform,0.002851889528445068,0
5000,1.5642034237759075,7.461215325213151,1.52855475933094,7.2699950576051995,5000,2856.258812823272,3415.3944697579104,4.289473684210526,uniform_exact,uniform,0.0,0
5000,1.6069129255861263,7.627573339463385,1.6638325455138794,7.356163987551175,5000,3005.6523591964697,3415.3944697579104,4.289473684210526,uniform_exact,uniform,0.0,0
5000,1.5835535573326203,7.463665704236842,1.5771037013106755,6.1865851246530985,5000,2920.888956784179,3415.3944697579104,4.289473684210526,uniform_exact,uniform,0.0,0
5000,2.4387528204411435,9.085143647908605,2.008811383028856,5.955887470991537,5000,5000,3415.3944697579104,4.289473684210526,uniform_exact,is,0.0,0
5000,2.44827057345472,9.074192457210252,2.298162224269577,7.510514020634543,5000,5000,3415.3944697579104,4.289473684210526,uniform_exact,is,0.0,1
5000,2.4335609917695766,9.037567396165114,2.449963201886353,8.923611273406298,5000,5000,3415.3944697579104,4.289473684210526,uniform_exact,is,0.0,0
5000,0.6519470284472162,8.754530513444111,0.4512587969832362,2.1858068465547427,4250.349279011552,759.6225283466741,3415.3944697579104,4.289473684210526,uniform,uniform,0.003881383614488909,0
5000,0.6299048125270215,10.880578863376364,0.8856777078579299,4.939472886489988,3967.80072844702,804.7784164634724,3415.3944697579104,4.289473684210526,uniform_exact,uniform,0.0,0
5000,0.6870579308218044,13.544762416249597,0.5865633097910272,3.343376915542909,4720.486003051393,978.6423256088318,3415.3944697579104,4.289473684210526,uniform,uniform,0.00045288911458281057,0
5000,1.3838458656873216,5.062593836717688,1.368884366136187,4.2652605096955,5000,2208.1082099118385,3415.3944697579104,4.289473684210526,uniform_exact,uniform,0.0,0
5000,1.398083832516939,5.098880683600188,1.3318187558585248,3.986908883882676,5000,2251.362172756544,3415.3944697579104,4.289473684210526,uniform_exact,uniform,0.0,0
5000,1.3909424378180453,5.143704401559593,1.3676224478250125,4.485762539483841,5000,2231.8395544274426,3415.3944697579104,4.289473684210526,uniform_exact,uniform,0.0,0
5000,1.7911999033758386,5.04722867967325,1.8713521102217787,5.21954327430846,5000,3578.1000040057165,3415.3944697579104,4.289473684210526,uniform_exact,is,0.0,0
5000,1.7925498435757545,5.031734118828527,1.6876005872715072,4.334929458283116,5000,3582.67919398956,3415.3944697579104,4.289473684210526,uniform_exact,is,0.0,0
5000,1.799646793110485,5.033057676968276,2.067800267314587,5.929468695637047,5000,3609.740622118057,3415.3944697579104,4.289473684210526,uniform_exact,is,0.0,0
1000,0.617599978331471,6.544485015745742,0.4715076014599176,2.8545063226016083,1000,635.3522133703194,2770.0098668718365,4.526315789473684,uniform_exact,uniform,0.0,0
1000,0.7016203194983847,6.4257658382788225,0.6703547728602742,3.15189071970173,1000,748.6133196376052,2770.0098668718365,4.526315789473684,uniform_exact,uniform,0.0,0
1000,0.633503586176026,5.578210996800821,0.4559542149515378,2.3925467909674167,1000,622.3055587995697,2770.0098668718365,4.526315789473684,uniform_exact,uniform,0.0,0
1000,0.6607087487078306,6.077985671873188,0.7225470863576239,4.8543349033678345,1000,677.2686212166315,2770.0098668718365,4.526315789473684,uniform_exact,uniform,0.0,0
1000,0.6504739835154975,5.5695015501111715,0.5268607428698877,3.2097270530688085,1000,645.0875760346555,2770.0098668718365,4.526315789473684,uniform_exact,uniform,0.0,0
1000,0.6694892343956219,5.3838442549691585,0.5386202607177012,2.535398691492278,1000,665.1267185776958,2770.0098668718365,4.526315789473684,uniform_exact,uniform,0.0,0
1000,0.6398166324088268,6.140337691272391,0.7292286411497487,4.579604655245771,1000,650.6791989769632,2770.0098668718365,4.526315789473684,uniform_exact,uniform,0.0,0
1000,0.6645481406412764,5.726033896808133,0.4361190223688377,2.076743258481267,1000,670.2286990086395,2770.0098668718365,4.526315789473684,uniform_exact,uniform,0.0,0
1000,0.6625855174916219,6.889022080403152,0.6562660261716997,4.081163222232004,1000,708.5478357810049,2770.0098668718365,4.526315789473684,uniform_exact,uniform,0.0,0
1000,0.6194948810036581,4.431036671722072,0.6724834817444231,3.7373926731398557,1000,563.1847822127821,2770.0098668718365,4.526315789473684,uniform_exact,uniform,0.0,0
1000,0.6419604984348997,5.780451621515172,0.6736967599861818,3.966624741517974,1000,640.8791727435553,2770.0098668718365,4.526315789473684,uniform_exact,uniform,0.0,0
1000,0.6478534945181104,7.295799872829969,0.4619261038323297,2.310652129742202,1000,702.4588421607818,2770.0098668718365,4.526315789473684,uniform_exact,uniform,0.0,0
1000,0.9275708025452007,9.067911114745035,1.04188848193151,5.265242683425544,1000,1000,2770.0098668718365,4.526315789473684,uniform_exact,uniform,0.0,0
1000,0.8826442516694574,9.20078801072338,0.7461093478650707,4.360176109623446,1000,1000,2770.0098668718365,4.526315789473684,uniform_exact,uniform,0.0,0
1000,0.8944373892679047,9.492564196854993,1.121994944623196,8.407534785459953,1000,1000,2770.0098668718365,4.526315789473684,uniform_exact,uniform,0.0,0
1000,2.1600848596659037,23.591190740265375,2.625818567918429,18.923269547600412,1000,1000,2770.0098668718365,4.526315789473684,uniform_exact,uniform,0.0,0
1000,2.186629044024305,23.67565527185168,0.6805470525280081,3.635138930267002,1000,1000,2770.0098668718365,4.526315789473684,uniform_exact,uniform,0.0,0
1000,2.202788337834508,23.474969597415352,0.676034929380024,3.303945295890981,1000,1000,2770.0098668718365,4.526315789473684,uniform_exact,uniform,0.0,1
1000,0.668926440883736,6.047119721303887,0.6493047941255627,3.787671502103767,1000,687.7568181231449,2770.0098668718365,4.526315789473684,uniform_exact,uniform,0.0,0
1000,0.6096939094021688,4.754850690421404,0.5865191807210727,3.971783709429836,1000,561.8565535974923,2770.0098668718365,4.526315789473684,uniform_exact,uniform,0.0,0
1000,0.619980694353103,5.711189635441723,0.6047030711556198,3.1331429924527674,1000,609.0405737763899,2770.0098668718365,4.526315789473684,uniform_exact,uniform,0.0,0
1000,1.0363964890753734,8.83629684462703,1.1783950648499855,6.617635295900571,1000,1000,2770.0098668718365,4.526315789473684,uniform_exact,uniform,0.0,0
1000,1.0808453099122093,9.327938871539764,1.4575193014041545,8.20513328459272,1000,1000,2770.0098668718365,4.526315789473684,uniform_exact,uniform,0.0,0
1000,1.0555990939448983,9.079803243418585,0.6514565187008,3.23893976299796,1000,1000,2770.0098668718365,4.526315789473684,uniform_exact,uniform,0.0,0
1000,2.4223349633420703,19.324723385669508,2.543879448646896,14.555148568582,1000,1000,2770.0098668718365,4.526315789473684,uniform_exact,uniform,0.0,1
1000,2.4594205603819232,19.349043540692758,0.5549176916060355,2.7308094520868664,1000,1000,2770.0098668718365,4.526315789473684,uniform_exact,uniform,0.0,1
1000,2.441556227376376,19.145175988469532,2.6033910504895417,13.826895941334557,1000,1000,2770.0098668718365,4.526315789473684,uniform_exact,uniform,0.0,1
1000,0.6787566315775071,6.9795351614658365,0.6664538066413591,3.6706220546734603,1000,734.7301064462791,2770.0098668718365,4.526315789473684,uniform_exact,uniform,0.0,0
1000,0.6273247767797993,5.416408240314115,0.6169173569943552,3.1838185680386797,1000,608.3351215613185,2770.0098668718365,4.526315789473684,uniform_exact,uniform,0.0,0
1000,0.6436184853347732,6.685255422490038,0.48932973457520706,2.3674908048984715,1000,675.097401560128,2770.0098668718365,4.526315789473684,uniform_exact,uniform,0.0,0
1000,1.322654341020879,7.809373922547658,0.9127897782491855,6.290307524433684,1000,1000,2770.0098668718365,4.526315789473684,uniform_exact,uniform,0.0,0
1000,1.2985808873964355,8.313744404611858,1.0147704306432002,7.452613979946709,1000,1000,2770.0098668718365,4.526315789473684,uniform_exact,uniform,0.0,0
1000,1.208561744925839,7.712949719548932,0.9818878726495022,6.468972342373423,1000,1000,2770.0098668718365,4.526315789473684,uniform_exact,uniform,0.0,0
1000,2.507398434602011,12.789785607408268,2.0984891857793757,7.616494031939503,1000,1000,2770.0098668718365,4.526315789473684,uniform_exact,uniform,0.0,1
1000,2.520669114923294,12.78671987327333,2.516067918115152,13.202290590009886,1000,1000,2770.0098668718365,4.526315789473684,uniform_exact,uniform,0.0,1
1000,2.49068495781207,12.596211278828237,2.620422438419386,19.034441012267497,1000,1000,2770.0098668718365,4.526315789473684,uniform_exact,uniform,0.0,1
1000,0.6524098435515786,7.086241475883487,0.8515924526347729,4.0333799290615,1000,701.3347232849229,2770.0098668718365,4.526315789473684,uniform_exact,uniform,0.0,0
1000,0.581167313005821,6.085439413528287,0.5061184827337345,2.341892163410281,1000,572.85770424497,2770.0098668718365,4.526315789473684,uniform_exact,uniform,0.0,0
1000,0.6984683097008569,7.200833170425255,0.46397825589661745,2.256240975527569,1000,771.3139441410074,2770.0098668718365,4.526315789473684,uniform_exact,uniform,0.0,0
1000,1.3537758517722411,6.291632634044208,1.5237793965038178,4.966956302667802,1000,1000,2770.0098668718365,4.526315789473684,uniform_exact,uniform,0.0,0
1000,1.367532997551312,6.235878482522877,1.3409579228196638,7.043145367064844,1000,1000,2770.0098668718365,4.526315789473684,uniform_exact,uniform,0.0,0
1000,1.3274574831627268,6.042607423381932,1.3385878599562793,4.536932179498202,1000,1000,2770.0098668718365,4.526315789473684,uniform_exact,uniform,0.0,0
1000,2.1745485439283283,8.206958182334139,2.28182768208295,9.293892824006898,1000,1000,2770.0098668718365,4.526315789473684,uniform_exact,uniform,0.0,0
1000,2.2071501455785794,8.244504029581895,2.2692533085940214,9.043350701181037,1000,1000,2770.0098668718365,4.526315789473684,uniform_exact,uniform,0.0,1
1000,2.2131805137021714,8.13937339152958,2.1922035412606866,8.170832779916449,1000,1000,2770.0098668718365,4.526315789473684,uniform_exact,uniform,0.0,1
1000,0.596226390605092,7.59566327931635,0.4674681904149042,2.637767740685093,1000,644.9903306438464,2770.0098668718365,4.526315789473684,uniform_exact,uniform,0.0,0
1000,0.5707637716995058,4.76013034379612,0.6306846572837977,3.357177405695444,1000,513.3458044551178,2770.0098668718365,4.526315789473684,uniform_exact,uniform,0.0,0
1000,0.6082008942884182,5.59710910895369,0.5547806960243842,3.55640763651482,1000,589.680079419608,2770.0098668718365,4.526315789473684,uniform_exact,uniform,0.0,0
1000,1.2128763710131376,4.437108297044463,1.2876063726138096,4.337899432720324,1000,1000,2770.0098668718365,4.526315789473684,uniform_exact,uniform,0.0,0
1000,1.222022170293529,4.453870144522961,1.1293369156754058,4.4199215417950235,1000,1000,2770.0098668718365,4.526315789473684,uniform_exact,uniform,0.0,0
1000,1.2283430251331136,4.34226493758284,1.3408769436264438,5.569686232490244,1000,1000,2770.0098668718365,4.526315789473684,uniform_exact,uniform,0.0,0
1000,1.6822322474532947,4.785774324099834,1.394855890665164,3.3769874987510584,1000,1000,2770.0098668718365,4.526315789473684,uniform_exact,uniform,0.0,0
1000,1.6828609678688584,4.797205593998007,1.865909355877112,5.47364771507109,1000,1000,2770.0098668718365,4.526315789473684,uniform_exact,uniform,0.0,0
1000,1.6824444119691087,4.694431122747657,1.6444330461183734,4.2437664799145125,1000,1000,2770.0098668718365,4.526315789473684,uniform_exact,uniform,0.0,0
2000,0.6437859806065077,7.26494190000632,0.5502111299071182,2.792013531577286,2000,695.8016540771678,3047.961886276374,4.526315789473684,uniform_exact,uniform,0.0,0
2000,0.6783226328241753,6.987718128416362,0.771294887283399,4.421018821577705,2000,734.3950354052101,3047.961886276374,4.526315789473684,uniform_exact,uniform,0.0,0
2000,0.7008485258315146,10.87323753149392,0.9893698394464985,6.4262211011742565,2000,904.5604323951111,3047.961886276374,4.526315789473684,uniform_exact,uniform,0.0,0
2000,0.6647636523552978,9.371015606248461,0.5175081925902268,2.888460661814449,2000,799.2807397443189,3047.961886276374,4.526315789473684,uniform_exact,uniform,0.0,0
2000,0.6503303945228937,7.618833107152736,0.5605964856565615,2.8504930230156567,2000,717.2763773531361,3047.961886276374,4.526315789473684,uniform_exact,uniform,0.0,0
2000,0.7116392058914187,10.837519913683188,0.5177555897487036,2.651331421519094,2000,919.4498867172433,3047.961886276374,4.526315789473684,uniform_exact,uniform,0.0,0
2000,0.6984542271619008,9.191213698217632,0.6228999902930737,3.3172446399134294,2000,841.5975496551691,3047.961886276374,4.526315789473684,uniform_exact,uniform,0.0,0
2000,0.6531760108020092,9.05950966881119,0.6550026621172746,3.8387909174213024,2000,772.0947091795654,3047.961886276374,4.526315789473684,uniform_exact,uniform,0.0,0
2000,0.6722700999610615,5.917746054892996,0.8904318113925773,5.474568996092229,2000,687.9391315719704,3047.961886276374,4.526315789473684,uniform_exact,uniform,0.0,0
2000,0.7041455345419971,8.158001271669198,0.6471356989682927,4.092396476321727,2000,813.5611982931824,3047.961886276374,4.526315789473684,uniform_exact,uniform,0.0,0
2000,0.6776575995706522,7.229319530734069,0.49926554808066526,2.471623914418759,2000,741.9733333176847,3047.961886276374,4.526315789473684,uniform_exact,uniform,0.0,0
2000,0.6623640231431586,9.28680597708695,0.6336209759028086,3.7253154379471205,2000,792.9316579825959,3047.961886276374,4.526315789473684,uniform_exact,uniform,0.0,0
2000,0.9816612409123018,11.124163624423396,0.6919388138465574,4.375936108099724,2000,1414.083017984169,3047.961886276374,4.526315789473684,uniform_exact,uniform,0.0,0
2000,1.019893147231907,10.771710935140439,1.078046162661935,6.178585117683615,2000,1482.7225254275493,3047.961886276374,4.526315789473684,uniform_exact,uniform,0.0,0
2000,1.0038984191058524,11.152323945467518,1.2312002207459203,8.321128725807664,2000,1461.8652799715167,3047.961886276374,4.526315789473684,uniform_exact,uniform,0.0,0
2000,2.485939595674491,27.10730987984548,0.7250530033249203,4.231634591866261,2000,2000,3047.961886276374,4.526315789473684,uniform_exact,uniform,0.0,1
2000,2.4574092914423638,26.830979453268434,3.10555235392278,22.442262880091167,2000,2000,3047.961886276374,4.526315789473684,uniform_exact,uniform,0.0,1
2000,2.4875934157876274,27.001639859771334,0.6576595655922739,3.6141906004359345,2000,2000,3047.961886276374,4.526315789473684,uniform_exact,uniform,0.0,1
2000,0.6522247884106012,6.7974888408872705,0.569574366211337,3.817541660485872,2000,690.8795354216088,3047.961886276374,4.526315789473684,uniform_exact,uniform,0.0,0
2000,0.708592555862065,7.3196862152942685,0.6638129731456488,3.399246496189935,2000,790.6074475854836,3047.961886276374,4.526315789473684,uniform_exact,uniform,0.0,0
2000,0.6266465193598646,6.766098028970186,0.58409399031271,3.1200093474478807,2000,655.107760504205,3047.961886276374,4.526315789473684,uniform_exact,uniform,0.0,0
2000,1.187664640127493,10.482197021947206,0.5080997907925212,2.5129814791987855,2000,1864.9588252464846,3047.961886276374,4.526315789473684,uniform_exact,uniform,0.0,0
2000,1.169122399391696,10.541280528053289,0.5966893406873562,3.1217200079432956,2000,1820.7383665351958,3047.961886276374,4.526315789473684,uniform_exact,uniform,0.0,0
2000,1.2297958209577402,10.40504305776103,0.7355634531927141,4.015619579644335,2000,1970.1608002574487,3047.961886276374,4.526315789473684,uniform_exact,uniform,0.0,0
2000,2.869439534666998,22.1660269939405,0.7812290974979472,4.11749376639629,2000,2000,3047.961886276374,4.526315789473684,uniform_exact,uniform,0.0,1
2000,2.804968516663726,22.06499967036417,0.5472997886668689,3.831507224518336,2000,2000,3047.961886276374,4.526315789473684,uniform_exact,uniform,0.0,1
2000,2.735942484849644,21.257719756855096,0.6461113906212425,2.9178391077746184,2000,2000,3047.961886276374,4.526315789473684,uniform_exact,uniform,0.0,1
2000,0.65141260441657,7.2644391200920655,0.6446385888896626,4.465377369950361,2000,706.2512425280808,3047.961886276374,4.526315789473684,uniform_exact,uniform,0.0,0
2000,0.6410291195607866,6.374989174742897,0.45526637610764537,2.7023556068280032,2000,660.6132527733449,3047.961886276374,4.526315789473684,uniform_exact,uniform,0.0,0
2000,0.6227487686611384,6.430958934057433,0.5019736355698017,3.03157418491018,2000,638.1095561822503,3047.961886276374,4.526315789473684,uniform_exact,uniform,0.0,0
2000,1.358269331673104,8.966713358539577,0.7865766638189932,4.287440039912502,2000,2000,3047.961886276374,4.526315789473684,uniform_exact,uniform,0.0,0
2000,1.3763076923974027,8.285852764690443,1.4913116874723307,6.280610923403272,2000,2000,3047.961886276374,4.526315789473684,uniform_exact,uniform,0.0,0
2000,1.4611702597146317,9.106720084066147,1.5950622247427548,8.747893060349758,2000,2000,3047.961886276374,4.526315789473684,uniform_exact,uniform,0.0,0
2000,2.7142794007709448,13.745211635687745,0.5234192712248062,2.3420414238091443,2000,2000,3047.961886276374,4.526315789473684,uniform_exact,uniform,0.0,1
2000,2.726308523162901,13.889554001701725,2.5108081066766887,10.119698468944218,2000,2000,3047.961886276374,4.526315789473684,uniform_exact,uniform,0.0,1
2000,2.7326270401993864,13.72668609604081,2.7367621226167187,14.47301793731605,2000,2000,3047.961886276374,4.526315789473684,uniform_exact,uniform,0.0,1
2000,0.5866904178552818,6.882127609815075,0.5457663382199931,2.621147750276332,2000,607.833459026285,3047.961886276374,4.526315789473684,uniform_exact,uniform,0.0,0
2000,0.6805166058317258,7.844182030189697,0.5793252267351565,3.1675094055760633,2000,767.8062812379214,3047.961886276374,4.526315789473684,uniform_exact,uniform,0.0,0
2000,0.6075248895724128,8.488601778181627,0.6006690568585477,3.9619363014376283,2000,690.9428482752027,3047.961886276374,4.526315789473684,uniform_exact,uniform,0.0,0
2000,1.4612428196080953,6.753627793666996,1.2691256086216844,4.7052841167469355,2000,2000,3047.961886276374,4.526315789473684,uniform_exact,uniform,0.0,0
2000,1.4764441467779024,6.956174126191189,1.6136494199295686,7.286852448509837,2000,2000,3047.961886276374,4.526315789473684,uniform_exact,uniform,0.0,0
2000,1.4190922443740461,6.741387981806074,1.4608260786837366,5.592656924467608,2000,2000,3047.961886276374,4.526315789473684,uniform_exact,uniform,0.0,0
2000,2.301445779003562,8.777361115865295,2.5777933014250687,10.31522141590754,2000,2000,3047.961886276374,4.526315789473684,uniform_exact,uniform,0.0,0
2000,2.3152827988189686,8.658788130102245,2.743687148747815,19.8330865916085,2000,2000,3047.961886276374,4.526315789473684,uniform_exact,uniform,0.0,1
2000,2.30933321640677,8.687845653682372,2.0909284792751013,6.457725359242375,2000,2000,3047.961886276374,4.526315789473684,uniform_exact,uniform,0.0,1
2000,0.5915941849529013,6.747218403782818,0.3983950724828737,1.9319191619768847,2000,609.1909512319154,3047.961886276374,4.526315789473684,uniform,uniform,0.012335296928636524,0
2000,0.5845956482433441,7.133862103294786,0.6132621530918633,4.119039105193237,2000,614.1252907176902,3047.961886276374,4.526315789473684,uniform_exact,uniform,0.0,0
2000,0.6364016724628121,6.162099158324124,0.42825042187700607,2.4118754153711066,2000,646.8295982407201,3047.961886276374,4.526315789473684,uniform,uniform,0.0007295211318095031,0
2000,1.2983740571519216,4.789065542177101,1.2026847780713699,3.7951302287541537,2000,1955.5143230204017,3047.961886276374,4.526315789473684,uniform_exact,uniform,0.0,0
2000,1.3147579288921611,4.448881049791875,1.2920967692262932,4.325574026096861,2000,1988.865891661483,3047.961886276374,4.526315789473684,uniform_exact,uniform,0.0,0
2000,1.3083480127020897,4.637299734571176,1.19791984421347,3.6046588848998056,2000,1977.704173984409,3047.961886276374,4.526315789473684,uniform_exact,uniform,0.0,0
2000,1.7372109637686688,4.909762302581473,1.7621789982319171,4.631817903243524,2000,2000,3047.961886276374,4.526315789473684,uniform_exact,uniform,0.0,0
2000,1.7421178180833923,4.869082529210165,1.7879181063621576,4.902534230598906,2000,2000,3047.961886276374,4.526315789473684,uniform_exact,uniform,0.0,0
2000,1.7399890427199698,4.970317505328127,1.9045464478559617,5.290700732944726,2000,2000,3047.961886276374,4.526315789473684,uniform_exact,uniform,0.0,0
5000,0.7224807944290408,9.893139619301449,0.7167300921417868,4.308918882561101,5000,902.5681715523135,3415.3944697579104,4.526315789473684,uniform_exact,uniform,0.0,0
5000,0.6783674416504732,9.248645932905605,0.6107237863328028,3.428793506380521,4601.823858914082,814.3202078120423,3415.3944697579104,4.526315789473684,uniform,uniform,0.012821966495366176,0
5000,0.6974014263102107,8.500077009248255,0.8546133466775059,4.50201082305705,4863.687494195162,815.627902553106,3415.3944697579104,4.526315789473684,uniform_exact,uniform,0.0,0
5000,0.6966704990056833,11.78855723114979,0.6256250801842637,3.5927763283559244,4853.497841848277,930.7042214416718,3415.3944697579104,4.526315789473684,uniform,uniform,0.0028822357411137254,0
5000,0.7020645774986704,10.493395057863204,0.5461390381128995,2.7592007451889704,4928.946709783864,892.9513941522594,3415.3944697579104,4.526315789473684,uniform,uniform,0.0013812050036200328,0
5000,0.6964872202949357,12.14043386833435,0.659118314044667,3.1518599979365116,4850.944480341662,942.8626783672503,3415.3944697579104,4.526315789473684,uniform,uniform,0.0003712576641273905,0
5000,0.6923142098960464,10.791047985600459,0.388768777385291,1.9725686115703907,4792.989652239869,889.0582525453514,3415.3944697579104,4.526315789473684,uniform,uniform,0.02375642707278846,0
5000,0.6749404683005831,10.377327086148796,0.612698457008227,3.3545550611022934,4555.446357498104,849.2731597588138,3415.3944697579104,4.526315789473684,uniform,uniform,0.007516436198257924,0
5000,0.7043250568842707,9.485986571983513,0.5470594995999569,2.793167520225073,4960.737857550311,860.736386785567,3415.3944697579104,4.526315789473684,uniform,uniform,0.006504142192133979,0
5000,0.7278048746693839,12.570758348270179,0.6883186647898288,3.296699316011193,5000,1005.3294553439663,3415.3944697579104,4.526315789473684,uniform,uniform,0.004116052065116406,0
5000,0.6959390046794844,8.19052749199074,0.5325087788804511,3.3505152273674947,4843.310982342714,802.5347341334756,3415.3944697579104,4.526315789473684,uniform,uniform,0.015555844339639895,0
5000,0.7275752487361427,11.991683623295147,0.6179337832324237,3.9891000376683796,5000,984.5211787295407,3415.3944697579104,4.526315789473684,uniform,uniform,0.008033822713632286,0
5000,1.1514945012448503,13.921170970329356,0.5566141523888493,3.4235881212720174,5000,1896.7749602854858,3415.3944697579104,4.526315789473684,uniform,uniform,0.017131415014839748,0
5000,1.1000620070210954,13.282787825099584,1.2619382031994544,9.017190615276956,5000,1751.5135306439688,3415.3944697579104,4.526315789473684,uniform_exact,uniform,0.0,0
5000,1.169644960173019,14.047324928197764,0.5864314483609049,3.0380447037798732,5000,1945.8743384555728,3415.3944697579104,4.526315789473684,uniform,uniform,0.0020600874598063765,0
5000,3.012040993380712,33.184170841399485,0.6073795534713543,2.9333741265541007,5000,5000,3415.3944697579104,4.526315789473684,uniform,is,0.0047967389172752055,1
5000,3.05512119238724,33.62125804296652,0.48205007095531743,3.080781701961686,5000,5000,3415.3944697579104,4.526315789473684,uniform,is,0.01628625886824273,1
5000,3.0106207049135034,32.90968384374054,0.7543482465363833,3.6403444281535142,5000,5000,3415.3944697579104,4.526315789473684,uniform_exact,is,0.0,1
5000,0.6966747062003946,7.519776239119451,0.7012691200493585,4.5251455778422285,4853.5564625940615,779.9280568408838,3415.3944697579104,4.526315789473684,uniform,uniform,0.0012014482579743458,0
5000,0.7118330565326979,11.001515450812754,0.5209913010139602,2.7205108435894414,5000,925.5349606766966,3415.3944697579104,4.526315789473684,uniform,uniform,0.014978529561761366,0
5000,0.65806351816426,9.25657713996702,0.5218285667543958,2.330371839905941,4330.475939387233,785.8466069380014,3415.3944697579104,4.526315789473684,uniform,uniform,0.003219176275039966,0
5000,1.324498034040619,12.321985384365552,0.7935989105697084,4.8035702220426,5000,2294.2009719524963,3415.3944697579104,4.526315789473684,uniform_exact,uniform,0.0,0
5000,1.3258723349377788,12.187571001132723,0.9927228106355702,5.701212259803874,5000,2293.3128965373376,3415.3944697579104,4.526315789473684,uniform_exact,uniform,0.0,0
5000,1.3582145587406718,12.411829353085658,0.5359473664751362,2.4897116569461524,5000,2393.222861712485,3415.3944697579104,4.526315789473684,uniform,uniform,0.00704900361092013,0
5000,3.273305510801266,25.581420388004364,0.5236836642612974,2.424818561010013,5000,5000,3415.3944697579104,4.526315789473684,uniform,is,0.053506355763464845,1
5000,3.270192893939796,25.42383972037984,3.4212060560349684,24.553633428357443,5000,5000,3415.3944697579104,4.526315789473684,uniform_exact,is,0.0,1
5000,3.2584141459449203,25.386482551776233,3.4619842881637997,24.912444943027385,5000,5000,3415.3944697579104,4.526315789473684,uniform_exact,is,0.0,1
5000,0.6808824421638225,9.063293680601529,0.41548678178645077,2.1702869578619928,4636.00900046971,811.3956486802743,3415.3944697579104,4.526315789473684,uniform,uniform,0.024702877711150154,0
5000,0.6814735797847691,8.168079323694936,0.6627742844378989,4.0309955078715625,4644.06239944668,780.6281727935872,3415.3944697579104,4.526315789473684,uniform,uniform,0.0016543446941184388,0
5000,0.6730762768779296,7.51328610662532,0.4966608433139925,2.9152231048392365,4530.316744958553,745.4462794393922,3415.3944697579104,4.526315789473684,uniform,uniform,0.001993749037442158,0
5000,1.5610511723927194,9.482297366454727,1.6700457497400902,9.864724007974543,5000,2917.208338590139,3415.3944697579104,4.526315789473684,uniform_exact,uniform,0.0,0
5000,1.5983515327881193,10.05179141412876,1.1736089484623713,8.555640925988891,5000,3062.202085772467,3415.3944697579104,4.526315789473684,uniform_exact,uniform,0.0,0
5000,1.564054233622819,9.903368559014538,1.6613882741457415,8.661994726237513,5000,2942.026281598381,3415.3944697579104,4.526315789473684,uniform_exact,uniform,0.0,0
5000,3.0064614329892705,15.45576789854595,3.134928957384469,16.306304033887955,5000,5000,3415.3944697579104,4.526315789473684,uniform_exact,is,0.0,1
5000,2.975958669383625,15.516826552718598,3.4893844884667184,25.092685723693396,5000,5000,3415.3944697579104,4.526315789473684,uniform_exact,is,0.0,1
5000,2.994754765488841,15.286751648815459,2.412522510563082,8.581813084528175,5000,5000,3415.3944697579104,4.526315789473684,uniform_exact,is,0.0,1
5000,0.6452892873409604,7.975916618900835,0.48042380720916006,2.0499958355203964,4163.982643570044,722.9682813290447,3415.3944697579104,4.526315789473684,uniform,uniform,0.0031345972608334332,0
5000,0.6342794906340355,7.439749972949388,0.8586036434778803,4.749334935923713,4023.1047223897153,689.1014222579303,3415.3944697579104,4.526315789473684,uniform_exact,uniform,0.0,0
5000,0.6753511690743486,10.273263459798766,0.638806532236377,3.3239802107012686,4560.992015700892,846.1850654440004,3415.3944697579104,4.526315789473684,uniform,uniform,0.000538982151117425,0
5000,1.5642034237759075,7.461215325213151,1.5013351928176941,6.341302857590507,5000,2856.258812823272,3415.3944697579104,4.526315789473684,uniform_exact,uniform,0.0,0
5000,1.6069129255861263,7.627573339463385,1.5440099627014658,5.641342665794763,5000,3005.6523591964697,3415.3944697579104,4.526315789473684,uniform_exact,uniform,0.0,0
5000,1.5835535573326203,7.463665704236842,1.5174644460368123,6.825818509346189,5000,2920.888956784179,3415.3944697579104,4.526315789473684,uniform_exact,uniform,0.0,0
5000,2.4387528204411435,9.085143647908605,3.3627806545063206,17.4105723530401,5000,5000,3415.3944697579104,4.526315789473684,uniform_exact,is,0.0,0
5000,2.44827057345472,9.074192457210252,2.939793271024078,12.705469282006348,5000,5000,3415.3944697579104,4.526315789473684,uniform_exact,is,0.0,1
5000,2.4335609917695766,9.037567396165114,2.6826633101157236,10.351877947190236,5000,5000,3415.3944697579104,4.526315789473684,uniform_exact,is,0.0,0
5000,0.6519470284472162,8.754530513444111,0.7127087102355505,3.5200474795600356,4250.349279011552,759.6225283466741,3415.3944697579104,4.526315789473684,uniform_exact,uniform,0.0,0
5000,0.6299048125270215,10.880578863376364,0.9900749898249374,7.126277317697393,3967.80072844702,804.7784164634724,3415.3944697579104,4.526315789473684,uniform_exact,uniform,0.0,0
5000,0.6870579308218044,13.544762416249597,0.7198369133565504,4.03451186722241,4720.486003051393,978.6423256088318,3415.3944697579104,4.526315789473684,uniform_exact,uniform,0.0,0
5000,1.3838458656873216,5.062593836717688,1.3548960107065122,4.443392390412812,5000,2208.1082099118385,3415.3944697579104,4.526315789473684,uniform_exact,uniform,0.0,0
5000,1.398083832516939,5.098880683600188,1.39923933160095,4.458480867305116,5000,2251.362172756544,3415.3944697579104,4.526315789473684,uniform_exact,uniform,0.0,0
5000,1.3909424378180453,5.143704401559593,1.4095625905465303,5.7132583631551945,5000,2231.8395544274426,3415.3944697579104,4.526315789473684,uniform_exact,uniform,0.0,0
5000,1.7911999033758386,5.04722867967325,1.9290146690120453,5.465191652727329,5000,3578.1000040057165,3415.3944697579104,4.526315789473684,uniform_exact,is,0.0,0
5000,1.7925498435757545,5.031734118828527,1.9083393170639757,5.207109556044566,5000,3582.67919398956,3415.3944697579104,4.526315789473684,uniform_exact,is,0.0,0
5000,1.799646793110485,5.033057676968276,1.9091115277016606,5.203838901655415,5000,3609.740622118057,3415.3944697579104,4.526315789473684,uniform_exact,is,0.0,0
1000,0.617599978331471,6.544485015745742,0.5315635362313157,2.6740990968151688,1000,635.3522133703194,2770.0098668718365,4.763157894736842,uniform_exact,uniform,0.0,0
1000,0.7016203194983847,6.4257658382788225,0.7753774178610314,4.838008930067936,1000,748.6133196376052,2770.0098668718365,4.763157894736842,uniform_exact,uniform,0.0,0
1000,0.633503586176026,5.578210996800821,0.5923579522072079,3.8600435332533394,1000,622.3055587995697,2770.0098668718365,4.763157894736842,uniform_exact,uniform,0.0,0
1000,0.6607087487078306,6.077985671873188,0.6051425763044992,3.087889523555822,1000,677.2686212166315,2770.0098668718365,4.763157894736842,uniform_exact,uniform,0.0,0
1000,0.6504739835154975,5.5695015501111715,0.6459296974854593,4.1877931968358295,1000,645.0875760346555,2770.0098668718365,4.763157894736842,uniform_exact,uniform,0.0,0
1000,0.6694892343956219,5.3838442549691585,0.7371877621230642,4.023419940905306,1000,665.1267185776958,2770.0098668718365,4.763157894736842,uniform_exact,uniform,0.0,0
1000,0.6398166324088268,6.140337691272391,0.4375470589688228,2.328584388798597,1000,650.6791989769632,2770.0098668718365,4.763157894736842,uniform_exact,uniform,0.0,0
1000,0.6645481406412764,5.726033896808133,0.7130734550542207,4.10481142417519,1000,670.2286990086395,2770.0098668718365,4.763157894736842,uniform_exact,uniform,0.0,0
1000,0.6625855174916219,6.889022080403152,1.0388208792939773,6.405709639404669,1000,708.5478357810049,2770.0098668718365,4.763157894736842,uniform_exact,uniform,0.0,0
1000,0.6194948810036581,4.431036671722072,0.470964246698336,2.7318901521117165,1000,563.1847822127821,2770.0098668718365,4.763157894736842,uniform_exact,uniform,0.0,0
1000,0.6419604984348997,5.780451621515172,0.7105705080155524,4.33456790662288,1000,640.8791727435553,2770.0098668718365,4.763157894736842,uniform_exact,uniform,0.0,0
1000,0.6478534945181104,7.295799872829969,0.6925751697072965,2.9072212796909365,1000,702.4588421607818,2770.0098668718365,4.763157894736842,uniform_exact,uniform,0.0,0
1000,0.9275708025452007,9.067911114745035,0.6768598228390399,3.629586741590418,1000,1000,2770.0098668718365,4.763157894736842,uniform_exact,uniform,0.0,0
1000,0.8826442516694574,9.20078801072338,0.5623858728741753,3.0734188784191794,1000,1000,2770.0098668718365,4.763157894736842,uniform_exact,uniform,0.0,0
1000,0.8944373892679047,9.492564196854993,0.5935983005918337,3.0903268402268105,1000,1000,2770.0098668718365,4.763157894736842,uniform_exact,uniform,0.0,0
1000,2.1600848596659037,23.591190740265375,0.5062689454182838,2.711543830915121,1000,1000,2770.0098668718365,4.763157894736842,uniform_exact,uniform,0.0,0
1000,2.186629044024305,23.67565527185168,2.685547208609867,19.345304543870526,1000,1000,2770.0098668718365,4.763157894736842,uniform_exact,uniform,0.0,0
1000,2.202788337834508,23.474969597415352,0.6544040496424279,3.209105274968479,1000,1000,2770.0098668718365,4.763157894736842,uniform_exact,uniform,0.0,1
1000,0.668926440883736,6.047119721303887,0.5751456306224922,3.5265900111194703,1000,687.7568181231449,2770.0098668718365,4.763157894736842,uniform_exact,uniform,0.0,0
1000,0.6096939094021688,4.754850690421404,0.4085563631514171,1.8861320522230645,1000,561.8565535974923,2770.0098668718365,4.763157894736842,uniform_exact,uniform,0.0,0
1000,0.619980694353103,5.711189635441723,0.467894398621775,2.372309371923586,1000,609.0405737763899,2770.0098668718365,4.763157894736842,uniform_exact,uniform,0.0,0
1000,1.0363964890753734,8.83629684462703,1.034065916458735,6.496087090038377,1000,1000,2770.0098668718365,4.763157894736842,uniform_exact,uniform,0.0,0
1000,1.0808453099122093,9.327938871539764,1.2752060345634197,9.265004313145594,1000,1000,2770.0098668718365,4.763157894736842,uniform_exact,uniform,0.0,0
1000,1.0555990939448983,9.079803243418585,0.7844286924371966,4.590930607788139,1000,1000,2770.0098668718365,4.763157894736842,uniform_exact,uniform,0.0,0
1000,2.4223349633420703,19.324723385669508,2.5007071617706904,13.22695462742181,1000,1000,2770.0098668718365,4.763157894736842,uniform_exact,uniform,0.0,1
1000,2.4594205603819232,19.349043540692758,0.7457377234119124,4.564279292063264,1000,1000,2770.0098668718365,4.763157894736842,uniform_exact,uniform,0.0,1
1000,2.441556227376376,19.145175988469532,0.584372520126129,2.996412405588499,1000,1000,2770.0098668718365,4.763157894736842,uniform_exact,uniform,0.0,1
1000,0.6787566315775071,6.9795351614658365,0.6729238961892583,3.7590023429458483,1000,734.7301064462791,2770.0098668718365,4.763157894736842,uniform_exact,uniform,0.0,0
1000,0.6273247767797993,5.416408240314115,0.7623958739069745,3.625746988292407,1000,608.3351215613185,2770.0098668718365,4.763157894736842,uniform_exact,uniform,0.0,0
1000,0.6436184853347732,6.685255422490038,0.5173650678348951,2.5327590663414616,1000,675.097401560128,2770.0098668718365,4.763157894736842,uniform_exact,uniform,0.0,0
1000,1.322654341020879,7.809373922547658,1.2447856120909833,6.935160729465123,1000,1000,2770.0098668718365,4.763157894736842,uniform_exact,uniform,0.0,0
1000,1.2985808873964355,8.313744404611858,1.153690030567538,6.198928079975204,1000,1000,2770.0098668718365,4.763157894736842,uniform_exact,uniform,0.0,0
1000,1.208561744925839,7.712949719548932,1.3690942641081068,8.758400519195126,1000,1000,2770.0098668718365,4.763157894736842,uniform_exact,uniform,0.0,0
1000,2.507398434602011,12.789785607408268,2.43772195666354,10.908844557444324,1000,1000,2770.0098668718365,4.763157894736842,uniform_exact,uniform,0.0,1
1000,2.520669114923294,12.78671987327333,0.5272420359778305,2.5347576781798087,1000,1000,2770.0098668718365,4.763157894736842,uniform_exact,uniform,0.0,1
1000,2.49068495781207,12.596211278828237,2.3986472952767013,10.612220292373083,1000,1000,2770.0098668718365,4.763157894736842,uniform_exact,uniform,0.0,1
1000,0.6524098435515786,7.086241475883487,0.7174673254769001,3.6937776203059505,1000,701.3347232849229,2770.0098668718365,4.763157894736842,uniform_exact,uniform,0.0,0
1000,0.581167313005821,6.085439413528287,0.5268374714258957,3.691540111019143,1000,572.85770424497,2770.0098668718365,4.763157894736842,uniform_exact,uniform,0.0,0
1000,0.6984683097008569,7.200833170425255,0.6317317656703407,3.550951254174014,1000,771.3139441410074,2770.0098668718365,4.763157894736842,uniform_exact,uniform,0.0,0
1000,1.3537758517722411,6.291632634044208,1.4490144902729376,6.513706468360019,1000,1000,2770.0098668718365,4.763157894736842,uniform_exact,uniform,0.0,0
1000,1.367532997551312,6.235878482522877,1.461301442030874,5.966699769795432,1000,1000,2770.0098668718365,4.763157894736842,uniform_exact,uniform,0.0,0
1000,1.3274574831627268,6.042607423381932,1.3769902475798717,6.637039623124841,1000,1000,2770.0098668718365,4.763157894736842,uniform_exact,uniform,0.0,0
1000,2.1745485439283283,8.206958182334139,2.386538999766062,9.475042461214665,1000,1000,2770.0098668718365,4.763157894736842,uniform_exact,uniform,0.0,0
1000,2.2071501455785794,8.244504029581895,2.0237168407853634,6.207871982325695,1000,1000,2770.0098668718365,4.763157894736842,uniform_exact,uniform,0.0,1
1000,2.2131805137021714,8.13937339152958,1.8551297812337437,5.522926261698332,1000,1000,2770.0098668718365,4.763157894736842,uniform_exact,uniform,0.0,1
1000,0.596226390605092,7.59566327931635,0.6823126211181609,3.9754221378851873,1000,644.9903306438464,2770.0098668718365,4.763157894736842,uniform_exact,uniform,0.0,0
1000,0.5707637716995058,4.76013034379612,0.5669664285601113,3.451369300192318,1000,513.3458044551178,2770.0098668718365,4.763157894736842,uniform_exact,uniform,0.0,0
1000,0.6082008942884182,5.59710910895369,0.6215396814626087,3.323271676631707,1000,589.680079419608,2770.0098668718365,4.763157894736842,uniform_exact,uniform,0.0,0
1000,1.2128763710131376,4.437108297044463,1.2798931556097473,4.359064396482053,1000,1000,2770.0098668718365,4.763157894736842,uniform_exact,uniform,0.0,0
1000,1.222022170293529,4.453870144522961,1.3138364259524231,4.689923196256462,1000,1000,2770.0098668718365,4.763157894736842,uniform_exact,uniform,0.0,0
1000,1.2283430251331136,4.34226493758284,1.1115786387198898,3.279931170825938,1000,1000,2770.0098668718365,4.763157894736842,uniform_exact,uniform,0.0,0
1000,1.6822322474532947,4.785774324099834,1.7932122676571562,4.888455646324959,1000,1000,2770.0098668718365,4.763157894736842,uniform_exact,uniform,0.0,0
1000,1.6828609678688584,4.797205593998007,1.4959924724843432,3.8008373514802387,1000,1000,2770.0098668718365,4.763157894736842,uniform_exact,uniform,0.0,0
1000,1.6824444119691087,4.694431122747657,1.6603127811168215,4.275025424967107,1000,1000,2770.0098668718365,4.763157894736842,uniform_exact,uniform,0.0,0
2000,0.6437859806065077,7.26494190000632,0.4759570814077396,1.983329016075107,2000,695.8016540771678,3047.961886276374,4.763157894736842,uniform_exact,uniform,0.0,0
2000,0.6783226328241753,6.987718128416362,0.9330497918622148,6.508054060740296,2000,734.3950354052101,3047.961886276374,4.763157894736842,uniform_exact,uniform,0.0,0
2000,0.7008485258315146,10.87323753149392,0.6548282040685559,3.84391519196864,2000,904.5604323951111,3047.961886276374,4.763157894736842,uniform_exact,uniform,0.0,0
2000,0.6647636523552978,9.371015606248461,0.48617891468102997,2.2672745371187855,2000,799.2807397443189,3047.961886276374,4.763157894736842,uniform_exact,uniform,0.0,0
2000,0.6503303945228937,7.618833107152736,1.0522278174069006,7.57065643349535,2000,717.2763773531361,3047.961886276374,4.763157894736842,uniform_exact,uniform,0.0,0
2000,0.7116392058914187,10.837519913683188,0.6630673912747063,2.98788228447545,2000,919.4498867172433,3047.961886276374,4.763157894736842,uniform_exact,uniform,0.0,0
2000,0.6984542271619008,9.191213698217632,0.5712869358438397,2.9733401219655406,2000,841.5975496551691,3047.961886276374,4.763157894736842,uniform_exact,uniform,0.0,0
2000,0.6531760108020092,9.05950966881119,0.6444342478529795,3.6638285219907476,2000,772.0947091795654,3047.961886276374,4.763157894736842,uniform_exact,uniform,0.0,0
2000,0.6722700999610615,5.917746054892996,0.545089150490775,2.7062635717694397,2000,687.9391315719704,3047.961886276374,4.763157894736842,uniform_exact,uniform,0.0,0
2000,0.7041455345419971,8.158001271669198,0.5406600713161108,2.567106786351604,2000,813.5611982931824,3047.961886276374,4.763157894736842,uniform_exact,uniform,0.0,0
2000,0.6776575995706522,7.229319530734069,0.7014208470831531,3.2611520935845535,2000,741.9733333176847,3047.961886276374,4.763157894736842,uniform_exact,uniform,0.0,0
2000,0.6623640231431586,9.28680597708695,0.6119923583094011,3.393770862674711,2000,792.9316579825959,3047.961886276374,4.763157894736842,uniform_exact,uniform,0.0,0
2000,0.9816612409123018,11.124163624423396,0.8882412058138976,5.534203761407813,2000,1414.083017984169,3047.961886276374,4.763157894736842,uniform_exact,uniform,0.0,0
2000,1.019893147231907,10.771710935140439,0.4311622023256821,2.4184065371290795,2000,1482.7225254275493,3047.961886276374,4.763157894736842,uniform,uniform,0.003993549774976167,0
2000,1.0038984191058524,11.152323945467518,0.6579023633676468,3.1436256728362553,2000,1461.8652799715167,3047.961886276374,4.763157894736842,uniform_exact,uniform,0.0,0
2000,2.485939595674491,27.10730987984548,0.6716790574260054,3.3013118257835483,2000,2000,3047.961886276374,4.763157894736842,uniform_exact,uniform,0.0,1
2000,2.4574092914423638,26.830979453268434,0.7943646570237304,5.4904961183249075,2000,2000,3047.961886276374,4.763157894736842,uniform_exact,uniform,0.0,1
2000,2.4875934157876274,27.001639859771334,0.44469766047992204,2.430805752626064,2000,2000,3047.961886276374,4.763157894736842,uniform,uniform,0.003930704819932283,1
2000,0.6522247884106012,6.7974888408872705,0.6924905368652143,4.242395559432315,2000,690.8795354216088,3047.961886276374,4.763157894736842,uniform_exact,uniform,0.0,0
2000,0.708592555862065,7.3196862152942685,0.5117542500906364,2.4341186744213763,2000,790.6074475854836,3047.961886276374,4.763157894736842,uniform_exact,uniform,0.0,0
2000,0.6266465193598646,6.766098028970186,0.9262300758627584,6.328540243655079,2000,655.107760504205,3047.961886276374,4.763157894736842,uniform_exact,uniform,0.0,0
2000,1.187664640127493,10.482197021947206,0.4865549081939173,2.6167850966948976,2000,1864.9588252464846,3047.961886276374,4.763157894736842,uniform_exact,uniform,0.0,0
2000,1.169122399391696,10.541280528053289,1.5046841844043501,8.61303326384736,2000,1820.7383665351958,3047.961886276374,4.763157894736842,uniform_exact,uniform,0.0,0
2000,1.2297958209577402,10.40504305776103,0.5879809735041167,3.17012122763272,2000,1970.1608002574487,3047.961886276374,4.763157894736842,uniform_exact,uniform,0.0,0
2000,2.869439534666998,22.1660269939405,2.743038069256916,19.794187350279984,2000,2000,3047.961886276374,4.763157894736842,uniform_exact,uniform,0.0,1
2000,2.804968516663726,22.06499967036417,2.610173433982382,13.908438464144592,2000,2000,3047.961886276374,4.763157894736842,uniform_exact,uniform,0.0,1
2000,2.735942484849644,21.257719756855096,0.8638585217699191,3.975913190936406,2000,2000,3047.961886276374,4.763157894736842,uniform_exact,uniform,0.0,1
2000,0.65141260441657,7.2644391200920655,0.5737528656995987,3.228033063118208,2000,706.2512425280808,3047.961886276374,4.763157894736842,uniform_exact,uniform,0.0,0
2000,0.6410291195607866,6.374989174742897,0.642859425712915,3.881156462886813,2000,660.6132527733449,3047.961886276374,4.763157894736842,uniform_exact,uniform,0.0,0
2000,0.6227487686611384,6.430958934057433,0.5232981977481432,3.111757815736438,2000,638.1095561822503,3047.961886276374,4.763157894736842,uniform_exact,uniform,0.0,0
2000,1.358269331673104,8.966713358539577,1.3334669716131593,6.432916141796367,2000,2000,3047.961886276374,4.763157894736842,uniform_exact,uniform,0.0,0
2000,1.3763076923974027,8.285852764690443,1.3088558189323694,9.299592035050745,2000,2000,3047.961886276374,4.763157894736842,uniform_exact,uniform,0.0,0
2000,1.4611702597146317,9.106720084066147,0.8540021736129917,5.66756946210964,2000,2000,3047.961886276374,4.763157894736842,uniform_exact,uniform,0.0,0
2000,2.7142794007709448,13.745211635687745,2.7899556544749196,15.153349139640186,2000,2000,3047.961886276374,4.763157894736842,uniform_exact,uniform,0.0,1
2000,2.726308523162901,13.889554001701725,2.7637213149124746,15.985844639942576,2000,2000,3047.961886276374,4.763157894736842,uniform_exact,uniform,0.0,1
2000,2.7326270401993864,13.72668609604081,2.345725978357962,8.448234436839579,2000,2000,3047.961886276374,4.763157894736842,uniform_exact,uniform,0.0,1
2000,0.5866904178552818,6.882127609815075,0.48473457962891997,2.9010068870096677,2000,607.833459026285,3047.961886276374,4.763157894736842,uniform_exact,uniform,0.0,0
2000,0.6805166058317258,7.844182030189697,0.6144678491810891,3.5777852404668242,2000,767.8062812379214,3047.961886276374,4.763157894736842,uniform_exact,uniform,0.0,0
2000,0.6075248895724128,8.488601778181627,0.5112099762212494,2.559029820230548,2000,690.9428482752027,3047.961886276374,4.763157894736842,uniform_exact,uniform,0.0,0
2000,1.4612428196080953,6.753627793666996,1.4265367303781826,5.104838810511784,2000,2000,3047.961886276374,4.763157894736842,uniform_exact,uniform,0.0,0
2000,1.4764441467779024,6.956174126191189,1.553672065049544,5.710289203860312,2000,2000,3047.961886276374,4.763157894736842,uniform_exact,uniform,0.0,0
2000,1.4190922443740461,6.741387981806074,1.3917157612168078,6.550662634949384,2000,2000,3047.961886276374,4.763157894736842,uniform_exact,uniform,0.0,0
2000,2.301445779003562,8.777361115865295,2.865132077252125,14.920080091356116,2000,2000,3047.961886276374,4.763157894736842,uniform_exact,uniform,0.0,0
2000,2.3152827988189686,8.658788130102245,2.6884578655941915,11.551437717916857,2000,2000,3047.961886276374,4.763157894736842,uniform_exact,uniform,0.0,1
2000,2.30933321640677,8.687845653682372,2.0842532878210895,6.322174839315771,2000,2000,3047.961886276374,4.763157894736842,uniform_exact,uniform,0.0,1
2000,0.5915941849529013,6.747218403782818,0.3773485227098118,2.039454234667914,2000,609.1909512319154,3047.961886276374,4.763157894736842,uniform,uniform,0.002282105776053784,0
2000,0.5845956482433441,7.133862103294786,0.43353092915082075,2.478701586936485,2000,614.1252907176902,3047.961886276374,4.763157894736842,uniform,uniform,0.005384935721104088,0
2000,0.6364016724628121,6.162099158324124,0.6276821630214646,3.6443886958722773,2000,646.8295982407201,3047.961886276374,4.763157894736842,uniform_exact,uniform,0.0,0
2000,1.2983740571519216,4.789065542177101,1.3210856186520283,5.022049458245838,2000,1955.5143230204017,3047.961886276374,4.763157894736842,uniform_exact,uniform,0.0,0
2000,1.3147579288921611,4.448881049791875,1.2881455440248608,3.860414055402165,2000,1988.865891661483,3047.961886276374,4.763157894736842,uniform_exact,uniform,0.0,0
2000,1.3083480127020897,4.637299734571176,1.3650245546860178,4.632477108664164,2000,1977.704173984409,3047.961886276374,4.763157894736842,uniform_exact,uniform,0.0,0
2000,1.7372109637686688,4.909762302581473,1.8899290878948796,5.320975345568009,2000,2000,3047.961886276374,4.763157894736842,uniform_exact,uniform,0.0,0
2000,1.7421178180833923,4.869082529210165,1.7354932163553258,4.833905550385375,2000,2000,3047.961886276374,4.763157894736842,uniform_exact,uniform,0.0,0
2000,1.7399890427199698,4.970317505328127,1.9428537072300305,5.754367590851341,2000,2000,3047.961886276374,4.763157894736842,uniform_exact,uniform,0.0,0
5000,0.7224807944290408,9.893139619301449,0.8701427298533625,4.49988935792185,5000,902.5681715523135,3415.3944697579104,4.763157894736842,uniform_exact,uniform,0.0,0
5000,0.6783674416504732,9.248645932905605,0.7810315856374136,4.000510639203469,4601.823858914082,814.3202078120423,3415.3944697579104,4.763157894736842,uniform_exact,uniform,0.0,0
5000,0.6974014263102107,8.500077009248255,0.776158091878884,5.15496976794322,4863.687494195162,815.627902553106,3415.3944697579104,4.763157894736842,uniform_exact,uniform,0.0,0
5000,0.6966704990056833,11.78855723114979,0.904205814533173,5.642643233680589,4853.497841848277,930.7042214416718,3415.3944697579104,4.763157894736842,uniform_exact,uniform,0.0,0
5000,0.7020645774986704,10.493395057863204,0.6913729119906322,3.925502006156134,4928.946709783864,892.9513941522594,3415.3944697579104,4.763157894736842,uniform,uniform,0.0010375305329409794,0
5000,0.6964872202949357,12.14043386833435,0.6929553966298339,3.0828907861532673,4850.944480341662,942.8626783672503,3415.3944697579104,4.763157894736842,uniform,uniform,0.001971645965575313,0
5000,0.6923142098960464,10.791047985600459,0.5552626100064075,2.8390678836468637,4792.989652239869,889.0582525453514,3415.3944697579104,4.763157894736842,uniform,uniform,0.009051418952138816,0
5000,0.6749404683005831,10.377327086148796,0.5633671356854787,2.818786036294144,4555.446357498104,849.2731597588138,3415.3944697579104,4.763157894736842,uniform,uniform,0.008018584260526845,0
5000,0.7043250568842707,9.485986571983513,0.928535900588646,6.45797975364549,4960.737857550311,860.736386785567,3415.3944697579104,4.763157894736842,uniform_exact,uniform,0.0,0
5000,0.7278048746693839,12.570758348270179,0.7083586616043253,4.9031100532018534,5000,1005.3294553439663,3415.3944697579104,4.763157894736842,uniform_exact,uniform,0.0,0
5000,0.6959390046794844,8.19052749199074,0.7588644403681778,4.8287549616768946,4843.310982342714,802.5347341334756,3415.3944697579104,4.763157894736842,uniform_exact,uniform,0.0,0
5000,0.7275752487361427,11.991683623295147,0.4756191280238847,2.9200691291313476,5000,984.5211787295407,3415.3944697579104,4.763157894736842,uniform,uniform,0.011205748907196677,0
5000,1.1514945012448503,13.921170970329356,0.6707415043201538,3.7017060470770735,5000,1896.7749602854858,3415.3944697579104,4.763157894736842,uniform,uniform,0.008475808669052629,0
5000,1.1000620070210954,13.282787825099584,1.5855497221362305,9.019840592964854,5000,1751.5135306439688,3415.3944697579104,4.763157894736842,uniform_exact,uniform,0.0,0
5000,1.169644960173019,14.047324928197764,0.7689456827382029,3.836757721146971,5000,1945.8743384555728,3415.3944697579104,4.763157894736842,uniform_exact,uniform,0.0,0
5000,3.012040993380712,33.184170841399485,0.9492949657438432,5.35313836234614,5000,5000,3415.3944697579104,4.763157894736842,uniform_exact,is,0.0,1
5000,3.05512119238724,33.62125804296652,3.4448769185064805,24.804590277723044,5000,5000,3415.3944697579104,4.763157894736842,uniform_exact,is,0.0,1
5000,3.0106207049135034,32.90968384374054,3.1372282521989283,22.623706887747115,5000,5000,3415.3944697579104,4.763157894736842,uniform_exact,is,0.0,1
5000,0.6966747062003946,7.519776239119451,0.6089848616236495,3.1717075474885124,4853.5564625940615,779.9280568408838,3415.3944697579104,4.763157894736842,uniform,uniform,0.002433469034478151,0
5000,0.7118330565326979,11.001515450812754,0.828922882655235,5.204818971957715,5000,925.5349606766966,3415.3944697579104,4.763157894736842,uniform_exact,uniform,0.0,0
5000,0.65806351816426,9.25657713996702,0.5047629352293456,2.1138974984026073,4330.475939387233,785.8466069380014,3415.3944697579104,4.763157894736842,uniform,uniform,0.0059683060946073285,0
5000,1.324498034040619,12.321985384365552,1.3851300834255187,8.597801076083705,5000,2294.2009719524963,3415.3944697579104,4.763157894736842,uniform_exact,uniform,0.0,0
5000,1.3258723349377788,12.187571001132723,1.165303610447882,8.292776747901064,5000,2293.3128965373376,3415.3944697579104,4.763157894736842,uniform_exact,uniform,0.0,0
5000,1.3582145587406718,12.411829353085658,1.2004773105828477,8.567713379722461,5000,2393.222861712485,3415.3944697579104,4.763157894736842,uniform_exact,uniform,0.0,0
5000,3.273305510801266,25.581420388004364,3.1798799942169187,22.899498497411887,5000,5000,3415.3944697579104,4.763157894736842,uniform_exact,is,0.0,1
5000,3.270192893939796,25.42383972037984,3.1905762741153647,22.862426386622992,5000,5000,3415.3944697579104,4.763157894736842,uniform_exact,is,0.0,1
5000,3.2584141459449203,25.386482551776233,2.9279624261731003,21.012201665443143,5000,5000,3415.3944697579104,4.763157894736842,uniform_exact,is,0.0,1
5000,0.6808824421638225,9.063293680601529,0.6835843049958442,4.281488368345538,4636.00900046971,811.3956486802743,3415.3944697579104,4.763157894736842,uniform,uniform,0.0006039228998771827,0
5000,0.6814735797847691,8.168079323694936,0.6825503209112858,2.827949189849498,4644.06239944668,780.6281727935872,3415.3944697579104,4.763157894736842,uniform,uniform,7.335917528195918e-05,0
5000,0.6730762768779296,7.51328610662532,0.5796337734647796,2.9965148230290923,4530.316744958553,745.4462794393922,3415.3944697579104,4.763157894736842,uniform,uniform,0.0014155838352364124,0
5000,1.5610511723927194,9.482297366454727,1.5080617651505976,6.357703170750979,5000,2917.208338590139,3415.3944697579104,4.763157894736842,uniform_exact,uniform,0.0,0
5000,1.5983515327881193,10.05179141412876,1.680457546870051,7.238980095569755,5000,3062.202085772467,3415.3944697579104,4.763157894736842,uniform_exact,uniform,0.0,0
5000,1.564054233622819,9.903368559014538,1.5954078343196756,7.722706377562362,5000,2942.026281598381,3415.3944697579104,4.763157894736842,uniform_exact,uniform,0.0,0
5000,3.0064614329892705,15.45576789854595,2.8614262282686296,12.542086715276932,5000,5000,3415.3944697579104,4.763157894736842,uniform_exact,is,0.0,1
5000,2.975958669383625,15.516826552718598,2.6493905196913774,10.174750911903143,5000,5000,3415.3944697579104,4.763157894736842,uniform_exact,is,0.0,1
5000,2.994754765488841,15.286751648815459,2.4513619268935547,8.721481862939235,5000,5000,3415.3944697579104,4.763157894736842,uniform_exact,is,0.0,1
5000,0.6452892873409604,7.975916618900835,0.5163409891288573,2.760850703182625,4163.982643570044,722.9682813290447,3415.3944697579104,4.763157894736842,uniform,uniform,0.009625339127791128,0
5000,0.6342794906340355,7.439749972949388,0.593925079616579,2.9879625844076387,4023.1047223897153,689.1014222579303,3415.3944697579104,4.763157894736842,uniform,uniform,0.0026881373618891174,0
5000,0.6753511690743486,10.273263459798766,0.45507886592992286,2.49785017656233,4560.992015700892,846.1850654440004,3415.3944697579104,4.763157894736842,uniform,uniform,0.02233015072254988,0
5000,1.5642034237759075,7.461215325213151,1.7429428664803788,6.002945366635287,5000,2856.258812823272,3415.3944697579104,4.763157894736842,uniform_exact,uniform,0.0,0
5000,1.6069129255861263,7.627573339463385,1.4980534580292426,4.936774091390008,5000,3005.6523591964697,3415.3944697579104,4.763157894736842,uniform_exact,uniform,0.0,0
5000,1.5835535573326203,7.463665704236842,1.639948057553382,5.698783557194784,5000,2920.888956784179,3415.3944697579104,4.763157894736842,uniform_exact,uniform,0.0,0
5000,2.4387528204411435,9.085143647908605,2.672149426228837,10.282030934951997,5000,5000,3415.3944697579104,4.763157894736842,uniform_exact,is,0.0,0
5000,2.44827057345472,9.074192457210252,2.610172621031727,10.299684317968351,5000,5000,3415.3944697579104,4.763157894736842,uniform_exact,is,0.0,1
5000,2.4335609917695766,9.037567396165114,2.432140933082087,8.443241605874858,5000,5000,3415.3944697579104,4.763157894736842,uniform_exact,is,0.0,0
5000,0.6519470284472162,8.754530513444111,0.9425379293408858,6.970398310895438,4250.349279011552,759.6225283466741,3415.3944697579104,4.763157894736842,uniform_exact,uniform,0.0,0
5000,0.6299048125270215,10.880578863376364,1.2902420195907043,9.650306299190214,3967.80072844702,804.7784164634724,3415.3944697579104,4.763157894736842,uniform_exact,uniform,0.0,0
5000,0.6870579308218044,13.544762416249597,0.6528389437682584,4.629340965074394,4720.486003051393,978.6423256088318,3415.3944697579104,4.763157894736842,uniform,uniform,0.011147066396812153,0
5000,1.3838458656873216,5.062593836717688,1.3515476050458664,4.187463025792586,5000,2208.1082099118385,3415.3944697579104,4.763157894736842,uniform_exact,uniform,0.0,0
5000,1.398083832516939,5.098880683600188,1.4420551755037034,4.690667380157791,5000,2251.362172756544,3415.3944697579104,4.763157894736842,uniform_exact,uniform,0.0,0
5000,1.3909424378180453,5.143704401559593,1.3375027521625489,3.944968396147521,5000,2231.8395544274426,3415.3944697579104,4.763157894736842,uniform_exact,uniform,0.0,0
5000,1.7911999033758386,5.04722867967325,1.494717701768776,3.637697163461259,5000,3578.1000040057165,3415.3944697579104,4.763157894736842,uniform_exact,is,0.0,0
5000,1.7925498435757545,5.031734118828527,2.1364155646716356,6.612657336619698,5000,3582.67919398956,3415.3944697579104,4.763157894736842,uniform_exact,is,0.0,0
5000,1.799646793110485,5.033057676968276,1.7399057733653343,4.464797686777929,5000,3609.740622118057,3415.3944697579104,4.763157894736842,uniform_exact,is,0.0,0
1000,0.617599978331471,6.544485015745742,0.6152318098373853,3.2176682650895607,1000,635.3522133703194,2770.0098668718365,5.0,uniform_exact,uniform,0.0,0
1000,0.7016203194983847,6.4257658382788225,0.5173225795393717,2.369254158837104,1000,748.6133196376052,2770.0098668718365,5.0,uniform_exact,uniform,0.0,0
1000,0.633503586176026,5.578210996800821,0.5132622889481248,2.8422281344632974,1000,622.3055587995697,2770.0098668718365,5.0,uniform_exact,uniform,0.0,0
1000,0.6607087487078306,6.077985671873188,0.5580702880215271,2.6081187309907543,1000,677.2686212166315,2770.0098668718365,5.0,uniform_exact,uniform,0.0,0
1000,0.6504739835154975,5.5695015501111715,0.8424104426904298,5.45710172637355,1000,645.0875760346555,2770.0098668718365,5.0,uniform_exact,uniform,0.0,0
1000,0.6694892343956219,5.3838442549691585,0.8012274916640221,4.51405160993839,1000,665.1267185776958,2770.0098668718365,5.0,uniform_exact,uniform,0.0,0
1000,0.6398166324088268,6.140337691272391,0.6736574264332034,2.9713480485679065,1000,650.6791989769632,2770.0098668718365,5.0,uniform_exact,uniform,0.0,0
1000,0.6645481406412764,5.726033896808133,0.7225936778011166,3.4326072767620475,1000,670.2286990086395,2770.0098668718365,5.0,uniform_exact,uniform,0.0,0
1000,0.6625855174916219,6.889022080403152,0.6218559484159345,3.3549641589475017,1000,708.5478357810049,2770.0098668718365,5.0,uniform_exact,uniform,0.0,0
1000,0.6194948810036581,4.431036671722072,0.5123060979698983,3.0744285715606123,1000,563.1847822127821,2770.0098668718365,5.0,uniform_exact,uniform,0.0,0
1000,0.6419604984348997,5.780451621515172,0.5581058802099402,2.4035216432298396,1000,640.8791727435553,2770.0098668718365,5.0,uniform_exact,uniform,0.0,0
1000,0.6478534945181104,7.295799872829969,0.6898867122118817,3.0964384470197053,1000,702.4588421607818,2770.0098668718365,5.0,uniform_exact,uniform,0.0,0
1000,0.9275708025452007,9.067911114745035,0.524679986602045,3.1922605409430833,1000,1000,2770.0098668718365,5.0,uniform_exact,uniform,0.0,0
1000,0.8826442516694574,9.20078801072338,0.8356157786981179,5.958669228201275,1000,1000,2770.0098668718365,5.0,uniform_exact,uniform,0.0,0
1000,0.8944373892679047,9.492564196854993,0.689325958074912,4.0499222407515845,1000,1000,2770.0098668718365,5.0,uniform_exact,uniform,0.0,0
1000,2.1600848596659037,23.591190740265375,2.4809082985095396,17.979519166117807,1000,1000,2770.0098668718365,5.0,uniform_exact,uniform,0.0,0
1000,2.186629044024305,23.67565527185168,3.0502294636273,22.052882718382953,1000,1000,2770.0098668718365,5.0,uniform_exact,uniform,0.0,0
1000,2.202788337834508,23.474969597415352,0.626361939469471,2.8002181886839272,1000,1000,2770.0098668718365,5.0,uniform_exact,uniform,0.0,1
1000,0.668926440883736,6.047119721303887,0.5880754035367165,3.1475920926362395,1000,687.7568181231449,2770.0098668718365,5.0,uniform_exact,uniform,0.0,0
1000,0.6096939094021688,4.754850690421404,0.6452961751098462,4.09501376801855,1000,561.8565535974923,2770.0098668718365,5.0,uniform_exact,uniform,0.0,0
1000,0.619980694353103,5.711189635441723,0.5651777400733701,3.3303956317356516,1000,609.0405737763899,2770.0098668718365,5.0,uniform_exact,uniform,0.0,0
1000,1.0363964890753734,8.83629684462703,1.046218904804238,5.233554199210693,1000,1000,2770.0098668718365,5.0,uniform_exact,uniform,0.0,0
1000,1.0808453099122093,9.327938871539764,1.245282591062232,6.603946468360601,1000,1000,2770.0098668718365,5.0,uniform_exact,uniform,0.0,0
1000,1.0555990939448983,9.079803243418585,0.9952428477544591,7.35052565458268,1000,1000,2770.0098668718365,5.0,uniform_exact,uniform,0.0,0
1000,2.4223349633420703,19.324723385669508,2.127357592916901,15.455013529047777,1000,1000,2770.0098668718365,5.0,uniform_exact,uniform,0.0,1
1000,2.4594205603819232,19.349043540692758,2.6236231595780546,18.815879597074133,1000,1000,2770.0098668718365,5.0,uniform_exact,uniform,0.0,1
1000,2.441556227376376,19.145175988469532,2.509206599562885,18.197639929675457,1000,1000,2770.0098668718365,5.0,uniform_exact,uniform,0.0,1
1000,0.6787566315775071,6.9795351614658365,0.5470354616628058,3.298061000691905,1000,734.7301064462791,2770.0098668718365,5.0,uniform_exact,uniform,0.0,0
1000,0.6273247767797993,5.416408240314115,0.5771567904774915,2.833868158635527,1000,608.3351215613185,2770.0098668718365,5.0,uniform_exact,uniform,0.0,0
1000,0.6436184853347732,6.685255422490038,0.872414020779994,5.662031338176808,1000,675.097401560128,2770.0098668718365,5.0,uniform_exact,uniform,0.0,0
1000,1.322654341020879,7.809373922547658,1.2107244081611326,8.461653424768866,1000,1000,2770.0098668718365,5.0,uniform_exact,uniform,0.0,0
1000,1.2985808873964355,8.313744404611858,1.1935913810236272,8.465569216322855,1000,1000,2770.0098668718365,5.0,uniform_exact,uniform,0.0,0
1000,1.208561744925839,7.712949719548932,1.023903988305294,6.509388962125415,1000,1000,2770.0098668718365,5.0,uniform_exact,uniform,0.0,0
1000,2.507398434602011,12.789785607408268,2.52889135738148,11.38191877486737,1000,1000,2770.0098668718365,5.0,uniform_exact,uniform,0.0,1
1000,2.520669114923294,12.78671987327333,0.7802917695626609,4.195207083509193,1000,1000,2770.0098668718365,5.0,uniform_exact,uniform,0.0,1
1000,2.49068495781207,12.596211278828237,2.5718307449070474,18.522315871989086,1000,1000,2770.0098668718365,5.0,uniform_exact,uniform,0.0,1
1000,0.6524098435515786,7.086241475883487,0.48725749175298677,3.022840881300818,1000,701.3347232849229,2770.0098668718365,5.0,uniform_exact,uniform,0.0,0
1000,0.581167313005821,6.085439413528287,0.46137721067861104,2.6293703618919833,1000,572.85770424497,2770.0098668718365,5.0,uniform_exact,uniform,0.0,0
1000,0.6984683097008569,7.200833170425255,0.4828488563725572,2.652400943826573,1000,771.3139441410074,2770.0098668718365,5.0,uniform_exact,uniform,0.0,0
1000,1.3537758517722411,6.291632634044208,1.349769611784798,4.994817157317429,1000,1000,2770.0098668718365,5.0,uniform_exact,uniform,0.0,0
1000,1.367532997551312,6.235878482522877,1.5127636746214623,5.953062807356854,1000,1000,2770.0098668718365,5.0,uniform_exact,uniform,0.0,0
1000,1.3274574831627268,6.042607423381932,1.503776586820962,6.625826468959556,1000,1000,2770.0098668718365,5.0,uniform_exact,uniform,0.0,0
1000,2.1745485439283283,8.206958182334139,2.567702184697711,11.74824118536096,1000,1000,2770.0098668718365,5.0,uniform_exact,uniform,0.0,0
1000,2.2071501455785794,8.244504029581895,1.8890327586114135,5.4499946620047615,1000,1000,2770.0098668718365,5.0,uniform_exact,uniform,0.0,1
1000,2.2131805137021714,8.13937339152958,2.13288274377505,7.028947300497711,1000,1000,2770.0098668718365,5.0,uniform_exact,uniform,0.0,1
1000,0.596226390605092,7.59566327931635,0.540944188236549,2.9459304757734612,1000,644.9903306438464,2770.0098668718365,5.0,uniform_exact,uniform,0.0,0
1000,0.5707637716995058,4.76013034379612,0.5768618650106332,3.180428515241453,1000,513.3458044551178,2770.0098668718365,5.0,uniform_exact,uniform,0.0,0
1000,0.6082008942884182,5.59710910895369,0.43456318109063335,2.7256540356055075,1000,589.680079419608,2770.0098668718365,5.0,uniform_exact,uniform,0.0,0
1000,1.2128763710131376,4.437108297044463,1.1236587784118424,3.1633760505576634,1000,1000,2770.0098668718365,5.0,uniform_exact,uniform,0.0,0
1000,1.222022170293529,4.453870144522961,1.3217392073276593,4.542127318754005,1000,1000,2770.0098668718365,5.0,uniform_exact,uniform,0.0,0
1000,1.2283430251331136,4.34226493758284,1.1186710958780077,3.307597338706118,1000,1000,2770.0098668718365,5.0,uniform_exact,uniform,0.0,0
1000,1.6822322474532947,4.785774324099834,1.8470327119837588,5.453708168544484,1000,1000,2770.0098668718365,5.0,uniform_exact,uniform,0.0,0
1000,1.6828609678688584,4.797205593998007,2.0040796879075162,6.1884873711544754,1000,1000,2770.0098668718365,5.0,uniform_exact,uniform,0.0,0
1000,1.6824444119691087,4.694431122747657,1.94102089423349,5.609238114043057,1000,1000,2770.0098668718365,5.0,uniform_exact,uniform,0.0,0
2000,0.6437859806065077,7.26494190000632,0.7319922397071669,5.272276568669422,2000,695.8016540771678,3047.961886276374,5.0,uniform_exact,uniform,0.0,0
2000,0.6783226328241753,6.987718128416362,0.6880425932063922,3.210405529203636,2000,734.3950354052101,3047.961886276374,5.0,uniform_exact,uniform,0.0,0
2000,0.7008485258315146,10.87323753149392,0.5474713227411176,2.8468267305736847,2000,904.5604323951111,3047.961886276374,5.0,uniform_exact,uniform,0.0,0
2000,0.6647636523552978,9.371015606248461,0.4986255256743879,2.326236432486352,2000,799.2807397443189,3047.961886276374,5.0,uniform_exact,uniform,0.0,0
2000,0.6503303945228937,7.618833107152736,0.6561968513087848,3.535493086307107,2000,717.2763773531361,3047.961886276374,5.0,uniform_exact,uniform,0.0,0
2000,0.7116392058914187,10.837519913683188,0.5787770617208087,2.5087549095079926,2000,919.4498867172433,3047.961886276374,5.0,uniform_exact,uniform,0.0,0
2000,0.6984542271619008,9.191213698217632,1.3304800289030707,9.19368828790275,2000,841.5975496551691,3047.961886276374,5.0,uniform_exact,uniform,0.0,0
2000,0.6531760108020092,9.05950966881119,0.43796848637273184,2.31326739716361,2000,772.0947091795654,3047.961886276374,5.0,uniform,uniform,0.0017798437332807303,0
2000,0.6722700999610615,5.917746054892996,0.5901230925744716,3.496587451427081,2000,687.9391315719704,3047.961886276374,5.0,uniform_exact,uniform,0.0,0
2000,0.7041455345419971,8.158001271669198,0.8806748581854523,4.927324120593695,2000,813.5611982931824,3047.961886276374,5.0,uniform_exact,uniform,0.0,0
2000,0.6776575995706522,7.229319530734069,0.7840643039053747,4.136766856821237,2000,741.9733333176847,3047.961886276374,5.0,uniform_exact,uniform,0.0,0
2000,0.6623640231431586,9.28680597708695,0.670984945673751,4.2497051203169685,2000,792.9316579825959,3047.961886276374,5.0,uniform_exact,uniform,0.0,0
2000,0.9816612409123018,11.124163624423396,0.5450212936245985,3.3172621578628014,2000,1414.083017984169,3047.961886276374,5.0,uniform_exact,uniform,0.0,0
2000,1.019893147231907,10.771710935140439,1.362059293054131,7.42158435694131,2000,1482.7225254275493,3047.961886276374,5.0,uniform_exact,uniform,0.0,0
2000,1.0038984191058524,11.152323945467518,0.77805526636519,5.3999978647811595,2000,1461.8652799715167,3047.961886276374,5.0,uniform_exact,uniform,0.0,0
2000,2.485939595674491,27.10730987984548,0.8143462118631664,5.574169747809519,2000,2000,3047.961886276374,5.0,uniform_exact,uniform,0.0,1
2000,2.4574092914423638,26.830979453268434,0.6014438991429195,4.279522353385754,2000,2000,3047.961886276374,5.0,uniform_exact,uniform,0.0,1
2000,2.4875934157876274,27.001639859771334,0.5696191284996958,2.994015379158123,2000,2000,3047.961886276374,5.0,uniform_exact,uniform,0.0,1
2000,0.6522247884106012,6.7974888408872705,0.7509956848540755,3.9752736049186055,2000,690.8795354216088,3047.961886276374,5.0,uniform_exact,uniform,0.0,0
2000,0.708592555862065,7.3196862152942685,0.6729460962163949,3.643443738964609,2000,790.6074475854836,3047.961886276374,5.0,uniform_exact,uniform,0.0,0
2000,0.6266465193598646,6.766098028970186,0.6005153896121611,3.1106556790248434,2000,655.107760504205,3047.961886276374,5.0,uniform_exact,uniform,0.0,0
2000,1.187664640127493,10.482197021947206,0.5577614713852458,2.81208567654602,2000,1864.9588252464846,3047.961886276374,5.0,uniform_exact,uniform,0.0,0
2000,1.169122399391696,10.541280528053289,1.5852287808538303,9.347763797465248,2000,1820.7383665351958,3047.961886276374,5.0,uniform_exact,uniform,0.0,0
2000,1.2297958209577402,10.40504305776103,1.3025268543415496,9.317442791643183,2000,1970.1608002574487,3047.961886276374,5.0,uniform_exact,uniform,0.0,0
2000,2.869439534666998,22.1660269939405,3.227716951275259,23.31303523661311,2000,2000,3047.961886276374,5.0,uniform_exact,uniform,0.0,1
2000,2.804968516663726,22.06499967036417,0.49823641409102776,3.4254305067409274,2000,2000,3047.961886276374,5.0,uniform_exact,uniform,0.0,1
2000,2.735942484849644,21.257719756855096,0.5329478000616578,2.9463876225977588,2000,2000,3047.961886276374,5.0,uniform_exact,uniform,0.0,1
2000,0.65141260441657,7.2644391200920655,0.7806570725425803,4.859156873544925,2000,706.2512425280808,3047.961886276374,5.0,uniform_exact,uniform,0.0,0
2000,0.6410291195607866,6.374989174742897,0.5170387137431821,2.67218934428578,2000,660.6132527733449,3047.961886276374,5.0,uniform_exact,uniform,0.0,0
2000,0.6227487686611384,6.430958934057433,0.556415694332572,3.0818349732092156,2000,638.1095561822503,3047.961886276374,5.0,uniform_exact,uniform,0.0,0
2000,1.358269331673104,8.966713358539577,1.5518444442613695,6.48011253382885,2000,2000,3047.961886276374,5.0,uniform_exact,uniform,0.0,0
2000,1.3763076923974027,8.285852764690443,1.3196727454503239,7.634285428143426,2000,2000,3047.961886276374,5.0,uniform_exact,uniform,0.0,0
2000,1.4611702597146317,9.106720084066147,1.4333725108210158,10.475122137097486,2000,2000,3047.961886276374,5.0,uniform_exact,uniform,0.0,0
2000,2.7142794007709448,13.745211635687745,2.4868236439153915,9.922403143421,2000,2000,3047.961886276374,5.0,uniform_exact,uniform,0.0,1
2000,2.726308523162901,13.889554001701725,2.673091304313915,12.436579684022638,2000,2000,3047.961886276374,5.0,uniform_exact,uniform,0.0,1
2000,2.7326270401993864,13.72668609604081,2.8671747698684493,13.024074433319196,2000,2000,3047.961886276374,5.0,uniform_exact,uniform,0.0,1
2000,0.5866904178552818,6.882127609815075,0.5115198728072129,2.426675774795192,2000,607.833459026285,3047.961886276374,5.0,uniform_exact,uniform,0.0,0
2000,0.6805166058317258,7.844182030189697,0.6307021966336049,3.9868025194917425,2000,767.8062812379214,3047.961886276374,5.0,uniform_exact,uniform,0.0,0
2000,0.6075248895724128,8.488601778181627,0.47172793266523927,2.139489556709908,2000,690.9428482752027,3047.961886276374,5.0,uniform_exact,uniform,0.0,0
2000,1.4612428196080953,6.753627793666996,1.5616306044631334,7.033881006500481,2000,2000,3047.961886276374,5.0,uniform_exact,uniform,0.0,0
2000,1.4764441467779024,6.956174126191189,1.758960142332702,8.223055187203988,2000,2000,3047.961886276374,5.0,uniform_exact,uniform,0.0,0
2000,1.4190922443740461,6.741387981806074,1.584368990771508,7.515835082792808,2000,2000,3047.961886276374,5.0,uniform_exact,uniform,0.0,0
2000,2.301445779003562,8.777361115865295,1.9731456831499927,5.98390051419122,2000,2000,3047.961886276374,5.0,uniform_exact,uniform,0.0,0
2000,2.3152827988189686,8.658788130102245,2.1381229557257773,7.268831753998294,2000,2000,3047.961886276374,5.0,uniform_exact,uniform,0.0,1
2000,2.30933321640677,8.687845653682372,2.663136082637045,11.704950111131177,2000,2000,3047.961886276374,5.0,uniform_exact,uniform,0.0,1
2000,0.5915941849529013,6.747218403782818,0.5028533924354799,2.290823128964318,2000,609.1909512319154,3047.961886276374,5.0,uniform_exact,uniform,0.0,0
2000,0.5845956482433441,7.133862103294786,0.5602791865279116,3.4799699019462875,2000,614.1252907176902,3047.961886276374,5.0,uniform_exact,uniform,0.0,0
2000,0.6364016724628121,6.162099158324124,0.771793901103335,4.595449843437503,2000,646.8295982407201,3047.961886276374,5.0,uniform_exact,uniform,0.0,0
2000,1.2983740571519216,4.789065542177101,1.242421292249279,4.282899593240393,2000,1955.5143230204017,3047.961886276374,5.0,uniform_exact,uniform,0.0,0
2000,1.3147579288921611,4.448881049791875,1.3869978618623864,4.316650726243026,2000,1988.865891661483,3047.961886276374,5.0,uniform_exact,uniform,0.0,0
2000,1.3083480127020897,4.637299734571176,1.3539342593519526,4.969271365851093,2000,1977.704173984409,3047.961886276374,5.0,uniform_exact,uniform,0.0,0
2000,1.7372109637686688,4.909762302581473,1.735747777723692,4.863651960684455,2000,2000,3047.961886276374,5.0,uniform_exact,uniform,0.0,0
2000,1.7421178180833923,4.869082529210165,1.8467218190620094,5.238687108931214,2000,2000,3047.961886276374,5.0,uniform_exact,uniform,0.0,0
2000,1.7399890427199698,4.970317505328127,1.7807567586069415,4.832588793061147,2000,2000,3047.961886276374,5.0,uniform_exact,uniform,0.0,0
5000,0.7224807944290408,9.893139619301449,0.9271988017445161,6.493334843693618,5000,902.5681715523135,3415.3944697579104,5.0,uniform_exact,uniform,0.0,0
5000,0.6783674416504732,9.248645932905605,0.5785807647495678,3.0786882683643295,4601.823858914082,814.3202078120423,3415.3944697579104,5.0,uniform,uniform,0.010532523460161095,0
5000,0.6974014263102107,8.500077009248255,0.6039379193701697,2.7391447991176663,4863.687494195162,815.627902553106,3415.3944697579104,5.0,uniform,uniform,0.0009987582638563757,0
5000,0.6966704990056833,11.78855723114979,0.571506349643736,2.809437507942813,4853.497841848277,930.7042214416718,3415.3944697579104,5.0,uniform,uniform,0.00369374020429083,0
5000,0.7020645774986704,10.493395057863204,0.538263709002928,2.146216773314326,4928.946709783864,892.9513941522594,3415.3944697579104,5.0,uniform,uniform,0.0025510424707916378,0
5000,0.6964872202949357,12.14043386833435,1.1685894751785268,8.148456261487421,4850.944480341662,942.8626783672503,3415.3944697579104,5.0,uniform_exact,uniform,0.0,0
5000,0.6923142098960464,10.791047985600459,0.5557513455067041,2.468453828315893,4792.989652239869,889.0582525453514,3415.3944697579104,5.0,uniform,uniform,0.011486709232549875,0
5000,0.6749404683005831,10.377327086148796,0.6675123170655837,4.111367697654548,4555.446357498104,849.2731597588138,3415.3944697579104,5.0,uniform,uniform,0.0021695949517787335,0
5000,0.7043250568842707,9.485986571983513,0.6166910548968833,3.111751395197356,4960.737857550311,860.736386785567,3415.3944697579104,5.0,uniform,uniform,0.0021548338965762283,0
5000,0.7278048746693839,12.570758348270179,0.5102646709655141,2.4022621726391464,5000,1005.3294553439663,3415.3944697579104,5.0,uniform,uniform,0.004005910055393093,0
5000,0.6959390046794844,8.19052749199074,0.9778253361249285,6.302238229542228,4843.310982342714,802.5347341334756,3415.3944697579104,5.0,uniform_exact,uniform,0.0,0
5000,0.7275752487361427,11.991683623295147,0.5454160431900089,3.168087826042665,5000,984.5211787295407,3415.3944697579104,5.0,uniform,uniform,0.011450081447820068,0
5000,1.1514945012448503,13.921170970329356,0.8929597244759686,6.135703039792438,5000,1896.7749602854858,3415.3944697579104,5.0,uniform_exact,uniform,0.0,0
5000,1.1000620070210954,13.282787825099584,0.5636803401015276,3.0057975020220007,5000,1751.5135306439688,3415.3944697579104,5.0,uniform,uniform,0.012244619714331204,0
5000,1.169644960173019,14.047324928197764,0.6145290340819962,2.8333287645665117,5000,1945.8743384555728,3415.3944697579104,5.0,uniform,uniform,0.011343985258238142,0
5000,3.012040993380712,33.184170841399485,3.12476136420503,16.266723528805525,5000,5000,3415.3944697579104,5.0,uniform_exact,is,0.0,1
5000,3.05512119238724,33.62125804296652,3.3588575075650304,24.20245753971945,5000,5000,3415.3944697579104,5.0,uniform_exact,is,0.0,1
5000,3.0106207049135034,32.90968384374054,0.655472539618439,3.871088723004153,5000,5000,3415.3944697579104,5.0,uniform,is,0.008741915625579766,1
5000,0.6966747062003946,7.519776239119451,0.5280497165045894,3.1968542422726984,4853.5564625940615,779.9280568408838,3415.3944697579104,5.0,uniform,uniform,0.007461753349592956,0
5000,0.7118330565326979,11.001515450812754,0.5393598597698515,2.9543039288504103,5000,925.5349606766966,3415.3944697579104,5.0,uniform,uniform,0.004475090870848015,0
5000,0.65806351816426,9.25657713996702,0.558766800988288,2.8916112421598092,4330.475939387233,785.8466069380014,3415.3944697579104,5.0,uniform,uniform,0.010874430727003385,0
5000,1.324498034040619,12.321985384365552,0.8417638961557347,5.351406972937487,5000,2294.2009719524963,3415.3944697579104,5.0,uniform_exact,uniform,0.0,0
5000,1.3258723349377788,12.187571001132723,1.1425601138019,7.340891117959163,5000,2293.3128965373376,3415.3944697579104,5.0,uniform_exact,uniform,0.0,0
5000,1.3582145587406718,12.411829353085658,1.3835231580438554,9.089127947926812,5000,2393.222861712485,3415.3944697579104,5.0,uniform_exact,uniform,0.0,0
5000,3.273305510801266,25.581420388004364,3.1073639484211784,22.37059843529064,5000,5000,3415.3944697579104,5.0,uniform_exact,is,0.0,1
5000,3.270192893939796,25.42383972037984,0.8112344310477789,5.332969545028328,5000,5000,3415.3944697579104,5.0,uniform_exact,is,0.0,1
5000,3.2584141459449203,25.386482551776233,3.286315004703227,23.694048514782054,5000,5000,3415.3944697579104,5.0,uniform_exact,is,0.0,1
5000,0.6808824421638225,9.063293680601529,1.1813923727275477,8.183343537015446,4636.00900046971,811.3956486802743,3415.3944697579104,5.0,uniform_exact,uniform,0.0,0
5000,0.6814735797847691,8.168079323694936,0.5573047702322723,3.256620990446316,4644.06239944668,780.6281727935872,3415.3944697579104,5.0,uniform,uniform,0.005105022797014357,0
5000,0.6730762768779296,7.51328610662532,0.6434264468118056,4.098354177751294,4530.316744958553,745.4462794393922,3415.3944697579104,5.0,uniform,uniform,0.0039175160028052354,0
5000,1.5610511723927194,9.482297366454727,1.2555099384094215,9.201298076309564,5000,2917.208338590139,3415.3944697579104,5.0,uniform_exact,uniform,0.0,0
5000,1.5983515327881193,10.05179141412876,1.6950388500805964,8.513487970889903,5000,3062.202085772467,3415.3944697579104,5.0,uniform_exact,uniform,0.0,0
5000,1.564054233622819,9.903368559014538,1.4622554836920272,8.810279659046587,5000,2942.026281598381,3415.3944697579104,5.0,uniform_exact,uniform,0.0,0
5000,3.0064614329892705,15.45576789854595,2.5659889369752404,9.19973795774208,5000,5000,3415.3944697579104,5.0,uniform_exact,is,0.0,1
5000,2.975958669383625,15.516826552718598,3.208910759913141,17.100884174885625,5000,5000,3415.3944697579104,5.0,uniform_exact,is,0.0,1
5000,2.994754765488841,15.286751648815459,2.583510589500473,9.991882277202977,5000,5000,3415.3944697579104,5.0,uniform_exact,is,0.0,1
5000,0.6452892873409604,7.975916618900835,0.5714203162168445,2.6048712090658883,4163.982643570044,722.9682813290447,3415.3944697579104,5.0,uniform,uniform,0.010631302553767161,0
5000,0.6342794906340355,7.439749972949388,0.7098337197809563,4.3141443398024695,4023.1047223897153,689.1014222579303,3415.3944697579104,5.0,uniform_exact,uniform,0.0,0
5000,0.6753511690743486,10.273263459798766,0.6194566061553386,3.4071650968036846,4560.992015700892,846.1850654440004,3415.3944697579104,5.0,uniform,uniform,0.003004048429058909,0
5000,1.5642034237759075,7.461215325213151,1.6619558207516432,7.534419509099021,5000,2856.258812823272,3415.3944697579104,5.0,uniform_exact,uniform,0.0,0
5000,1.6069129255861263,7.627573339463385,1.3724401444954073,9.887255296499905,5000,3005.6523591964697,3415.3944697579104,5.0,uniform_exact,uniform,0.0,0
5000,1.5835535573326203,7.463665704236842,1.397741594674752,5.003334183874001,5000,2920.888956784179,3415.3944697579104,5.0,uniform_exact,uniform,0.0,0
5000,2.4387528204411435,9.085143647908605,2.514329319927691,8.59072218728762,5000,5000,3415.3944697579104,5.0,uniform_exact,is,0.0,0
5000,2.44827057345472,9.074192457210252,2.1705890789031814,6.608083599729369,5000,5000,3415.3944697579104,5.0,uniform_exact,is,0.0,1
5000,2.4335609917695766,9.037567396165114,2.6968867878619784,10.163042081158382,5000,5000,3415.3944697579104,5.0,uniform_exact,is,0.0,0
5000,0.6519470284472162,8.754530513444111,0.5377616784205583,3.1211665016422514,4250.349279011552,759.6225283466741,3415.3944697579104,5.0,uniform,uniform,0.006247911974998379,0
5000,0.6299048125270215,10.880578863376364,0.559812970662015,3.1543942325245826,3967.80072844702,804.7784164634724,3415.3944697579104,5.0,uniform,uniform,0.00355981040363311,0
5000,0.6870579308218044,13.544762416249597,0.49410734969969405,2.509770936268431,4720.486003051393,978.6423256088318,3415.3944697579104,5.0,uniform,uniform,0.0002749592179173578,0
5000,1.3838458656873216,5.062593836717688,1.604248788338542,6.079214000593572,5000,2208.1082099118385,3415.3944697579104,5.0,uniform_exact,uniform,0.0,0
5000,1.398083832516939,5.098880683600188,1.3332049493453912,4.427299701865954,5000,2251.362172756544,3415.3944697579104,5.0,uniform_exact,uniform,0.0,0
5000,1.3909424378180453,5.143704401559593,1.329872535053096,4.15731030109201,5000,2231.8395544274426,3415.3944697579104,5.0,uniform_exact,uniform,0.0,0
5000,1.7911999033758386,5.04722867967325,1.9881323345251607,5.723732457587026,5000,3578.1000040057165,3415.3944697579104,5.0,uniform_exact,is,0.0,0
5000,1.7925498435757545,5.031734118828527,1.8084542187304165,4.882385479197803,5000,3582.67919398956,3415.3944697579104,5.0,uniform_exact,is,0.0,0
5000,1.799646793110485,5.033057676968276,2.1892294314702636,6.567545886491935,5000,3609.740622118057,3415.3944697579104,5.0,uniform_exact,is,0.0,0
