script_name,tau,trial_id,instance_id,dataset_family,n,seed_instance,seed_pilot,true_cv,true_M,cv_hat,M_hat,oracle_branch,adaptive_branch,adaptive_side,is_borderline,is_fp,is_fn
exp_threshold_sweep,0.5,0,n=1000|of=0.0|om=2.0|trial=0,outlier_grid,1000,1442263617,746596475,0.617599978331471,6.544485015745742,0.6015202548247754,2.8050478211571015,uniform,is,is,0,1,0
exp_threshold_sweep,0.5,1,n=1000|of=0.0|om=2.0|trial=1,outlier_grid,1000,1442263618,747596478,0.7016203194983847,6.4257658382788225,0.5977682119151176,3.5683129890526444,uniform,is,is,0,1,0
exp_threshold_sweep,0.5,2,n=1000|of=0.0|om=2.0|trial=2,outlier_grid,1000,1442263619,748596481,0.633503586176026,5.578210996800821,0.560786774005518,3.271360465507582,uniform,is,is,0,1,0
exp_threshold_sweep,0.5,0,n=1000|of=0.0|om=5.0|trial=0,outlier_grid,1000,147305323,1271633651,0.6607087487078306,6.077985671873188,0.6518132423380265,3.5057967232936407,uniform,is,is,0,1,0
exp_threshold_sweep,0.5,1,n=1000|of=0.0|om=5.0|trial=1,outlier_grid,1000,147305324,1272633654,0.6504739835154975,5.5695015501111715,0.603310724381136,2.780934692952512,uniform,is,is,0,1,0
exp_threshold_sweep,0.5,2,n=1000|of=0.0|om=5.0|trial=2,outlier_grid,1000,147305325,1273633657,0.6694892343956219,5.3838442549691585,0.6484987361077903,2.8951956384254878,uniform,is,is,0,1,0
exp_threshold_sweep,0.5,0,n=1000|of=0.0|om=10.0|trial=0,outlier_grid,1000,852353029,2146695611,0.6398166324088268,6.140337691272391,0.66657803514311,3.6111739629004456,uniform,is,is,0,1,0
exp_threshold_sweep,0.5,1,n=1000|of=0.0|om=10.0|trial=1,outlier_grid,1000,852353030,211967,0.6645481406412764,5.726033896808133,0.5977746968163838,3.401344515465205,uniform,is,is,0,1,0
exp_threshold_sweep,0.5,2,n=1000|of=0.0|om=10.0|trial=2,outlier_grid,1000,852353031,1211970,0.6625855174916219,6.889022080403152,0.5023616104255118,3.0198125232408,uniform,is,is,0,1,0
exp_threshold_sweep,0.5,0,n=1000|of=0.01|om=2.0|trial=0,outlier_grid,1000,670919628,504795850,0.6194948810036581,4.431036671722072,0.6640383343775162,4.120324252329307,uniform,is,is,0,1,0
exp_threshold_sweep,0.5,1,n=1000|of=0.01|om=2.0|trial=1,outlier_grid,1000,670919629,505795853,0.6419604984348997,5.780451621515172,0.5325548653951018,2.772725708092996,uniform,is,is,0,1,0
exp_threshold_sweep,0.5,2,n=1000|of=0.01|om=2.0|trial=2,outlier_grid,1000,670919630,506795856,0.6478534945181104,7.295799872829969,0.7989955017048497,5.11170537890552,uniform,is,is,0,1,0
exp_threshold_sweep,0.5,0,n=1000|of=0.01|om=5.0|trial=0,outlier_grid,1000,1523444981,1029833026,0.9275708025452007,9.067911114745035,0.9339262524583607,6.459804739165755,uniform,is,is,0,1,0
exp_threshold_sweep,0.5,1,n=1000|of=0.01|om=5.0|trial=1,outlier_grid,1000,1523444982,1030833029,0.8826442516694574,9.20078801072338,0.729566995291997,5.074984717321648,uniform,is,is,0,1,0
exp_threshold_sweep,0.5,2,n=1000|of=0.01|om=5.0|trial=2,outlier_grid,1000,1523444983,1031833032,0.8944373892679047,9.492564196854993,0.7225754039427428,4.284587384160472,uniform,is,is,0,1,0
exp_threshold_sweep,0.5,0,n=1000|of=0.01|om=10.0|trial=0,outlier_grid,1000,81009040,1904894986,2.1600848596659037,23.591190740265375,2.5466709874972695,18.502217867525356,uniform,is,is,0,1,0
exp_threshold_sweep,0.5,1,n=1000|of=0.01|om=10.0|trial=1,outlier_grid,1000,81009041,1905894989,2.186629044024305,23.67565527185168,2.5770971689009734,18.53774806807525,uniform,is,is,0,1,0
exp_threshold_sweep,0.5,2,n=1000|of=0.01|om=10.0|trial=2,outlier_grid,1000,81009042,1906894992,2.202788337834508,23.474969597415352,0.5558425701525566,2.891828815684491,uniform,is,is,1,1,0
exp_threshold_sweep,0.5,0,n=1000|of=0.02|om=2.0|trial=0,outlier_grid,1000,2047059286,262995225,0.668926440883736,6.047119721303887,0.6629451876778858,4.215164225977127,uniform,is,is,0,1,0
exp_threshold_sweep,0.5,1,n=1000|of=0.02|om=2.0|trial=1,outlier_grid,1000,2047059287,263995228,0.6096939094021688,4.754850690421404,0.5149307342333465,2.4576037530768513,uniform,is,is,0,1,0
exp_threshold_sweep,0.5,2,n=1000|of=0.02|om=2.0|trial=2,outlier_grid,1000,2047059288,264995231,0.619980694353103,5.711189635441723,0.6869727637496721,4.983309463682573,uniform,is,is,0,1,0
exp_threshold_sweep,0.5,0,n=1000|of=0.02|om=5.0|trial=0,outlier_grid,1000,752100992,788032401,1.0363964890753734,8.83629684462703,0.6931816628832836,4.472676011138009,uniform,is,is,0,1,0
exp_threshold_sweep,0.5,1,n=1000|of=0.02|om=5.0|trial=1,outlier_grid,1000,752100993,789032404,1.0808453099122093,9.327938871539764,1.0706100002337515,7.529709690935192,uniform,is,is,0,1,0
exp_threshold_sweep,0.5,2,n=1000|of=0.02|om=5.0|trial=2,outlier_grid,1000,752100994,790032407,1.0555990939448983,9.079803243418585,1.0578636192548907,6.521341630108163,uniform,is,is,0,1,0
exp_threshold_sweep,0.5,0,n=1000|of=0.02|om=10.0|trial=0,outlier_grid,1000,1457148698,1663094361,2.4223349633420703,19.324723385669508,2.323512736300303,16.713830521579776,uniform,is,is,1,1,0
exp_threshold_sweep,0.5,1,n=1000|of=0.02|om=10.0|trial=1,outlier_grid,1000,1457148699,1664094364,2.4594205603819232,19.349043540692758,2.5304175467871204,18.31762690406223,uniform,is,is,1,1,0
exp_threshold_sweep,0.5,2,n=1000|of=0.02|om=10.0|trial=2,outlier_grid,1000,1457148700,1665094367,2.441556227376376,19.145175988469532,2.7210236474948557,14.74312226163864,uniform,is,is,1,1,0
exp_threshold_sweep,0.5,0,n=1000|of=0.05|om=2.0|trial=0,outlier_grid,1000,1880510966,1685076997,0.6787566315775071,6.9795351614658365,0.4932625075459373,2.4198292712867953,uniform,uniform_exact,uniform,0,0,0
exp_threshold_sweep,0.5,1,n=1000|of=0.05|om=2.0|trial=1,outlier_grid,1000,1880510967,1686077000,0.6273247767797993,5.416408240314115,0.5416405538289764,2.6783660448022633,uniform,is,is,0,1,0
exp_threshold_sweep,0.5,2,n=1000|of=0.05|om=2.0|trial=2,outlier_grid,1000,1880510968,1687077003,0.6436184853347732,6.685255422490038,0.7995329785255542,5.483127132742024,uniform,is,is,0,1,0
exp_threshold_sweep,0.5,0,n=1000|of=0.05|om=5.0|trial=0,outlier_grid,1000,585552672,62630526,1.322654341020879,7.809373922547658,0.9389297481180515,6.045813418540743,uniform,is,is,0,1,0
exp_threshold_sweep,0.5,1,n=1000|of=0.05|om=5.0|trial=1,outlier_grid,1000,585552673,63630529,1.2985808873964355,8.313744404611858,1.3489334573296912,6.154172419776214,uniform,is,is,0,1,0
exp_threshold_sweep,0.5,2,n=1000|of=0.05|om=5.0|trial=2,outlier_grid,1000,585552674,64630532,1.208561744925839,7.712949719548932,1.3232640696736397,6.5563696366128354,uniform,is,is,0,1,0
exp_threshold_sweep,0.5,0,n=1000|of=0.05|om=10.0|trial=0,outlier_grid,1000,1290600378,937692486,2.507398434602011,12.789785607408268,2.345080106964511,16.81037230973184,uniform,is,is,1,1,0
exp_threshold_sweep,0.5,1,n=1000|of=0.05|om=10.0|trial=1,outlier_grid,1000,1290600379,938692489,2.520669114923294,12.78671987327333,2.416618114714142,12.82942787641423,uniform,is,is,1,1,0
exp_threshold_sweep,0.5,2,n=1000|of=0.05|om=10.0|trial=2,outlier_grid,1000,1290600380,939692492,2.49068495781207,12.596211278828237,2.3545916223697034,10.353061289412233,uniform,is,is,1,1,0
exp_threshold_sweep,0.5,0,n=1000|of=0.1|om=2.0|trial=0,outlier_grid,1000,171274668,476073872,0.6524098435515786,7.086241475883487,0.5993746146985793,3.901894465238008,uniform,is,is,0,1,0
exp_threshold_sweep,0.5,1,n=1000|of=0.1|om=2.0|trial=1,outlier_grid,1000,171274669,477073875,0.581167313005821,6.085439413528287,0.4741873511149366,1.8957120387939266,uniform,uniform_exact,uniform,0,0,0
exp_threshold_sweep,0.5,2,n=1000|of=0.1|om=2.0|trial=2,outlier_grid,1000,171274670,478073878,0.6984683097008569,7.200833170425255,0.44855229708806577,2.1270200786325364,uniform,uniform_exact,uniform,0,0,0
exp_threshold_sweep,0.5,0,n=1000|of=0.1|om=5.0|trial=0,outlier_grid,1000,1023800021,1001111048,1.3537758517722411,6.291632634044208,1.2993232523536666,5.787003499646059,uniform,is,is,0,1,0
exp_threshold_sweep,0.5,1,n=1000|of=0.1|om=5.0|trial=1,outlier_grid,1000,1023800022,1002111051,1.367532997551312,6.235878482522877,1.4315249697286025,5.425996300273245,uniform,is,is,0,1,0
exp_threshold_sweep,0.5,2,n=1000|of=0.1|om=5.0|trial=2,outlier_grid,1000,1023800023,1003111054,1.3274574831627268,6.042607423381932,1.3969327781377823,6.020932246762647,uniform,is,is,0,1,0
exp_threshold_sweep,0.5,0,n=1000|of=0.1|om=10.0|trial=0,outlier_grid,1000,1728847727,1876173008,2.1745485439283283,8.206958182334139,1.8861301582157006,5.603751562214981,uniform,is,is,0,1,0
exp_threshold_sweep,0.5,1,n=1000|of=0.1|om=10.0|trial=1,outlier_grid,1000,1728847728,1877173011,2.2071501455785794,8.244504029581895,2.8318403985035823,20.507433854512602,uniform,is,is,1,1,0
exp_threshold_sweep,0.5,2,n=1000|of=0.1|om=10.0|trial=2,outlier_grid,1000,1728847729,1878173014,2.2131805137021714,8.13937339152958,2.2737289492941235,8.11573469007369,uniform,is,is,1,1,0
exp_threshold_sweep,0.5,0,n=1000|of=0.2|om=2.0|trial=0,outlier_grid,1000,1047769366,205551269,0.596226390605092,7.59566327931635,0.5726452507415545,3.864714541272464,uniform,is,is,0,1,0
exp_threshold_sweep,0.5,1,n=1000|of=0.2|om=2.0|trial=1,outlier_grid,1000,1047769367,206551272,0.5707637716995058,4.76013034379612,0.4757155033656834,2.413844089778482,uniform,uniform_exact,uniform,0,0,0
exp_threshold_sweep,0.5,2,n=1000|of=0.2|om=2.0|trial=2,outlier_grid,1000,1047769368,207551275,0.6082008942884182,5.59710910895369,0.6125250877721026,3.225423877184917,uniform,is,is,0,1,0
exp_threshold_sweep,0.5,0,n=1000|of=0.2|om=5.0|trial=0,outlier_grid,1000,1900294719,730588445,1.2128763710131376,4.437108297044463,1.2221002765779356,3.9878478511653475,uniform,is,is,0,1,0
exp_threshold_sweep,0.5,1,n=1000|of=0.2|om=5.0|trial=1,outlier_grid,1000,1900294720,731588448,1.222022170293529,4.453870144522961,1.4450934307841745,5.920951708867079,uniform,is,is,0,1,0
exp_threshold_sweep,0.5,2,n=1000|of=0.2|om=5.0|trial=2,outlier_grid,1000,1900294721,732588451,1.2283430251331136,4.34226493758284,1.2642858719883578,4.313924475067066,uniform,is,is,0,1,0
exp_threshold_sweep,0.5,0,n=1000|of=0.2|om=10.0|trial=0,outlier_grid,1000,457858778,1605650405,1.6822322474532947,4.785774324099834,1.6669011786716381,4.351679993502763,uniform,is,is,0,1,0
exp_threshold_sweep,0.5,1,n=1000|of=0.2|om=10.0|trial=1,outlier_grid,1000,457858779,1606650408,1.6828609678688584,4.797205593998007,1.5958913718264502,4.290624161386626,uniform,is,is,0,1,0
exp_threshold_sweep,0.5,2,n=1000|of=0.2|om=10.0|trial=2,outlier_grid,1000,457858780,1607650411,1.6824444119691087,4.694431122747657,1.7140134544741037,4.6190880515279265,uniform,is,is,0,1,0
exp_threshold_sweep,0.5,0,n=2000|of=0.0|om=2.0|trial=0,outlier_grid,2000,884521234,1143168166,0.6437859806065077,7.26494190000632,0.7985242541524279,5.246676737166722,uniform,is,is,0,1,0
exp_threshold_sweep,0.5,1,n=2000|of=0.0|om=2.0|trial=1,outlier_grid,2000,884521235,1144168169,0.6783226328241753,6.987718128416362,0.5672746812122964,2.480207886620854,uniform,is,is,0,1,0
exp_threshold_sweep,0.5,2,n=2000|of=0.0|om=2.0|trial=2,outlier_grid,2000,884521236,1145168172,0.7008485258315146,10.87323753149392,0.5084601810206388,2.110334387059068,uniform,is,is,0,1,0
exp_threshold_sweep,0.5,0,n=2000|of=0.0|om=5.0|trial=0,outlier_grid,2000,1737046587,1668205342,0.6647636523552978,9.371015606248461,0.686200631157691,4.717185834792868,uniform,is,is,0,1,0
exp_threshold_sweep,0.5,1,n=2000|of=0.0|om=5.0|trial=1,outlier_grid,2000,1737046588,1669205345,0.6503303945228937,7.618833107152736,0.5206793977438496,2.782431122908416,uniform,is,is,0,1,0
exp_threshold_sweep,0.5,2,n=2000|of=0.0|om=5.0|trial=2,outlier_grid,2000,1737046589,1670205348,0.7116392058914187,10.837519913683188,0.6563429824914156,4.6101241569755445,uniform,is,is,0,1,0
exp_threshold_sweep,0.5,0,n=2000|of=0.0|om=10.0|trial=0,outlier_grid,2000,294610646,395783655,0.6984542271619008,9.191213698217632,0.7226741792389381,4.04623731771237,uniform,is,is,0,1,0
exp_threshold_sweep,0.5,1,n=2000|of=0.0|om=10.0|trial=1,outlier_grid,2000,294610647,396783658,0.6531760108020092,9.05950966881119,0.5407250755421071,2.889358175083832,uniform,is,is,0,1,0
exp_threshold_sweep,0.5,2,n=2000|of=0.0|om=10.0|trial=2,outlier_grid,2000,294610648,397783661,0.6722700999610615,5.917746054892996,0.5027397598207456,2.764866712223381,uniform,is,is,0,1,0
exp_threshold_sweep,0.5,0,n=2000|of=0.01|om=2.0|trial=0,outlier_grid,2000,113177245,901367541,0.7041455345419971,8.158001271669198,0.47240920149913807,2.374091592982216,uniform,uniform_exact,uniform,0,0,0
exp_threshold_sweep,0.5,1,n=2000|of=0.01|om=2.0|trial=1,outlier_grid,2000,113177246,902367544,0.6776575995706522,7.229319530734069,0.6253802202656913,3.343840293870133,uniform,is,is,0,1,0
exp_threshold_sweep,0.5,2,n=2000|of=0.01|om=2.0|trial=2,outlier_grid,2000,113177247,903367547,0.6623640231431586,9.28680597708695,0.765834956173804,4.606709760033966,uniform,is,is,0,1,0
exp_threshold_sweep,0.5,0,n=2000|of=0.01|om=5.0|trial=0,outlier_grid,2000,965702598,1426404717,0.9816612409123018,11.124163624423396,0.9389589966374279,5.652468752514771,uniform,is,is,0,1,0
exp_threshold_sweep,0.5,1,n=2000|of=0.01|om=5.0|trial=1,outlier_grid,2000,965702599,1427404720,1.019893147231907,10.771710935140439,0.4589062954852428,2.353584135334401,uniform,uniform_exact,uniform,0,0,0
exp_threshold_sweep,0.5,2,n=2000|of=0.01|om=5.0|trial=2,outlier_grid,2000,965702600,1428404723,1.0038984191058524,11.152323945467518,0.6947921428027173,4.045764982698756,uniform,is,is,0,1,0
exp_threshold_sweep,0.5,0,n=2000|of=0.01|om=10.0|trial=0,outlier_grid,2000,1670750304,153983030,2.485939595674491,27.10730987984548,0.5651406886858524,2.925872892736239,uniform,is,is,1,1,0
exp_threshold_sweep,0.5,1,n=2000|of=0.01|om=10.0|trial=1,outlier_grid,2000,1670750305,154983033,2.4574092914423638,26.830979453268434,0.5170253989908393,2.884779913140674,uniform,is,is,1,1,0
exp_threshold_sweep,0.5,2,n=2000|of=0.01|om=10.0|trial=2,outlier_grid,2000,1670750306,155983036,2.4875934157876274,27.001639859771334,0.7250777660740342,3.369100451573609,uniform,is,is,1,1,0
exp_threshold_sweep,0.5,0,n=2000|of=0.02|om=2.0|trial=0,outlier_grid,2000,1489316903,659566916,0.6522247884106012,6.7974888408872705,0.685835517034147,4.70227203808286,uniform,is,is,0,1,0
exp_threshold_sweep,0.5,1,n=2000|of=0.02|om=2.0|trial=1,outlier_grid,2000,1489316904,660566919,0.708592555862065,7.3196862152942685,0.5109386608711484,2.1972991087564315,uniform,is,is,0,1,0
exp_threshold_sweep,0.5,2,n=2000|of=0.02|om=2.0|trial=2,outlier_grid,2000,1489316905,661566922,0.6266465193598646,6.766098028970186,0.5411355542740387,2.6535751397715157,uniform,is,is,0,1,0
exp_threshold_sweep,0.5,0,n=2000|of=0.02|om=5.0|trial=0,outlier_grid,2000,194358609,1184604092,1.187664640127493,10.482197021947206,1.1751435152580587,6.844781424150301,uniform,is,is,0,1,0
exp_threshold_sweep,0.5,1,n=2000|of=0.02|om=5.0|trial=1,outlier_grid,2000,194358610,1185604095,1.169122399391696,10.541280528053289,1.2608339529622323,8.817967634418261,uniform,is,is,0,1,0
exp_threshold_sweep,0.5,2,n=2000|of=0.02|om=5.0|trial=2,outlier_grid,2000,194358611,1186604098,1.2297958209577402,10.40504305776103,1.2641686738371851,9.321198727305188,uniform,is,is,0,1,0
exp_threshold_sweep,0.5,0,n=2000|of=0.02|om=10.0|trial=0,outlier_grid,2000,899406315,2059666052,2.869439534666998,22.1660269939405,0.6638117139734322,3.8992338310457986,uniform,is,is,1,1,0
exp_threshold_sweep,0.5,1,n=2000|of=0.02|om=10.0|trial=1,outlier_grid,2000,899406316,2060666055,2.804968516663726,22.06499967036417,0.7352208079956168,4.405561183280642,uniform,is,is,1,1,0
exp_threshold_sweep,0.5,2,n=2000|of=0.02|om=10.0|trial=2,outlier_grid,2000,899406317,2061666058,2.735942484849644,21.257719756855096,2.5815842611770017,13.539236522255324,uniform,is,is,1,1,0
exp_threshold_sweep,0.5,0,n=2000|of=0.05|om=2.0|trial=0,outlier_grid,2000,1322768583,2081648688,0.65141260441657,7.2644391200920655,0.44911965542789706,2.020584109998863,uniform,uniform_exact,uniform,0,0,0
exp_threshold_sweep,0.5,1,n=2000|of=0.05|om=2.0|trial=1,outlier_grid,2000,1322768584,2082648691,0.6410291195607866,6.374989174742897,0.4901746260421714,3.045350535146741,uniform,uniform_exact,uniform,0,0,0
exp_threshold_sweep,0.5,2,n=2000|of=0.05|om=2.0|trial=2,outlier_grid,2000,1322768585,2083648694,0.6227487686611384,6.430958934057433,0.7820596119499107,4.453671181838062,uniform,is,is,0,1,0
exp_threshold_sweep,0.5,0,n=2000|of=0.05|om=5.0|trial=0,outlier_grid,2000,27810289,459202217,1.358269331673104,8.966713358539577,1.4216119349094838,7.865720405999633,uniform,is,is,0,1,0
exp_threshold_sweep,0.5,1,n=2000|of=0.05|om=5.0|trial=1,outlier_grid,2000,27810290,460202220,1.3763076923974027,8.285852764690443,1.1909951765391422,7.664811171678847,uniform,is,is,0,1,0
exp_threshold_sweep,0.5,2,n=2000|of=0.05|om=5.0|trial=2,outlier_grid,2000,27810291,461202223,1.4611702597146317,9.106720084066147,1.2774428109766096,9.031818346172814,uniform,is,is,0,1,0
exp_threshold_sweep,0.5,0,n=2000|of=0.05|om=10.0|trial=0,outlier_grid,2000,732857995,1334264177,2.7142794007709448,13.745211635687745,2.9531207410675426,15.501331089523923,uniform,is,is,1,1,0
exp_threshold_sweep,0.5,1,n=2000|of=0.05|om=10.0|trial=1,outlier_grid,2000,732857996,1335264180,2.726308523162901,13.889554001701725,2.801927700907556,20.242885147238045,uniform,is,is,1,1,0
exp_threshold_sweep,0.5,2,n=2000|of=0.05|om=10.0|trial=2,outlier_grid,2000,732857997,1336264183,2.7326270401993864,13.72668609604081,2.502133044966203,10.94600512321414,uniform,is,is,1,1,0
exp_threshold_sweep,0.5,0,n=2000|of=0.1|om=2.0|trial=0,outlier_grid,2000,1761015932,872645563,0.5866904178552818,6.882127609815075,0.57036912389255,2.961445175336459,uniform,is,is,0,1,0
exp_threshold_sweep,0.5,1,n=2000|of=0.1|om=2.0|trial=1,outlier_grid,2000,1761015933,873645566,0.6805166058317258,7.844182030189697,0.5839492927298743,2.9031341026832758,uniform,is,is,0,1,0
exp_threshold_sweep,0.5,2,n=2000|of=0.1|om=2.0|trial=2,outlier_grid,2000,1761015934,874645569,0.6075248895724128,8.488601778181627,0.5130038138283124,2.9047905508732175,uniform,is,is,0,1,0
exp_threshold_sweep,0.5,0,n=2000|of=0.1|om=5.0|trial=0,outlier_grid,2000,466057638,1397682739,1.4612428196080953,6.753627793666996,1.526378624209212,6.392787570288726,uniform,is,is,0,1,0
exp_threshold_sweep,0.5,1,n=2000|of=0.1|om=5.0|trial=1,outlier_grid,2000,466057639,1398682742,1.4764441467779024,6.956174126191189,1.4967981878711136,5.892486004581399,uniform,is,is,0,1,0
exp_threshold_sweep,0.5,2,n=2000|of=0.1|om=5.0|trial=2,outlier_grid,2000,466057640,1399682745,1.4190922443740461,6.741387981806074,1.360241884029058,6.003371551427439,uniform,is,is,0,1,0
exp_threshold_sweep,0.5,0,n=2000|of=0.1|om=10.0|trial=0,outlier_grid,2000,1171105344,125261052,2.301445779003562,8.777361115865295,2.256821380044073,7.942653255560083,uniform,is,is,0,1,0
exp_threshold_sweep,0.5,1,n=2000|of=0.1|om=10.0|trial=1,outlier_grid,2000,1171105345,126261055,2.3152827988189686,8.658788130102245,2.6365991319785573,12.119740209682321,uniform,is,is,1,1,0
exp_threshold_sweep,0.5,2,n=2000|of=0.1|om=10.0|trial=2,outlier_grid,2000,1171105346,127261058,2.30933321640677,8.687845653682372,2.5262379228831606,10.121642420288875,uniform,is,is,1,1,0
exp_threshold_sweep,0.5,0,n=2000|of=0.2|om=2.0|trial=0,outlier_grid,2000,490026983,602122960,0.5915941849529013,6.747218403782818,0.5117068789966609,2.8963972090041326,uniform,is,is,0,1,0
exp_threshold_sweep,0.5,1,n=2000|of=0.2|om=2.0|trial=1,outlier_grid,2000,490026984,603122963,0.5845956482433441,7.133862103294786,0.5111463886993529,2.5722431955336087,uniform,is,is,0,1,0
exp_threshold_sweep,0.5,2,n=2000|of=0.2|om=2.0|trial=2,outlier_grid,2000,490026985,604122966,0.6364016724628121,6.162099158324124,0.6002004922353732,2.9906468812196514,uniform,is,is,0,1,0
exp_threshold_sweep,0.5,0,n=2000|of=0.2|om=5.0|trial=0,outlier_grid,2000,1342552336,1127160136,1.2983740571519216,4.789065542177101,1.3773947557240875,4.02465232460275,uniform,is,is,0,1,0
exp_threshold_sweep,0.5,1,n=2000|of=0.2|om=5.0|trial=1,outlier_grid,2000,1342552337,1128160139,1.3147579288921611,4.448881049791875,1.2571153773388133,4.0060602582172935,uniform,is,is,0,1,0
exp_threshold_sweep,0.5,2,n=2000|of=0.2|om=5.0|trial=2,outlier_grid,2000,1342552338,1129160142,1.3083480127020897,4.637299734571176,1.2686185609513736,3.936296833584579,uniform,is,is,0,1,0
exp_threshold_sweep,0.5,0,n=2000|of=0.2|om=10.0|trial=0,outlier_grid,2000,2047600042,2002222096,1.7372109637686688,4.909762302581473,1.6554300155663086,4.240086487552452,uniform,is,is,0,1,0
exp_threshold_sweep,0.5,1,n=2000|of=0.2|om=10.0|trial=1,outlier_grid,2000,2047600043,2003222099,1.7421178180833923,4.869082529210165,2.0575818188723862,6.525093024038573,uniform,is,is,0,1,0
exp_threshold_sweep,0.5,2,n=2000|of=0.2|om=10.0|trial=2,outlier_grid,2000,2047600044,2004222102,1.7399890427199698,4.970317505328127,1.6625843671036404,4.302497582323786,uniform,is,is,0,1,0
exp_threshold_sweep,0.5,0,n=5000|of=0.0|om=2.0|trial=0,outlier_grid,5000,1358777732,185399592,0.7224807944290408,9.893139619301449,0.4486388397851059,2.584872456040791,uniform,uniform,uniform,0,0,0
exp_threshold_sweep,0.5,1,n=5000|of=0.0|om=2.0|trial=1,outlier_grid,5000,1358777733,186399595,0.6783674416504732,9.248645932905605,0.5532558978037442,2.9435071000481403,uniform,is,is,0,1,0
exp_threshold_sweep,0.5,2,n=5000|of=0.0|om=2.0|trial=2,outlier_grid,5000,1358777734,187399598,0.6974014263102107,8.500077009248255,0.4324593802044999,2.191744251066181,uniform,uniform,uniform,0,0,0
exp_threshold_sweep,0.5,0,n=5000|of=0.0|om=5.0|trial=0,outlier_grid,5000,63819438,710436768,0.6966704990056833,11.78855723114979,0.608786811478534,4.1220787856350904,uniform,is,is,0,1,0
exp_threshold_sweep,0.5,1,n=5000|of=0.0|om=5.0|trial=1,outlier_grid,5000,63819439,711436771,0.7020645774986704,10.493395057863204,0.646294960948388,3.550387553567098,uniform,is,is,0,1,0
exp_threshold_sweep,0.5,2,n=5000|of=0.0|om=5.0|trial=2,outlier_grid,5000,63819440,712436774,0.6964872202949357,12.14043386833435,0.6325997637877196,2.9781128624760274,uniform,is,is,0,1,0
exp_threshold_sweep,0.5,0,n=5000|of=0.0|om=10.0|trial=0,outlier_grid,5000,768867144,1585498728,0.6923142098960464,10.791047985600459,0.5765680849128542,2.9462787227103293,uniform,is,is,0,1,0
exp_threshold_sweep,0.5,1,n=5000|of=0.0|om=10.0|trial=1,outlier_grid,5000,768867145,1586498731,0.6749404683005831,10.377327086148796,0.7655073662692193,4.4670358190987285,uniform,is,is,0,1,0
exp_threshold_sweep,0.5,2,n=5000|of=0.0|om=10.0|trial=2,outlier_grid,5000,768867146,1587498734,0.7043250568842707,9.485986571983513,0.7324887684459371,4.963425009970584,uniform,is,is,0,1,0
exp_threshold_sweep,0.5,0,n=5000|of=0.01|om=2.0|trial=0,outlier_grid,5000,587433743,2091082614,0.7278048746693839,12.570758348270179,0.9709109322887157,6.649766802123403,uniform,is,is,0,1,0
exp_threshold_sweep,0.5,1,n=5000|of=0.01|om=2.0|trial=1,outlier_grid,5000,587433744,2092082617,0.6959390046794844,8.19052749199074,0.6845933953164107,3.2749870256642764,uniform,is,is,0,1,0
exp_threshold_sweep,0.5,2,n=5000|of=0.01|om=2.0|trial=2,outlier_grid,5000,587433745,2093082620,0.7275752487361427,11.991683623295147,0.6294627491262016,2.9101398327689374,uniform,is,is,0,1,0
exp_threshold_sweep,0.5,0,n=5000|of=0.01|om=5.0|trial=0,outlier_grid,5000,1439959096,468636143,1.1514945012448503,13.921170970329356,0.5681211877678337,3.752735503948173,uniform,is,is,0,1,0
exp_threshold_sweep,0.5,1,n=5000|of=0.01|om=5.0|trial=1,outlier_grid,5000,1439959097,469636146,1.1000620070210954,13.282787825099584,1.2498732925824825,9.111368052674928,uniform,is,is,0,1,0
exp_threshold_sweep,0.5,2,n=5000|of=0.01|om=5.0|trial=2,outlier_grid,5000,1439959098,470636149,1.169644960173019,14.047324928197764,1.721080406896016,9.503914523490929,uniform,is,is,0,1,0
exp_threshold_sweep,0.5,0,n=5000|of=0.01|om=10.0|trial=0,outlier_grid,5000,2145006802,1343698103,3.012040993380712,33.184170841399485,0.7483564826479763,4.285245990571491,is,is,is,1,0,0
exp_threshold_sweep,0.5,1,n=5000|of=0.01|om=10.0|trial=1,outlier_grid,5000,2145006803,1344698106,3.05512119238724,33.62125804296652,0.9613031318828953,6.792900486655944,is,is,is,1,0,0
exp_threshold_sweep,0.5,2,n=5000|of=0.01|om=10.0|trial=2,outlier_grid,5000,2145006804,1345698109,3.0106207049135034,32.90968384374054,0.5912230920244842,4.033183476743277,is,is,is,1,0,0
exp_threshold_sweep,0.5,0,n=5000|of=0.02|om=2.0|trial=0,outlier_grid,5000,1963573401,1849281989,0.6966747062003946,7.519776239119451,0.9516234067324957,6.7441357963039765,uniform,is,is,0,1,0
exp_threshold_sweep,0.5,1,n=5000|of=0.02|om=2.0|trial=1,outlier_grid,5000,1963573402,1850281992,0.7118330565326979,11.001515450812754,0.5576799225734306,2.717677904392127,uniform,is,is,0,1,0
exp_threshold_sweep,0.5,2,n=5000|of=0.02|om=2.0|trial=2,outlier_grid,5000,1963573403,1851281995,0.65806351816426,9.25657713996702,0.4472394723461227,2.6324087186905003,uniform,uniform,uniform,0,0,0
exp_threshold_sweep,0.5,0,n=5000|of=0.02|om=5.0|trial=0,outlier_grid,5000,668615107,226835518,1.324498034040619,12.321985384365552,0.815365767487658,5.23857459510588,uniform,is,is,0,1,0
exp_threshold_sweep,0.5,1,n=5000|of=0.02|om=5.0|trial=1,outlier_grid,5000,668615108,227835521,1.3258723349377788,12.187571001132723,1.5739485044982906,9.256617890785538,uniform,is,is,0,1,0
exp_threshold_sweep,0.5,2,n=5000|of=0.02|om=5.0|trial=2,outlier_grid,5000,668615109,228835524,1.3582145587406718,12.411829353085658,1.006922339138419,6.416015028767191,uniform,is,is,0,1,0
exp_threshold_sweep,0.5,0,n=5000|of=0.02|om=10.0|trial=0,outlier_grid,5000,1373662813,1101897478,3.273305510801266,25.581420388004364,3.046175055374048,15.67971713767024,is,is,is,1,0,0
exp_threshold_sweep,0.5,1,n=5000|of=0.02|om=10.0|trial=1,outlier_grid,5000,1373662814,1102897481,3.270192893939796,25.42383972037984,3.1150742563029117,16.40224474206916,is,is,is,1,0,0
exp_threshold_sweep,0.5,2,n=5000|of=0.02|om=10.0|trial=2,outlier_grid,5000,1373662815,1103897484,3.2584141459449203,25.386482551776233,3.1365856249480735,16.700249173838543,is,is,is,1,0,0
exp_threshold_sweep,0.5,0,n=5000|of=0.05|om=2.0|trial=0,outlier_grid,5000,1797025081,1123880114,0.6808824421638225,9.063293680601529,0.6704968855864104,3.97912683163259,uniform,is,is,0,1,0
exp_threshold_sweep,0.5,1,n=5000|of=0.05|om=2.0|trial=1,outlier_grid,5000,1797025082,1124880117,0.6814735797847691,8.168079323694936,0.5970889446530357,3.0202777888577197,uniform,is,is,0,1,0
exp_threshold_sweep,0.5,2,n=5000|of=0.05|om=2.0|trial=2,outlier_grid,5000,1797025083,1125880120,0.6730762768779296,7.51328610662532,0.6640731746834492,4.046267052140651,uniform,is,is,0,1,0
exp_threshold_sweep,0.5,0,n=5000|of=0.05|om=5.0|trial=0,outlier_grid,5000,502066787,1648917290,1.5610511723927194,9.482297366454727,1.6772203209337342,9.115754859229668,uniform,is,is,0,1,0
exp_threshold_sweep,0.5,1,n=5000|of=0.05|om=5.0|trial=1,outlier_grid,5000,502066788,1649917293,1.5983515327881193,10.05179141412876,1.7554621749101247,7.24033943956772,uniform,is,is,0,1,0
exp_threshold_sweep,0.5,2,n=5000|of=0.05|om=5.0|trial=2,outlier_grid,5000,502066789,1650917296,1.564054233622819,9.903368559014538,1.622630102478952,5.962983107870528,uniform,is,is,0,1,0
exp_threshold_sweep,0.5,0,n=5000|of=0.05|om=10.0|trial=0,outlier_grid,5000,1207114493,376495603,3.0064614329892705,15.45576789854595,2.704377578197975,10.830149346627001,is,is,is,1,0,0
exp_threshold_sweep,0.5,1,n=5000|of=0.05|om=10.0|trial=1,outlier_grid,5000,1207114494,377495606,2.975958669383625,15.516826552718598,2.9114958585044923,12.490984879727977,is,is,is,1,0,0
exp_threshold_sweep,0.5,2,n=5000|of=0.05|om=10.0|trial=2,outlier_grid,5000,1207114495,378495609,2.994754765488841,15.286751648815459,0.550565551042951,3.169982803118069,is,is,is,1,0,0
exp_threshold_sweep,0.5,0,n=5000|of=0.1|om=2.0|trial=0,outlier_grid,5000,87788783,2062360636,0.6452892873409604,7.975916618900835,0.9868876391383973,7.154424908004009,uniform,is,is,0,1,0
exp_threshold_sweep,0.5,1,n=5000|of=0.1|om=2.0|trial=1,outlier_grid,5000,87788784,2063360639,0.6342794906340355,7.439749972949388,0.5040118355252438,2.667413210961817,uniform,is,is,0,1,0
exp_threshold_sweep,0.5,2,n=5000|of=0.1|om=2.0|trial=2,outlier_grid,5000,87788785,2064360642,0.6753511690743486,10.273263459798766,0.6237550676947502,3.6630558055097446,uniform,is,is,0,1,0
exp_threshold_sweep,0.5,0,n=5000|of=0.1|om=5.0|trial=0,outlier_grid,5000,940314136,439914165,1.5642034237759075,7.461215325213151,1.469615200634466,6.086143739213285,uniform,is,is,0,1,0
exp_threshold_sweep,0.5,1,n=5000|of=0.1|om=5.0|trial=1,outlier_grid,5000,940314137,440914168,1.6069129255861263,7.627573339463385,1.6507672998115204,8.18494420737055,uniform,is,is,0,1,0
exp_threshold_sweep,0.5,2,n=5000|of=0.1|om=5.0|trial=2,outlier_grid,5000,940314138,441914171,1.5835535573326203,7.463665704236842,1.6392715865097496,5.876439714030102,uniform,is,is,0,1,0
exp_threshold_sweep,0.5,0,n=5000|of=0.1|om=10.0|trial=0,outlier_grid,5000,1645361842,1314976125,2.4387528204411435,9.085143647908605,2.6961191077384914,10.257719883655279,is,is,is,0,0,0
exp_threshold_sweep,0.5,1,n=5000|of=0.1|om=10.0|trial=1,outlier_grid,5000,1645361843,1315976128,2.44827057345472,9.074192457210252,2.6556720782835366,10.180466559870206,is,is,is,1,0,0
exp_threshold_sweep,0.5,2,n=5000|of=0.1|om=10.0|trial=2,outlier_grid,5000,1645361844,1316976131,2.4335609917695766,9.037567396165114,2.25631386944039,7.364260969327502,is,is,is,0,0,0
exp_threshold_sweep,0.5,0,n=5000|of=0.2|om=2.0|trial=0,outlier_grid,5000,964283481,1791838033,0.6519470284472162,8.754530513444111,0.6053740916948072,2.4289352055261295,uniform,is,is,0,1,0
exp_threshold_sweep,0.5,1,n=5000|of=0.2|om=2.0|trial=1,outlier_grid,5000,964283482,1792838036,0.6299048125270215,10.880578863376364,0.582150393618984,3.055066253336794,uniform,is,is,0,1,0
exp_threshold_sweep,0.5,2,n=5000|of=0.2|om=2.0|trial=2,outlier_grid,5000,964283483,1793838039,0.6870579308218044,13.544762416249597,0.6987153769802108,3.721665424777614,uniform,is,is,0,1,0
exp_threshold_sweep,0.5,0,n=5000|of=0.2|om=5.0|trial=0,outlier_grid,5000,1816808834,169391562,1.3838458656873216,5.062593836717688,1.5957943357839597,5.627273215145811,uniform,is,is,0,1,0
exp_threshold_sweep,0.5,1,n=5000|of=0.2|om=5.0|trial=1,outlier_grid,5000,1816808835,170391565,1.398083832516939,5.098880683600188,1.5139950936337432,5.898138955072077,uniform,is,is,0,1,0
exp_threshold_sweep,0.5,2,n=5000|of=0.2|om=5.0|trial=2,outlier_grid,5000,1816808836,171391568,1.3909424378180453,5.143704401559593,1.4170947250149357,4.505769450603147,uniform,is,is,0,1,0
exp_threshold_sweep,0.5,0,n=5000|of=0.2|om=10.0|trial=0,outlier_grid,5000,374372893,1044453522,1.7911999033758386,5.04722867967325,1.8142117743443522,4.884229893380646,is,is,is,0,0,0
exp_threshold_sweep,0.5,1,n=5000|of=0.2|om=10.0|trial=1,outlier_grid,5000,374372894,1045453525,1.7925498435757545,5.031734118828527,2.0473448350777566,6.405232990815108,is,is,is,0,0,0
exp_threshold_sweep,0.5,2,n=5000|of=0.2|om=10.0|trial=2,outlier_grid,5000,374372895,1046453528,1.799646793110485,5.033057676968276,1.7288698975518593,4.654471415205209,is,is,is,0,0,0
exp_threshold_sweep,0.7368421052631579,0,n=1000|of=0.0|om=2.0|trial=0,outlier_grid,1000,1442263617,746596476,0.617599978331471,6.544485015745742,0.5009574648930168,2.4764433476061005,uniform,uniform_exact,uniform,0,0,0
exp_threshold_sweep,0.7368421052631579,1,n=1000|of=0.0|om=2.0|trial=1,outlier_grid,1000,1442263618,747596479,0.7016203194983847,6.4257658382788225,0.6567604985290666,3.5089986373023563,uniform,uniform_exact,uniform,0,0,0
exp_threshold_sweep,0.7368421052631579,2,n=1000|of=0.0|om=2.0|trial=2,outlier_grid,1000,1442263619,748596482,0.633503586176026,5.578210996800821,0.5289288438086506,2.9701751729821435,uniform,uniform_exact,uniform,0,0,0
exp_threshold_sweep,0.7368421052631579,0,n=1000|of=0.0|om=5.0|trial=0,outlier_grid,1000,147305323,1271633652,0.6607087487078306,6.077985671873188,0.5078631734199921,2.672839683009822,uniform,uniform_exact,uniform,0,0,0
exp_threshold_sweep,0.7368421052631579,1,n=1000|of=0.0|om=5.0|trial=1,outlier_grid,1000,147305324,1272633655,0.6504739835154975,5.5695015501111715,0.586071231424143,2.5891120848633804,uniform,uniform_exact,uniform,0,0,0
exp_threshold_sweep,0.7368421052631579,2,n=1000|of=0.0|om=5.0|trial=2,outlier_grid,1000,147305325,1273633658,0.6694892343956219,5.3838442549691585,0.9110161988668569,4.445674569145702,uniform,is,is,0,1,0
exp_threshold_sweep,0.7368421052631579,0,n=1000|of=0.0|om=10.0|trial=0,outlier_grid,1000,852353029,2146695612,0.6398166324088268,6.140337691272391,0.6447095806923951,3.425493878848147,uniform,uniform_exact,uniform,0,0,0
exp_threshold_sweep,0.7368421052631579,1,n=1000|of=0.0|om=10.0|trial=1,outlier_grid,1000,852353030,211968,0.6645481406412764,5.726033896808133,0.48295240086420327,2.6928791994354895,uniform,uniform_exact,uniform,0,0,0
exp_threshold_sweep,0.7368421052631579,2,n=1000|of=0.0|om=10.0|trial=2,outlier_grid,1000,852353031,1211971,0.6625855174916219,6.889022080403152,0.6734381979668513,3.1658954075672168,uniform,uniform_exact,uniform,0,0,0
exp_threshold_sweep,0.7368421052631579,0,n=1000|of=0.01|om=2.0|trial=0,outlier_grid,1000,670919628,504795851,0.6194948810036581,4.431036671722072,0.8638753236529296,4.005513654011819,uniform,is,is,0,1,0
exp_threshold_sweep,0.7368421052631579,1,n=1000|of=0.01|om=2.0|trial=1,outlier_grid,1000,670919629,505795854,0.6419604984348997,5.780451621515172,0.5380304241857251,2.5394761094368956,uniform,uniform_exact,uniform,0,0,0
exp_threshold_sweep,0.7368421052631579,2,n=1000|of=0.01|om=2.0|trial=2,outlier_grid,1000,670919630,506795857,0.6478534945181104,7.295799872829969,0.7272874552356333,4.315240699336909,uniform,uniform_exact,uniform,0,0,0
exp_threshold_sweep,0.7368421052631579,0,n=1000|of=0.01|om=5.0|trial=0,outlier_grid,1000,1523444981,1029833027,0.9275708025452007,9.067911114745035,0.5911567172335358,2.9839239796693677,uniform,uniform_exact,uniform,0,0,0
exp_threshold_sweep,0.7368421052631579,1,n=1000|of=0.01|om=5.0|trial=1,outlier_grid,1000,1523444982,1030833030,0.8826442516694574,9.20078801072338,0.6286166768739745,3.4160912469376807,uniform,uniform_exact,uniform,0,0,0
exp_threshold_sweep,0.7368421052631579,2,n=1000|of=0.01|om=5.0|trial=2,outlier_grid,1000,1523444983,1031833033,0.8944373892679047,9.492564196854993,0.614874331901234,2.689281530134212,uniform,uniform_exact,uniform,0,0,0
exp_threshold_sweep,0.7368421052631579,0,n=1000|of=0.01|om=10.0|trial=0,outlier_grid,1000,81009040,1904894987,2.1600848596659037,23.591190740265375,2.522231270659256,18.139454406120443,uniform,is,is,0,1,0
exp_threshold_sweep,0.7368421052631579,1,n=1000|of=0.01|om=10.0|trial=1,outlier_grid,1000,81009041,1905894990,2.186629044024305,23.67565527185168,2.475346436166585,17.929801609932483,uniform,is,is,0,1,0
exp_threshold_sweep,0.7368421052631579,2,n=1000|of=0.01|om=10.0|trial=2,outlier_grid,1000,81009042,1906894993,2.202788337834508,23.474969597415352,0.47677456451854167,2.199341651263908,uniform,uniform_exact,uniform,1,0,0
exp_threshold_sweep,0.7368421052631579,0,n=1000|of=0.02|om=2.0|trial=0,outlier_grid,1000,2047059286,262995226,0.668926440883736,6.047119721303887,0.7594401201727371,4.16059977810575,uniform,is,is,0,1,0
exp_threshold_sweep,0.7368421052631579,1,n=1000|of=0.02|om=2.0|trial=1,outlier_grid,1000,2047059287,263995229,0.6096939094021688,4.754850690421404,0.6435613097527058,3.5895391609291143,uniform,uniform_exact,uniform,0,0,0
exp_threshold_sweep,0.7368421052631579,2,n=1000|of=0.02|om=2.0|trial=2,outlier_grid,1000,2047059288,264995232,0.619980694353103,5.711189635441723,0.52274046137631,2.7614990445732843,uniform,uniform_exact,uniform,0,0,0
exp_threshold_sweep,0.7368421052631579,0,n=1000|of=0.02|om=5.0|trial=0,outlier_grid,1000,752100992,788032402,1.0363964890753734,8.83629684462703,1.230982961376358,6.649040051764601,uniform,is,is,0,1,0
exp_threshold_sweep,0.7368421052631579,1,n=1000|of=0.02|om=5.0|trial=1,outlier_grid,1000,752100993,789032405,1.0808453099122093,9.327938871539764,1.1607212159059928,6.566718557699716,uniform,is,is,0,1,0
exp_threshold_sweep,0.7368421052631579,2,n=1000|of=0.02|om=5.0|trial=2,outlier_grid,1000,752100994,790032408,1.0555990939448983,9.079803243418585,1.1241985256153924,5.791137273639493,uniform,is,is,0,1,0
exp_threshold_sweep,0.7368421052631579,0,n=1000|of=0.02|om=10.0|trial=0,outlier_grid,1000,1457148698,1663094362,2.4223349633420703,19.324723385669508,2.028747240327567,14.474170104594688,uniform,is,is,1,1,0
exp_threshold_sweep,0.7368421052631579,1,n=1000|of=0.02|om=10.0|trial=1,outlier_grid,1000,1457148699,1664094365,2.4594205603819232,19.349043540692758,2.529500098493175,18.325738259609373,uniform,is,is,1,1,0
exp_threshold_sweep,0.7368421052631579,2,n=1000|of=0.02|om=10.0|trial=2,outlier_grid,1000,1457148700,1665094368,2.441556227376376,19.145175988469532,2.403389985570248,12.90785646259174,uniform,is,is,1,1,0
exp_threshold_sweep,0.7368421052631579,0,n=1000|of=0.05|om=2.0|trial=0,outlier_grid,1000,1880510966,1685076998,0.6787566315775071,6.9795351614658365,0.5299578009399325,3.0060098991100412,uniform,uniform_exact,uniform,0,0,0
exp_threshold_sweep,0.7368421052631579,1,n=1000|of=0.05|om=2.0|trial=1,outlier_grid,1000,1880510967,1686077001,0.6273247767797993,5.416408240314115,0.6893904390233391,4.031949862988416,uniform,uniform_exact,uniform,0,0,0
exp_threshold_sweep,0.7368421052631579,2,n=1000|of=0.05|om=2.0|trial=2,outlier_grid,1000,1880510968,1687077004,0.6436184853347732,6.685255422490038,0.6865780887930978,4.247554745950631,uniform,uniform_exact,uniform,0,0,0
exp_threshold_sweep,0.7368421052631579,0,n=1000|of=0.05|om=5.0|trial=0,outlier_grid,1000,585552672,62630527,1.322654341020879,7.809373922547658,1.243584488303826,6.515271094987754,uniform,is,is,0,1,0
exp_threshold_sweep,0.7368421052631579,1,n=1000|of=0.05|om=5.0|trial=1,outlier_grid,1000,585552673,63630530,1.2985808873964355,8.313744404611858,0.6561404584946673,4.192373968307694,uniform,uniform_exact,uniform,0,0,0
exp_threshold_sweep,0.7368421052631579,2,n=1000|of=0.05|om=5.0|trial=2,outlier_grid,1000,585552674,64630533,1.208561744925839,7.712949719548932,1.331184904464467,6.353085549620888,uniform,is,is,0,1,0
exp_threshold_sweep,0.7368421052631579,0,n=1000|of=0.05|om=10.0|trial=0,outlier_grid,1000,1290600378,937692487,2.507398434602011,12.789785607408268,2.2663228886673963,8.168523744143288,uniform,is,is,1,1,0
exp_threshold_sweep,0.7368421052631579,1,n=1000|of=0.05|om=10.0|trial=1,outlier_grid,1000,1290600379,938692490,2.520669114923294,12.78671987327333,2.5434064842117086,18.471885441065353,uniform,is,is,1,1,0
exp_threshold_sweep,0.7368421052631579,2,n=1000|of=0.05|om=10.0|trial=2,outlier_grid,1000,1290600380,939692493,2.49068495781207,12.596211278828237,2.3028612289124997,12.265606008140356,uniform,is,is,1,1,0
exp_threshold_sweep,0.7368421052631579,0,n=1000|of=0.1|om=2.0|trial=0,outlier_grid,1000,171274668,476073873,0.6524098435515786,7.086241475883487,0.6178485313992155,3.08382405044955,uniform,uniform_exact,uniform,0,0,0
exp_threshold_sweep,0.7368421052631579,1,n=1000|of=0.1|om=2.0|trial=1,outlier_grid,1000,171274669,477073876,0.581167313005821,6.085439413528287,0.6267300178022776,3.137333446868537,uniform,uniform_exact,uniform,0,0,0
exp_threshold_sweep,0.7368421052631579,2,n=1000|of=0.1|om=2.0|trial=2,outlier_grid,1000,171274670,478073879,0.6984683097008569,7.200833170425255,0.8112245420748916,3.950891915609541,uniform,is,is,0,1,0
exp_threshold_sweep,0.7368421052631579,0,n=1000|of=0.1|om=5.0|trial=0,outlier_grid,1000,1023800021,1001111049,1.3537758517722411,6.291632634044208,0.9865615326230991,5.009742996016623,uniform,is,is,0,1,0
exp_threshold_sweep,0.7368421052631579,1,n=1000|of=0.1|om=5.0|trial=1,outlier_grid,1000,1023800022,1002111052,1.367532997551312,6.235878482522877,1.2368575087876952,4.209700024218911,uniform,is,is,0,1,0
exp_threshold_sweep,0.7368421052631579,2,n=1000|of=0.1|om=5.0|trial=2,outlier_grid,1000,1023800023,1003111055,1.3274574831627268,6.042607423381932,1.2799981566821252,6.06070703081722,uniform,is,is,0,1,0
exp_threshold_sweep,0.7368421052631579,0,n=1000|of=0.1|om=10.0|trial=0,outlier_grid,1000,1728847727,1876173009,2.1745485439283283,8.206958182334139,1.8183534805727894,5.210854337270018,uniform,is,is,0,1,0
exp_threshold_sweep,0.7368421052631579,1,n=1000|of=0.1|om=10.0|trial=1,outlier_grid,1000,1728847728,1877173012,2.2071501455785794,8.244504029581895,2.125763758704737,7.259483189676921,uniform,is,is,1,1,0
exp_threshold_sweep,0.7368421052631579,2,n=1000|of=0.1|om=10.0|trial=2,outlier_grid,1000,1728847729,1878173015,2.2131805137021714,8.13937339152958,2.5746707082097076,18.60401567036923,uniform,is,is,1,1,0
exp_threshold_sweep,0.7368421052631579,0,n=1000|of=0.2|om=2.0|trial=0,outlier_grid,1000,1047769366,205551270,0.596226390605092,7.59566327931635,0.4611990299782912,3.2429299395490565,uniform,uniform_exact,uniform,0,0,0
exp_threshold_sweep,0.7368421052631579,1,n=1000|of=0.2|om=2.0|trial=1,outlier_grid,1000,1047769367,206551273,0.5707637716995058,4.76013034379612,0.4660916985752418,2.726344102347806,uniform,uniform_exact,uniform,0,0,0
exp_threshold_sweep,0.7368421052631579,2,n=1000|of=0.2|om=2.0|trial=2,outlier_grid,1000,1047769368,207551276,0.6082008942884182,5.59710910895369,0.62128402215284,3.512030677991317,uniform,uniform_exact,uniform,0,0,0
exp_threshold_sweep,0.7368421052631579,0,n=1000|of=0.2|om=5.0|trial=0,outlier_grid,1000,1900294719,730588446,1.2128763710131376,4.437108297044463,1.187914298617869,4.501881453295681,uniform,is,is,0,1,0
exp_threshold_sweep,0.7368421052631579,1,n=1000|of=0.2|om=5.0|trial=1,outlier_grid,1000,1900294720,731588449,1.222022170293529,4.453870144522961,1.3314804312736028,5.293258120520515,uniform,is,is,0,1,0
exp_threshold_sweep,0.7368421052631579,2,n=1000|of=0.2|om=5.0|trial=2,outlier_grid,1000,1900294721,732588452,1.2283430251331136,4.34226493758284,1.1615771247739306,3.846883057417624,uniform,is,is,0,1,0
exp_threshold_sweep,0.7368421052631579,0,n=1000|of=0.2|om=10.0|trial=0,outlier_grid,1000,457858778,1605650406,1.6822322474532947,4.785774324099834,1.7035046376296368,4.614438269393734,uniform,is,is,0,1,0
exp_threshold_sweep,0.7368421052631579,1,n=1000|of=0.2|om=10.0|trial=1,outlier_grid,1000,457858779,1606650409,1.6828609678688584,4.797205593998007,1.6634451317325694,4.618116054136769,uniform,is,is,0,1,0
exp_threshold_sweep,0.7368421052631579,2,n=1000|of=0.2|om=10.0|trial=2,outlier_grid,1000,457858780,1607650412,1.6824444119691087,4.694431122747657,1.8508108258896163,5.0816402462190515,uniform,is,is,0,1,0
exp_threshold_sweep,0.7368421052631579,0,n=2000|of=0.0|om=2.0|trial=0,outlier_grid,2000,884521234,1143168167,0.6437859806065077,7.26494190000632,0.5223982936860928,2.86049444395638,uniform,uniform_exact,uniform,0,0,0
exp_threshold_sweep,0.7368421052631579,1,n=2000|of=0.0|om=2.0|trial=1,outlier_grid,2000,884521235,1144168170,0.6783226328241753,6.987718128416362,0.5638096900315354,2.86929569760769,uniform,uniform_exact,uniform,0,0,0
exp_threshold_sweep,0.7368421052631579,2,n=2000|of=0.0|om=2.0|trial=2,outlier_grid,2000,884521236,1145168173,0.7008485258315146,10.87323753149392,0.6944360035619949,3.2950498848677428,uniform,uniform_exact,uniform,0,0,0
exp_threshold_sweep,0.7368421052631579,0,n=2000|of=0.0|om=5.0|trial=0,outlier_grid,2000,1737046587,1668205343,0.6647636523552978,9.371015606248461,0.6455275693187071,3.069922801504135,uniform,uniform_exact,uniform,0,0,0
exp_threshold_sweep,0.7368421052631579,1,n=2000|of=0.0|om=5.0|trial=1,outlier_grid,2000,1737046588,1669205346,0.6503303945228937,7.618833107152736,0.49230432667512974,2.8452051432966012,uniform,uniform_exact,uniform,0,0,0
exp_threshold_sweep,0.7368421052631579,2,n=2000|of=0.0|om=5.0|trial=2,outlier_grid,2000,1737046589,1670205349,0.7116392058914187,10.837519913683188,0.6332166618362813,3.4698559079105245,uniform,uniform_exact,uniform,0,0,0
exp_threshold_sweep,0.7368421052631579,0,n=2000|of=0.0|om=10.0|trial=0,outlier_grid,2000,294610646,395783656,0.6984542271619008,9.191213698217632,0.45873074056309987,2.039155639691316,uniform,uniform_exact,uniform,0,0,0
exp_threshold_sweep,0.7368421052631579,1,n=2000|of=0.0|om=10.0|trial=1,outlier_grid,2000,294610647,396783659,0.6531760108020092,9.05950966881119,0.6784519203455545,2.8228756931004364,uniform,uniform_exact,uniform,0,0,0
exp_threshold_sweep,0.7368421052631579,2,n=2000|of=0.0|om=10.0|trial=2,outlier_grid,2000,294610648,397783662,0.6722700999610615,5.917746054892996,0.6553353812871636,3.7656773135502952,uniform,uniform_exact,uniform,0,0,0
exp_threshold_sweep,0.7368421052631579,0,n=2000|of=0.01|om=2.0|trial=0,outlier_grid,2000,113177245,901367542,0.7041455345419971,8.158001271669198,0.5924546745134169,3.006538216334504,uniform,uniform_exact,uniform,0,0,0
exp_threshold_sweep,0.7368421052631579,1,n=2000|of=0.01|om=2.0|trial=1,outlier_grid,2000,113177246,902367545,0.6776575995706522,7.229319530734069,0.6967940180688643,3.9621515345634895,uniform,uniform_exact,uniform,0,0,0
exp_threshold_sweep,0.7368421052631579,2,n=2000|of=0.01|om=2.0|trial=2,outlier_grid,2000,113177247,903367548,0.6623640231431586,9.28680597708695,0.5498849822298828,2.72835788615603,uniform,uniform_exact,uniform,0,0,0
exp_threshold_sweep,0.7368421052631579,0,n=2000|of=0.01|om=5.0|trial=0,outlier_grid,2000,965702598,1426404718,0.9816612409123018,11.124163624423396,1.1477103512222342,7.859358853781734,uniform,is,is,0,1,0
exp_threshold_sweep,0.7368421052631579,1,n=2000|of=0.01|om=5.0|trial=1,outlier_grid,2000,965702599,1427404721,1.019893147231907,10.771710935140439,0.9060015896665433,4.939151906750047,uniform,is,is,0,1,0
exp_threshold_sweep,0.7368421052631579,2,n=2000|of=0.01|om=5.0|trial=2,outlier_grid,2000,965702600,1428404724,1.0038984191058524,11.152323945467518,0.6389049273039942,2.9597510935140887,uniform,uniform_exact,uniform,0,0,0
exp_threshold_sweep,0.7368421052631579,0,n=2000|of=0.01|om=10.0|trial=0,outlier_grid,2000,1670750304,153983031,2.485939595674491,27.10730987984548,0.4994924402996299,2.6032676231805656,uniform,uniform_exact,uniform,1,0,0
exp_threshold_sweep,0.7368421052631579,1,n=2000|of=0.01|om=10.0|trial=1,outlier_grid,2000,1670750305,154983034,2.4574092914423638,26.830979453268434,2.7073480661883997,19.585759872887095,uniform,is,is,1,1,0
exp_threshold_sweep,0.7368421052631579,2,n=2000|of=0.01|om=10.0|trial=2,outlier_grid,2000,1670750306,155983037,2.4875934157876274,27.001639859771334,3.1113957499177856,22.41351536576066,uniform,is,is,1,1,0
exp_threshold_sweep,0.7368421052631579,0,n=2000|of=0.02|om=2.0|trial=0,outlier_grid,2000,1489316903,659566917,0.6522247884106012,6.7974888408872705,0.621392537356183,2.672902345494223,uniform,uniform_exact,uniform,0,0,0
exp_threshold_sweep,0.7368421052631579,1,n=2000|of=0.02|om=2.0|trial=1,outlier_grid,2000,1489316904,660566920,0.708592555862065,7.3196862152942685,0.8480749579252298,4.338569854969056,uniform,is,is,0,1,0
exp_threshold_sweep,0.7368421052631579,2,n=2000|of=0.02|om=2.0|trial=2,outlier_grid,2000,1489316905,661566923,0.6266465193598646,6.766098028970186,0.45326652053064365,2.23614856857133,uniform,uniform_exact,uniform,0,0,0
exp_threshold_sweep,0.7368421052631579,0,n=2000|of=0.02|om=5.0|trial=0,outlier_grid,2000,194358609,1184604093,1.187664640127493,10.482197021947206,1.4555980499309422,10.436048911399626,uniform,is,is,0,1,0
exp_threshold_sweep,0.7368421052631579,1,n=2000|of=0.02|om=5.0|trial=1,outlier_grid,2000,194358610,1185604096,1.169122399391696,10.541280528053289,1.1595498064444458,8.14720415266202,uniform,is,is,0,1,0
exp_threshold_sweep,0.7368421052631579,2,n=2000|of=0.02|om=5.0|trial=2,outlier_grid,2000,194358611,1186604099,1.2297958209577402,10.40504305776103,1.5648756227253589,8.671735673643273,uniform,is,is,0,1,0
exp_threshold_sweep,0.7368421052631579,0,n=2000|of=0.02|om=10.0|trial=0,outlier_grid,2000,899406315,2059666053,2.869439534666998,22.1660269939405,2.773655165958379,19.955395487013174,uniform,is,is,1,1,0
exp_threshold_sweep,0.7368421052631579,1,n=2000|of=0.02|om=10.0|trial=1,outlier_grid,2000,899406316,2060666056,2.804968516663726,22.06499967036417,0.7305431929009513,3.6528821419369226,uniform,uniform_exact,uniform,1,0,0
exp_threshold_sweep,0.7368421052631579,2,n=2000|of=0.02|om=10.0|trial=2,outlier_grid,2000,899406317,2061666059,2.735942484849644,21.257719756855096,2.4098290050005295,16.94809009517816,uniform,is,is,1,1,0
exp_threshold_sweep,0.7368421052631579,0,n=2000|of=0.05|om=2.0|trial=0,outlier_grid,2000,1322768583,2081648689,0.65141260441657,7.2644391200920655,0.6066542732400553,3.0653499794973937,uniform,uniform_exact,uniform,0,0,0
exp_threshold_sweep,0.7368421052631579,1,n=2000|of=0.05|om=2.0|trial=1,outlier_grid,2000,1322768584,2082648692,0.6410291195607866,6.374989174742897,0.5326095593087571,3.9132194293768108,uniform,uniform_exact,uniform,0,0,0
exp_threshold_sweep,0.7368421052631579,2,n=2000|of=0.05|om=2.0|trial=2,outlier_grid,2000,1322768585,2083648695,0.6227487686611384,6.430958934057433,0.7620377357681452,5.1712907472458935,uniform,is,is,0,1,0
exp_threshold_sweep,0.7368421052631579,0,n=2000|of=0.05|om=5.0|trial=0,outlier_grid,2000,27810289,459202218,1.358269331673104,8.966713358539577,1.3380195759703903,6.5123527407060475,uniform,is,is,0,1,0
exp_threshold_sweep,0.7368421052631579,1,n=2000|of=0.05|om=5.0|trial=1,outlier_grid,2000,27810290,460202221,1.3763076923974027,8.285852764690443,1.4077785333345387,5.560268824739433,uniform,is,is,0,1,0
exp_threshold_sweep,0.7368421052631579,2,n=2000|of=0.05|om=5.0|trial=2,outlier_grid,2000,27810291,461202224,1.4611702597146317,9.106720084066147,1.6619662304708773,9.282742456639957,uniform,is,is,0,1,0
exp_threshold_sweep,0.7368421052631579,0,n=2000|of=0.05|om=10.0|trial=0,outlier_grid,2000,732857995,1334264178,2.7142794007709448,13.745211635687745,2.553617737592253,11.366172529830472,uniform,is,is,1,1,0
exp_threshold_sweep,0.7368421052631579,1,n=2000|of=0.05|om=10.0|trial=1,outlier_grid,2000,732857996,1335264181,2.726308523162901,13.889554001701725,2.9308965465675145,21.1951832081447,uniform,is,is,1,1,0
exp_threshold_sweep,0.7368421052631579,2,n=2000|of=0.05|om=10.0|trial=2,outlier_grid,2000,732857997,1336264184,2.7326270401993864,13.72668609604081,1.8705361367909306,5.254469641091536,uniform,is,is,1,1,0
exp_threshold_sweep,0.7368421052631579,0,n=2000|of=0.1|om=2.0|trial=0,outlier_grid,2000,1761015932,872645564,0.5866904178552818,6.882127609815075,0.5621670653961837,2.3358764255688746,uniform,uniform_exact,uniform,0,0,0
exp_threshold_sweep,0.7368421052631579,1,n=2000|of=0.1|om=2.0|trial=1,outlier_grid,2000,1761015933,873645567,0.6805166058317258,7.844182030189697,0.586049074967476,2.8751296958825474,uniform,uniform_exact,uniform,0,0,0
exp_threshold_sweep,0.7368421052631579,2,n=2000|of=0.1|om=2.0|trial=2,outlier_grid,2000,1761015934,874645570,0.6075248895724128,8.488601778181627,0.47676878004261297,2.512597191790799,uniform,uniform_exact,uniform,0,0,0
exp_threshold_sweep,0.7368421052631579,0,n=2000|of=0.1|om=5.0|trial=0,outlier_grid,2000,466057638,1397682740,1.4612428196080953,6.753627793666996,1.4554282700436687,7.18559066623578,uniform,is,is,0,1,0
exp_threshold_sweep,0.7368421052631579,1,n=2000|of=0.1|om=5.0|trial=1,outlier_grid,2000,466057639,1398682743,1.4764441467779024,6.956174126191189,1.4623913999167715,5.416051188965469,uniform,is,is,0,1,0
exp_threshold_sweep,0.7368421052631579,2,n=2000|of=0.1|om=5.0|trial=2,outlier_grid,2000,466057640,1399682746,1.4190922443740461,6.741387981806074,1.501238463796418,5.5060026810099005,uniform,is,is,0,1,0
exp_threshold_sweep,0.7368421052631579,0,n=2000|of=0.1|om=10.0|trial=0,outlier_grid,2000,1171105344,125261053,2.301445779003562,8.777361115865295,2.365270245465232,8.327959933482582,uniform,is,is,0,1,0
exp_threshold_sweep,0.7368421052631579,1,n=2000|of=0.1|om=10.0|trial=1,outlier_grid,2000,1171105345,126261056,2.3152827988189686,8.658788130102245,2.537729830715797,10.1422347709204,uniform,is,is,1,1,0
exp_threshold_sweep,0.7368421052631579,2,n=2000|of=0.1|om=10.0|trial=2,outlier_grid,2000,1171105346,127261059,2.30933321640677,8.687845653682372,1.7752854201509596,4.643252703767617,uniform,is,is,1,1,0
exp_threshold_sweep,0.7368421052631579,0,n=2000|of=0.2|om=2.0|trial=0,outlier_grid,2000,490026983,602122961,0.5915941849529013,6.747218403782818,0.44450438050282587,2.5865042580788127,uniform,uniform,uniform,0,0,0
exp_threshold_sweep,0.7368421052631579,1,n=2000|of=0.2|om=2.0|trial=1,outlier_grid,2000,490026984,603122964,0.5845956482433441,7.133862103294786,0.5424264531430301,2.779062279661228,uniform,uniform_exact,uniform,0,0,0
exp_threshold_sweep,0.7368421052631579,2,n=2000|of=0.2|om=2.0|trial=2,outlier_grid,2000,490026985,604122967,0.6364016724628121,6.162099158324124,0.8384987103842387,5.881697444869791,uniform,is,is,0,1,0
exp_threshold_sweep,0.7368421052631579,0,n=2000|of=0.2|om=5.0|trial=0,outlier_grid,2000,1342552336,1127160137,1.2983740571519216,4.789065542177101,1.2109793526114327,3.5904312988058478,uniform,is,is,0,1,0
exp_threshold_sweep,0.7368421052631579,1,n=2000|of=0.2|om=5.0|trial=1,outlier_grid,2000,1342552337,1128160140,1.3147579288921611,4.448881049791875,1.284039087687658,3.9851207932334622,uniform,is,is,0,1,0
exp_threshold_sweep,0.7368421052631579,2,n=2000|of=0.2|om=5.0|trial=2,outlier_grid,2000,1342552338,1129160143,1.3083480127020897,4.637299734571176,1.4015062259440423,5.440301998599012,uniform,is,is,0,1,0
exp_threshold_sweep,0.7368421052631579,0,n=2000|of=0.2|om=10.0|trial=0,outlier_grid,2000,2047600042,2002222097,1.7372109637686688,4.909762302581473,1.5663614083816655,3.9353575682805104,uniform,is,is,0,1,0
exp_threshold_sweep,0.7368421052631579,1,n=2000|of=0.2|om=10.0|trial=1,outlier_grid,2000,2047600043,2003222100,1.7421178180833923,4.869082529210165,2.0284392471364363,6.413893089263946,uniform,is,is,0,1,0
exp_threshold_sweep,0.7368421052631579,2,n=2000|of=0.2|om=10.0|trial=2,outlier_grid,2000,2047600044,2004222103,1.7399890427199698,4.970317505328127,2.1069247397995063,6.653102901226597,uniform,is,is,0,1,0
exp_threshold_sweep,0.7368421052631579,0,n=5000|of=0.0|om=2.0|trial=0,outlier_grid,5000,1358777732,185399593,0.7224807944290408,9.893139619301449,0.6921536942282789,5.102312178316246,uniform,uniform,uniform,0,0,0
exp_threshold_sweep,0.7368421052631579,1,n=5000|of=0.0|om=2.0|trial=1,outlier_grid,5000,1358777733,186399596,0.6783674416504732,9.248645932905605,0.48873252032313896,2.4902788775150353,uniform,uniform,uniform,0,0,0
exp_threshold_sweep,0.7368421052631579,2,n=5000|of=0.0|om=2.0|trial=2,outlier_grid,5000,1358777734,187399599,0.6974014263102107,8.500077009248255,0.7608196586058574,4.699639345083515,uniform,is,is,0,1,0
exp_threshold_sweep,0.7368421052631579,0,n=5000|of=0.0|om=5.0|trial=0,outlier_grid,5000,63819438,710436769,0.6966704990056833,11.78855723114979,0.7762303066869756,3.6559861201783557,uniform,is,is,0,1,0
exp_threshold_sweep,0.7368421052631579,1,n=5000|of=0.0|om=5.0|trial=1,outlier_grid,5000,63819439,711436772,0.7020645774986704,10.493395057863204,0.6676708615138212,3.2870968085819348,uniform,uniform,uniform,0,0,0
exp_threshold_sweep,0.7368421052631579,2,n=5000|of=0.0|om=5.0|trial=2,outlier_grid,5000,63819440,712436775,0.6964872202949357,12.14043386833435,0.7035366204877438,3.198948323689152,uniform,uniform,uniform,0,0,0
exp_threshold_sweep,0.7368421052631579,0,n=5000|of=0.0|om=10.0|trial=0,outlier_grid,5000,768867144,1585498729,0.6923142098960464,10.791047985600459,0.6031142637030764,2.8907988735669017,uniform,uniform,uniform,0,0,0
exp_threshold_sweep,0.7368421052631579,1,n=5000|of=0.0|om=10.0|trial=1,outlier_grid,5000,768867145,1586498732,0.6749404683005831,10.377327086148796,0.6779094167168249,3.9512963686814024,uniform,uniform,uniform,0,0,0
exp_threshold_sweep,0.7368421052631579,2,n=5000|of=0.0|om=10.0|trial=2,outlier_grid,5000,768867146,1587498735,0.7043250568842707,9.485986571983513,0.6348636727588343,3.0198538474805323,uniform,uniform,uniform,0,0,0
exp_threshold_sweep,0.7368421052631579,0,n=5000|of=0.01|om=2.0|trial=0,outlier_grid,5000,587433743,2091082615,0.7278048746693839,12.570758348270179,0.531357340369092,2.8288706927021505,uniform,uniform,uniform,0,0,0
exp_threshold_sweep,0.7368421052631579,1,n=5000|of=0.01|om=2.0|trial=1,outlier_grid,5000,587433744,2092082618,0.6959390046794844,8.19052749199074,0.7143129473442978,4.207440867152498,uniform,uniform_exact,uniform,0,0,0
exp_threshold_sweep,0.7368421052631579,2,n=5000|of=0.01|om=2.0|trial=2,outlier_grid,5000,587433745,2093082621,0.7275752487361427,11.991683623295147,0.7314296877289439,3.855028203503176,uniform,uniform_exact,uniform,0,0,0
exp_threshold_sweep,0.7368421052631579,0,n=5000|of=0.01|om=5.0|trial=0,outlier_grid,5000,1439959096,468636144,1.1514945012448503,13.921170970329356,0.5123681948864828,2.7250831519395873,uniform,uniform,uniform,0,0,0
exp_threshold_sweep,0.7368421052631579,1,n=5000|of=0.01|om=5.0|trial=1,outlier_grid,5000,1439959097,469636147,1.1000620070210954,13.282787825099584,0.5991766467106562,3.3920436547990667,uniform,uniform,uniform,0,0,0
exp_threshold_sweep,0.7368421052631579,2,n=5000|of=0.01|om=5.0|trial=2,outlier_grid,5000,1439959098,470636150,1.169644960173019,14.047324928197764,0.7198665520415701,3.5933588306848847,uniform,uniform_exact,uniform,0,0,0
exp_threshold_sweep,0.7368421052631579,0,n=5000|of=0.01|om=10.0|trial=0,outlier_grid,5000,2145006802,1343698104,3.012040993380712,33.184170841399485,3.2956086071932855,16.99177686736635,is,is,is,1,0,0
exp_threshold_sweep,0.7368421052631579,1,n=5000|of=0.01|om=10.0|trial=1,outlier_grid,5000,2145006803,1344698107,3.05512119238724,33.62125804296652,3.05932406252754,22.10741393130956,is,is,is,1,0,0
exp_threshold_sweep,0.7368421052631579,2,n=5000|of=0.01|om=10.0|trial=2,outlier_grid,5000,2145006804,1345698110,3.0106207049135034,32.90968384374054,0.588479405299876,2.624685760507107,is,uniform,uniform,1,0,1
exp_threshold_sweep,0.7368421052631579,0,n=5000|of=0.02|om=2.0|trial=0,outlier_grid,5000,1963573401,1849281990,0.6966747062003946,7.519776239119451,0.726350204289768,4.442026661133652,uniform,uniform_exact,uniform,0,0,0
exp_threshold_sweep,0.7368421052631579,1,n=5000|of=0.02|om=2.0|trial=1,outlier_grid,5000,1963573402,1850281993,0.7118330565326979,11.001515450812754,0.6752406084913818,3.9482921862476075,uniform,uniform,uniform,0,0,0
exp_threshold_sweep,0.7368421052631579,2,n=5000|of=0.02|om=2.0|trial=2,outlier_grid,5000,1963573403,1851281996,0.65806351816426,9.25657713996702,0.5550085554949042,2.487912341187399,uniform,uniform,uniform,0,0,0
exp_threshold_sweep,0.7368421052631579,0,n=5000|of=0.02|om=5.0|trial=0,outlier_grid,5000,668615107,226835519,1.324498034040619,12.321985384365552,1.1674939888641185,7.247750912883773,uniform,is,is,0,1,0
exp_threshold_sweep,0.7368421052631579,1,n=5000|of=0.02|om=5.0|trial=1,outlier_grid,5000,668615108,227835522,1.3258723349377788,12.187571001132723,0.6240359946506976,3.203571432759608,uniform,uniform,uniform,0,0,0
exp_threshold_sweep,0.7368421052631579,2,n=5000|of=0.02|om=5.0|trial=2,outlier_grid,5000,668615109,228835525,1.3582145587406718,12.411829353085658,0.8420728561617802,5.788232834785657,uniform,is,is,0,1,0
exp_threshold_sweep,0.7368421052631579,0,n=5000|of=0.02|om=10.0|trial=0,outlier_grid,5000,1373662813,1101897479,3.273305510801266,25.581420388004364,3.029817274342749,21.852830681013753,is,is,is,1,0,0
exp_threshold_sweep,0.7368421052631579,1,n=5000|of=0.02|om=10.0|trial=1,outlier_grid,5000,1373662814,1102897482,3.270192893939796,25.42383972037984,3.2580731389046456,23.466429568450017,is,is,is,1,0,0
exp_threshold_sweep,0.7368421052631579,2,n=5000|of=0.02|om=10.0|trial=2,outlier_grid,5000,1373662815,1103897485,3.2584141459449203,25.386482551776233,3.182648598675073,16.581456269216424,is,is,is,1,0,0
exp_threshold_sweep,0.7368421052631579,0,n=5000|of=0.05|om=2.0|trial=0,outlier_grid,5000,1797025081,1123880115,0.6808824421638225,9.063293680601529,0.6324506856788268,3.440143857183818,uniform,uniform,uniform,0,0,0
exp_threshold_sweep,0.7368421052631579,1,n=5000|of=0.05|om=2.0|trial=1,outlier_grid,5000,1797025082,1124880118,0.6814735797847691,8.168079323694936,0.7254365759420206,4.366720626676015,uniform,uniform_exact,uniform,0,0,0
exp_threshold_sweep,0.7368421052631579,2,n=5000|of=0.05|om=2.0|trial=2,outlier_grid,5000,1797025083,1125880121,0.6730762768779296,7.51328610662532,0.6618016964699601,4.0510399445552085,uniform,uniform,uniform,0,0,0
exp_threshold_sweep,0.7368421052631579,0,n=5000|of=0.05|om=5.0|trial=0,outlier_grid,5000,502066787,1648917291,1.5610511723927194,9.482297366454727,1.496011841465254,8.699475448851672,uniform,is,is,0,1,0
exp_threshold_sweep,0.7368421052631579,1,n=5000|of=0.05|om=5.0|trial=1,outlier_grid,5000,502066788,1649917294,1.5983515327881193,10.05179141412876,1.6077923515591752,11.63454250918451,uniform,is,is,0,1,0
exp_threshold_sweep,0.7368421052631579,2,n=5000|of=0.05|om=5.0|trial=2,outlier_grid,5000,502066789,1650917297,1.564054233622819,9.903368559014538,1.5600666035810802,7.841678100633344,uniform,is,is,0,1,0
exp_threshold_sweep,0.7368421052631579,0,n=5000|of=0.05|om=10.0|trial=0,outlier_grid,5000,1207114493,376495604,3.0064614329892705,15.45576789854595,0.5308890101034177,2.6725839693974835,is,uniform,uniform,1,0,1
exp_threshold_sweep,0.7368421052631579,1,n=5000|of=0.05|om=10.0|trial=1,outlier_grid,5000,1207114494,377495607,2.975958669383625,15.516826552718598,3.1486097443670995,22.633648136247523,is,is,is,1,0,0
exp_threshold_sweep,0.7368421052631579,2,n=5000|of=0.05|om=10.0|trial=2,outlier_grid,5000,1207114495,378495610,2.994754765488841,15.286751648815459,2.494606119808957,8.806079157429131,is,is,is,1,0,0
exp_threshold_sweep,0.7368421052631579,0,n=5000|of=0.1|om=2.0|trial=0,outlier_grid,5000,87788783,2062360637,0.6452892873409604,7.975916618900835,0.8521106586177627,5.573051122787476,uniform,is,is,0,1,0
exp_threshold_sweep,0.7368421052631579,1,n=5000|of=0.1|om=2.0|trial=1,outlier_grid,5000,87788784,2063360640,0.6342794906340355,7.439749972949388,0.5704873861472386,3.187300013521574,uniform,uniform,uniform,0,0,0
exp_threshold_sweep,0.7368421052631579,2,n=5000|of=0.1|om=2.0|trial=2,outlier_grid,5000,87788785,2064360643,0.6753511690743486,10.273263459798766,0.5010846541491147,2.6645915991935274,uniform,uniform,uniform,0,0,0
exp_threshold_sweep,0.7368421052631579,0,n=5000|of=0.1|om=5.0|trial=0,outlier_grid,5000,940314136,439914166,1.5642034237759075,7.461215325213151,1.3069217758752651,5.680187805534568,uniform,is,is,0,1,0
exp_threshold_sweep,0.7368421052631579,1,n=5000|of=0.1|om=5.0|trial=1,outlier_grid,5000,940314137,440914169,1.6069129255861263,7.627573339463385,1.540120798225952,7.8547788915891665,uniform,is,is,0,1,0
exp_threshold_sweep,0.7368421052631579,2,n=5000|of=0.1|om=5.0|trial=2,outlier_grid,5000,940314138,441914172,1.5835535573326203,7.463665704236842,1.8225363478555903,10.689263605269243,uniform,is,is,0,1,0
exp_threshold_sweep,0.7368421052631579,0,n=5000|of=0.1|om=10.0|trial=0,outlier_grid,5000,1645361842,1314976126,2.4387528204411435,9.085143647908605,1.9017345783464759,5.4097099679551635,is,is,is,0,0,0
exp_threshold_sweep,0.7368421052631579,1,n=5000|of=0.1|om=10.0|trial=1,outlier_grid,5000,1645361843,1315976129,2.44827057345472,9.074192457210252,2.1914471668265083,6.507242130120029,is,is,is,1,0,0
exp_threshold_sweep,0.7368421052631579,2,n=5000|of=0.1|om=10.0|trial=2,outlier_grid,5000,1645361844,1316976132,2.4335609917695766,9.037567396165114,2.4018352387424216,8.534395700118663,is,is,is,0,0,0
exp_threshold_sweep,0.7368421052631579,0,n=5000|of=0.2|om=2.0|trial=0,outlier_grid,5000,964283481,1791838034,0.6519470284472162,8.754530513444111,0.6446317208637848,3.4385532193937633,uniform,uniform,uniform,0,0,0
exp_threshold_sweep,0.7368421052631579,1,n=5000|of=0.2|om=2.0|trial=1,outlier_grid,5000,964283482,1792838037,0.6299048125270215,10.880578863376364,0.45112919229262216,2.413618475851682,uniform,uniform,uniform,0,0,0
exp_threshold_sweep,0.7368421052631579,2,n=5000|of=0.2|om=2.0|trial=2,outlier_grid,5000,964283483,1793838040,0.6870579308218044,13.544762416249597,0.7696526567372565,4.792327545409475,uniform,is,is,0,1,0
exp_threshold_sweep,0.7368421052631579,0,n=5000|of=0.2|om=5.0|trial=0,outlier_grid,5000,1816808834,169391563,1.3838458656873216,5.062593836717688,1.4307092487712603,4.546509855164687,uniform,is,is,0,1,0
exp_threshold_sweep,0.7368421052631579,1,n=5000|of=0.2|om=5.0|trial=1,outlier_grid,5000,1816808835,170391566,1.398083832516939,5.098880683600188,1.4715258861558669,4.6065974884702126,uniform,is,is,0,1,0
exp_threshold_sweep,0.7368421052631579,2,n=5000|of=0.2|om=5.0|trial=2,outlier_grid,5000,1816808836,171391569,1.3909424378180453,5.143704401559593,1.3940500268314733,4.278509702640278,uniform,is,is,0,1,0
exp_threshold_sweep,0.7368421052631579,0,n=5000|of=0.2|om=10.0|trial=0,outlier_grid,5000,374372893,1044453523,1.7911999033758386,5.04722867967325,1.929370590456664,5.4086904681417405,is,is,is,0,0,0
exp_threshold_sweep,0.7368421052631579,1,n=5000|of=0.2|om=10.0|trial=1,outlier_grid,5000,374372894,1045453526,1.7925498435757545,5.031734118828527,1.9596019635561233,5.867477298790795,is,is,is,0,0,0
exp_threshold_sweep,0.7368421052631579,2,n=5000|of=0.2|om=10.0|trial=2,outlier_grid,5000,374372895,1046453529,1.799646793110485,5.033057676968276,1.9538759930799119,5.31739150588173,is,is,is,0,0,0
exp_threshold_sweep,0.9736842105263157,0,n=1000|of=0.0|om=2.0|trial=0,outlier_grid,1000,1442263617,746596477,0.617599978331471,6.544485015745742,0.5433648435409856,2.8678488861911307,uniform,uniform_exact,uniform,0,0,0
exp_threshold_sweep,0.9736842105263157,1,n=1000|of=0.0|om=2.0|trial=1,outlier_grid,1000,1442263618,747596480,0.7016203194983847,6.4257658382788225,0.6321569441611187,4.2215197863273355,uniform,uniform_exact,uniform,0,0,0
exp_threshold_sweep,0.9736842105263157,2,n=1000|of=0.0|om=2.0|trial=2,outlier_grid,1000,1442263619,748596483,0.633503586176026,5.578210996800821,0.4652654414220499,2.636556955586503,uniform,uniform_exact,uniform,0,0,0
exp_threshold_sweep,0.9736842105263157,0,n=1000|of=0.0|om=5.0|trial=0,outlier_grid,1000,147305323,1271633653,0.6607087487078306,6.077985671873188,0.6084360732799435,3.395231336931207,uniform,uniform_exact,uniform,0,0,0
exp_threshold_sweep,0.9736842105263157,1,n=1000|of=0.0|om=5.0|trial=1,outlier_grid,1000,147305324,1272633656,0.6504739835154975,5.5695015501111715,0.7126686522138981,3.922040353070016,uniform,uniform_exact,uniform,0,0,0
exp_threshold_sweep,0.9736842105263157,2,n=1000|of=0.0|om=5.0|trial=2,outlier_grid,1000,147305325,1273633659,0.6694892343956219,5.3838442549691585,0.5708772819418633,2.819795235235545,uniform,uniform_exact,uniform,0,0,0
exp_threshold_sweep,0.9736842105263157,0,n=1000|of=0.0|om=10.0|trial=0,outlier_grid,1000,852353029,2146695613,0.6398166324088268,6.140337691272391,0.7422574242611204,4.243351214368402,uniform,uniform_exact,uniform,0,0,0
exp_threshold_sweep,0.9736842105263157,1,n=1000|of=0.0|om=10.0|trial=1,outlier_grid,1000,852353030,211969,0.6645481406412764,5.726033896808133,0.7545132429138449,4.034915175748541,uniform,uniform_exact,uniform,0,0,0
exp_threshold_sweep,0.9736842105263157,2,n=1000|of=0.0|om=10.0|trial=2,outlier_grid,1000,852353031,1211972,0.6625855174916219,6.889022080403152,0.6719640392391094,3.722798230283717,uniform,uniform_exact,uniform,0,0,0
exp_threshold_sweep,0.9736842105263157,0,n=1000|of=0.01|om=2.0|trial=0,outlier_grid,1000,670919628,504795852,0.6194948810036581,4.431036671722072,0.617052740244899,2.8822696189371233,uniform,uniform_exact,uniform,0,0,0
exp_threshold_sweep,0.9736842105263157,1,n=1000|of=0.01|om=2.0|trial=1,outlier_grid,1000,670919629,505795855,0.6419604984348997,5.780451621515172,0.769356189673227,4.59903356589356,uniform,uniform_exact,uniform,0,0,0
exp_threshold_sweep,0.9736842105263157,2,n=1000|of=0.01|om=2.0|trial=2,outlier_grid,1000,670919630,506795858,0.6478534945181104,7.295799872829969,0.5841907009740073,3.028328254133925,uniform,uniform_exact,uniform,0,0,0
exp_threshold_sweep,0.9736842105263157,0,n=1000|of=0.01|om=5.0|trial=0,outlier_grid,1000,1523444981,1029833028,0.9275708025452007,9.067911114745035,0.48487842191433334,2.648247010965112,uniform,uniform_exact,uniform,0,0,0
exp_threshold_sweep,0.9736842105263157,1,n=1000|of=0.01|om=5.0|trial=1,outlier_grid,1000,1523444982,1030833031,0.8826442516694574,9.20078801072338,0.9959632090435352,6.578759062899975,uniform,is,is,0,1,0
exp_threshold_sweep,0.9736842105263157,2,n=1000|of=0.01|om=5.0|trial=2,outlier_grid,1000,1523444983,1031833034,0.8944373892679047,9.492564196854993,1.0337163230348956,7.4985580107551275,uniform,is,is,0,1,0
exp_threshold_sweep,0.9736842105263157,0,n=1000|of=0.01|om=10.0|trial=0,outlier_grid,1000,81009040,1904894988,2.1600848596659037,23.591190740265375,0.5718089346150165,3.6527302524668763,uniform,uniform_exact,uniform,0,0,0
exp_threshold_sweep,0.9736842105263157,1,n=1000|of=0.01|om=10.0|trial=1,outlier_grid,1000,81009041,1905894991,2.186629044024305,23.67565527185168,0.6856955968278817,3.309239825478771,uniform,uniform_exact,uniform,0,0,0
exp_threshold_sweep,0.9736842105263157,2,n=1000|of=0.01|om=10.0|trial=2,outlier_grid,1000,81009042,1906894994,2.202788337834508,23.474969597415352,0.7920895312171998,4.454382887926012,uniform,uniform_exact,uniform,1,0,0
exp_threshold_sweep,0.9736842105263157,0,n=1000|of=0.02|om=2.0|trial=0,outlier_grid,1000,2047059286,262995227,0.668926440883736,6.047119721303887,0.5047825420279198,2.5783357320391898,uniform,uniform_exact,uniform,0,0,0
exp_threshold_sweep,0.9736842105263157,1,n=1000|of=0.02|om=2.0|trial=1,outlier_grid,1000,2047059287,263995230,0.6096939094021688,4.754850690421404,0.5255913838368519,3.346337478755557,uniform,uniform_exact,uniform,0,0,0
exp_threshold_sweep,0.9736842105263157,2,n=1000|of=0.02|om=2.0|trial=2,outlier_grid,1000,2047059288,264995233,0.619980694353103,5.711189635441723,0.6077417980071074,3.5580166890983462,uniform,uniform_exact,uniform,0,0,0
exp_threshold_sweep,0.9736842105263157,0,n=1000|of=0.02|om=5.0|trial=0,outlier_grid,1000,752100992,788032403,1.0363964890753734,8.83629684462703,0.950143574314329,5.459234148125772,uniform,uniform_exact,uniform,0,0,0
exp_threshold_sweep,0.9736842105263157,1,n=1000|of=0.02|om=5.0|trial=1,outlier_grid,1000,752100993,789032406,1.0808453099122093,9.327938871539764,0.6422130914250302,3.429493814536866,uniform,uniform_exact,uniform,0,0,0
exp_threshold_sweep,0.9736842105263157,2,n=1000|of=0.02|om=5.0|trial=2,outlier_grid,1000,752100994,790032409,1.0555990939448983,9.079803243418585,0.9882311467049225,5.886599425105415,uniform,is,is,0,1,0
exp_threshold_sweep,0.9736842105263157,0,n=1000|of=0.02|om=10.0|trial=0,outlier_grid,1000,1457148698,1663094363,2.4223349633420703,19.324723385669508,2.5255843366303856,18.26564403235657,uniform,is,is,1,1,0
exp_threshold_sweep,0.9736842105263157,1,n=1000|of=0.02|om=10.0|trial=1,outlier_grid,1000,1457148699,1664094366,2.4594205603819232,19.349043540692758,0.4996211515995155,2.8039605697173835,uniform,uniform_exact,uniform,1,0,0
exp_threshold_sweep,0.9736842105263157,2,n=1000|of=0.02|om=10.0|trial=2,outlier_grid,1000,1457148700,1665094369,2.441556227376376,19.145175988469532,0.6160072131863636,3.2898082426674033,uniform,uniform_exact,uniform,1,0,0
exp_threshold_sweep,0.9736842105263157,0,n=1000|of=0.05|om=2.0|trial=0,outlier_grid,1000,1880510966,1685076999,0.6787566315775071,6.9795351614658365,0.4465826853799169,2.3645012677176545,uniform,uniform_exact,uniform,0,0,0
exp_threshold_sweep,0.9736842105263157,1,n=1000|of=0.05|om=2.0|trial=1,outlier_grid,1000,1880510967,1686077002,0.6273247767797993,5.416408240314115,0.5134503144617635,2.365359107645805,uniform,uniform_exact,uniform,0,0,0
exp_threshold_sweep,0.9736842105263157,2,n=1000|of=0.05|om=2.0|trial=2,outlier_grid,1000,1880510968,1687077005,0.6436184853347732,6.685255422490038,0.5887566840005474,2.481461588619812,uniform,uniform_exact,uniform,0,0,0
exp_threshold_sweep,0.9736842105263157,0,n=1000|of=0.05|om=5.0|trial=0,outlier_grid,1000,585552672,62630528,1.322654341020879,7.809373922547658,1.3420907734334722,5.842235423739119,uniform,is,is,0,1,0
exp_threshold_sweep,0.9736842105263157,1,n=1000|of=0.05|om=5.0|trial=1,outlier_grid,1000,585552673,63630531,1.2985808873964355,8.313744404611858,1.5258649969339257,6.709596069517772,uniform,is,is,0,1,0
exp_threshold_sweep,0.9736842105263157,2,n=1000|of=0.05|om=5.0|trial=2,outlier_grid,1000,585552674,64630534,1.208561744925839,7.712949719548932,1.2943058998460069,7.39256859255492,uniform,is,is,0,1,0
exp_threshold_sweep,0.9736842105263157,0,n=1000|of=0.05|om=10.0|trial=0,outlier_grid,1000,1290600378,937692488,2.507398434602011,12.789785607408268,2.4944089378533363,13.081066411861945,uniform,is,is,1,1,0
exp_threshold_sweep,0.9736842105263157,1,n=1000|of=0.05|om=10.0|trial=1,outlier_grid,1000,1290600379,938692491,2.520669114923294,12.78671987327333,2.3601421626430312,9.293787089805422,uniform,is,is,1,1,0
exp_threshold_sweep,0.9736842105263157,2,n=1000|of=0.05|om=10.0|trial=2,outlier_grid,1000,1290600380,939692494,2.49068495781207,12.596211278828237,2.6556338307751273,14.090343810348049,uniform,is,is,1,1,0
exp_threshold_sweep,0.9736842105263157,0,n=1000|of=0.1|om=2.0|trial=0,outlier_grid,1000,171274668,476073874,0.6524098435515786,7.086241475883487,0.6678687358834035,4.49107007193936,uniform,uniform_exact,uniform,0,0,0
exp_threshold_sweep,0.9736842105263157,1,n=1000|of=0.1|om=2.0|trial=1,outlier_grid,1000,171274669,477073877,0.581167313005821,6.085439413528287,0.41973520803931547,2.31694927093985,uniform,uniform_exact,uniform,0,0,0
exp_threshold_sweep,0.9736842105263157,2,n=1000|of=0.1|om=2.0|trial=2,outlier_grid,1000,171274670,478073880,0.6984683097008569,7.200833170425255,0.7231945121207795,4.313628379214687,uniform,uniform_exact,uniform,0,0,0
exp_threshold_sweep,0.9736842105263157,0,n=1000|of=0.1|om=5.0|trial=0,outlier_grid,1000,1023800021,1001111050,1.3537758517722411,6.291632634044208,1.2814636664823016,6.500473570837816,uniform,is,is,0,1,0
exp_threshold_sweep,0.9736842105263157,1,n=1000|of=0.1|om=5.0|trial=1,outlier_grid,1000,1023800022,1002111053,1.367532997551312,6.235878482522877,1.1714981858558264,8.001686865766825,uniform,is,is,0,1,0
exp_threshold_sweep,0.9736842105263157,2,n=1000|of=0.1|om=5.0|trial=2,outlier_grid,1000,1023800023,1003111056,1.3274574831627268,6.042607423381932,1.3117289502004683,5.509340252609032,uniform,is,is,0,1,0
exp_threshold_sweep,0.9736842105263157,0,n=1000|of=0.1|om=10.0|trial=0,outlier_grid,1000,1728847727,1876173010,2.1745485439283283,8.206958182334139,2.434702810200611,9.573776241525218,uniform,is,is,0,1,0
exp_threshold_sweep,0.9736842105263157,1,n=1000|of=0.1|om=10.0|trial=1,outlier_grid,1000,1728847728,1877173013,2.2071501455785794,8.244504029581895,2.3262111413330184,16.86995062392426,uniform,is,is,1,1,0
exp_threshold_sweep,0.9736842105263157,2,n=1000|of=0.1|om=10.0|trial=2,outlier_grid,1000,1728847729,1878173016,2.2131805137021714,8.13937339152958,1.9273656081932293,5.881666660218663,uniform,is,is,1,1,0
exp_threshold_sweep,0.9736842105263157,0,n=1000|of=0.2|om=2.0|trial=0,outlier_grid,1000,1047769366,205551271,0.596226390605092,7.59566327931635,0.48219903298877176,2.6241926381010043,uniform,uniform_exact,uniform,0,0,0
exp_threshold_sweep,0.9736842105263157,1,n=1000|of=0.2|om=2.0|trial=1,outlier_grid,1000,1047769367,206551274,0.5707637716995058,4.76013034379612,0.49168654253978195,2.38214753584905,uniform,uniform_exact,uniform,0,0,0
exp_threshold_sweep,0.9736842105263157,2,n=1000|of=0.2|om=2.0|trial=2,outlier_grid,1000,1047769368,207551277,0.6082008942884182,5.59710910895369,0.5235567597840305,3.213971314606554,uniform,uniform_exact,uniform,0,0,0
exp_threshold_sweep,0.9736842105263157,0,n=1000|of=0.2|om=5.0|trial=0,outlier_grid,1000,1900294719,730588447,1.2128763710131376,4.437108297044463,1.205170695789071,3.8011234397469558,uniform,is,is,0,1,0
exp_threshold_sweep,0.9736842105263157,1,n=1000|of=0.2|om=5.0|trial=1,outlier_grid,1000,1900294720,731588450,1.222022170293529,4.453870144522961,1.353523909222891,4.878199111744336,uniform,is,is,0,1,0
exp_threshold_sweep,0.9736842105263157,2,n=1000|of=0.2|om=5.0|trial=2,outlier_grid,1000,1900294721,732588453,1.2283430251331136,4.34226493758284,1.2170795561536167,4.406391488920984,uniform,is,is,0,1,0
exp_threshold_sweep,0.9736842105263157,0,n=1000|of=0.2|om=10.0|trial=0,outlier_grid,1000,457858778,1605650407,1.6822322474532947,4.785774324099834,2.2663427216954615,8.185360620092716,uniform,is,is,0,1,0
exp_threshold_sweep,0.9736842105263157,1,n=1000|of=0.2|om=10.0|trial=1,outlier_grid,1000,457858779,1606650410,1.6828609678688584,4.797205593998007,1.656464954376042,4.330955060978051,uniform,is,is,0,1,0
exp_threshold_sweep,0.9736842105263157,2,n=1000|of=0.2|om=10.0|trial=2,outlier_grid,1000,457858780,1607650413,1.6824444119691087,4.694431122747657,1.6286067179657862,4.210801042600404,uniform,is,is,0,1,0
exp_threshold_sweep,0.9736842105263157,0,n=2000|of=0.0|om=2.0|trial=0,outlier_grid,2000,884521234,1143168168,0.6437859806065077,7.26494190000632,0.8246729744328403,4.257958737991185,uniform,uniform_exact,uniform,0,0,0
exp_threshold_sweep,0.9736842105263157,1,n=2000|of=0.0|om=2.0|trial=1,outlier_grid,2000,884521235,1144168171,0.6783226328241753,6.987718128416362,0.7404149781983632,4.4434631489062,uniform,uniform_exact,uniform,0,0,0
exp_threshold_sweep,0.9736842105263157,2,n=2000|of=0.0|om=2.0|trial=2,outlier_grid,2000,884521236,1145168174,0.7008485258315146,10.87323753149392,0.5392114215525153,2.66980499155427,uniform,uniform_exact,uniform,0,0,0
exp_threshold_sweep,0.9736842105263157,0,n=2000|of=0.0|om=5.0|trial=0,outlier_grid,2000,1737046587,1668205344,0.6647636523552978,9.371015606248461,0.46487969379593225,2.3390497296452217,uniform,uniform_exact,uniform,0,0,0
exp_threshold_sweep,0.9736842105263157,1,n=2000|of=0.0|om=5.0|trial=1,outlier_grid,2000,1737046588,1669205347,0.6503303945228937,7.618833107152736,0.8416317848139533,4.22063683642675,uniform,uniform_exact,uniform,0,0,0
exp_threshold_sweep,0.9736842105263157,2,n=2000|of=0.0|om=5.0|trial=2,outlier_grid,2000,1737046589,1670205350,0.7116392058914187,10.837519913683188,1.0384691385891813,6.734831053597284,uniform,is,is,0,1,0
exp_threshold_sweep,0.9736842105263157,0,n=2000|of=0.0|om=10.0|trial=0,outlier_grid,2000,294610646,395783657,0.6984542271619008,9.191213698217632,0.572628016292015,2.751680471751392,uniform,uniform_exact,uniform,0,0,0
exp_threshold_sweep,0.9736842105263157,1,n=2000|of=0.0|om=10.0|trial=1,outlier_grid,2000,294610647,396783660,0.6531760108020092,9.05950966881119,0.49311239311210453,2.7408199570138585,uniform,uniform_exact,uniform,0,0,0
exp_threshold_sweep,0.9736842105263157,2,n=2000|of=0.0|om=10.0|trial=2,outlier_grid,2000,294610648,397783663,0.6722700999610615,5.917746054892996,0.4809092242264243,2.4162138960398516,uniform,uniform_exact,uniform,0,0,0
exp_threshold_sweep,0.9736842105263157,0,n=2000|of=0.01|om=2.0|trial=0,outlier_grid,2000,113177245,901367543,0.7041455345419971,8.158001271669198,0.7535110924436771,3.764989529771483,uniform,uniform_exact,uniform,0,0,0
exp_threshold_sweep,0.9736842105263157,1,n=2000|of=0.01|om=2.0|trial=1,outlier_grid,2000,113177246,902367546,0.6776575995706522,7.229319530734069,0.48843200103999973,2.488782852162435,uniform,uniform_exact,uniform,0,0,0
exp_threshold_sweep,0.9736842105263157,2,n=2000|of=0.01|om=2.0|trial=2,outlier_grid,2000,113177247,903367549,0.6623640231431586,9.28680597708695,0.6886135169519345,4.013836145098143,uniform,uniform_exact,uniform,0,0,0
exp_threshold_sweep,0.9736842105263157,0,n=2000|of=0.01|om=5.0|trial=0,outlier_grid,2000,965702598,1426404719,0.9816612409123018,11.124163624423396,1.3675303330059088,7.3536514303651375,uniform,is,is,0,1,0
exp_threshold_sweep,0.9736842105263157,1,n=2000|of=0.01|om=5.0|trial=1,outlier_grid,2000,965702599,1427404722,1.019893147231907,10.771710935140439,1.354564706455781,8.039921952302336,uniform,is,is,0,1,0
exp_threshold_sweep,0.9736842105263157,2,n=2000|of=0.01|om=5.0|trial=2,outlier_grid,2000,965702600,1428404725,1.0038984191058524,11.152323945467518,0.7877014532676129,4.354541617169159,uniform,uniform_exact,uniform,0,0,0
exp_threshold_sweep,0.9736842105263157,0,n=2000|of=0.01|om=10.0|trial=0,outlier_grid,2000,1670750304,153983032,2.485939595674491,27.10730987984548,0.46144446236345843,2.213168044182096,uniform,uniform_exact,uniform,1,0,0
exp_threshold_sweep,0.9736842105263157,1,n=2000|of=0.01|om=10.0|trial=1,outlier_grid,2000,1670750305,154983035,2.4574092914423638,26.830979453268434,2.7595472529407763,19.936642676588193,uniform,is,is,1,1,0
exp_threshold_sweep,0.9736842105263157,2,n=2000|of=0.01|om=10.0|trial=2,outlier_grid,2000,1670750306,155983038,2.4875934157876274,27.001639859771334,0.41181486135661555,2.395752981894816,uniform,uniform,uniform,1,0,0
exp_threshold_sweep,0.9736842105263157,0,n=2000|of=0.02|om=2.0|trial=0,outlier_grid,2000,1489316903,659566918,0.6522247884106012,6.7974888408872705,0.48194045188512147,2.4232925102778458,uniform,uniform_exact,uniform,0,0,0
exp_threshold_sweep,0.9736842105263157,1,n=2000|of=0.02|om=2.0|trial=1,outlier_grid,2000,1489316904,660566921,0.708592555862065,7.3196862152942685,0.7157152910539221,4.245914451780816,uniform,uniform_exact,uniform,0,0,0
exp_threshold_sweep,0.9736842105263157,2,n=2000|of=0.02|om=2.0|trial=2,outlier_grid,2000,1489316905,661566924,0.6266465193598646,6.766098028970186,0.4712588860464595,2.7848363873878292,uniform,uniform_exact,uniform,0,0,0
exp_threshold_sweep,0.9736842105263157,0,n=2000|of=0.02|om=5.0|trial=0,outlier_grid,2000,194358609,1184604094,1.187664640127493,10.482197021947206,0.5803542071385765,2.3989105278092384,uniform,uniform_exact,uniform,0,0,0
exp_threshold_sweep,0.9736842105263157,1,n=2000|of=0.02|om=5.0|trial=1,outlier_grid,2000,194358610,1185604097,1.169122399391696,10.541280528053289,0.6478340625322319,3.8787241748218673,uniform,uniform_exact,uniform,0,0,0
exp_threshold_sweep,0.9736842105263157,2,n=2000|of=0.02|om=5.0|trial=2,outlier_grid,2000,194358611,1186604100,1.2297958209577402,10.40504305776103,1.175129274163433,7.820516529397574,uniform,is,is,0,1,0
exp_threshold_sweep,0.9736842105263157,0,n=2000|of=0.02|om=10.0|trial=0,outlier_grid,2000,899406315,2059666054,2.869439534666998,22.1660269939405,2.5971805395846115,11.431777592127352,uniform,is,is,1,1,0
exp_threshold_sweep,0.9736842105263157,1,n=2000|of=0.02|om=10.0|trial=1,outlier_grid,2000,899406316,2060666057,2.804968516663726,22.06499967036417,2.6657336219676497,11.585077843977617,uniform,is,is,1,1,0
exp_threshold_sweep,0.9736842105263157,2,n=2000|of=0.02|om=10.0|trial=2,outlier_grid,2000,899406317,2061666060,2.735942484849644,21.257719756855096,1.1136366658044368,7.716764072004198,uniform,is,is,1,1,0
exp_threshold_sweep,0.9736842105263157,0,n=2000|of=0.05|om=2.0|trial=0,outlier_grid,2000,1322768583,2081648690,0.65141260441657,7.2644391200920655,0.5572045203140906,2.930031570285618,uniform,uniform_exact,uniform,0,0,0
exp_threshold_sweep,0.9736842105263157,1,n=2000|of=0.05|om=2.0|trial=1,outlier_grid,2000,1322768584,2082648693,0.6410291195607866,6.374989174742897,0.6480497637391428,3.520794063627021,uniform,uniform_exact,uniform,0,0,0
exp_threshold_sweep,0.9736842105263157,2,n=2000|of=0.05|om=2.0|trial=2,outlier_grid,2000,1322768585,2083648696,0.6227487686611384,6.430958934057433,0.5492302452481946,2.807132290083614,uniform,uniform_exact,uniform,0,0,0
exp_threshold_sweep,0.9736842105263157,0,n=2000|of=0.05|om=5.0|trial=0,outlier_grid,2000,27810289,459202219,1.358269331673104,8.966713358539577,0.6725977597987973,3.894635129602458,uniform,uniform_exact,uniform,0,0,0
exp_threshold_sweep,0.9736842105263157,1,n=2000|of=0.05|om=5.0|trial=1,outlier_grid,2000,27810290,460202222,1.3763076923974027,8.285852764690443,1.2146451391973538,7.499050075858774,uniform,is,is,0,1,0
exp_threshold_sweep,0.9736842105263157,2,n=2000|of=0.05|om=5.0|trial=2,outlier_grid,2000,27810291,461202225,1.4611702597146317,9.106720084066147,1.111209784162178,6.3738955929014285,uniform,is,is,0,1,0
exp_threshold_sweep,0.9736842105263157,0,n=2000|of=0.05|om=10.0|trial=0,outlier_grid,2000,732857995,1334264179,2.7142794007709448,13.745211635687745,2.7108227511895766,12.029003227163777,uniform,is,is,1,1,0
exp_threshold_sweep,0.9736842105263157,1,n=2000|of=0.05|om=10.0|trial=1,outlier_grid,2000,732857996,1335264182,2.726308523162901,13.889554001701725,2.4210569128264314,9.348637296839312,uniform,is,is,1,1,0
exp_threshold_sweep,0.9736842105263157,2,n=2000|of=0.05|om=10.0|trial=2,outlier_grid,2000,732857997,1336264185,2.7326270401993864,13.72668609604081,0.703536794620041,4.021544429770566,uniform,uniform_exact,uniform,1,0,0
exp_threshold_sweep,0.9736842105263157,0,n=2000|of=0.1|om=2.0|trial=0,outlier_grid,2000,1761015932,872645565,0.5866904178552818,6.882127609815075,0.5472548008964866,3.1907142191231026,uniform,uniform_exact,uniform,0,0,0
exp_threshold_sweep,0.9736842105263157,1,n=2000|of=0.1|om=2.0|trial=1,outlier_grid,2000,1761015933,873645568,0.6805166058317258,7.844182030189697,0.40708305895029184,1.993982318178908,uniform,uniform,uniform,0,0,0
exp_threshold_sweep,0.9736842105263157,2,n=2000|of=0.1|om=2.0|trial=2,outlier_grid,2000,1761015934,874645571,0.6075248895724128,8.488601778181627,0.49589793834423457,2.321619498969896,uniform,uniform_exact,uniform,0,0,0
exp_threshold_sweep,0.9736842105263157,0,n=2000|of=0.1|om=5.0|trial=0,outlier_grid,2000,466057638,1397682741,1.4612428196080953,6.753627793666996,1.3879798823774812,6.282424645177989,uniform,is,is,0,1,0
exp_threshold_sweep,0.9736842105263157,1,n=2000|of=0.1|om=5.0|trial=1,outlier_grid,2000,466057639,1398682744,1.4764441467779024,6.956174126191189,1.385051702273442,4.661845145147001,uniform,is,is,0,1,0
exp_threshold_sweep,0.9736842105263157,2,n=2000|of=0.1|om=5.0|trial=2,outlier_grid,2000,466057640,1399682747,1.4190922443740461,6.741387981806074,1.391958746956857,6.4101217052035935,uniform,is,is,0,1,0
exp_threshold_sweep,0.9736842105263157,0,n=2000|of=0.1|om=10.0|trial=0,outlier_grid,2000,1171105344,125261054,2.301445779003562,8.777361115865295,2.9350098536397393,15.387821172948437,uniform,is,is,0,1,0
exp_threshold_sweep,0.9736842105263157,1,n=2000|of=0.1|om=10.0|trial=1,outlier_grid,2000,1171105345,126261057,2.3152827988189686,8.658788130102245,1.9625987382086114,5.872437964204037,uniform,is,is,1,1,0
exp_threshold_sweep,0.9736842105263157,2,n=2000|of=0.1|om=10.0|trial=2,outlier_grid,2000,1171105346,127261060,2.30933321640677,8.687845653682372,2.697774841360243,11.738973182347046,uniform,is,is,1,1,0
exp_threshold_sweep,0.9736842105263157,0,n=2000|of=0.2|om=2.0|trial=0,outlier_grid,2000,490026983,602122962,0.5915941849529013,6.747218403782818,0.6222451324899118,3.588922670444232,uniform,uniform_exact,uniform,0,0,0
exp_threshold_sweep,0.9736842105263157,1,n=2000|of=0.2|om=2.0|trial=1,outlier_grid,2000,490026984,603122965,0.5845956482433441,7.133862103294786,0.4409291549580757,1.9132458868431772,uniform,uniform,uniform,0,0,0
exp_threshold_sweep,0.9736842105263157,2,n=2000|of=0.2|om=2.0|trial=2,outlier_grid,2000,490026985,604122968,0.6364016724628121,6.162099158324124,0.6092865481828508,3.38075631374373,uniform,uniform_exact,uniform,0,0,0
exp_threshold_sweep,0.9736842105263157,0,n=2000|of=0.2|om=5.0|trial=0,outlier_grid,2000,1342552336,1127160138,1.2983740571519216,4.789065542177101,1.452539763899929,5.412278835726854,uniform,is,is,0,1,0
exp_threshold_sweep,0.9736842105263157,1,n=2000|of=0.2|om=5.0|trial=1,outlier_grid,2000,1342552337,1128160141,1.3147579288921611,4.448881049791875,1.361438780219238,7.217249757825737,uniform,is,is,0,1,0
exp_threshold_sweep,0.9736842105263157,2,n=2000|of=0.2|om=5.0|trial=2,outlier_grid,2000,1342552338,1129160144,1.3083480127020897,4.637299734571176,1.3970686111821382,5.049343120693841,uniform,is,is,0,1,0
exp_threshold_sweep,0.9736842105263157,0,n=2000|of=0.2|om=10.0|trial=0,outlier_grid,2000,2047600042,2002222098,1.7372109637686688,4.909762302581473,1.7653792367882917,4.6723397562951945,uniform,is,is,0,1,0
exp_threshold_sweep,0.9736842105263157,1,n=2000|of=0.2|om=10.0|trial=1,outlier_grid,2000,2047600043,2003222101,1.7421178180833923,4.869082529210165,1.8341455967595293,5.171014064276186,uniform,is,is,0,1,0
exp_threshold_sweep,0.9736842105263157,2,n=2000|of=0.2|om=10.0|trial=2,outlier_grid,2000,2047600044,2004222104,1.7399890427199698,4.970317505328127,1.5871020898353039,4.099634140447373,uniform,is,is,0,1,0
exp_threshold_sweep,0.9736842105263157,0,n=5000|of=0.0|om=2.0|trial=0,outlier_grid,5000,1358777732,185399594,0.7224807944290408,9.893139619301449,0.7421523817009201,5.346696789350521,uniform,uniform_exact,uniform,0,0,0
exp_threshold_sweep,0.9736842105263157,1,n=5000|of=0.0|om=2.0|trial=1,outlier_grid,5000,1358777733,186399597,0.6783674416504732,9.248645932905605,0.8446479550122106,5.524683158884585,uniform,uniform_exact,uniform,0,0,0
exp_threshold_sweep,0.9736842105263157,2,n=5000|of=0.0|om=2.0|trial=2,outlier_grid,5000,1358777734,187399600,0.6974014263102107,8.500077009248255,0.507336053733283,2.6753103966654126,uniform,uniform,uniform,0,0,0
exp_threshold_sweep,0.9736842105263157,0,n=5000|of=0.0|om=5.0|trial=0,outlier_grid,5000,63819438,710436770,0.6966704990056833,11.78855723114979,0.7227685904972039,3.7648827446904796,uniform,uniform_exact,uniform,0,0,0
exp_threshold_sweep,0.9736842105263157,1,n=5000|of=0.0|om=5.0|trial=1,outlier_grid,5000,63819439,711436773,0.7020645774986704,10.493395057863204,0.606310888314865,3.27193803925682,uniform,uniform,uniform,0,0,0
exp_threshold_sweep,0.9736842105263157,2,n=5000|of=0.0|om=5.0|trial=2,outlier_grid,5000,63819440,712436776,0.6964872202949357,12.14043386833435,1.0008771559824086,5.473079299173447,uniform,is,is,0,1,0
exp_threshold_sweep,0.9736842105263157,0,n=5000|of=0.0|om=10.0|trial=0,outlier_grid,5000,768867144,1585498730,0.6923142098960464,10.791047985600459,0.7839283163724593,4.522436621388866,uniform,uniform_exact,uniform,0,0,0
exp_threshold_sweep,0.9736842105263157,1,n=5000|of=0.0|om=10.0|trial=1,outlier_grid,5000,768867145,1586498733,0.6749404683005831,10.377327086148796,0.6611034962911142,3.831887266403045,uniform,uniform,uniform,0,0,0
exp_threshold_sweep,0.9736842105263157,2,n=5000|of=0.0|om=10.0|trial=2,outlier_grid,5000,768867146,1587498736,0.7043250568842707,9.485986571983513,0.3995311645094444,1.9759606738813773,uniform,uniform,uniform,0,0,0
exp_threshold_sweep,0.9736842105263157,0,n=5000|of=0.01|om=2.0|trial=0,outlier_grid,5000,587433743,2091082616,0.7278048746693839,12.570758348270179,0.7486639271060397,4.364718899142925,uniform,uniform_exact,uniform,0,0,0
exp_threshold_sweep,0.9736842105263157,1,n=5000|of=0.01|om=2.0|trial=1,outlier_grid,5000,587433744,2092082619,0.6959390046794844,8.19052749199074,0.5333286344369348,2.757348996397007,uniform,uniform,uniform,0,0,0
exp_threshold_sweep,0.9736842105263157,2,n=5000|of=0.01|om=2.0|trial=2,outlier_grid,5000,587433745,2093082622,0.7275752487361427,11.991683623295147,0.5229677752506264,2.4737047787593913,uniform,uniform,uniform,0,0,0
exp_threshold_sweep,0.9736842105263157,0,n=5000|of=0.01|om=5.0|trial=0,outlier_grid,5000,1439959096,468636145,1.1514945012448503,13.921170970329356,1.1399589219357342,8.239850486437115,uniform,is,is,0,1,0
exp_threshold_sweep,0.9736842105263157,1,n=5000|of=0.01|om=5.0|trial=1,outlier_grid,5000,1439959097,469636148,1.1000620070210954,13.282787825099584,1.3958751396137743,10.145894402650713,uniform,is,is,0,1,0
exp_threshold_sweep,0.9736842105263157,2,n=5000|of=0.01|om=5.0|trial=2,outlier_grid,5000,1439959098,470636151,1.169644960173019,14.047324928197764,1.1173520886635633,8.042034509590493,uniform,is,is,0,1,0
exp_threshold_sweep,0.9736842105263157,0,n=5000|of=0.01|om=10.0|trial=0,outlier_grid,5000,2145006802,1343698105,3.012040993380712,33.184170841399485,0.5512055363104591,3.05446607835378,is,uniform,uniform,1,0,1
exp_threshold_sweep,0.9736842105263157,1,n=5000|of=0.01|om=10.0|trial=1,outlier_grid,5000,2145006803,1344698108,3.05512119238724,33.62125804296652,0.6443494852174105,3.0390899367248743,is,uniform,uniform,1,0,1
exp_threshold_sweep,0.9736842105263157,2,n=5000|of=0.01|om=10.0|trial=2,outlier_grid,5000,2145006804,1345698111,3.0106207049135034,32.90968384374054,3.076742731314395,16.63731737900825,is,is,is,1,0,0
exp_threshold_sweep,0.9736842105263157,0,n=5000|of=0.02|om=2.0|trial=0,outlier_grid,5000,1963573401,1849281991,0.6966747062003946,7.519776239119451,0.47543518756124226,2.2596149880102976,uniform,uniform,uniform,0,0,0
exp_threshold_sweep,0.9736842105263157,1,n=5000|of=0.02|om=2.0|trial=1,outlier_grid,5000,1963573402,1850281994,0.7118330565326979,11.001515450812754,0.4520208983304915,2.698874329436576,uniform,uniform,uniform,0,0,0
exp_threshold_sweep,0.9736842105263157,2,n=5000|of=0.02|om=2.0|trial=2,outlier_grid,5000,1963573403,1851281997,0.65806351816426,9.25657713996702,0.8296206166431873,4.525086200005354,uniform,uniform_exact,uniform,0,0,0
exp_threshold_sweep,0.9736842105263157,0,n=5000|of=0.02|om=5.0|trial=0,outlier_grid,5000,668615107,226835520,1.324498034040619,12.321985384365552,1.420986155872819,9.460287591562427,uniform,is,is,0,1,0
exp_threshold_sweep,0.9736842105263157,1,n=5000|of=0.02|om=5.0|trial=1,outlier_grid,5000,668615108,227835523,1.3258723349377788,12.187571001132723,1.7518183454171476,9.441009520447926,uniform,is,is,0,1,0
exp_threshold_sweep,0.9736842105263157,2,n=5000|of=0.02|om=5.0|trial=2,outlier_grid,5000,668615109,228835526,1.3582145587406718,12.411829353085658,1.6098329132604077,8.440579648900238,uniform,is,is,0,1,0
exp_threshold_sweep,0.9736842105263157,0,n=5000|of=0.02|om=10.0|trial=0,outlier_grid,5000,1373662813,1101897480,3.273305510801266,25.581420388004364,3.080024607736424,22.13440099352384,is,is,is,1,0,0
exp_threshold_sweep,0.9736842105263157,1,n=5000|of=0.02|om=10.0|trial=1,outlier_grid,5000,1373662814,1102897483,3.270192893939796,25.42383972037984,3.1230074135377826,22.172902342801105,is,is,is,1,0,0
exp_threshold_sweep,0.9736842105263157,2,n=5000|of=0.02|om=10.0|trial=2,outlier_grid,5000,1373662815,1103897486,3.2584141459449203,25.386482551776233,0.5570308332689342,3.3307794220130464,is,uniform,uniform,1,0,1
exp_threshold_sweep,0.9736842105263157,0,n=5000|of=0.05|om=2.0|trial=0,outlier_grid,5000,1797025081,1123880116,0.6808824421638225,9.063293680601529,0.48088885971208883,2.624592314342267,uniform,uniform,uniform,0,0,0
exp_threshold_sweep,0.9736842105263157,1,n=5000|of=0.05|om=2.0|trial=1,outlier_grid,5000,1797025082,1124880119,0.6814735797847691,8.168079323694936,0.5524504769996358,2.584199022613375,uniform,uniform,uniform,0,0,0
exp_threshold_sweep,0.9736842105263157,2,n=5000|of=0.05|om=2.0|trial=2,outlier_grid,5000,1797025083,1125880122,0.6730762768779296,7.51328610662532,0.4565329598136699,2.188561896440269,uniform,uniform,uniform,0,0,0
exp_threshold_sweep,0.9736842105263157,0,n=5000|of=0.05|om=5.0|trial=0,outlier_grid,5000,502066787,1648917292,1.5610511723927194,9.482297366454727,1.5758063309932266,6.990350543505911,uniform,is,is,0,1,0
exp_threshold_sweep,0.9736842105263157,1,n=5000|of=0.05|om=5.0|trial=1,outlier_grid,5000,502066788,1649917295,1.5983515327881193,10.05179141412876,1.6225992259580106,8.351370338727532,uniform,is,is,0,1,0
exp_threshold_sweep,0.9736842105263157,2,n=5000|of=0.05|om=5.0|trial=2,outlier_grid,5000,502066789,1650917298,1.564054233622819,9.903368559014538,1.5575798618284007,9.852101312878242,uniform,is,is,0,1,0
exp_threshold_sweep,0.9736842105263157,0,n=5000|of=0.05|om=10.0|trial=0,outlier_grid,5000,1207114493,376495605,3.0064614329892705,15.45576789854595,3.169455879721515,16.498518287679143,is,is,is,1,0,0
exp_threshold_sweep,0.9736842105263157,1,n=5000|of=0.05|om=10.0|trial=1,outlier_grid,5000,1207114494,377495608,2.975958669383625,15.516826552718598,3.3857795189774316,24.227680111169526,is,is,is,1,0,0
exp_threshold_sweep,0.9736842105263157,2,n=5000|of=0.05|om=10.0|trial=2,outlier_grid,5000,1207114495,378495611,2.994754765488841,15.286751648815459,3.3220599809271,17.596346559246225,is,is,is,1,0,0
exp_threshold_sweep,0.9736842105263157,0,n=5000|of=0.1|om=2.0|trial=0,outlier_grid,5000,87788783,2062360638,0.6452892873409604,7.975916618900835,0.5376743972872535,2.5179123279163003,uniform,uniform,uniform,0,0,0
exp_threshold_sweep,0.9736842105263157,1,n=5000|of=0.1|om=2.0|trial=1,outlier_grid,5000,87788784,2063360641,0.6342794906340355,7.439749972949388,0.658835080717231,4.219525862739133,uniform,uniform,uniform,0,0,0
exp_threshold_sweep,0.9736842105263157,2,n=5000|of=0.1|om=2.0|trial=2,outlier_grid,5000,87788785,2064360644,0.6753511690743486,10.273263459798766,0.7374718544211176,4.030471911371158,uniform,uniform_exact,uniform,0,0,0
exp_threshold_sweep,0.9736842105263157,0,n=5000|of=0.1|om=5.0|trial=0,outlier_grid,5000,940314136,439914167,1.5642034237759075,7.461215325213151,1.5403929223546515,5.401692550568674,uniform,is,is,0,1,0
exp_threshold_sweep,0.9736842105263157,1,n=5000|of=0.1|om=5.0|trial=1,outlier_grid,5000,940314137,440914170,1.6069129255861263,7.627573339463385,1.775450307567282,6.940606237353128,uniform,is,is,0,1,0
exp_threshold_sweep,0.9736842105263157,2,n=5000|of=0.1|om=5.0|trial=2,outlier_grid,5000,940314138,441914173,1.5835535573326203,7.463665704236842,1.512445846655436,6.036300609855165,uniform,is,is,0,1,0
exp_threshold_sweep,0.9736842105263157,0,n=5000|of=0.1|om=10.0|trial=0,outlier_grid,5000,1645361842,1314976127,2.4387528204411435,9.085143647908605,3.160544031154053,17.145123469282822,is,is,is,0,0,0
exp_threshold_sweep,0.9736842105263157,1,n=5000|of=0.1|om=10.0|trial=1,outlier_grid,5000,1645361843,1315976130,2.44827057345472,9.074192457210252,1.703327712262773,4.39068223997979,is,is,is,1,0,0
exp_threshold_sweep,0.9736842105263157,2,n=5000|of=0.1|om=10.0|trial=2,outlier_grid,5000,1645361844,1316976133,2.4335609917695766,9.037567396165114,2.1181090910188756,6.55635582404496,is,is,is,0,0,0
exp_threshold_sweep,0.9736842105263157,0,n=5000|of=0.2|om=2.0|trial=0,outlier_grid,5000,964283481,1791838035,0.6519470284472162,8.754530513444111,0.6811804820250537,3.769822392015416,uniform,uniform,uniform,0,0,0
exp_threshold_sweep,0.9736842105263157,1,n=5000|of=0.2|om=2.0|trial=1,outlier_grid,5000,964283482,1792838038,0.6299048125270215,10.880578863376364,0.6123038372189583,3.4952235813898267,uniform,uniform,uniform,0,0,0
exp_threshold_sweep,0.9736842105263157,2,n=5000|of=0.2|om=2.0|trial=2,outlier_grid,5000,964283483,1793838041,0.6870579308218044,13.544762416249597,0.49736580598261537,2.936524224975774,uniform,uniform,uniform,0,0,0
exp_threshold_sweep,0.9736842105263157,0,n=5000|of=0.2|om=5.0|trial=0,outlier_grid,5000,1816808834,169391564,1.3838458656873216,5.062593836717688,1.3249940475847959,4.0658188079090785,uniform,is,is,0,1,0
exp_threshold_sweep,0.9736842105263157,1,n=5000|of=0.2|om=5.0|trial=1,outlier_grid,5000,1816808835,170391567,1.398083832516939,5.098880683600188,1.509956109167349,5.03229094148168,uniform,is,is,0,1,0
exp_threshold_sweep,0.9736842105263157,2,n=5000|of=0.2|om=5.0|trial=2,outlier_grid,5000,1816808836,171391570,1.3909424378180453,5.143704401559593,1.4849416714039894,4.9799569245267366,uniform,is,is,0,1,0
exp_threshold_sweep,0.9736842105263157,0,n=5000|of=0.2|om=10.0|trial=0,outlier_grid,5000,374372893,1044453524,1.7911999033758386,5.04722867967325,1.8034716870169307,4.764815957451378,is,is,is,0,0,0
exp_threshold_sweep,0.9736842105263157,1,n=5000|of=0.2|om=10.0|trial=1,outlier_grid,5000,374372894,1045453527,1.7925498435757545,5.031734118828527,1.9215146915656909,5.385939434900628,is,is,is,0,0,0
exp_threshold_sweep,0.9736842105263157,2,n=5000|of=0.2|om=10.0|trial=2,outlier_grid,5000,374372895,1046453530,1.799646793110485,5.033057676968276,2.1492677634690285,6.745645860181626,is,is,is,0,0,0
exp_threshold_sweep,1.2105263157894737,0,n=1000|of=0.0|om=2.0|trial=0,outlier_grid,1000,1442263617,746596478,0.617599978331471,6.544485015745742,0.5483780897479814,2.5959025557982325,uniform,uniform_exact,uniform,0,0,0
exp_threshold_sweep,1.2105263157894737,1,n=1000|of=0.0|om=2.0|trial=1,outlier_grid,1000,1442263618,747596481,0.7016203194983847,6.4257658382788225,0.6275903876647977,2.6116527328864954,uniform,uniform_exact,uniform,0,0,0
exp_threshold_sweep,1.2105263157894737,2,n=1000|of=0.0|om=2.0|trial=2,outlier_grid,1000,1442263619,748596484,0.633503586176026,5.578210996800821,0.60270091589201,2.930906559782195,uniform,uniform_exact,uniform,0,0,0
exp_threshold_sweep,1.2105263157894737,0,n=1000|of=0.0|om=5.0|trial=0,outlier_grid,1000,147305323,1271633654,0.6607087487078306,6.077985671873188,0.557145710713955,2.6791421374723297,uniform,uniform_exact,uniform,0,0,0
exp_threshold_sweep,1.2105263157894737,1,n=1000|of=0.0|om=5.0|trial=1,outlier_grid,1000,147305324,1272633657,0.6504739835154975,5.5695015501111715,0.6165714075200626,3.2147859588059418,uniform,uniform_exact,uniform,0,0,0
exp_threshold_sweep,1.2105263157894737,2,n=1000|of=0.0|om=5.0|trial=2,outlier_grid,1000,147305325,1273633660,0.6694892343956219,5.3838442549691585,0.6672464473818842,2.987950956289621,uniform,uniform_exact,uniform,0,0,0
exp_threshold_sweep,1.2105263157894737,0,n=1000|of=0.0|om=10.0|trial=0,outlier_grid,1000,852353029,2146695614,0.6398166324088268,6.140337691272391,0.5908156651867645,2.721805915503158,uniform,uniform_exact,uniform,0,0,0
exp_threshold_sweep,1.2105263157894737,1,n=1000|of=0.0|om=10.0|trial=1,outlier_grid,1000,852353030,211970,0.6645481406412764,5.726033896808133,0.6064122190377622,3.174685456676815,uniform,uniform_exact,uniform,0,0,0
exp_threshold_sweep,1.2105263157894737,2,n=1000|of=0.0|om=10.0|trial=2,outlier_grid,1000,852353031,1211973,0.6625855174916219,6.889022080403152,0.5633748894442849,3.0599028340011727,uniform,uniform_exact,uniform,0,0,0
exp_threshold_sweep,1.2105263157894737,0,n=1000|of=0.01|om=2.0|trial=0,outlier_grid,1000,670919628,504795853,0.6194948810036581,4.431036671722072,0.6155730154517948,3.528888742608645,uniform,uniform_exact,uniform,0,0,0
exp_threshold_sweep,1.2105263157894737,1,n=1000|of=0.01|om=2.0|trial=1,outlier_grid,1000,670919629,505795856,0.6419604984348997,5.780451621515172,0.6657875455339033,4.1524232614119585,uniform,uniform_exact,uniform,0,0,0
exp_threshold_sweep,1.2105263157894737,2,n=1000|of=0.01|om=2.0|trial=2,outlier_grid,1000,670919630,506795859,0.6478534945181104,7.295799872829969,0.5850077050549896,2.6729887569598887,uniform,uniform_exact,uniform,0,0,0
exp_threshold_sweep,1.2105263157894737,0,n=1000|of=0.01|om=5.0|trial=0,outlier_grid,1000,1523444981,1029833029,0.9275708025452007,9.067911114745035,1.1225111397756213,5.974835414939336,uniform,uniform_exact,uniform,0,0,0
exp_threshold_sweep,1.2105263157894737,1,n=1000|of=0.01|om=5.0|trial=1,outlier_grid,1000,1523444982,1030833032,0.8826442516694574,9.20078801072338,0.5748363733625237,3.1355041351682162,uniform,uniform_exact,uniform,0,0,0
exp_threshold_sweep,1.2105263157894737,2,n=1000|of=0.01|om=5.0|trial=2,outlier_grid,1000,1523444983,1031833035,0.8944373892679047,9.492564196854993,1.173034978432982,8.600273896827904,uniform,uniform_exact,uniform,0,0,0
exp_threshold_sweep,1.2105263157894737,0,n=1000|of=0.01|om=10.0|trial=0,outlier_grid,1000,81009040,1904894989,2.1600848596659037,23.591190740265375,0.6855033913617953,3.248046543411864,uniform,uniform_exact,uniform,0,0,0
exp_threshold_sweep,1.2105263157894737,1,n=1000|of=0.01|om=10.0|trial=1,outlier_grid,1000,81009041,1905894992,2.186629044024305,23.67565527185168,2.6292852529137885,19.095157683577227,uniform,is,is,0,1,0
exp_threshold_sweep,1.2105263157894737,2,n=1000|of=0.01|om=10.0|trial=2,outlier_grid,1000,81009042,1906894995,2.202788337834508,23.474969597415352,0.6111262132468236,2.542453941197359,uniform,uniform_exact,uniform,1,0,0
exp_threshold_sweep,1.2105263157894737,0,n=1000|of=0.02|om=2.0|trial=0,outlier_grid,1000,2047059286,262995228,0.668926440883736,6.047119721303887,0.6810487238799287,3.7286868486070106,uniform,uniform_exact,uniform,0,0,0
exp_threshold_sweep,1.2105263157894737,1,n=1000|of=0.02|om=2.0|trial=1,outlier_grid,1000,2047059287,263995231,0.6096939094021688,4.754850690421404,0.5387597950260967,2.616723172540644,uniform,uniform_exact,uniform,0,0,0
exp_threshold_sweep,1.2105263157894737,2,n=1000|of=0.02|om=2.0|trial=2,outlier_grid,1000,2047059288,264995234,0.619980694353103,5.711189635441723,0.6902969271044069,4.473861129144007,uniform,uniform_exact,uniform,0,0,0
exp_threshold_sweep,1.2105263157894737,0,n=1000|of=0.02|om=5.0|trial=0,outlier_grid,1000,752100992,788032404,1.0363964890753734,8.83629684462703,0.7476500051908691,3.962752015256141,uniform,uniform_exact,uniform,0,0,0
exp_threshold_sweep,1.2105263157894737,1,n=1000|of=0.02|om=5.0|trial=1,outlier_grid,1000,752100993,789032407,1.0808453099122093,9.327938871539764,1.3837659669066722,7.659181239059588,uniform,is,is,0,1,0
exp_threshold_sweep,1.2105263157894737,2,n=1000|of=0.02|om=5.0|trial=2,outlier_grid,1000,752100994,790032410,1.0555990939448983,9.079803243418585,1.0570626932256517,7.251765715103981,uniform,uniform_exact,uniform,0,0,0
exp_threshold_sweep,1.2105263157894737,0,n=1000|of=0.02|om=10.0|trial=0,outlier_grid,1000,1457148698,1663094364,2.4223349633420703,19.324723385669508,2.277376428393298,16.441515609656133,uniform,is,is,1,1,0
exp_threshold_sweep,1.2105263157894737,1,n=1000|of=0.02|om=10.0|trial=1,outlier_grid,1000,1457148699,1664094367,2.4594205603819232,19.349043540692758,2.508597556884272,18.152043163653502,uniform,is,is,1,1,0
exp_threshold_sweep,1.2105263157894737,2,n=1000|of=0.02|om=10.0|trial=2,outlier_grid,1000,1457148700,1665094370,2.441556227376376,19.145175988469532,2.290790983537895,12.447744122676754,uniform,is,is,1,1,0
exp_threshold_sweep,1.2105263157894737,0,n=1000|of=0.05|om=2.0|trial=0,outlier_grid,1000,1880510966,1685077000,0.6787566315775071,6.9795351614658365,0.5593848463091401,2.5087897799858867,uniform,uniform_exact,uniform,0,0,0
exp_threshold_sweep,1.2105263157894737,1,n=1000|of=0.05|om=2.0|trial=1,outlier_grid,1000,1880510967,1686077003,0.6273247767797993,5.416408240314115,0.728465716181903,3.6448559742257602,uniform,uniform_exact,uniform,0,0,0
exp_threshold_sweep,1.2105263157894737,2,n=1000|of=0.05|om=2.0|trial=2,outlier_grid,1000,1880510968,1687077006,0.6436184853347732,6.685255422490038,0.5103126590389526,2.6023101771538846,uniform,uniform_exact,uniform,0,0,0
exp_threshold_sweep,1.2105263157894737,0,n=1000|of=0.05|om=5.0|trial=0,outlier_grid,1000,585552672,62630529,1.322654341020879,7.809373922547658,1.239564266720211,8.750953728419445,uniform,is,is,0,1,0
exp_threshold_sweep,1.2105263157894737,1,n=1000|of=0.05|om=5.0|trial=1,outlier_grid,1000,585552673,63630532,1.2985808873964355,8.313744404611858,1.1841729453462242,7.104904986739314,uniform,uniform_exact,uniform,0,0,0
exp_threshold_sweep,1.2105263157894737,2,n=1000|of=0.05|om=5.0|trial=2,outlier_grid,1000,585552674,64630535,1.208561744925839,7.712949719548932,1.2437204705380234,6.948296481837266,uniform,is,is,0,1,0
exp_threshold_sweep,1.2105263157894737,0,n=1000|of=0.05|om=10.0|trial=0,outlier_grid,1000,1290600378,937692489,2.507398434602011,12.789785607408268,1.981584280953745,6.091377376277027,uniform,is,is,1,1,0
exp_threshold_sweep,1.2105263157894737,1,n=1000|of=0.05|om=10.0|trial=1,outlier_grid,1000,1290600379,938692492,2.520669114923294,12.78671987327333,2.5514885003686247,13.367303552827241,uniform,is,is,1,1,0
exp_threshold_sweep,1.2105263157894737,2,n=1000|of=0.05|om=10.0|trial=2,outlier_grid,1000,1290600380,939692495,2.49068495781207,12.596211278828237,2.388827939827331,9.375763002215379,uniform,is,is,1,1,0
exp_threshold_sweep,1.2105263157894737,0,n=1000|of=0.1|om=2.0|trial=0,outlier_grid,1000,171274668,476073875,0.6524098435515786,7.086241475883487,0.6134076503724459,3.404706839361904,uniform,uniform_exact,uniform,0,0,0
exp_threshold_sweep,1.2105263157894737,1,n=1000|of=0.1|om=2.0|trial=1,outlier_grid,1000,171274669,477073878,0.581167313005821,6.085439413528287,0.4477543570426993,2.495052970045447,uniform,uniform_exact,uniform,0,0,0
exp_threshold_sweep,1.2105263157894737,2,n=1000|of=0.1|om=2.0|trial=2,outlier_grid,1000,171274670,478073881,0.6984683097008569,7.200833170425255,0.7265159012566176,4.152766317360418,uniform,uniform_exact,uniform,0,0,0
exp_threshold_sweep,1.2105263157894737,0,n=1000|of=0.1|om=5.0|trial=0,outlier_grid,1000,1023800021,1001111051,1.3537758517722411,6.291632634044208,1.392332794795357,8.194792864225988,uniform,is,is,0,1,0
exp_threshold_sweep,1.2105263157894737,1,n=1000|of=0.1|om=5.0|trial=1,outlier_grid,1000,1023800022,1002111054,1.367532997551312,6.235878482522877,1.0653212425949394,5.48792774750068,uniform,uniform_exact,uniform,0,0,0
exp_threshold_sweep,1.2105263157894737,2,n=1000|of=0.1|om=5.0|trial=2,outlier_grid,1000,1023800023,1003111057,1.3274574831627268,6.042607423381932,1.397382664876045,4.921502526492926,uniform,is,is,0,1,0
exp_threshold_sweep,1.2105263157894737,0,n=1000|of=0.1|om=10.0|trial=0,outlier_grid,1000,1728847727,1876173011,2.1745485439283283,8.206958182334139,2.271938959808152,8.227171633295658,uniform,is,is,0,1,0
exp_threshold_sweep,1.2105263157894737,1,n=1000|of=0.1|om=10.0|trial=1,outlier_grid,1000,1728847728,1877173014,2.2071501455785794,8.244504029581895,1.8158492303782232,5.226930622403092,uniform,is,is,1,1,0
exp_threshold_sweep,1.2105263157894737,2,n=1000|of=0.1|om=10.0|trial=2,outlier_grid,1000,1728847729,1878173017,2.2131805137021714,8.13937339152958,2.1693922835495068,7.106100335900823,uniform,is,is,1,1,0
exp_threshold_sweep,1.2105263157894737,0,n=1000|of=0.2|om=2.0|trial=0,outlier_grid,1000,1047769366,205551272,0.596226390605092,7.59566327931635,0.6866307110627479,4.771839350717152,uniform,uniform_exact,uniform,0,0,0
exp_threshold_sweep,1.2105263157894737,1,n=1000|of=0.2|om=2.0|trial=1,outlier_grid,1000,1047769367,206551275,0.5707637716995058,4.76013034379612,0.5310136587996631,3.0595937609135904,uniform,uniform_exact,uniform,0,0,0
exp_threshold_sweep,1.2105263157894737,2,n=1000|of=0.2|om=2.0|trial=2,outlier_grid,1000,1047769368,207551278,0.6082008942884182,5.59710910895369,0.48167615276168907,2.598431685690817,uniform,uniform_exact,uniform,0,0,0
exp_threshold_sweep,1.2105263157894737,0,n=1000|of=0.2|om=5.0|trial=0,outlier_grid,1000,1900294719,730588448,1.2128763710131376,4.437108297044463,1.0664153214894825,2.986205666927234,uniform,uniform_exact,uniform,0,0,0
exp_threshold_sweep,1.2105263157894737,1,n=1000|of=0.2|om=5.0|trial=1,outlier_grid,1000,1900294720,731588451,1.222022170293529,4.453870144522961,1.2290192711320571,3.901770168775385,uniform,is,is,0,1,0
exp_threshold_sweep,1.2105263157894737,2,n=1000|of=0.2|om=5.0|trial=2,outlier_grid,1000,1900294721,732588454,1.2283430251331136,4.34226493758284,1.2804463891834201,3.970752618712866,uniform,is,is,0,1,0
exp_threshold_sweep,1.2105263157894737,0,n=1000|of=0.2|om=10.0|trial=0,outlier_grid,1000,457858778,1605650408,1.6822322474532947,4.785774324099834,1.3307529917295458,3.108949918232778,uniform,is,is,0,1,0
exp_threshold_sweep,1.2105263157894737,1,n=1000|of=0.2|om=10.0|trial=1,outlier_grid,1000,457858779,1606650411,1.6828609678688584,4.797205593998007,1.4473725178315615,3.569934815222011,uniform,is,is,0,1,0
exp_threshold_sweep,1.2105263157894737,2,n=1000|of=0.2|om=10.0|trial=2,outlier_grid,1000,457858780,1607650414,1.6824444119691087,4.694431122747657,1.6905828383397086,4.589462954354011,uniform,is,is,0,1,0
exp_threshold_sweep,1.2105263157894737,0,n=2000|of=0.0|om=2.0|trial=0,outlier_grid,2000,884521234,1143168169,0.6437859806065077,7.26494190000632,0.6088810957070883,3.421281957998462,uniform,uniform_exact,uniform,0,0,0
exp_threshold_sweep,1.2105263157894737,1,n=2000|of=0.0|om=2.0|trial=1,outlier_grid,2000,884521235,1144168172,0.6783226328241753,6.987718128416362,0.49536165778360103,2.36474233444304,uniform,uniform_exact,uniform,0,0,0
exp_threshold_sweep,1.2105263157894737,2,n=2000|of=0.0|om=2.0|trial=2,outlier_grid,2000,884521236,1145168175,0.7008485258315146,10.87323753149392,0.613063277959372,3.293286693846232,uniform,uniform_exact,uniform,0,0,0
exp_threshold_sweep,1.2105263157894737,0,n=2000|of=0.0|om=5.0|trial=0,outlier_grid,2000,1737046587,1668205345,0.6647636523552978,9.371015606248461,0.5087322163977676,2.47805796787328,uniform,uniform_exact,uniform,0,0,0
exp_threshold_sweep,1.2105263157894737,1,n=2000|of=0.0|om=5.0|trial=1,outlier_grid,2000,1737046588,1669205348,0.6503303945228937,7.618833107152736,0.5319726205354719,2.298865318576739,uniform,uniform_exact,uniform,0,0,0
exp_threshold_sweep,1.2105263157894737,2,n=2000|of=0.0|om=5.0|trial=2,outlier_grid,2000,1737046589,1670205351,0.7116392058914187,10.837519913683188,0.5592106519510629,2.9636046635276134,uniform,uniform_exact,uniform,0,0,0
exp_threshold_sweep,1.2105263157894737,0,n=2000|of=0.0|om=10.0|trial=0,outlier_grid,2000,294610646,395783658,0.6984542271619008,9.191213698217632,0.8390737620604903,5.722926614596487,uniform,uniform_exact,uniform,0,0,0
exp_threshold_sweep,1.2105263157894737,1,n=2000|of=0.0|om=10.0|trial=1,outlier_grid,2000,294610647,396783661,0.6531760108020092,9.05950966881119,0.5681431768604511,3.3807196792047804,uniform,uniform_exact,uniform,0,0,0
exp_threshold_sweep,1.2105263157894737,2,n=2000|of=0.0|om=10.0|trial=2,outlier_grid,2000,294610648,397783664,0.6722700999610615,5.917746054892996,0.7495947837330792,3.790538011404719,uniform,uniform_exact,uniform,0,0,0
exp_threshold_sweep,1.2105263157894737,0,n=2000|of=0.01|om=2.0|trial=0,outlier_grid,2000,113177245,901367544,0.7041455345419971,8.158001271669198,0.5982541861874782,3.3456894650162257,uniform,uniform_exact,uniform,0,0,0
exp_threshold_sweep,1.2105263157894737,1,n=2000|of=0.01|om=2.0|trial=1,outlier_grid,2000,113177246,902367547,0.6776575995706522,7.229319530734069,0.5603007866946572,2.390470224874732,uniform,uniform_exact,uniform,0,0,0
exp_threshold_sweep,1.2105263157894737,2,n=2000|of=0.01|om=2.0|trial=2,outlier_grid,2000,113177247,903367550,0.6623640231431586,9.28680597708695,0.6317744419787131,3.0939482141031056,uniform,uniform_exact,uniform,0,0,0
exp_threshold_sweep,1.2105263157894737,0,n=2000|of=0.01|om=5.0|trial=0,outlier_grid,2000,965702598,1426404720,0.9816612409123018,11.124163624423396,1.1756414620182873,7.687960000534256,uniform,uniform_exact,uniform,0,0,0
exp_threshold_sweep,1.2105263157894737,1,n=2000|of=0.01|om=5.0|trial=1,outlier_grid,2000,965702599,1427404723,1.019893147231907,10.771710935140439,0.5337459155725522,3.3025507403438468,uniform,uniform_exact,uniform,0,0,0
exp_threshold_sweep,1.2105263157894737,2,n=2000|of=0.01|om=5.0|trial=2,outlier_grid,2000,965702600,1428404726,1.0038984191058524,11.152323945467518,1.3574803821777015,6.514567851350407,uniform,is,is,0,1,0
exp_threshold_sweep,1.2105263157894737,0,n=2000|of=0.01|om=10.0|trial=0,outlier_grid,2000,1670750304,153983033,2.485939595674491,27.10730987984548,0.6922391706798106,3.263136519461352,uniform,uniform_exact,uniform,1,0,0
exp_threshold_sweep,1.2105263157894737,1,n=2000|of=0.01|om=10.0|trial=1,outlier_grid,2000,1670750305,154983036,2.4574092914423638,26.830979453268434,2.6914555940237035,19.278517683434057,uniform,is,is,1,1,0
exp_threshold_sweep,1.2105263157894737,2,n=2000|of=0.01|om=10.0|trial=2,outlier_grid,2000,1670750306,155983039,2.4875934157876274,27.001639859771334,0.6359088076942686,3.970761762912767,uniform,uniform_exact,uniform,1,0,0
exp_threshold_sweep,1.2105263157894737,0,n=2000|of=0.02|om=2.0|trial=0,outlier_grid,2000,1489316903,659566919,0.6522247884106012,6.7974888408872705,0.5505755050740488,3.5201217516451626,uniform,uniform_exact,uniform,0,0,0
exp_threshold_sweep,1.2105263157894737,1,n=2000|of=0.02|om=2.0|trial=1,outlier_grid,2000,1489316904,660566922,0.708592555862065,7.3196862152942685,0.9922662902115502,6.7703437157877895,uniform,uniform_exact,uniform,0,0,0
exp_threshold_sweep,1.2105263157894737,2,n=2000|of=0.02|om=2.0|trial=2,outlier_grid,2000,1489316905,661566925,0.6266465193598646,6.766098028970186,0.752873233923983,3.310746379016921,uniform,uniform_exact,uniform,0,0,0
exp_threshold_sweep,1.2105263157894737,0,n=2000|of=0.02|om=5.0|trial=0,outlier_grid,2000,194358609,1184604095,1.187664640127493,10.482197021947206,1.527678168659612,8.944054122560313,uniform,is,is,0,1,0
exp_threshold_sweep,1.2105263157894737,1,n=2000|of=0.02|om=5.0|trial=1,outlier_grid,2000,194358610,1185604098,1.169122399391696,10.541280528053289,0.9145570204064611,4.5350204572515125,uniform,uniform_exact,uniform,0,0,0
exp_threshold_sweep,1.2105263157894737,2,n=2000|of=0.02|om=5.0|trial=2,outlier_grid,2000,194358611,1186604101,1.2297958209577402,10.40504305776103,0.5294685007912246,2.582776879280302,uniform,uniform_exact,uniform,0,0,0
exp_threshold_sweep,1.2105263157894737,0,n=2000|of=0.02|om=10.0|trial=0,outlier_grid,2000,899406315,2059666055,2.869439534666998,22.1660269939405,0.4612698925010971,2.858132768726271,uniform,uniform_exact,uniform,1,0,0
exp_threshold_sweep,1.2105263157894737,1,n=2000|of=0.02|om=10.0|trial=1,outlier_grid,2000,899406316,2060666058,2.804968516663726,22.06499967036417,0.7773580653602782,4.147741202363895,uniform,uniform_exact,uniform,1,0,0
exp_threshold_sweep,1.2105263157894737,2,n=2000|of=0.02|om=10.0|trial=2,outlier_grid,2000,899406317,2061666061,2.735942484849644,21.257719756855096,2.752887324355533,19.97721163291714,uniform,is,is,1,1,0
exp_threshold_sweep,1.2105263157894737,0,n=2000|of=0.05|om=2.0|trial=0,outlier_grid,2000,1322768583,2081648691,0.65141260441657,7.2644391200920655,0.5635666736474544,3.410906683045691,uniform,uniform_exact,uniform,0,0,0
exp_threshold_sweep,1.2105263157894737,1,n=2000|of=0.05|om=2.0|trial=1,outlier_grid,2000,1322768584,2082648694,0.6410291195607866,6.374989174742897,0.501932963446459,2.9108925653950144,uniform,uniform_exact,uniform,0,0,0
exp_threshold_sweep,1.2105263157894737,2,n=2000|of=0.05|om=2.0|trial=2,outlier_grid,2000,1322768585,2083648697,0.6227487686611384,6.430958934057433,0.434005200174826,2.2951701434908167,uniform,uniform,uniform,0,0,0
exp_threshold_sweep,1.2105263157894737,0,n=2000|of=0.05|om=5.0|trial=0,outlier_grid,2000,27810289,459202220,1.358269331673104,8.966713358539577,1.35481492110944,6.607523751883334,uniform,is,is,0,1,0
exp_threshold_sweep,1.2105263157894737,1,n=2000|of=0.05|om=5.0|trial=1,outlier_grid,2000,27810290,460202223,1.3763076923974027,8.285852764690443,1.4428590717596237,6.468029799030839,uniform,is,is,0,1,0
exp_threshold_sweep,1.2105263157894737,2,n=2000|of=0.05|om=5.0|trial=2,outlier_grid,2000,27810291,461202226,1.4611702597146317,9.106720084066147,1.5279108665047643,8.296549094614836,uniform,is,is,0,1,0
exp_threshold_sweep,1.2105263157894737,0,n=2000|of=0.05|om=10.0|trial=0,outlier_grid,2000,732857995,1334264180,2.7142794007709448,13.745211635687745,2.702556001379943,14.513805503083606,uniform,is,is,1,1,0
exp_threshold_sweep,1.2105263157894737,1,n=2000|of=0.05|om=10.0|trial=1,outlier_grid,2000,732857996,1335264183,2.726308523162901,13.889554001701725,2.7515271154604224,14.46008250796006,uniform,is,is,1,1,0
exp_threshold_sweep,1.2105263157894737,2,n=2000|of=0.05|om=10.0|trial=2,outlier_grid,2000,732857997,1336264186,2.7326270401993864,13.72668609604081,2.977635313376578,15.542986288650924,uniform,is,is,1,1,0
exp_threshold_sweep,1.2105263157894737,0,n=2000|of=0.1|om=2.0|trial=0,outlier_grid,2000,1761015932,872645566,0.5866904178552818,6.882127609815075,0.7780977032672415,4.3540042662413265,uniform,uniform_exact,uniform,0,0,0
exp_threshold_sweep,1.2105263157894737,1,n=2000|of=0.1|om=2.0|trial=1,outlier_grid,2000,1761015933,873645569,0.6805166058317258,7.844182030189697,0.6519847855171583,3.5895405804656852,uniform,uniform_exact,uniform,0,0,0
exp_threshold_sweep,1.2105263157894737,2,n=2000|of=0.1|om=2.0|trial=2,outlier_grid,2000,1761015934,874645572,0.6075248895724128,8.488601778181627,0.8436204168402669,5.563018774274977,uniform,uniform_exact,uniform,0,0,0
exp_threshold_sweep,1.2105263157894737,0,n=2000|of=0.1|om=5.0|trial=0,outlier_grid,2000,466057638,1397682742,1.4612428196080953,6.753627793666996,1.4327050927810243,6.932961838415959,uniform,is,is,0,1,0
exp_threshold_sweep,1.2105263157894737,1,n=2000|of=0.1|om=5.0|trial=1,outlier_grid,2000,466057639,1398682745,1.4764441467779024,6.956174126191189,1.4833652541004625,5.917161138813944,uniform,is,is,0,1,0
exp_threshold_sweep,1.2105263157894737,2,n=2000|of=0.1|om=5.0|trial=2,outlier_grid,2000,466057640,1399682748,1.4190922443740461,6.741387981806074,1.4251820932814954,5.769561075309708,uniform,is,is,0,1,0
exp_threshold_sweep,1.2105263157894737,0,n=2000|of=0.1|om=10.0|trial=0,outlier_grid,2000,1171105344,125261055,2.301445779003562,8.777361115865295,2.5553123124241757,11.85295498929349,uniform,is,is,0,1,0
exp_threshold_sweep,1.2105263157894737,1,n=2000|of=0.1|om=10.0|trial=1,outlier_grid,2000,1171105345,126261058,2.3152827988189686,8.658788130102245,2.3972618239679955,8.632525823054872,uniform,is,is,1,1,0
exp_threshold_sweep,1.2105263157894737,2,n=2000|of=0.1|om=10.0|trial=2,outlier_grid,2000,1171105346,127261061,2.30933321640677,8.687845653682372,2.519265170201236,11.164689419815701,uniform,is,is,1,1,0
exp_threshold_sweep,1.2105263157894737,0,n=2000|of=0.2|om=2.0|trial=0,outlier_grid,2000,490026983,602122963,0.5915941849529013,6.747218403782818,0.5153857552139363,2.696102664502257,uniform,uniform_exact,uniform,0,0,0
exp_threshold_sweep,1.2105263157894737,1,n=2000|of=0.2|om=2.0|trial=1,outlier_grid,2000,490026984,603122966,0.5845956482433441,7.133862103294786,0.5173156847169954,3.290328195544719,uniform,uniform_exact,uniform,0,0,0
exp_threshold_sweep,1.2105263157894737,2,n=2000|of=0.2|om=2.0|trial=2,outlier_grid,2000,490026985,604122969,0.6364016724628121,6.162099158324124,0.5360156424939014,2.5140693133297147,uniform,uniform_exact,uniform,0,0,0
exp_threshold_sweep,1.2105263157894737,0,n=2000|of=0.2|om=5.0|trial=0,outlier_grid,2000,1342552336,1127160139,1.2983740571519216,4.789065542177101,1.3392731171770875,4.451584940243585,uniform,is,is,0,1,0
exp_threshold_sweep,1.2105263157894737,1,n=2000|of=0.2|om=5.0|trial=1,outlier_grid,2000,1342552337,1128160142,1.3147579288921611,4.448881049791875,1.2335058648407327,3.5826229460922576,uniform,is,is,0,1,0
exp_threshold_sweep,1.2105263157894737,2,n=2000|of=0.2|om=5.0|trial=2,outlier_grid,2000,1342552338,1129160145,1.3083480127020897,4.637299734571176,1.241792125816401,3.743740953320934,uniform,is,is,0,1,0
exp_threshold_sweep,1.2105263157894737,0,n=2000|of=0.2|om=10.0|trial=0,outlier_grid,2000,2047600042,2002222099,1.7372109637686688,4.909762302581473,1.7392778526479349,4.77104744131708,uniform,is,is,0,1,0
exp_threshold_sweep,1.2105263157894737,1,n=2000|of=0.2|om=10.0|trial=1,outlier_grid,2000,2047600043,2003222102,1.7421178180833923,4.869082529210165,1.93681927676911,5.596633759076408,uniform,is,is,0,1,0
exp_threshold_sweep,1.2105263157894737,2,n=2000|of=0.2|om=10.0|trial=2,outlier_grid,2000,2047600044,2004222105,1.7399890427199698,4.970317505328127,1.7344696778825652,4.748955541909066,uniform,is,is,0,1,0
exp_threshold_sweep,1.2105263157894737,0,n=5000|of=0.0|om=2.0|trial=0,outlier_grid,5000,1358777732,185399595,0.7224807944290408,9.893139619301449,0.6954798441439162,3.378031016149542,uniform,uniform,uniform,0,0,0
exp_threshold_sweep,1.2105263157894737,1,n=5000|of=0.0|om=2.0|trial=1,outlier_grid,5000,1358777733,186399598,0.6783674416504732,9.248645932905605,0.7235816941903771,4.97161408857299,uniform,uniform_exact,uniform,0,0,0
exp_threshold_sweep,1.2105263157894737,2,n=5000|of=0.0|om=2.0|trial=2,outlier_grid,5000,1358777734,187399601,0.6974014263102107,8.500077009248255,0.7167401087807753,4.204757335745246,uniform,uniform_exact,uniform,0,0,0
exp_threshold_sweep,1.2105263157894737,0,n=5000|of=0.0|om=5.0|trial=0,outlier_grid,5000,63819438,710436771,0.6966704990056833,11.78855723114979,0.5483197911021743,2.8092606631012726,uniform,uniform,uniform,0,0,0
exp_threshold_sweep,1.2105263157894737,1,n=5000|of=0.0|om=5.0|trial=1,outlier_grid,5000,63819439,711436774,0.7020645774986704,10.493395057863204,0.571139524506975,2.887874918652972,uniform,uniform,uniform,0,0,0
exp_threshold_sweep,1.2105263157894737,2,n=5000|of=0.0|om=5.0|trial=2,outlier_grid,5000,63819440,712436777,0.6964872202949357,12.14043386833435,0.5651576575078411,3.568492870914349,uniform,uniform,uniform,0,0,0
exp_threshold_sweep,1.2105263157894737,0,n=5000|of=0.0|om=10.0|trial=0,outlier_grid,5000,768867144,1585498731,0.6923142098960464,10.791047985600459,0.7156154127084288,3.75151073455543,uniform,uniform_exact,uniform,0,0,0
exp_threshold_sweep,1.2105263157894737,1,n=5000|of=0.0|om=10.0|trial=1,outlier_grid,5000,768867145,1586498734,0.6749404683005831,10.377327086148796,0.5127675383442775,3.0337499486772947,uniform,uniform,uniform,0,0,0
exp_threshold_sweep,1.2105263157894737,2,n=5000|of=0.0|om=10.0|trial=2,outlier_grid,5000,768867146,1587498737,0.7043250568842707,9.485986571983513,0.5209930140320383,2.316029840399719,uniform,uniform,uniform,0,0,0
exp_threshold_sweep,1.2105263157894737,0,n=5000|of=0.01|om=2.0|trial=0,outlier_grid,5000,587433743,2091082617,0.7278048746693839,12.570758348270179,0.7491906875207932,3.5175506968640153,uniform,uniform_exact,uniform,0,0,0
exp_threshold_sweep,1.2105263157894737,1,n=5000|of=0.01|om=2.0|trial=1,outlier_grid,5000,587433744,2092082620,0.6959390046794844,8.19052749199074,0.6396511781380464,4.314451175297797,uniform,uniform,uniform,0,0,0
exp_threshold_sweep,1.2105263157894737,2,n=5000|of=0.01|om=2.0|trial=2,outlier_grid,5000,587433745,2093082623,0.7275752487361427,11.991683623295147,0.49472377431369785,2.5523945627506426,uniform,uniform,uniform,0,0,0
exp_threshold_sweep,1.2105263157894737,0,n=5000|of=0.01|om=5.0|trial=0,outlier_grid,5000,1439959096,468636146,1.1514945012448503,13.921170970329356,1.512416151324157,8.329220987732796,uniform,is,is,0,1,0
exp_threshold_sweep,1.2105263157894737,1,n=5000|of=0.01|om=5.0|trial=1,outlier_grid,5000,1439959097,469636149,1.1000620070210954,13.282787825099584,0.6053144726220884,3.9038762105080385,uniform,uniform,uniform,0,0,0
exp_threshold_sweep,1.2105263157894737,2,n=5000|of=0.01|om=5.0|trial=2,outlier_grid,5000,1439959098,470636152,1.169644960173019,14.047324928197764,0.47729960328931037,2.5977501391728235,uniform,uniform,uniform,0,0,0
exp_threshold_sweep,1.2105263157894737,0,n=5000|of=0.01|om=10.0|trial=0,outlier_grid,5000,2145006802,1343698106,3.012040993380712,33.184170841399485,3.459143729941369,24.884882883962383,is,is,is,1,0,0
exp_threshold_sweep,1.2105263157894737,1,n=5000|of=0.01|om=10.0|trial=1,outlier_grid,5000,2145006803,1344698109,3.05512119238724,33.62125804296652,3.4250098468101373,24.647482564945562,is,is,is,1,0,0
exp_threshold_sweep,1.2105263157894737,2,n=5000|of=0.01|om=10.0|trial=2,outlier_grid,5000,2145006804,1345698112,3.0106207049135034,32.90968384374054,3.22041697009385,23.24246657559736,is,is,is,1,0,0
exp_threshold_sweep,1.2105263157894737,0,n=5000|of=0.02|om=2.0|trial=0,outlier_grid,5000,1963573401,1849281992,0.6966747062003946,7.519776239119451,0.630248472558437,3.487266596456677,uniform,uniform,uniform,0,0,0
exp_threshold_sweep,1.2105263157894737,1,n=5000|of=0.02|om=2.0|trial=1,outlier_grid,5000,1963573402,1850281995,0.7118330565326979,11.001515450812754,0.5813145578009826,2.8358151106897997,uniform,uniform,uniform,0,0,0
exp_threshold_sweep,1.2105263157894737,2,n=5000|of=0.02|om=2.0|trial=2,outlier_grid,5000,1963573403,1851281998,0.65806351816426,9.25657713996702,0.608014369173275,3.0245674886317233,uniform,uniform,uniform,0,0,0
exp_threshold_sweep,1.2105263157894737,0,n=5000|of=0.02|om=5.0|trial=0,outlier_grid,5000,668615107,226835521,1.324498034040619,12.321985384365552,0.5442191783771873,3.550715731345828,uniform,uniform,uniform,0,0,0
exp_threshold_sweep,1.2105263157894737,1,n=5000|of=0.02|om=5.0|trial=1,outlier_grid,5000,668615108,227835524,1.3258723349377788,12.187571001132723,0.4563111549478898,2.4588338278538475,uniform,uniform,uniform,0,0,0
exp_threshold_sweep,1.2105263157894737,2,n=5000|of=0.02|om=5.0|trial=2,outlier_grid,5000,668615109,228835527,1.3582145587406718,12.411829353085658,0.545504428565492,2.647627014835155,uniform,uniform,uniform,0,0,0
exp_threshold_sweep,1.2105263157894737,0,n=5000|of=0.02|om=10.0|trial=0,outlier_grid,5000,1373662813,1101897481,3.273305510801266,25.581420388004364,0.7113808479039052,3.8340736294308853,is,uniform_exact,uniform,1,0,1
exp_threshold_sweep,1.2105263157894737,1,n=5000|of=0.02|om=10.0|trial=1,outlier_grid,5000,1373662814,1102897484,3.270192893939796,25.42383972037984,3.2054762543046245,16.553113782766392,is,is,is,1,0,0
exp_threshold_sweep,1.2105263157894737,2,n=5000|of=0.02|om=10.0|trial=2,outlier_grid,5000,1373662815,1103897487,3.2584141459449203,25.386482551776233,3.1483199196380034,22.697139306499643,is,is,is,1,0,0
exp_threshold_sweep,1.2105263157894737,0,n=5000|of=0.05|om=2.0|trial=0,outlier_grid,5000,1797025081,1123880117,0.6808824421638225,9.063293680601529,0.5749315799666584,3.0175798171747275,uniform,uniform,uniform,0,0,0
exp_threshold_sweep,1.2105263157894737,1,n=5000|of=0.05|om=2.0|trial=1,outlier_grid,5000,1797025082,1124880120,0.6814735797847691,8.168079323694936,0.7458913521112286,4.30112830847409,uniform,uniform_exact,uniform,0,0,0
exp_threshold_sweep,1.2105263157894737,2,n=5000|of=0.05|om=2.0|trial=2,outlier_grid,5000,1797025083,1125880123,0.6730762768779296,7.51328610662532,0.6242126789217396,3.6471520002137834,uniform,uniform,uniform,0,0,0
exp_threshold_sweep,1.2105263157894737,0,n=5000|of=0.05|om=5.0|trial=0,outlier_grid,5000,502066787,1648917293,1.5610511723927194,9.482297366454727,0.7106535094766654,4.536943304387138,uniform,uniform_exact,uniform,0,0,0
exp_threshold_sweep,1.2105263157894737,1,n=5000|of=0.05|om=5.0|trial=1,outlier_grid,5000,502066788,1649917296,1.5983515327881193,10.05179141412876,0.4220022658072899,2.217596340592037,uniform,uniform,uniform,0,0,0
exp_threshold_sweep,1.2105263157894737,2,n=5000|of=0.05|om=5.0|trial=2,outlier_grid,5000,502066789,1650917299,1.564054233622819,9.903368559014538,1.603722769829166,8.788462993184197,uniform,is,is,0,1,0
exp_threshold_sweep,1.2105263157894737,0,n=5000|of=0.05|om=10.0|trial=0,outlier_grid,5000,1207114493,376495606,3.0064614329892705,15.45576789854595,3.104140392022608,22.17596734376488,is,is,is,1,0,0
exp_threshold_sweep,1.2105263157894737,1,n=5000|of=0.05|om=10.0|trial=1,outlier_grid,5000,1207114494,377495609,2.975958669383625,15.516826552718598,2.439391289624175,8.968005445391643,is,is,is,1,0,0
exp_threshold_sweep,1.2105263157894737,2,n=5000|of=0.05|om=10.0|trial=2,outlier_grid,5000,1207114495,378495612,2.994754765488841,15.286751648815459,3.286636865663031,23.663882386655928,is,is,is,1,0,0
exp_threshold_sweep,1.2105263157894737,0,n=5000|of=0.1|om=2.0|trial=0,outlier_grid,5000,87788783,2062360639,0.6452892873409604,7.975916618900835,0.7118979143251396,3.941267276495679,uniform,uniform_exact,uniform,0,0,0
exp_threshold_sweep,1.2105263157894737,1,n=5000|of=0.1|om=2.0|trial=1,outlier_grid,5000,87788784,2063360642,0.6342794906340355,7.439749972949388,0.4600462827841639,1.9666081756764078,uniform,uniform,uniform,0,0,0
exp_threshold_sweep,1.2105263157894737,2,n=5000|of=0.1|om=2.0|trial=2,outlier_grid,5000,87788785,2064360645,0.6753511690743486,10.273263459798766,0.4970297349356692,2.428605415350811,uniform,uniform,uniform,0,0,0
exp_threshold_sweep,1.2105263157894737,0,n=5000|of=0.1|om=5.0|trial=0,outlier_grid,5000,940314136,439914168,1.5642034237759075,7.461215325213151,1.6828008439317776,6.850066340769208,uniform,is,is,0,1,0
exp_threshold_sweep,1.2105263157894737,1,n=5000|of=0.1|om=5.0|trial=1,outlier_grid,5000,940314137,440914171,1.6069129255861263,7.627573339463385,1.5764023993940866,5.706445134516436,uniform,is,is,0,1,0
exp_threshold_sweep,1.2105263157894737,2,n=5000|of=0.1|om=5.0|trial=2,outlier_grid,5000,940314138,441914174,1.5835535573326203,7.463665704236842,1.456603649659573,5.239358043543218,uniform,is,is,0,1,0
exp_threshold_sweep,1.2105263157894737,0,n=5000|of=0.1|om=10.0|trial=0,outlier_grid,5000,1645361842,1314976128,2.4387528204411435,9.085143647908605,2.357183579287507,7.639290205099501,is,is,is,0,0,0
exp_threshold_sweep,1.2105263157894737,1,n=5000|of=0.1|om=10.0|trial=1,outlier_grid,5000,1645361843,1315976131,2.44827057345472,9.074192457210252,2.0510095603616505,6.096572790054695,is,is,is,1,0,0
exp_threshold_sweep,1.2105263157894737,2,n=5000|of=0.1|om=10.0|trial=2,outlier_grid,5000,1645361844,1316976134,2.4335609917695766,9.037567396165114,2.0954197968339314,6.53933363180288,is,is,is,0,0,0
exp_threshold_sweep,1.2105263157894737,0,n=5000|of=0.2|om=2.0|trial=0,outlier_grid,5000,964283481,1791838036,0.6519470284472162,8.754530513444111,0.5833546116880491,3.5840367164035505,uniform,uniform,uniform,0,0,0
exp_threshold_sweep,1.2105263157894737,1,n=5000|of=0.2|om=2.0|trial=1,outlier_grid,5000,964283482,1792838039,0.6299048125270215,10.880578863376364,0.6429131758542719,2.971654295886668,uniform,uniform,uniform,0,0,0
exp_threshold_sweep,1.2105263157894737,2,n=5000|of=0.2|om=2.0|trial=2,outlier_grid,5000,964283483,1793838042,0.6870579308218044,13.544762416249597,0.4995553811239728,2.3703746224445674,uniform,uniform,uniform,0,0,0
exp_threshold_sweep,1.2105263157894737,0,n=5000|of=0.2|om=5.0|trial=0,outlier_grid,5000,1816808834,169391565,1.3838458656873216,5.062593836717688,1.2556949424334247,3.59717518041603,uniform,is,is,0,1,0
exp_threshold_sweep,1.2105263157894737,1,n=5000|of=0.2|om=5.0|trial=1,outlier_grid,5000,1816808835,170391568,1.398083832516939,5.098880683600188,1.7328196862089356,6.332917933851652,uniform,is,is,0,1,0
exp_threshold_sweep,1.2105263157894737,2,n=5000|of=0.2|om=5.0|trial=2,outlier_grid,5000,1816808836,171391571,1.3909424378180453,5.143704401559593,1.1923407658463707,3.4973634864465155,uniform,uniform_exact,uniform,0,0,0
exp_threshold_sweep,1.2105263157894737,0,n=5000|of=0.2|om=10.0|trial=0,outlier_grid,5000,374372893,1044453525,1.7911999033758386,5.04722867967325,1.8111114491868603,4.824781409090048,is,is,is,0,0,0
exp_threshold_sweep,1.2105263157894737,1,n=5000|of=0.2|om=10.0|trial=1,outlier_grid,5000,374372894,1045453528,1.7925498435757545,5.031734118828527,1.893231985230236,5.285108541437267,is,is,is,0,0,0
exp_threshold_sweep,1.2105263157894737,2,n=5000|of=0.2|om=10.0|trial=2,outlier_grid,5000,374372895,1046453531,1.799646793110485,5.033057676968276,2.1885581470379636,6.751921742507348,is,is,is,0,0,0
exp_threshold_sweep,1.4473684210526314,0,n=1000|of=0.0|om=2.0|trial=0,outlier_grid,1000,1442263617,746596479,0.617599978331471,6.544485015745742,0.7310447419032572,4.202229266160122,uniform,uniform_exact,uniform,0,0,0
exp_threshold_sweep,1.4473684210526314,1,n=1000|of=0.0|om=2.0|trial=1,outlier_grid,1000,1442263618,747596482,0.7016203194983847,6.4257658382788225,0.6566033426516006,4.004153044388986,uniform,uniform_exact,uniform,0,0,0
exp_threshold_sweep,1.4473684210526314,2,n=1000|of=0.0|om=2.0|trial=2,outlier_grid,1000,1442263619,748596485,0.633503586176026,5.578210996800821,0.6694637907555282,3.1839513100375028,uniform,uniform_exact,uniform,0,0,0
exp_threshold_sweep,1.4473684210526314,0,n=1000|of=0.0|om=5.0|trial=0,outlier_grid,1000,147305323,1271633655,0.6607087487078306,6.077985671873188,0.5721680222753818,2.7967957984392333,uniform,uniform_exact,uniform,0,0,0
exp_threshold_sweep,1.4473684210526314,1,n=1000|of=0.0|om=5.0|trial=1,outlier_grid,1000,147305324,1272633658,0.6504739835154975,5.5695015501111715,0.5316669096528691,2.8648032190366695,uniform,uniform_exact,uniform,0,0,0
exp_threshold_sweep,1.4473684210526314,2,n=1000|of=0.0|om=5.0|trial=2,outlier_grid,1000,147305325,1273633661,0.6694892343956219,5.3838442549691585,0.4917009513827573,2.3348117075899637,uniform,uniform_exact,uniform,0,0,0
exp_threshold_sweep,1.4473684210526314,0,n=1000|of=0.0|om=10.0|trial=0,outlier_grid,1000,852353029,2146695615,0.6398166324088268,6.140337691272391,0.5182270949701485,2.500317308044803,uniform,uniform_exact,uniform,0,0,0
exp_threshold_sweep,1.4473684210526314,1,n=1000|of=0.0|om=10.0|trial=1,outlier_grid,1000,852353030,211971,0.6645481406412764,5.726033896808133,0.7633706244810127,4.198427071723065,uniform,uniform_exact,uniform,0,0,0
exp_threshold_sweep,1.4473684210526314,2,n=1000|of=0.0|om=10.0|trial=2,outlier_grid,1000,852353031,1211974,0.6625855174916219,6.889022080403152,0.8170268801523312,4.298391919394292,uniform,uniform_exact,uniform,0,0,0
exp_threshold_sweep,1.4473684210526314,0,n=1000|of=0.01|om=2.0|trial=0,outlier_grid,1000,670919628,504795854,0.6194948810036581,4.431036671722072,0.7036240516363222,4.000684930711993,uniform,uniform_exact,uniform,0,0,0
exp_threshold_sweep,1.4473684210526314,1,n=1000|of=0.01|om=2.0|trial=1,outlier_grid,1000,670919629,505795857,0.6419604984348997,5.780451621515172,0.7067157302754916,4.434881002602424,uniform,uniform_exact,uniform,0,0,0
exp_threshold_sweep,1.4473684210526314,2,n=1000|of=0.01|om=2.0|trial=2,outlier_grid,1000,670919630,506795860,0.6478534945181104,7.295799872829969,0.7733764775309673,4.715533230610673,uniform,uniform_exact,uniform,0,0,0
exp_threshold_sweep,1.4473684210526314,0,n=1000|of=0.01|om=5.0|trial=0,outlier_grid,1000,1523444981,1029833030,0.9275708025452007,9.067911114745035,1.0427450631216109,7.476521415644893,uniform,uniform_exact,uniform,0,0,0
exp_threshold_sweep,1.4473684210526314,1,n=1000|of=0.01|om=5.0|trial=1,outlier_grid,1000,1523444982,1030833033,0.8826442516694574,9.20078801072338,0.46827076282270275,2.288387977037845,uniform,uniform_exact,uniform,0,0,0
exp_threshold_sweep,1.4473684210526314,2,n=1000|of=0.01|om=5.0|trial=2,outlier_grid,1000,1523444983,1031833036,0.8944373892679047,9.492564196854993,0.4398143943020641,2.6460611840642563,uniform,uniform_exact,uniform,0,0,0
exp_threshold_sweep,1.4473684210526314,0,n=1000|of=0.01|om=10.0|trial=0,outlier_grid,1000,81009040,1904894990,2.1600848596659037,23.591190740265375,2.42199813275532,17.49676161057548,uniform,is,is,0,1,0
exp_threshold_sweep,1.4473684210526314,1,n=1000|of=0.01|om=10.0|trial=1,outlier_grid,1000,81009041,1905894993,2.186629044024305,23.67565527185168,2.293897563145172,16.38172379584301,uniform,is,is,0,1,0
exp_threshold_sweep,1.4473684210526314,2,n=1000|of=0.01|om=10.0|trial=2,outlier_grid,1000,81009042,1906894996,2.202788337834508,23.474969597415352,2.581147591607798,13.726201790541387,uniform,is,is,1,1,0
exp_threshold_sweep,1.4473684210526314,0,n=1000|of=0.02|om=2.0|trial=0,outlier_grid,1000,2047059286,262995229,0.668926440883736,6.047119721303887,0.6589931897652894,4.142858137174196,uniform,uniform_exact,uniform,0,0,0
exp_threshold_sweep,1.4473684210526314,1,n=1000|of=0.02|om=2.0|trial=1,outlier_grid,1000,2047059287,263995232,0.6096939094021688,4.754850690421404,0.5393105305126983,2.4832941632556125,uniform,uniform_exact,uniform,0,0,0
exp_threshold_sweep,1.4473684210526314,2,n=1000|of=0.02|om=2.0|trial=2,outlier_grid,1000,2047059288,264995235,0.619980694353103,5.711189635441723,0.6223606813168218,3.8431620865761933,uniform,uniform_exact,uniform,0,0,0
exp_threshold_sweep,1.4473684210526314,0,n=1000|of=0.02|om=5.0|trial=0,outlier_grid,1000,752100992,788032405,1.0363964890753734,8.83629684462703,0.5461232914970556,2.5827762814252617,uniform,uniform_exact,uniform,0,0,0
exp_threshold_sweep,1.4473684210526314,1,n=1000|of=0.02|om=5.0|trial=1,outlier_grid,1000,752100993,789032408,1.0808453099122093,9.327938871539764,1.330124927734342,6.041561232852357,uniform,uniform_exact,uniform,0,0,0
exp_threshold_sweep,1.4473684210526314,2,n=1000|of=0.02|om=5.0|trial=2,outlier_grid,1000,752100994,790032411,1.0555990939448983,9.079803243418585,1.0360061566426557,7.051482877694121,uniform,uniform_exact,uniform,0,0,0
exp_threshold_sweep,1.4473684210526314,0,n=1000|of=0.02|om=10.0|trial=0,outlier_grid,1000,1457148698,1663094365,2.4223349633420703,19.324723385669508,2.401499769858435,12.674780760694512,uniform,is,is,1,1,0
exp_threshold_sweep,1.4473684210526314,1,n=1000|of=0.02|om=10.0|trial=1,outlier_grid,1000,1457148699,1664094368,2.4594205603819232,19.349043540692758,2.67394576684178,11.839988515280647,uniform,is,is,1,1,0
exp_threshold_sweep,1.4473684210526314,2,n=1000|of=0.02|om=10.0|trial=2,outlier_grid,1000,1457148700,1665094371,2.441556227376376,19.145175988469532,2.5294451517900254,18.33642093412402,uniform,is,is,1,1,0
exp_threshold_sweep,1.4473684210526314,0,n=1000|of=0.05|om=2.0|trial=0,outlier_grid,1000,1880510966,1685077001,0.6787566315775071,6.9795351614658365,0.7021115998872752,3.858419820338459,uniform,uniform_exact,uniform,0,0,0
exp_threshold_sweep,1.4473684210526314,1,n=1000|of=0.05|om=2.0|trial=1,outlier_grid,1000,1880510967,1686077004,0.6273247767797993,5.416408240314115,0.5884177757471316,3.707619724270423,uniform,uniform_exact,uniform,0,0,0
exp_threshold_sweep,1.4473684210526314,2,n=1000|of=0.05|om=2.0|trial=2,outlier_grid,1000,1880510968,1687077007,0.6436184853347732,6.685255422490038,0.5959134936749041,3.475520611751913,uniform,uniform_exact,uniform,0,0,0
exp_threshold_sweep,1.4473684210526314,0,n=1000|of=0.05|om=5.0|trial=0,outlier_grid,1000,585552672,62630530,1.322654341020879,7.809373922547658,1.135603345766854,7.818357860205202,uniform,uniform_exact,uniform,0,0,0
exp_threshold_sweep,1.4473684210526314,1,n=1000|of=0.05|om=5.0|trial=1,outlier_grid,1000,585552673,63630533,1.2985808873964355,8.313744404611858,1.4192375820212335,5.4559399160179884,uniform,uniform_exact,uniform,0,0,0
exp_threshold_sweep,1.4473684210526314,2,n=1000|of=0.05|om=5.0|trial=2,outlier_grid,1000,585552674,64630536,1.208561744925839,7.712949719548932,1.3904349892289383,5.517862024357386,uniform,uniform_exact,uniform,0,0,0
exp_threshold_sweep,1.4473684210526314,0,n=1000|of=0.05|om=10.0|trial=0,outlier_grid,1000,1290600378,937692490,2.507398434602011,12.789785607408268,2.635151871073746,13.968106065492606,uniform,is,is,1,1,0
exp_threshold_sweep,1.4473684210526314,1,n=1000|of=0.05|om=10.0|trial=1,outlier_grid,1000,1290600379,938692493,2.520669114923294,12.78671987327333,2.4401682315854525,9.918872477437304,uniform,is,is,1,1,0
exp_threshold_sweep,1.4473684210526314,2,n=1000|of=0.05|om=10.0|trial=2,outlier_grid,1000,1290600380,939692496,2.49068495781207,12.596211278828237,2.8574508160444636,14.870644799407941,uniform,is,is,1,1,0
exp_threshold_sweep,1.4473684210526314,0,n=1000|of=0.1|om=2.0|trial=0,outlier_grid,1000,171274668,476073876,0.6524098435515786,7.086241475883487,0.5679156006894105,2.770145976750949,uniform,uniform_exact,uniform,0,0,0
exp_threshold_sweep,1.4473684210526314,1,n=1000|of=0.1|om=2.0|trial=1,outlier_grid,1000,171274669,477073879,0.581167313005821,6.085439413528287,0.5023706137654371,2.647213194848866,uniform,uniform_exact,uniform,0,0,0
exp_threshold_sweep,1.4473684210526314,2,n=1000|of=0.1|om=2.0|trial=2,outlier_grid,1000,171274670,478073882,0.6984683097008569,7.200833170425255,0.9226525954711428,6.030968878404564,uniform,uniform_exact,uniform,0,0,0
exp_threshold_sweep,1.4473684210526314,0,n=1000|of=0.1|om=5.0|trial=0,outlier_grid,1000,1023800021,1001111052,1.3537758517722411,6.291632634044208,1.1704492527828723,5.124641153832027,uniform,uniform_exact,uniform,0,0,0
exp_threshold_sweep,1.4473684210526314,1,n=1000|of=0.1|om=5.0|trial=1,outlier_grid,1000,1023800022,1002111055,1.367532997551312,6.235878482522877,1.216380438475535,8.195376526034805,uniform,uniform_exact,uniform,0,0,0
exp_threshold_sweep,1.4473684210526314,2,n=1000|of=0.1|om=5.0|trial=2,outlier_grid,1000,1023800023,1003111058,1.3274574831627268,6.042607423381932,1.3240133125245728,5.215386554341747,uniform,uniform_exact,uniform,0,0,0
exp_threshold_sweep,1.4473684210526314,0,n=1000|of=0.1|om=10.0|trial=0,outlier_grid,1000,1728847727,1876173012,2.1745485439283283,8.206958182334139,2.3351090548346476,9.620236548536067,uniform,is,is,0,1,0
exp_threshold_sweep,1.4473684210526314,1,n=1000|of=0.1|om=10.0|trial=1,outlier_grid,1000,1728847728,1877173015,2.2071501455785794,8.244504029581895,2.4895091702287946,10.874666029772914,uniform,is,is,1,1,0
exp_threshold_sweep,1.4473684210526314,2,n=1000|of=0.1|om=10.0|trial=2,outlier_grid,1000,1728847729,1878173018,2.2131805137021714,8.13937339152958,2.351944755495371,12.391374327661444,uniform,is,is,1,1,0
exp_threshold_sweep,1.4473684210526314,0,n=1000|of=0.2|om=2.0|trial=0,outlier_grid,1000,1047769366,205551273,0.596226390605092,7.59566327931635,0.43972788428958864,2.121095761607109,uniform,uniform_exact,uniform,0,0,0
exp_threshold_sweep,1.4473684210526314,1,n=1000|of=0.2|om=2.0|trial=1,outlier_grid,1000,1047769367,206551276,0.5707637716995058,4.76013034379612,0.5196577772877305,2.9050054109600225,uniform,uniform_exact,uniform,0,0,0
exp_threshold_sweep,1.4473684210526314,2,n=1000|of=0.2|om=2.0|trial=2,outlier_grid,1000,1047769368,207551279,0.6082008942884182,5.59710910895369,0.6522431835789441,3.2055089600998965,uniform,uniform_exact,uniform,0,0,0
exp_threshold_sweep,1.4473684210526314,0,n=1000|of=0.2|om=5.0|trial=0,outlier_grid,1000,1900294719,730588449,1.2128763710131376,4.437108297044463,1.2925770590847272,4.564630961952631,uniform,uniform_exact,uniform,0,0,0
exp_threshold_sweep,1.4473684210526314,1,n=1000|of=0.2|om=5.0|trial=1,outlier_grid,1000,1900294720,731588452,1.222022170293529,4.453870144522961,1.0523949213711936,3.4713936282678897,uniform,uniform_exact,uniform,0,0,0
exp_threshold_sweep,1.4473684210526314,2,n=1000|of=0.2|om=5.0|trial=2,outlier_grid,1000,1900294721,732588455,1.2283430251331136,4.34226493758284,1.2146488880235538,3.9748078406830136,uniform,uniform_exact,uniform,0,0,0
exp_threshold_sweep,1.4473684210526314,0,n=1000|of=0.2|om=10.0|trial=0,outlier_grid,1000,457858778,1605650409,1.6822322474532947,4.785774324099834,1.8520791344039484,5.711259126041975,uniform,is,is,0,1,0
exp_threshold_sweep,1.4473684210526314,1,n=1000|of=0.2|om=10.0|trial=1,outlier_grid,1000,457858779,1606650412,1.6828609678688584,4.797205593998007,1.8391867351788793,5.251038931080129,uniform,is,is,0,1,0
exp_threshold_sweep,1.4473684210526314,2,n=1000|of=0.2|om=10.0|trial=2,outlier_grid,1000,457858780,1607650415,1.6824444119691087,4.694431122747657,1.6754397374752885,4.526912282408212,uniform,is,is,0,1,0
exp_threshold_sweep,1.4473684210526314,0,n=2000|of=0.0|om=2.0|trial=0,outlier_grid,2000,884521234,1143168170,0.6437859806065077,7.26494190000632,0.5237593060589076,2.1695537368426128,uniform,uniform_exact,uniform,0,0,0
exp_threshold_sweep,1.4473684210526314,1,n=2000|of=0.0|om=2.0|trial=1,outlier_grid,2000,884521235,1144168173,0.6783226328241753,6.987718128416362,0.6165277400006262,3.159694471708594,uniform,uniform_exact,uniform,0,0,0
exp_threshold_sweep,1.4473684210526314,2,n=2000|of=0.0|om=2.0|trial=2,outlier_grid,2000,884521236,1145168176,0.7008485258315146,10.87323753149392,0.6105065133982983,3.4833501574164387,uniform,uniform_exact,uniform,0,0,0
exp_threshold_sweep,1.4473684210526314,0,n=2000|of=0.0|om=5.0|trial=0,outlier_grid,2000,1737046587,1668205346,0.6647636523552978,9.371015606248461,0.49670784809264656,2.3901204663062496,uniform,uniform_exact,uniform,0,0,0
exp_threshold_sweep,1.4473684210526314,1,n=2000|of=0.0|om=5.0|trial=1,outlier_grid,2000,1737046588,1669205349,0.6503303945228937,7.618833107152736,0.75748487863494,4.601790940923482,uniform,uniform_exact,uniform,0,0,0
exp_threshold_sweep,1.4473684210526314,2,n=2000|of=0.0|om=5.0|trial=2,outlier_grid,2000,1737046589,1670205352,0.7116392058914187,10.837519913683188,0.5707704254833564,3.136239437261106,uniform,uniform_exact,uniform,0,0,0
exp_threshold_sweep,1.4473684210526314,0,n=2000|of=0.0|om=10.0|trial=0,outlier_grid,2000,294610646,395783659,0.6984542271619008,9.191213698217632,0.5514929298103382,3.5314910263918473,uniform,uniform_exact,uniform,0,0,0
exp_threshold_sweep,1.4473684210526314,1,n=2000|of=0.0|om=10.0|trial=1,outlier_grid,2000,294610647,396783662,0.6531760108020092,9.05950966881119,0.5694181894782958,3.5142825541995273,uniform,uniform_exact,uniform,0,0,0
exp_threshold_sweep,1.4473684210526314,2,n=2000|of=0.0|om=10.0|trial=2,outlier_grid,2000,294610648,397783665,0.6722700999610615,5.917746054892996,0.636850709691376,3.1324127627644667,uniform,uniform_exact,uniform,0,0,0
exp_threshold_sweep,1.4473684210526314,0,n=2000|of=0.01|om=2.0|trial=0,outlier_grid,2000,113177245,901367545,0.7041455345419971,8.158001271669198,0.555980913024666,2.871635463478871,uniform,uniform_exact,uniform,0,0,0
exp_threshold_sweep,1.4473684210526314,1,n=2000|of=0.01|om=2.0|trial=1,outlier_grid,2000,113177246,902367548,0.6776575995706522,7.229319530734069,0.5542759028347509,3.3763055729674902,uniform,uniform_exact,uniform,0,0,0
exp_threshold_sweep,1.4473684210526314,2,n=2000|of=0.01|om=2.0|trial=2,outlier_grid,2000,113177247,903367551,0.6623640231431586,9.28680597708695,0.638966995019264,3.9673090946182015,uniform,uniform_exact,uniform,0,0,0
exp_threshold_sweep,1.4473684210526314,0,n=2000|of=0.01|om=5.0|trial=0,outlier_grid,2000,965702598,1426404721,0.9816612409123018,11.124163624423396,0.6778777132906464,3.619541123996997,uniform,uniform_exact,uniform,0,0,0
exp_threshold_sweep,1.4473684210526314,1,n=2000|of=0.01|om=5.0|trial=1,outlier_grid,2000,965702599,1427404724,1.019893147231907,10.771710935140439,0.42775208734897224,2.104838144717875,uniform,uniform,uniform,0,0,0
exp_threshold_sweep,1.4473684210526314,2,n=2000|of=0.01|om=5.0|trial=2,outlier_grid,2000,965702600,1428404727,1.0038984191058524,11.152323945467518,0.9059964544873308,4.955229952564667,uniform,uniform_exact,uniform,0,0,0
exp_threshold_sweep,1.4473684210526314,0,n=2000|of=0.01|om=10.0|trial=0,outlier_grid,2000,1670750304,153983034,2.485939595674491,27.10730987984548,0.552657737346139,3.5580578260776456,uniform,uniform_exact,uniform,1,0,0
exp_threshold_sweep,1.4473684210526314,1,n=2000|of=0.01|om=10.0|trial=1,outlier_grid,2000,1670750305,154983037,2.4574092914423638,26.830979453268434,0.8273229133087514,4.631752846769852,uniform,uniform_exact,uniform,1,0,0
exp_threshold_sweep,1.4473684210526314,2,n=2000|of=0.01|om=10.0|trial=2,outlier_grid,2000,1670750306,155983040,2.4875934157876274,27.001639859771334,0.5575880476527372,2.362630342498041,uniform,uniform_exact,uniform,1,0,0
exp_threshold_sweep,1.4473684210526314,0,n=2000|of=0.02|om=2.0|trial=0,outlier_grid,2000,1489316903,659566920,0.6522247884106012,6.7974888408872705,0.5195073537457908,2.451364943010582,uniform,uniform_exact,uniform,0,0,0
exp_threshold_sweep,1.4473684210526314,1,n=2000|of=0.02|om=2.0|trial=1,outlier_grid,2000,1489316904,660566923,0.708592555862065,7.3196862152942685,1.0067386064377584,6.505352172415689,uniform,uniform_exact,uniform,0,0,0
exp_threshold_sweep,1.4473684210526314,2,n=2000|of=0.02|om=2.0|trial=2,outlier_grid,2000,1489316905,661566926,0.6266465193598646,6.766098028970186,0.6147175785612424,2.9555789502472547,uniform,uniform_exact,uniform,0,0,0
exp_threshold_sweep,1.4473684210526314,0,n=2000|of=0.02|om=5.0|trial=0,outlier_grid,2000,194358609,1184604096,1.187664640127493,10.482197021947206,0.9822462329758334,6.954644273299225,uniform,uniform_exact,uniform,0,0,0
exp_threshold_sweep,1.4473684210526314,1,n=2000|of=0.02|om=5.0|trial=1,outlier_grid,2000,194358610,1185604099,1.169122399391696,10.541280528053289,1.146019543929481,8.283537046448723,uniform,uniform_exact,uniform,0,0,0
exp_threshold_sweep,1.4473684210526314,2,n=2000|of=0.02|om=5.0|trial=2,outlier_grid,2000,194358611,1186604102,1.2297958209577402,10.40504305776103,1.2933218993317663,9.0353446710995,uniform,uniform_exact,uniform,0,0,0
exp_threshold_sweep,1.4473684210526314,0,n=2000|of=0.02|om=10.0|trial=0,outlier_grid,2000,899406315,2059666056,2.869439534666998,22.1660269939405,2.9969560268707593,21.58879955206019,uniform,is,is,1,1,0
exp_threshold_sweep,1.4473684210526314,1,n=2000|of=0.02|om=10.0|trial=1,outlier_grid,2000,899406316,2060666059,2.804968516663726,22.06499967036417,0.7591553914776504,5.011249373620956,uniform,uniform_exact,uniform,1,0,0
exp_threshold_sweep,1.4473684210526314,2,n=2000|of=0.02|om=10.0|trial=2,outlier_grid,2000,899406317,2061666062,2.735942484849644,21.257719756855096,0.6336165862010272,3.117948620548535,uniform,uniform_exact,uniform,1,0,0
exp_threshold_sweep,1.4473684210526314,0,n=2000|of=0.05|om=2.0|trial=0,outlier_grid,2000,1322768583,2081648692,0.65141260441657,7.2644391200920655,0.4967199152845862,2.3122865975337588,uniform,uniform_exact,uniform,0,0,0
exp_threshold_sweep,1.4473684210526314,1,n=2000|of=0.05|om=2.0|trial=1,outlier_grid,2000,1322768584,2082648695,0.6410291195607866,6.374989174742897,0.6479673603828535,3.2821476387057853,uniform,uniform_exact,uniform,0,0,0
exp_threshold_sweep,1.4473684210526314,2,n=2000|of=0.05|om=2.0|trial=2,outlier_grid,2000,1322768585,2083648698,0.6227487686611384,6.430958934057433,0.6836797182924786,4.2920609368241385,uniform,uniform_exact,uniform,0,0,0
exp_threshold_sweep,1.4473684210526314,0,n=2000|of=0.05|om=5.0|trial=0,outlier_grid,2000,27810289,459202221,1.358269331673104,8.966713358539577,1.138061609565557,7.771814986435632,uniform,uniform_exact,uniform,0,0,0
exp_threshold_sweep,1.4473684210526314,1,n=2000|of=0.05|om=5.0|trial=1,outlier_grid,2000,27810290,460202224,1.3763076923974027,8.285852764690443,1.066804742588405,5.313920848553669,uniform,uniform_exact,uniform,0,0,0
exp_threshold_sweep,1.4473684210526314,2,n=2000|of=0.05|om=5.0|trial=2,outlier_grid,2000,27810291,461202227,1.4611702597146317,9.106720084066147,1.6155450386512213,6.695564190448908,uniform,is,is,0,1,0
exp_threshold_sweep,1.4473684210526314,0,n=2000|of=0.05|om=10.0|trial=0,outlier_grid,2000,732857995,1334264181,2.7142794007709448,13.745211635687745,1.9156333146516904,5.70868139049446,uniform,is,is,1,1,0
exp_threshold_sweep,1.4473684210526314,1,n=2000|of=0.05|om=10.0|trial=1,outlier_grid,2000,732857996,1335264184,2.726308523162901,13.889554001701725,2.546336157574567,10.086940299757435,uniform,is,is,1,1,0
exp_threshold_sweep,1.4473684210526314,2,n=2000|of=0.05|om=10.0|trial=2,outlier_grid,2000,732857997,1336264187,2.7326270401993864,13.72668609604081,2.438378564017813,8.634498386314847,uniform,is,is,1,1,0
exp_threshold_sweep,1.4473684210526314,0,n=2000|of=0.1|om=2.0|trial=0,outlier_grid,2000,1761015932,872645567,0.5866904178552818,6.882127609815075,0.632152031940903,2.5697989559085914,uniform,uniform_exact,uniform,0,0,0
exp_threshold_sweep,1.4473684210526314,1,n=2000|of=0.1|om=2.0|trial=1,outlier_grid,2000,1761015933,873645570,0.6805166058317258,7.844182030189697,0.7257930909511707,3.9194520612932777,uniform,uniform_exact,uniform,0,0,0
exp_threshold_sweep,1.4473684210526314,2,n=2000|of=0.1|om=2.0|trial=2,outlier_grid,2000,1761015934,874645573,0.6075248895724128,8.488601778181627,0.5563814519663347,3.088044063704116,uniform,uniform_exact,uniform,0,0,0
exp_threshold_sweep,1.4473684210526314,0,n=2000|of=0.1|om=5.0|trial=0,outlier_grid,2000,466057638,1397682743,1.4612428196080953,6.753627793666996,1.425602258145805,5.469558584773653,uniform,uniform_exact,uniform,0,0,0
exp_threshold_sweep,1.4473684210526314,1,n=2000|of=0.1|om=5.0|trial=1,outlier_grid,2000,466057639,1398682746,1.4764441467779024,6.956174126191189,1.5241668555428214,9.20123939069795,uniform,is,is,0,1,0
exp_threshold_sweep,1.4473684210526314,2,n=2000|of=0.1|om=5.0|trial=2,outlier_grid,2000,466057640,1399682749,1.4190922443740461,6.741387981806074,1.382327882595523,5.810658386837185,uniform,uniform_exact,uniform,0,0,0
exp_threshold_sweep,1.4473684210526314,0,n=2000|of=0.1|om=10.0|trial=0,outlier_grid,2000,1171105344,125261056,2.301445779003562,8.777361115865295,2.2137976753749156,7.267894151082462,uniform,is,is,0,1,0
exp_threshold_sweep,1.4473684210526314,1,n=2000|of=0.1|om=10.0|trial=1,outlier_grid,2000,1171105345,126261059,2.3152827988189686,8.658788130102245,2.789718274184889,15.085026883004625,uniform,is,is,1,1,0
exp_threshold_sweep,1.4473684210526314,2,n=2000|of=0.1|om=10.0|trial=2,outlier_grid,2000,1171105346,127261062,2.30933321640677,8.687845653682372,2.4730159667223366,9.515778770676842,uniform,is,is,1,1,0
exp_threshold_sweep,1.4473684210526314,0,n=2000|of=0.2|om=2.0|trial=0,outlier_grid,2000,490026983,602122964,0.5915941849529013,6.747218403782818,0.6121729760671017,3.57250243012464,uniform,uniform_exact,uniform,0,0,0
exp_threshold_sweep,1.4473684210526314,1,n=2000|of=0.2|om=2.0|trial=1,outlier_grid,2000,490026984,603122967,0.5845956482433441,7.133862103294786,0.4918951964677671,2.2489545089077576,uniform,uniform_exact,uniform,0,0,0
exp_threshold_sweep,1.4473684210526314,2,n=2000|of=0.2|om=2.0|trial=2,outlier_grid,2000,490026985,604122970,0.6364016724628121,6.162099158324124,0.4150202667926461,2.0935355116100944,uniform,uniform,uniform,0,0,0
exp_threshold_sweep,1.4473684210526314,0,n=2000|of=0.2|om=5.0|trial=0,outlier_grid,2000,1342552336,1127160140,1.2983740571519216,4.789065542177101,1.3348512545515445,4.341788821659901,uniform,uniform_exact,uniform,0,0,0
exp_threshold_sweep,1.4473684210526314,1,n=2000|of=0.2|om=5.0|trial=1,outlier_grid,2000,1342552337,1128160143,1.3147579288921611,4.448881049791875,1.347840625083376,4.880939437570979,uniform,uniform_exact,uniform,0,0,0
exp_threshold_sweep,1.4473684210526314,2,n=2000|of=0.2|om=5.0|trial=2,outlier_grid,2000,1342552338,1129160146,1.3083480127020897,4.637299734571176,1.2625478336628728,3.9223910195576868,uniform,uniform_exact,uniform,0,0,0
exp_threshold_sweep,1.4473684210526314,0,n=2000|of=0.2|om=10.0|trial=0,outlier_grid,2000,2047600042,2002222100,1.7372109637686688,4.909762302581473,1.8945262837395274,5.549565309205859,uniform,is,is,0,1,0
exp_threshold_sweep,1.4473684210526314,1,n=2000|of=0.2|om=10.0|trial=1,outlier_grid,2000,2047600043,2003222103,1.7421178180833923,4.869082529210165,1.5401737163612792,3.821546756656159,uniform,is,is,0,1,0
exp_threshold_sweep,1.4473684210526314,2,n=2000|of=0.2|om=10.0|trial=2,outlier_grid,2000,2047600044,2004222106,1.7399890427199698,4.970317505328127,1.3363212299671599,3.1320657028327847,uniform,uniform_exact,uniform,0,0,0
exp_threshold_sweep,1.4473684210526314,0,n=5000|of=0.0|om=2.0|trial=0,outlier_grid,5000,1358777732,185399596,0.7224807944290408,9.893139619301449,0.5298828529978763,2.695158128373414,uniform,uniform,uniform,0,0,0
exp_threshold_sweep,1.4473684210526314,1,n=5000|of=0.0|om=2.0|trial=1,outlier_grid,5000,1358777733,186399599,0.6783674416504732,9.248645932905605,0.6741028360935182,3.27763593429731,uniform,uniform,uniform,0,0,0
exp_threshold_sweep,1.4473684210526314,2,n=5000|of=0.0|om=2.0|trial=2,outlier_grid,5000,1358777734,187399602,0.6974014263102107,8.500077009248255,0.7180676546652687,4.381775618704805,uniform,uniform_exact,uniform,0,0,0
exp_threshold_sweep,1.4473684210526314,0,n=5000|of=0.0|om=5.0|trial=0,outlier_grid,5000,63819438,710436772,0.6966704990056833,11.78855723114979,0.5892770361766047,2.591385379654656,uniform,uniform,uniform,0,0,0
exp_threshold_sweep,1.4473684210526314,1,n=5000|of=0.0|om=5.0|trial=1,outlier_grid,5000,63819439,711436775,0.7020645774986704,10.493395057863204,0.6370132429958913,3.44287276649658,uniform,uniform,uniform,0,0,0
exp_threshold_sweep,1.4473684210526314,2,n=5000|of=0.0|om=5.0|trial=2,outlier_grid,5000,63819440,712436778,0.6964872202949357,12.14043386833435,0.658922811128551,2.682235497877003,uniform,uniform,uniform,0,0,0
exp_threshold_sweep,1.4473684210526314,0,n=5000|of=0.0|om=10.0|trial=0,outlier_grid,5000,768867144,1585498732,0.6923142098960464,10.791047985600459,0.8670654795956312,5.907711921354146,uniform,uniform_exact,uniform,0,0,0
exp_threshold_sweep,1.4473684210526314,1,n=5000|of=0.0|om=10.0|trial=1,outlier_grid,5000,768867145,1586498735,0.6749404683005831,10.377327086148796,0.6366334330801237,3.0663884648420776,uniform,uniform,uniform,0,0,0
exp_threshold_sweep,1.4473684210526314,2,n=5000|of=0.0|om=10.0|trial=2,outlier_grid,5000,768867146,1587498738,0.7043250568842707,9.485986571983513,0.5541831242205265,2.825333093271604,uniform,uniform,uniform,0,0,0
exp_threshold_sweep,1.4473684210526314,0,n=5000|of=0.01|om=2.0|trial=0,outlier_grid,5000,587433743,2091082618,0.7278048746693839,12.570758348270179,0.8098175982341951,4.915671797116489,uniform,uniform_exact,uniform,0,0,0
exp_threshold_sweep,1.4473684210526314,1,n=5000|of=0.01|om=2.0|trial=1,outlier_grid,5000,587433744,2092082621,0.6959390046794844,8.19052749199074,0.5447644273407912,2.786805822702701,uniform,uniform,uniform,0,0,0
exp_threshold_sweep,1.4473684210526314,2,n=5000|of=0.01|om=2.0|trial=2,outlier_grid,5000,587433745,2093082624,0.7275752487361427,11.991683623295147,0.7243523070125778,3.8576668731836814,uniform,uniform_exact,uniform,0,0,0
exp_threshold_sweep,1.4473684210526314,0,n=5000|of=0.01|om=5.0|trial=0,outlier_grid,5000,1439959096,468636147,1.1514945012448503,13.921170970329356,0.9069394306873475,6.463013556099113,uniform,uniform_exact,uniform,0,0,0
exp_threshold_sweep,1.4473684210526314,1,n=5000|of=0.01|om=5.0|trial=1,outlier_grid,5000,1439959097,469636150,1.1000620070210954,13.282787825099584,0.9421899477404092,6.238400830113956,uniform,uniform_exact,uniform,0,0,0
exp_threshold_sweep,1.4473684210526314,2,n=5000|of=0.01|om=5.0|trial=2,outlier_grid,5000,1439959098,470636153,1.169644960173019,14.047324928197764,1.7949387857038592,10.366586353263543,uniform,is,is,0,1,0
exp_threshold_sweep,1.4473684210526314,0,n=5000|of=0.01|om=10.0|trial=0,outlier_grid,5000,2145006802,1343698107,3.012040993380712,33.184170841399485,3.2813153358931215,23.593112739295858,is,is,is,1,0,0
exp_threshold_sweep,1.4473684210526314,1,n=5000|of=0.01|om=10.0|trial=1,outlier_grid,5000,2145006803,1344698110,3.05512119238724,33.62125804296652,2.757133055214067,19.225568602982577,is,is,is,1,0,0
exp_threshold_sweep,1.4473684210526314,2,n=5000|of=0.01|om=10.0|trial=2,outlier_grid,5000,2145006804,1345698113,3.0106207049135034,32.90968384374054,3.4838153681152884,25.0149634860622,is,is,is,1,0,0
exp_threshold_sweep,1.4473684210526314,0,n=5000|of=0.02|om=2.0|trial=0,outlier_grid,5000,1963573401,1849281993,0.6966747062003946,7.519776239119451,0.6008580365447149,3.938892440889194,uniform,uniform,uniform,0,0,0
exp_threshold_sweep,1.4473684210526314,1,n=5000|of=0.02|om=2.0|trial=1,outlier_grid,5000,1963573402,1850281996,0.7118330565326979,11.001515450812754,0.5124334800293451,2.8202537644797108,uniform,uniform,uniform,0,0,0
exp_threshold_sweep,1.4473684210526314,2,n=5000|of=0.02|om=2.0|trial=2,outlier_grid,5000,1963573403,1851281999,0.65806351816426,9.25657713996702,0.7150506524880967,3.4595836669602087,uniform,uniform_exact,uniform,0,0,0
exp_threshold_sweep,1.4473684210526314,0,n=5000|of=0.02|om=5.0|trial=0,outlier_grid,5000,668615107,226835522,1.324498034040619,12.321985384365552,0.7570915062599881,3.3553927561955703,uniform,uniform_exact,uniform,0,0,0
exp_threshold_sweep,1.4473684210526314,1,n=5000|of=0.02|om=5.0|trial=1,outlier_grid,5000,668615108,227835525,1.3258723349377788,12.187571001132723,1.6470142582836023,7.569407092276023,uniform,is,is,0,1,0
exp_threshold_sweep,1.4473684210526314,2,n=5000|of=0.02|om=5.0|trial=2,outlier_grid,5000,668615109,228835528,1.3582145587406718,12.411829353085658,1.6443902852076069,12.128801089577822,uniform,is,is,0,1,0
exp_threshold_sweep,1.4473684210526314,0,n=5000|of=0.02|om=10.0|trial=0,outlier_grid,5000,1373662813,1101897482,3.273305510801266,25.581420388004364,0.9062956757270422,5.416074364304079,is,uniform_exact,uniform,1,0,1
exp_threshold_sweep,1.4473684210526314,1,n=5000|of=0.02|om=10.0|trial=1,outlier_grid,5000,1373662814,1102897485,3.270192893939796,25.42383972037984,3.1469154978845046,22.64534650794092,is,is,is,1,0,0
exp_threshold_sweep,1.4473684210526314,2,n=5000|of=0.02|om=10.0|trial=2,outlier_grid,5000,1373662815,1103897488,3.2584141459449203,25.386482551776233,0.6838697616552105,3.5749876938284917,is,uniform,uniform,1,0,1
exp_threshold_sweep,1.4473684210526314,0,n=5000|of=0.05|om=2.0|trial=0,outlier_grid,5000,1797025081,1123880118,0.6808824421638225,9.063293680601529,1.0508478246939057,6.815102998139734,uniform,uniform_exact,uniform,0,0,0
exp_threshold_sweep,1.4473684210526314,1,n=5000|of=0.05|om=2.0|trial=1,outlier_grid,5000,1797025082,1124880121,0.6814735797847691,8.168079323694936,0.6366072026458947,3.871423223591102,uniform,uniform,uniform,0,0,0
exp_threshold_sweep,1.4473684210526314,2,n=5000|of=0.05|om=2.0|trial=2,outlier_grid,5000,1797025083,1125880124,0.6730762768779296,7.51328610662532,0.46152361658002194,2.426481216016453,uniform,uniform,uniform,0,0,0
exp_threshold_sweep,1.4473684210526314,0,n=5000|of=0.05|om=5.0|trial=0,outlier_grid,5000,502066787,1648917294,1.5610511723927194,9.482297366454727,1.5067522571124086,7.682286018679147,uniform,is,is,0,1,0
exp_threshold_sweep,1.4473684210526314,1,n=5000|of=0.05|om=5.0|trial=1,outlier_grid,5000,502066788,1649917297,1.5983515327881193,10.05179141412876,1.6581888474022484,12.03152842882415,uniform,is,is,0,1,0
exp_threshold_sweep,1.4473684210526314,2,n=5000|of=0.05|om=5.0|trial=2,outlier_grid,5000,502066789,1650917300,1.564054233622819,9.903368559014538,1.6083011564540584,7.46697095075471,uniform,is,is,0,1,0
exp_threshold_sweep,1.4473684210526314,0,n=5000|of=0.05|om=10.0|trial=0,outlier_grid,5000,1207114493,376495607,3.0064614329892705,15.45576789854595,2.9055816293074783,12.66781379774153,is,is,is,1,0,0
exp_threshold_sweep,1.4473684210526314,1,n=5000|of=0.05|om=10.0|trial=1,outlier_grid,5000,1207114494,377495610,2.975958669383625,15.516826552718598,0.4456638510293509,2.1165524854806184,is,uniform,uniform,1,0,1
exp_threshold_sweep,1.4473684210526314,2,n=5000|of=0.05|om=10.0|trial=2,outlier_grid,5000,1207114495,378495613,2.994754765488841,15.286751648815459,3.012281000941581,13.803781039111367,is,is,is,1,0,0
exp_threshold_sweep,1.4473684210526314,0,n=5000|of=0.1|om=2.0|trial=0,outlier_grid,5000,87788783,2062360640,0.6452892873409604,7.975916618900835,0.6664765984129118,3.33348959220563,uniform,uniform,uniform,0,0,0
exp_threshold_sweep,1.4473684210526314,1,n=5000|of=0.1|om=2.0|trial=1,outlier_grid,5000,87788784,2063360643,0.6342794906340355,7.439749972949388,0.5579532568342457,3.1968949542768375,uniform,uniform,uniform,0,0,0
exp_threshold_sweep,1.4473684210526314,2,n=5000|of=0.1|om=2.0|trial=2,outlier_grid,5000,87788785,2064360646,0.6753511690743486,10.273263459798766,0.5920371010609426,3.588527645335578,uniform,uniform,uniform,0,0,0
exp_threshold_sweep,1.4473684210526314,0,n=5000|of=0.1|om=5.0|trial=0,outlier_grid,5000,940314136,439914169,1.5642034237759075,7.461215325213151,1.6830520613739168,9.067103154880261,uniform,is,is,0,1,0
exp_threshold_sweep,1.4473684210526314,1,n=5000|of=0.1|om=5.0|trial=1,outlier_grid,5000,940314137,440914172,1.6069129255861263,7.627573339463385,1.54932758805704,5.743706991822055,uniform,is,is,0,1,0
exp_threshold_sweep,1.4473684210526314,2,n=5000|of=0.1|om=5.0|trial=2,outlier_grid,5000,940314138,441914175,1.5835535573326203,7.463665704236842,1.5460598253276305,6.513707516241968,uniform,is,is,0,1,0
exp_threshold_sweep,1.4473684210526314,0,n=5000|of=0.1|om=10.0|trial=0,outlier_grid,5000,1645361842,1314976129,2.4387528204411435,9.085143647908605,2.296003027362228,7.430084095760445,is,is,is,0,0,0
exp_threshold_sweep,1.4473684210526314,1,n=5000|of=0.1|om=10.0|trial=1,outlier_grid,5000,1645361843,1315976132,2.44827057345472,9.074192457210252,2.351978611945295,7.738776930940878,is,is,is,1,0,0
exp_threshold_sweep,1.4473684210526314,2,n=5000|of=0.1|om=10.0|trial=2,outlier_grid,5000,1645361844,1316976135,2.4335609917695766,9.037567396165114,2.437236797217145,8.421455635346941,is,is,is,0,0,0
exp_threshold_sweep,1.4473684210526314,0,n=5000|of=0.2|om=2.0|trial=0,outlier_grid,5000,964283481,1791838037,0.6519470284472162,8.754530513444111,0.7906141360805149,5.023746887010173,uniform,uniform_exact,uniform,0,0,0
exp_threshold_sweep,1.4473684210526314,1,n=5000|of=0.2|om=2.0|trial=1,outlier_grid,5000,964283482,1792838040,0.6299048125270215,10.880578863376364,0.48378675034623086,2.165917164978486,uniform,uniform,uniform,0,0,0
exp_threshold_sweep,1.4473684210526314,2,n=5000|of=0.2|om=2.0|trial=2,outlier_grid,5000,964283483,1793838043,0.6870579308218044,13.544762416249597,0.7695156566218205,5.5611439109033265,uniform,uniform_exact,uniform,0,0,0
exp_threshold_sweep,1.4473684210526314,0,n=5000|of=0.2|om=5.0|trial=0,outlier_grid,5000,1816808834,169391566,1.3838458656873216,5.062593836717688,1.4462860853412294,4.81652838944164,uniform,uniform_exact,uniform,0,0,0
exp_threshold_sweep,1.4473684210526314,1,n=5000|of=0.2|om=5.0|trial=1,outlier_grid,5000,1816808835,170391569,1.398083832516939,5.098880683600188,1.371174181170082,4.480302922500537,uniform,uniform_exact,uniform,0,0,0
exp_threshold_sweep,1.4473684210526314,2,n=5000|of=0.2|om=5.0|trial=2,outlier_grid,5000,1816808836,171391572,1.3909424378180453,5.143704401559593,1.4563395497877505,5.1203810676064965,uniform,is,is,0,1,0
exp_threshold_sweep,1.4473684210526314,0,n=5000|of=0.2|om=10.0|trial=0,outlier_grid,5000,374372893,1044453526,1.7911999033758386,5.04722867967325,1.8053899090831496,4.872548676571799,is,is,is,0,0,0
exp_threshold_sweep,1.4473684210526314,1,n=5000|of=0.2|om=10.0|trial=1,outlier_grid,5000,374372894,1045453529,1.7925498435757545,5.031734118828527,1.9124680560454974,5.45242028195372,is,is,is,0,0,0
exp_threshold_sweep,1.4473684210526314,2,n=5000|of=0.2|om=10.0|trial=2,outlier_grid,5000,374372895,1046453532,1.799646793110485,5.033057676968276,1.5553993016659924,3.832576105231541,is,is,is,0,0,0
exp_threshold_sweep,1.6842105263157894,0,n=1000|of=0.0|om=2.0|trial=0,outlier_grid,1000,1442263617,746596480,0.617599978331471,6.544485015745742,0.7823842938362968,5.103075225600176,uniform,uniform_exact,uniform,0,0,0
exp_threshold_sweep,1.6842105263157894,1,n=1000|of=0.0|om=2.0|trial=1,outlier_grid,1000,1442263618,747596483,0.7016203194983847,6.4257658382788225,0.5205091018024912,2.629385406040278,uniform,uniform_exact,uniform,0,0,0
exp_threshold_sweep,1.6842105263157894,2,n=1000|of=0.0|om=2.0|trial=2,outlier_grid,1000,1442263619,748596486,0.633503586176026,5.578210996800821,0.5206910214705022,2.742528613522529,uniform,uniform_exact,uniform,0,0,0
exp_threshold_sweep,1.6842105263157894,0,n=1000|of=0.0|om=5.0|trial=0,outlier_grid,1000,147305323,1271633656,0.6607087487078306,6.077985671873188,0.5682384508182965,2.4895568839777096,uniform,uniform_exact,uniform,0,0,0
exp_threshold_sweep,1.6842105263157894,1,n=1000|of=0.0|om=5.0|trial=1,outlier_grid,1000,147305324,1272633659,0.6504739835154975,5.5695015501111715,0.9042141420194227,4.621175556227705,uniform,uniform_exact,uniform,0,0,0
exp_threshold_sweep,1.6842105263157894,2,n=1000|of=0.0|om=5.0|trial=2,outlier_grid,1000,147305325,1273633662,0.6694892343956219,5.3838442549691585,0.667519843307601,3.770191059787409,uniform,uniform_exact,uniform,0,0,0
exp_threshold_sweep,1.6842105263157894,0,n=1000|of=0.0|om=10.0|trial=0,outlier_grid,1000,852353029,2146695616,0.6398166324088268,6.140337691272391,0.5872886551946551,3.00400307974142,uniform,uniform_exact,uniform,0,0,0
exp_threshold_sweep,1.6842105263157894,1,n=1000|of=0.0|om=10.0|trial=1,outlier_grid,1000,852353030,211972,0.6645481406412764,5.726033896808133,0.6675011652698157,3.2701243009604926,uniform,uniform_exact,uniform,0,0,0
exp_threshold_sweep,1.6842105263157894,2,n=1000|of=0.0|om=10.0|trial=2,outlier_grid,1000,852353031,1211975,0.6625855174916219,6.889022080403152,0.5478605772940593,2.503745178015231,uniform,uniform_exact,uniform,0,0,0
exp_threshold_sweep,1.6842105263157894,0,n=1000|of=0.01|om=2.0|trial=0,outlier_grid,1000,670919628,504795855,0.6194948810036581,4.431036671722072,0.5367076279689081,3.8552867583362387,uniform,uniform_exact,uniform,0,0,0
exp_threshold_sweep,1.6842105263157894,1,n=1000|of=0.01|om=2.0|trial=1,outlier_grid,1000,670919629,505795858,0.6419604984348997,5.780451621515172,0.49731971953324716,2.8659580864603957,uniform,uniform_exact,uniform,0,0,0
exp_threshold_sweep,1.6842105263157894,2,n=1000|of=0.01|om=2.0|trial=2,outlier_grid,1000,670919630,506795861,0.6478534945181104,7.295799872829969,0.5690315244531707,3.0349786601432873,uniform,uniform_exact,uniform,0,0,0
exp_threshold_sweep,1.6842105263157894,0,n=1000|of=0.01|om=5.0|trial=0,outlier_grid,1000,1523444981,1029833031,0.9275708025452007,9.067911114745035,1.1885237312667676,8.639730244472425,uniform,uniform_exact,uniform,0,0,0
exp_threshold_sweep,1.6842105263157894,1,n=1000|of=0.01|om=5.0|trial=1,outlier_grid,1000,1523444982,1030833034,0.8826442516694574,9.20078801072338,0.926207736709517,6.309373515724871,uniform,uniform_exact,uniform,0,0,0
exp_threshold_sweep,1.6842105263157894,2,n=1000|of=0.01|om=5.0|trial=2,outlier_grid,1000,1523444983,1031833037,0.8944373892679047,9.492564196854993,0.6969223449585741,5.088131593797387,uniform,uniform_exact,uniform,0,0,0
exp_threshold_sweep,1.6842105263157894,0,n=1000|of=0.01|om=10.0|trial=0,outlier_grid,1000,81009040,1904894991,2.1600848596659037,23.591190740265375,2.5805367155762866,18.70516947524951,uniform,is,is,0,1,0
exp_threshold_sweep,1.6842105263157894,1,n=1000|of=0.01|om=10.0|trial=1,outlier_grid,1000,81009041,1905894994,2.186629044024305,23.67565527185168,2.5689217259036576,18.633790267533275,uniform,is,is,0,1,0
exp_threshold_sweep,1.6842105263157894,2,n=1000|of=0.01|om=10.0|trial=2,outlier_grid,1000,81009042,1906894997,2.202788337834508,23.474969597415352,2.4566981597901116,17.789995059729332,uniform,is,is,1,1,0
exp_threshold_sweep,1.6842105263157894,0,n=1000|of=0.02|om=2.0|trial=0,outlier_grid,1000,2047059286,262995230,0.668926440883736,6.047119721303887,0.5505856146142251,3.008112356962971,uniform,uniform_exact,uniform,0,0,0
exp_threshold_sweep,1.6842105263157894,1,n=1000|of=0.02|om=2.0|trial=1,outlier_grid,1000,2047059287,263995233,0.6096939094021688,4.754850690421404,0.733352378911828,3.9838760160636935,uniform,uniform_exact,uniform,0,0,0
exp_threshold_sweep,1.6842105263157894,2,n=1000|of=0.02|om=2.0|trial=2,outlier_grid,1000,2047059288,264995236,0.619980694353103,5.711189635441723,0.5754981408614708,3.127541573718604,uniform,uniform_exact,uniform,0,0,0
exp_threshold_sweep,1.6842105263157894,0,n=1000|of=0.02|om=5.0|trial=0,outlier_grid,1000,752100992,788032406,1.0363964890753734,8.83629684462703,1.2709137717947538,6.60463581109117,uniform,uniform_exact,uniform,0,0,0
exp_threshold_sweep,1.6842105263157894,1,n=1000|of=0.02|om=5.0|trial=1,outlier_grid,1000,752100993,789032409,1.0808453099122093,9.327938871539764,0.5554508003631061,2.9146923481847864,uniform,uniform_exact,uniform,0,0,0
exp_threshold_sweep,1.6842105263157894,2,n=1000|of=0.02|om=5.0|trial=2,outlier_grid,1000,752100994,790032412,1.0555990939448983,9.079803243418585,1.007349131184655,7.464344977362656,uniform,uniform_exact,uniform,0,0,0
exp_threshold_sweep,1.6842105263157894,0,n=1000|of=0.02|om=10.0|trial=0,outlier_grid,1000,1457148698,1663094366,2.4223349633420703,19.324723385669508,0.6328173311583931,3.78773607836322,uniform,uniform_exact,uniform,1,0,0
exp_threshold_sweep,1.6842105263157894,1,n=1000|of=0.02|om=10.0|trial=1,outlier_grid,1000,1457148699,1664094369,2.4594205603819232,19.349043540692758,2.386573243950536,17.101508372143286,uniform,is,is,1,1,0
exp_threshold_sweep,1.6842105263157894,2,n=1000|of=0.02|om=10.0|trial=2,outlier_grid,1000,1457148700,1665094372,2.441556227376376,19.145175988469532,0.4680932191316637,2.615181266489589,uniform,uniform_exact,uniform,1,0,0
exp_threshold_sweep,1.6842105263157894,0,n=1000|of=0.05|om=2.0|trial=0,outlier_grid,1000,1880510966,1685077002,0.6787566315775071,6.9795351614658365,0.9334042384976152,6.445952864866831,uniform,uniform_exact,uniform,0,0,0
exp_threshold_sweep,1.6842105263157894,1,n=1000|of=0.05|om=2.0|trial=1,outlier_grid,1000,1880510967,1686077005,0.6273247767797993,5.416408240314115,0.5900180776771841,3.172536258621512,uniform,uniform_exact,uniform,0,0,0
exp_threshold_sweep,1.6842105263157894,2,n=1000|of=0.05|om=2.0|trial=2,outlier_grid,1000,1880510968,1687077008,0.6436184853347732,6.685255422490038,0.5390032357047725,2.977649427683219,uniform,uniform_exact,uniform,0,0,0
exp_threshold_sweep,1.6842105263157894,0,n=1000|of=0.05|om=5.0|trial=0,outlier_grid,1000,585552672,62630531,1.322654341020879,7.809373922547658,1.326335841404939,5.017436718026032,uniform,uniform_exact,uniform,0,0,0
exp_threshold_sweep,1.6842105263157894,1,n=1000|of=0.05|om=5.0|trial=1,outlier_grid,1000,585552673,63630534,1.2985808873964355,8.313744404611858,1.0539903542525113,6.792778140368572,uniform,uniform_exact,uniform,0,0,0
exp_threshold_sweep,1.6842105263157894,2,n=1000|of=0.05|om=5.0|trial=2,outlier_grid,1000,585552674,64630537,1.208561744925839,7.712949719548932,1.3390985732763543,6.529696072200034,uniform,uniform_exact,uniform,0,0,0
exp_threshold_sweep,1.6842105263157894,0,n=1000|of=0.05|om=10.0|trial=0,outlier_grid,1000,1290600378,937692491,2.507398434602011,12.789785607408268,2.502483624704357,18.034267005124054,uniform,is,is,1,1,0
exp_threshold_sweep,1.6842105263157894,1,n=1000|of=0.05|om=10.0|trial=1,outlier_grid,1000,1290600379,938692494,2.520669114923294,12.78671987327333,2.528701603484288,13.416078173168906,uniform,is,is,1,1,0
exp_threshold_sweep,1.6842105263157894,2,n=1000|of=0.05|om=10.0|trial=2,outlier_grid,1000,1290600380,939692497,2.49068495781207,12.596211278828237,2.448328205211978,11.2275123857768,uniform,is,is,1,1,0
exp_threshold_sweep,1.6842105263157894,0,n=1000|of=0.1|om=2.0|trial=0,outlier_grid,1000,171274668,476073877,0.6524098435515786,7.086241475883487,0.5772468820811758,2.645101324005007,uniform,uniform_exact,uniform,0,0,0
exp_threshold_sweep,1.6842105263157894,1,n=1000|of=0.1|om=2.0|trial=1,outlier_grid,1000,171274669,477073880,0.581167313005821,6.085439413528287,0.3594953462300382,1.95034336666503,uniform,uniform_exact,uniform,0,0,0
exp_threshold_sweep,1.6842105263157894,2,n=1000|of=0.1|om=2.0|trial=2,outlier_grid,1000,171274670,478073883,0.6984683097008569,7.200833170425255,0.6818865684246298,3.6437272920787924,uniform,uniform_exact,uniform,0,0,0
exp_threshold_sweep,1.6842105263157894,0,n=1000|of=0.1|om=5.0|trial=0,outlier_grid,1000,1023800021,1001111053,1.3537758517722411,6.291632634044208,1.3258587473671999,4.998542901838354,uniform,uniform_exact,uniform,0,0,0
exp_threshold_sweep,1.6842105263157894,1,n=1000|of=0.1|om=5.0|trial=1,outlier_grid,1000,1023800022,1002111056,1.367532997551312,6.235878482522877,1.2713345583761269,5.704996459438272,uniform,uniform_exact,uniform,0,0,0
exp_threshold_sweep,1.6842105263157894,2,n=1000|of=0.1|om=5.0|trial=2,outlier_grid,1000,1023800023,1003111059,1.3274574831627268,6.042607423381932,1.4407379737305739,5.840840526573353,uniform,uniform_exact,uniform,0,0,0
exp_threshold_sweep,1.6842105263157894,0,n=1000|of=0.1|om=10.0|trial=0,outlier_grid,1000,1728847727,1876173013,2.1745485439283283,8.206958182334139,2.0659873924102197,6.2677458799127415,uniform,is,is,0,1,0
exp_threshold_sweep,1.6842105263157894,1,n=1000|of=0.1|om=10.0|trial=1,outlier_grid,1000,1728847728,1877173016,2.2071501455785794,8.244504029581895,2.4903507406375676,10.845427725019297,uniform,is,is,1,1,0
exp_threshold_sweep,1.6842105263157894,2,n=1000|of=0.1|om=10.0|trial=2,outlier_grid,1000,1728847729,1878173019,2.2131805137021714,8.13937339152958,1.7568922145367767,5.182311079651662,uniform,is,is,1,1,0
exp_threshold_sweep,1.6842105263157894,0,n=1000|of=0.2|om=2.0|trial=0,outlier_grid,1000,1047769366,205551274,0.596226390605092,7.59566327931635,0.4322829474460419,2.037519802807652,uniform,uniform_exact,uniform,0,0,0
exp_threshold_sweep,1.6842105263157894,1,n=1000|of=0.2|om=2.0|trial=1,outlier_grid,1000,1047769367,206551277,0.5707637716995058,4.76013034379612,0.5758008762007832,3.363015725908853,uniform,uniform_exact,uniform,0,0,0
exp_threshold_sweep,1.6842105263157894,2,n=1000|of=0.2|om=2.0|trial=2,outlier_grid,1000,1047769368,207551280,0.6082008942884182,5.59710910895369,0.5041678378140068,2.5395503973625413,uniform,uniform_exact,uniform,0,0,0
exp_threshold_sweep,1.6842105263157894,0,n=1000|of=0.2|om=5.0|trial=0,outlier_grid,1000,1900294719,730588450,1.2128763710131376,4.437108297044463,1.0646735318374803,3.816487733269268,uniform,uniform_exact,uniform,0,0,0
exp_threshold_sweep,1.6842105263157894,1,n=1000|of=0.2|om=5.0|trial=1,outlier_grid,1000,1900294720,731588453,1.222022170293529,4.453870144522961,1.3087970670905302,4.496334770570345,uniform,uniform_exact,uniform,0,0,0
exp_threshold_sweep,1.6842105263157894,2,n=1000|of=0.2|om=5.0|trial=2,outlier_grid,1000,1900294721,732588456,1.2283430251331136,4.34226493758284,0.9843520228594187,2.974333979492973,uniform,uniform_exact,uniform,0,0,0
exp_threshold_sweep,1.6842105263157894,0,n=1000|of=0.2|om=10.0|trial=0,outlier_grid,1000,457858778,1605650410,1.6822322474532947,4.785774324099834,1.630396855953268,4.259412278507002,uniform,uniform_exact,uniform,0,0,0
exp_threshold_sweep,1.6842105263157894,1,n=1000|of=0.2|om=10.0|trial=1,outlier_grid,1000,457858779,1606650413,1.6828609678688584,4.797205593998007,1.809802882701852,5.283352157098152,uniform,is,is,0,1,0
exp_threshold_sweep,1.6842105263157894,2,n=1000|of=0.2|om=10.0|trial=2,outlier_grid,1000,457858780,1607650416,1.6824444119691087,4.694431122747657,1.975514673266589,6.031223947133338,uniform,is,is,0,1,0
exp_threshold_sweep,1.6842105263157894,0,n=2000|of=0.0|om=2.0|trial=0,outlier_grid,2000,884521234,1143168171,0.6437859806065077,7.26494190000632,0.5504762467095016,2.5281039297118224,uniform,uniform_exact,uniform,0,0,0
exp_threshold_sweep,1.6842105263157894,1,n=2000|of=0.0|om=2.0|trial=1,outlier_grid,2000,884521235,1144168174,0.6783226328241753,6.987718128416362,0.5860670052435321,2.714518891308385,uniform,uniform_exact,uniform,0,0,0
exp_threshold_sweep,1.6842105263157894,2,n=2000|of=0.0|om=2.0|trial=2,outlier_grid,2000,884521236,1145168177,0.7008485258315146,10.87323753149392,0.8237785121587327,4.829345491653516,uniform,uniform_exact,uniform,0,0,0
exp_threshold_sweep,1.6842105263157894,0,n=2000|of=0.0|om=5.0|trial=0,outlier_grid,2000,1737046587,1668205347,0.6647636523552978,9.371015606248461,0.49836114559308625,2.32551159169246,uniform,uniform_exact,uniform,0,0,0
exp_threshold_sweep,1.6842105263157894,1,n=2000|of=0.0|om=5.0|trial=1,outlier_grid,2000,1737046588,1669205350,0.6503303945228937,7.618833107152736,0.6286416049060833,3.6321468527205094,uniform,uniform_exact,uniform,0,0,0
exp_threshold_sweep,1.6842105263157894,2,n=2000|of=0.0|om=5.0|trial=2,outlier_grid,2000,1737046589,1670205353,0.7116392058914187,10.837519913683188,0.6016349402659518,3.4893976454368465,uniform,uniform_exact,uniform,0,0,0
exp_threshold_sweep,1.6842105263157894,0,n=2000|of=0.0|om=10.0|trial=0,outlier_grid,2000,294610646,395783660,0.6984542271619008,9.191213698217632,1.0669868988065845,7.63401996445825,uniform,uniform_exact,uniform,0,0,0
exp_threshold_sweep,1.6842105263157894,1,n=2000|of=0.0|om=10.0|trial=1,outlier_grid,2000,294610647,396783663,0.6531760108020092,9.05950966881119,0.4827303585084929,2.149272056455962,uniform,uniform_exact,uniform,0,0,0
exp_threshold_sweep,1.6842105263157894,2,n=2000|of=0.0|om=10.0|trial=2,outlier_grid,2000,294610648,397783666,0.6722700999610615,5.917746054892996,0.6711537488564054,3.4540502985883883,uniform,uniform_exact,uniform,0,0,0
exp_threshold_sweep,1.6842105263157894,0,n=2000|of=0.01|om=2.0|trial=0,outlier_grid,2000,113177245,901367546,0.7041455345419971,8.158001271669198,0.5648935037676193,2.8042181999786613,uniform,uniform_exact,uniform,0,0,0
exp_threshold_sweep,1.6842105263157894,1,n=2000|of=0.01|om=2.0|trial=1,outlier_grid,2000,113177246,902367549,0.6776575995706522,7.229319530734069,0.91188247233186,6.034748799081155,uniform,uniform_exact,uniform,0,0,0
exp_threshold_sweep,1.6842105263157894,2,n=2000|of=0.01|om=2.0|trial=2,outlier_grid,2000,113177247,903367552,0.6623640231431586,9.28680597708695,0.4994505146963381,2.3937255973997362,uniform,uniform_exact,uniform,0,0,0
exp_threshold_sweep,1.6842105263157894,0,n=2000|of=0.01|om=5.0|trial=0,outlier_grid,2000,965702598,1426404722,0.9816612409123018,11.124163624423396,1.1702712279982639,8.476348669864576,uniform,uniform_exact,uniform,0,0,0
exp_threshold_sweep,1.6842105263157894,1,n=2000|of=0.01|om=5.0|trial=1,outlier_grid,2000,965702599,1427404725,1.019893147231907,10.771710935140439,0.7994166701342346,5.920327547950079,uniform,uniform_exact,uniform,0,0,0
exp_threshold_sweep,1.6842105263157894,2,n=2000|of=0.01|om=5.0|trial=2,outlier_grid,2000,965702600,1428404728,1.0038984191058524,11.152323945467518,1.2441546860247932,9.065837925245017,uniform,uniform_exact,uniform,0,0,0
exp_threshold_sweep,1.6842105263157894,0,n=2000|of=0.01|om=10.0|trial=0,outlier_grid,2000,1670750304,153983035,2.485939595674491,27.10730987984548,0.6944989144861629,3.922434426962668,uniform,uniform_exact,uniform,1,0,0
exp_threshold_sweep,1.6842105263157894,1,n=2000|of=0.01|om=10.0|trial=1,outlier_grid,2000,1670750305,154983038,2.4574092914423638,26.830979453268434,0.769102467997573,4.642766961287735,uniform,uniform_exact,uniform,1,0,0
exp_threshold_sweep,1.6842105263157894,2,n=2000|of=0.01|om=10.0|trial=2,outlier_grid,2000,1670750306,155983041,2.4875934157876274,27.001639859771334,2.9659506213323223,21.375049909844524,uniform,is,is,1,1,0
exp_threshold_sweep,1.6842105263157894,0,n=2000|of=0.02|om=2.0|trial=0,outlier_grid,2000,1489316903,659566921,0.6522247884106012,6.7974888408872705,0.662762715909199,3.0991495276752294,uniform,uniform_exact,uniform,0,0,0
exp_threshold_sweep,1.6842105263157894,1,n=2000|of=0.02|om=2.0|trial=1,outlier_grid,2000,1489316904,660566924,0.708592555862065,7.3196862152942685,0.6229033991013129,3.692885021112499,uniform,uniform_exact,uniform,0,0,0
exp_threshold_sweep,1.6842105263157894,2,n=2000|of=0.02|om=2.0|trial=2,outlier_grid,2000,1489316905,661566927,0.6266465193598646,6.766098028970186,0.7595158657029312,3.6388888100036283,uniform,uniform_exact,uniform,0,0,0
exp_threshold_sweep,1.6842105263157894,0,n=2000|of=0.02|om=5.0|trial=0,outlier_grid,2000,194358609,1184604097,1.187664640127493,10.482197021947206,0.6649752680438608,3.2702972904661105,uniform,uniform_exact,uniform,0,0,0
exp_threshold_sweep,1.6842105263157894,1,n=2000|of=0.02|om=5.0|trial=1,outlier_grid,2000,194358610,1185604100,1.169122399391696,10.541280528053289,1.2268183642828536,8.008094470756445,uniform,uniform_exact,uniform,0,0,0
exp_threshold_sweep,1.6842105263157894,2,n=2000|of=0.02|om=5.0|trial=2,outlier_grid,2000,194358611,1186604103,1.2297958209577402,10.40504305776103,1.4749717807706502,8.90212394891377,uniform,uniform_exact,uniform,0,0,0
exp_threshold_sweep,1.6842105263157894,0,n=2000|of=0.02|om=10.0|trial=0,outlier_grid,2000,899406315,2059666057,2.869439534666998,22.1660269939405,2.966637682488169,21.472773304941224,uniform,is,is,1,1,0
exp_threshold_sweep,1.6842105263157894,1,n=2000|of=0.02|om=10.0|trial=1,outlier_grid,2000,899406316,2060666060,2.804968516663726,22.06499967036417,0.565120644081391,2.853988320799105,uniform,uniform_exact,uniform,1,0,0
exp_threshold_sweep,1.6842105263157894,2,n=2000|of=0.02|om=10.0|trial=2,outlier_grid,2000,899406317,2061666063,2.735942484849644,21.257719756855096,2.8374720610158923,14.78567522088208,uniform,is,is,1,1,0
exp_threshold_sweep,1.6842105263157894,0,n=2000|of=0.05|om=2.0|trial=0,outlier_grid,2000,1322768583,2081648693,0.65141260441657,7.2644391200920655,0.838049890328847,5.973934746661505,uniform,uniform_exact,uniform,0,0,0
exp_threshold_sweep,1.6842105263157894,1,n=2000|of=0.05|om=2.0|trial=1,outlier_grid,2000,1322768584,2082648696,0.6410291195607866,6.374989174742897,0.5326603024635521,3.4772138305221154,uniform,uniform_exact,uniform,0,0,0
exp_threshold_sweep,1.6842105263157894,2,n=2000|of=0.05|om=2.0|trial=2,outlier_grid,2000,1322768585,2083648699,0.6227487686611384,6.430958934057433,0.5275629605298909,2.658713373468352,uniform,uniform_exact,uniform,0,0,0
exp_threshold_sweep,1.6842105263157894,0,n=2000|of=0.05|om=5.0|trial=0,outlier_grid,2000,27810289,459202222,1.358269331673104,8.966713358539577,1.3747864977255917,7.960036507085535,uniform,uniform_exact,uniform,0,0,0
exp_threshold_sweep,1.6842105263157894,1,n=2000|of=0.05|om=5.0|trial=1,outlier_grid,2000,27810290,460202225,1.3763076923974027,8.285852764690443,1.407874809005802,8.007676236011017,uniform,uniform_exact,uniform,0,0,0
exp_threshold_sweep,1.6842105263157894,2,n=2000|of=0.05|om=5.0|trial=2,outlier_grid,2000,27810291,461202228,1.4611702597146317,9.106720084066147,1.3302771278221555,8.041113687777328,uniform,uniform_exact,uniform,0,0,0
exp_threshold_sweep,1.6842105263157894,0,n=2000|of=0.05|om=10.0|trial=0,outlier_grid,2000,732857995,1334264182,2.7142794007709448,13.745211635687745,2.031509016353955,6.397554139632757,uniform,is,is,1,1,0
exp_threshold_sweep,1.6842105263157894,1,n=2000|of=0.05|om=10.0|trial=1,outlier_grid,2000,732857996,1335264185,2.726308523162901,13.889554001701725,2.8366177761204305,20.548015360129984,uniform,is,is,1,1,0
exp_threshold_sweep,1.6842105263157894,2,n=2000|of=0.05|om=10.0|trial=2,outlier_grid,2000,732857997,1336264188,2.7326270401993864,13.72668609604081,2.7725341191913153,12.114860227548228,uniform,is,is,1,1,0
exp_threshold_sweep,1.6842105263157894,0,n=2000|of=0.1|om=2.0|trial=0,outlier_grid,2000,1761015932,872645568,0.5866904178552818,6.882127609815075,0.7770881639369542,3.45172991736431,uniform,uniform_exact,uniform,0,0,0
exp_threshold_sweep,1.6842105263157894,1,n=2000|of=0.1|om=2.0|trial=1,outlier_grid,2000,1761015933,873645571,0.6805166058317258,7.844182030189697,0.5757544085828741,3.4590641668887807,uniform,uniform_exact,uniform,0,0,0
exp_threshold_sweep,1.6842105263157894,2,n=2000|of=0.1|om=2.0|trial=2,outlier_grid,2000,1761015934,874645574,0.6075248895724128,8.488601778181627,0.7282607805384532,3.8591647312835202,uniform,uniform_exact,uniform,0,0,0
exp_threshold_sweep,1.6842105263157894,0,n=2000|of=0.1|om=5.0|trial=0,outlier_grid,2000,466057638,1397682744,1.4612428196080953,6.753627793666996,1.5068217948630511,5.640958582510566,uniform,uniform_exact,uniform,0,0,0
exp_threshold_sweep,1.6842105263157894,1,n=2000|of=0.1|om=5.0|trial=1,outlier_grid,2000,466057639,1398682747,1.4764441467779024,6.956174126191189,1.426686827189849,6.167136631124351,uniform,uniform_exact,uniform,0,0,0
exp_threshold_sweep,1.6842105263157894,2,n=2000|of=0.1|om=5.0|trial=2,outlier_grid,2000,466057640,1399682750,1.4190922443740461,6.741387981806074,1.3741818402323454,4.476666056694372,uniform,uniform_exact,uniform,0,0,0
exp_threshold_sweep,1.6842105263157894,0,n=2000|of=0.1|om=10.0|trial=0,outlier_grid,2000,1171105344,125261057,2.301445779003562,8.777361115865295,2.4444892872159483,9.499832135124521,uniform,is,is,0,1,0
exp_threshold_sweep,1.6842105263157894,1,n=2000|of=0.1|om=10.0|trial=1,outlier_grid,2000,1171105345,126261060,2.3152827988189686,8.658788130102245,2.364756776016903,8.396129375304673,uniform,is,is,1,1,0
exp_threshold_sweep,1.6842105263157894,2,n=2000|of=0.1|om=10.0|trial=2,outlier_grid,2000,1171105346,127261063,2.30933321640677,8.687845653682372,2.5437773031017628,10.087673435389302,uniform,is,is,1,1,0
exp_threshold_sweep,1.6842105263157894,0,n=2000|of=0.2|om=2.0|trial=0,outlier_grid,2000,490026983,602122965,0.5915941849529013,6.747218403782818,0.8450044618961902,6.06610125416621,uniform,uniform_exact,uniform,0,0,0
exp_threshold_sweep,1.6842105263157894,1,n=2000|of=0.2|om=2.0|trial=1,outlier_grid,2000,490026984,603122968,0.5845956482433441,7.133862103294786,0.5268989128495027,2.7992168833916056,uniform,uniform_exact,uniform,0,0,0
exp_threshold_sweep,1.6842105263157894,2,n=2000|of=0.2|om=2.0|trial=2,outlier_grid,2000,490026985,604122971,0.6364016724628121,6.162099158324124,0.7558954737869902,4.607055309585028,uniform,uniform_exact,uniform,0,0,0
exp_threshold_sweep,1.6842105263157894,0,n=2000|of=0.2|om=5.0|trial=0,outlier_grid,2000,1342552336,1127160141,1.2983740571519216,4.789065542177101,1.3300894954380873,3.8848415441687587,uniform,uniform_exact,uniform,0,0,0
exp_threshold_sweep,1.6842105263157894,1,n=2000|of=0.2|om=5.0|trial=1,outlier_grid,2000,1342552337,1128160144,1.3147579288921611,4.448881049791875,1.345610362487653,5.111702482136405,uniform,uniform_exact,uniform,0,0,0
exp_threshold_sweep,1.6842105263157894,2,n=2000|of=0.2|om=5.0|trial=2,outlier_grid,2000,1342552338,1129160147,1.3083480127020897,4.637299734571176,1.134904875436328,3.356974772867815,uniform,uniform_exact,uniform,0,0,0
exp_threshold_sweep,1.6842105263157894,0,n=2000|of=0.2|om=10.0|trial=0,outlier_grid,2000,2047600042,2002222101,1.7372109637686688,4.909762302581473,2.316047177303603,8.242811467213661,uniform,is,is,0,1,0
exp_threshold_sweep,1.6842105263157894,1,n=2000|of=0.2|om=10.0|trial=1,outlier_grid,2000,2047600043,2003222104,1.7421178180833923,4.869082529210165,1.9421047215245568,5.786166339067166,uniform,is,is,0,1,0
exp_threshold_sweep,1.6842105263157894,2,n=2000|of=0.2|om=10.0|trial=2,outlier_grid,2000,2047600044,2004222107,1.7399890427199698,4.970317505328127,1.7371409667196338,4.831700285519275,uniform,is,is,0,1,0
exp_threshold_sweep,1.6842105263157894,0,n=5000|of=0.0|om=2.0|trial=0,outlier_grid,5000,1358777732,185399597,0.7224807944290408,9.893139619301449,0.8718635834912806,5.946937605667828,uniform,uniform_exact,uniform,0,0,0
exp_threshold_sweep,1.6842105263157894,1,n=5000|of=0.0|om=2.0|trial=1,outlier_grid,5000,1358777733,186399600,0.6783674416504732,9.248645932905605,0.6542781581558064,3.113061293535401,uniform,uniform,uniform,0,0,0
exp_threshold_sweep,1.6842105263157894,2,n=5000|of=0.0|om=2.0|trial=2,outlier_grid,5000,1358777734,187399603,0.6974014263102107,8.500077009248255,0.9679745317456349,6.654982305687983,uniform,uniform_exact,uniform,0,0,0
exp_threshold_sweep,1.6842105263157894,0,n=5000|of=0.0|om=5.0|trial=0,outlier_grid,5000,63819438,710436773,0.6966704990056833,11.78855723114979,0.6427393350981419,3.247696939610265,uniform,uniform,uniform,0,0,0
exp_threshold_sweep,1.6842105263157894,1,n=5000|of=0.0|om=5.0|trial=1,outlier_grid,5000,63819439,711436776,0.7020645774986704,10.493395057863204,0.46404253200847645,2.378977887130253,uniform,uniform,uniform,0,0,0
exp_threshold_sweep,1.6842105263157894,2,n=5000|of=0.0|om=5.0|trial=2,outlier_grid,5000,63819440,712436779,0.6964872202949357,12.14043386833435,0.6404688765459317,3.0609368509109616,uniform,uniform,uniform,0,0,0
exp_threshold_sweep,1.6842105263157894,0,n=5000|of=0.0|om=10.0|trial=0,outlier_grid,5000,768867144,1585498733,0.6923142098960464,10.791047985600459,0.889667242814712,6.10871074279215,uniform,uniform_exact,uniform,0,0,0
exp_threshold_sweep,1.6842105263157894,1,n=5000|of=0.0|om=10.0|trial=1,outlier_grid,5000,768867145,1586498736,0.6749404683005831,10.377327086148796,0.8196488707090624,5.3250600472956595,uniform,uniform_exact,uniform,0,0,0
exp_threshold_sweep,1.6842105263157894,2,n=5000|of=0.0|om=10.0|trial=2,outlier_grid,5000,768867146,1587498739,0.7043250568842707,9.485986571983513,0.9673246906813137,6.6876920790951795,uniform,uniform_exact,uniform,0,0,0
exp_threshold_sweep,1.6842105263157894,0,n=5000|of=0.01|om=2.0|trial=0,outlier_grid,5000,587433743,2091082619,0.7278048746693839,12.570758348270179,0.6736410641081515,3.093273483807121,uniform,uniform,uniform,0,0,0
exp_threshold_sweep,1.6842105263157894,1,n=5000|of=0.01|om=2.0|trial=1,outlier_grid,5000,587433744,2092082622,0.6959390046794844,8.19052749199074,0.504001463444701,2.183612203920272,uniform,uniform,uniform,0,0,0
exp_threshold_sweep,1.6842105263157894,2,n=5000|of=0.01|om=2.0|trial=2,outlier_grid,5000,587433745,2093082625,0.7275752487361427,11.991683623295147,0.8340096031925014,4.767335903465515,uniform,uniform_exact,uniform,0,0,0
exp_threshold_sweep,1.6842105263157894,0,n=5000|of=0.01|om=5.0|trial=0,outlier_grid,5000,1439959096,468636148,1.1514945012448503,13.921170970329356,1.6761499488972729,10.224180051710196,uniform,uniform_exact,uniform,0,0,0
exp_threshold_sweep,1.6842105263157894,1,n=5000|of=0.01|om=5.0|trial=1,outlier_grid,5000,1439959097,469636151,1.1000620070210954,13.282787825099584,1.0324428377990007,7.0844082553949965,uniform,uniform_exact,uniform,0,0,0
exp_threshold_sweep,1.6842105263157894,2,n=5000|of=0.01|om=5.0|trial=2,outlier_grid,5000,1439959098,470636154,1.169644960173019,14.047324928197764,0.6662774228492846,3.7173001341158205,uniform,uniform,uniform,0,0,0
exp_threshold_sweep,1.6842105263157894,0,n=5000|of=0.01|om=10.0|trial=0,outlier_grid,5000,2145006802,1343698108,3.012040993380712,33.184170841399485,2.7139023918668146,19.545600848866712,is,is,is,1,0,0
exp_threshold_sweep,1.6842105263157894,1,n=5000|of=0.01|om=10.0|trial=1,outlier_grid,5000,2145006803,1344698111,3.05512119238724,33.62125804296652,0.8530706943733081,5.162548126761962,is,uniform_exact,uniform,1,0,1
exp_threshold_sweep,1.6842105263157894,2,n=5000|of=0.01|om=10.0|trial=2,outlier_grid,5000,2145006804,1345698114,3.0106207049135034,32.90968384374054,0.4974429418761233,2.7829873471062188,is,uniform,uniform,1,0,1
exp_threshold_sweep,1.6842105263157894,0,n=5000|of=0.02|om=2.0|trial=0,outlier_grid,5000,1963573401,1849281994,0.6966747062003946,7.519776239119451,0.49840084462772194,2.922626913665209,uniform,uniform,uniform,0,0,0
exp_threshold_sweep,1.6842105263157894,1,n=5000|of=0.02|om=2.0|trial=1,outlier_grid,5000,1963573402,1850281997,0.7118330565326979,11.001515450812754,0.5262026793477023,3.1957331148361368,uniform,uniform,uniform,0,0,0
exp_threshold_sweep,1.6842105263157894,2,n=5000|of=0.02|om=2.0|trial=2,outlier_grid,5000,1963573403,1851282000,0.65806351816426,9.25657713996702,0.8089376720255728,4.501093627541828,uniform,uniform_exact,uniform,0,0,0
exp_threshold_sweep,1.6842105263157894,0,n=5000|of=0.02|om=5.0|trial=0,outlier_grid,5000,668615107,226835523,1.324498034040619,12.321985384365552,1.4790014742258253,8.823936021958213,uniform,uniform_exact,uniform,0,0,0
exp_threshold_sweep,1.6842105263157894,1,n=5000|of=0.02|om=5.0|trial=1,outlier_grid,5000,668615108,227835526,1.3258723349377788,12.187571001132723,0.7734152736585533,4.941073046267839,uniform,uniform_exact,uniform,0,0,0
exp_threshold_sweep,1.6842105263157894,2,n=5000|of=0.02|om=5.0|trial=2,outlier_grid,5000,668615109,228835529,1.3582145587406718,12.411829353085658,1.0233118287668028,7.173865683158204,uniform,uniform_exact,uniform,0,0,0
exp_threshold_sweep,1.6842105263157894,0,n=5000|of=0.02|om=10.0|trial=0,outlier_grid,5000,1373662813,1101897483,3.273305510801266,25.581420388004364,3.3949264667491703,24.464199013147788,is,is,is,1,0,0
exp_threshold_sweep,1.6842105263157894,1,n=5000|of=0.02|om=10.0|trial=1,outlier_grid,5000,1373662814,1102897486,3.270192893939796,25.42383972037984,3.16848684613719,16.591405881462446,is,is,is,1,0,0
exp_threshold_sweep,1.6842105263157894,2,n=5000|of=0.02|om=10.0|trial=2,outlier_grid,5000,1373662815,1103897489,3.2584141459449203,25.386482551776233,3.0850642186285495,22.2012231036739,is,is,is,1,0,0
exp_threshold_sweep,1.6842105263157894,0,n=5000|of=0.05|om=2.0|trial=0,outlier_grid,5000,1797025081,1123880119,0.6808824421638225,9.063293680601529,0.5788551542927238,3.0434899594770353,uniform,uniform,uniform,0,0,0
exp_threshold_sweep,1.6842105263157894,1,n=5000|of=0.05|om=2.0|trial=1,outlier_grid,5000,1797025082,1124880122,0.6814735797847691,8.168079323694936,0.5010457234322773,2.749865850541148,uniform,uniform,uniform,0,0,0
exp_threshold_sweep,1.6842105263157894,2,n=5000|of=0.05|om=2.0|trial=2,outlier_grid,5000,1797025083,1125880125,0.6730762768779296,7.51328610662532,0.527964351825241,2.525558008924443,uniform,uniform,uniform,0,0,0
exp_threshold_sweep,1.6842105263157894,0,n=5000|of=0.05|om=5.0|trial=0,outlier_grid,5000,502066787,1648917295,1.5610511723927194,9.482297366454727,1.5830019592259426,7.70204271321568,uniform,uniform_exact,uniform,0,0,0
exp_threshold_sweep,1.6842105263157894,1,n=5000|of=0.05|om=5.0|trial=1,outlier_grid,5000,502066788,1649917298,1.5983515327881193,10.05179141412876,1.4656864068592825,6.385595499688911,uniform,uniform_exact,uniform,0,0,0
exp_threshold_sweep,1.6842105263157894,2,n=5000|of=0.05|om=5.0|trial=2,outlier_grid,5000,502066789,1650917301,1.564054233622819,9.903368559014538,0.85399600551148,5.486558400684849,uniform,uniform_exact,uniform,0,0,0
exp_threshold_sweep,1.6842105263157894,0,n=5000|of=0.05|om=10.0|trial=0,outlier_grid,5000,1207114493,376495608,3.0064614329892705,15.45576789854595,3.2986238977971523,18.007743980735604,is,is,is,1,0,0
exp_threshold_sweep,1.6842105263157894,1,n=5000|of=0.05|om=10.0|trial=1,outlier_grid,5000,1207114494,377495611,2.975958669383625,15.516826552718598,3.502424449763415,25.169514537077546,is,is,is,1,0,0
exp_threshold_sweep,1.6842105263157894,2,n=5000|of=0.05|om=10.0|trial=2,outlier_grid,5000,1207114495,378495614,2.994754765488841,15.286751648815459,2.9362284726471843,17.4667730827756,is,is,is,1,0,0
exp_threshold_sweep,1.6842105263157894,0,n=5000|of=0.1|om=2.0|trial=0,outlier_grid,5000,87788783,2062360641,0.6452892873409604,7.975916618900835,1.0230500079281004,7.346286202998153,uniform,uniform_exact,uniform,0,0,0
exp_threshold_sweep,1.6842105263157894,1,n=5000|of=0.1|om=2.0|trial=1,outlier_grid,5000,87788784,2063360644,0.6342794906340355,7.439749972949388,0.40305811954494764,2.4518074660746447,uniform,uniform,uniform,0,0,0
exp_threshold_sweep,1.6842105263157894,2,n=5000|of=0.1|om=2.0|trial=2,outlier_grid,5000,87788785,2064360647,0.6753511690743486,10.273263459798766,0.5025918747802038,2.2761864972519548,uniform,uniform,uniform,0,0,0
exp_threshold_sweep,1.6842105263157894,0,n=5000|of=0.1|om=5.0|trial=0,outlier_grid,5000,940314136,439914170,1.5642034237759075,7.461215325213151,1.4674282248619908,5.86204931050749,uniform,uniform_exact,uniform,0,0,0
exp_threshold_sweep,1.6842105263157894,1,n=5000|of=0.1|om=5.0|trial=1,outlier_grid,5000,940314137,440914173,1.6069129255861263,7.627573339463385,1.5039490467449927,5.670067759420082,uniform,uniform_exact,uniform,0,0,0
exp_threshold_sweep,1.6842105263157894,2,n=5000|of=0.1|om=5.0|trial=2,outlier_grid,5000,940314138,441914176,1.5835535573326203,7.463665704236842,1.5681250282480599,6.290235931361636,uniform,uniform_exact,uniform,0,0,0
exp_threshold_sweep,1.6842105263157894,0,n=5000|of=0.1|om=10.0|trial=0,outlier_grid,5000,1645361842,1314976130,2.4387528204411435,9.085143647908605,2.1604217362231526,6.854725894238081,is,is,is,0,0,0
exp_threshold_sweep,1.6842105263157894,1,n=5000|of=0.1|om=10.0|trial=1,outlier_grid,5000,1645361843,1315976133,2.44827057345472,9.074192457210252,2.155695050313003,6.707788520947548,is,is,is,1,0,0
exp_threshold_sweep,1.6842105263157894,2,n=5000|of=0.1|om=10.0|trial=2,outlier_grid,5000,1645361844,1316976136,2.4335609917695766,9.037567396165114,2.6553973507882933,10.117061016923564,is,is,is,0,0,0
exp_threshold_sweep,1.6842105263157894,0,n=5000|of=0.2|om=2.0|trial=0,outlier_grid,5000,964283481,1791838038,0.6519470284472162,8.754530513444111,0.5268208677430757,2.3628484851901423,uniform,uniform,uniform,0,0,0
exp_threshold_sweep,1.6842105263157894,1,n=5000|of=0.2|om=2.0|trial=1,outlier_grid,5000,964283482,1792838041,0.6299048125270215,10.880578863376364,0.7367775362554871,4.260396448287093,uniform,uniform_exact,uniform,0,0,0
exp_threshold_sweep,1.6842105263157894,2,n=5000|of=0.2|om=2.0|trial=2,outlier_grid,5000,964283483,1793838044,0.6870579308218044,13.544762416249597,0.6526846249925458,3.5510233512795795,uniform,uniform,uniform,0,0,0
exp_threshold_sweep,1.6842105263157894,0,n=5000|of=0.2|om=5.0|trial=0,outlier_grid,5000,1816808834,169391567,1.3838458656873216,5.062593836717688,1.4279174564499517,4.706049895185614,uniform,uniform_exact,uniform,0,0,0
exp_threshold_sweep,1.6842105263157894,1,n=5000|of=0.2|om=5.0|trial=1,outlier_grid,5000,1816808835,170391570,1.398083832516939,5.098880683600188,1.4711267047669556,5.013392544059252,uniform,uniform_exact,uniform,0,0,0
exp_threshold_sweep,1.6842105263157894,2,n=5000|of=0.2|om=5.0|trial=2,outlier_grid,5000,1816808836,171391573,1.3909424378180453,5.143704401559593,1.2847277212248362,3.823249132131953,uniform,uniform_exact,uniform,0,0,0
exp_threshold_sweep,1.6842105263157894,0,n=5000|of=0.2|om=10.0|trial=0,outlier_grid,5000,374372893,1044453527,1.7911999033758386,5.04722867967325,1.5546375661830985,3.8881612538940673,is,uniform_exact,uniform,0,0,1
exp_threshold_sweep,1.6842105263157894,1,n=5000|of=0.2|om=10.0|trial=1,outlier_grid,5000,374372894,1045453530,1.7925498435757545,5.031734118828527,1.6364298515951603,4.122863362806351,is,uniform_exact,uniform,0,0,1
exp_threshold_sweep,1.6842105263157894,2,n=5000|of=0.2|om=10.0|trial=2,outlier_grid,5000,374372895,1046453533,1.799646793110485,5.033057676968276,2.553078650376101,9.003738041146391,is,is,is,0,0,0
exp_threshold_sweep,1.9210526315789473,0,n=1000|of=0.0|om=2.0|trial=0,outlier_grid,1000,1442263617,746596481,0.617599978331471,6.544485015745742,0.4724835626994765,2.288981140242379,uniform,uniform_exact,uniform,0,0,0
exp_threshold_sweep,1.9210526315789473,1,n=1000|of=0.0|om=2.0|trial=1,outlier_grid,1000,1442263618,747596484,0.7016203194983847,6.4257658382788225,0.7703585941811992,4.362023074092201,uniform,uniform_exact,uniform,0,0,0
exp_threshold_sweep,1.9210526315789473,2,n=1000|of=0.0|om=2.0|trial=2,outlier_grid,1000,1442263619,748596487,0.633503586176026,5.578210996800821,0.6879098573979257,4.120884302013458,uniform,uniform_exact,uniform,0,0,0
exp_threshold_sweep,1.9210526315789473,0,n=1000|of=0.0|om=5.0|trial=0,outlier_grid,1000,147305323,1271633657,0.6607087487078306,6.077985671873188,0.8138556637527836,4.547185149422173,uniform,uniform_exact,uniform,0,0,0
exp_threshold_sweep,1.9210526315789473,1,n=1000|of=0.0|om=5.0|trial=1,outlier_grid,1000,147305324,1272633660,0.6504739835154975,5.5695015501111715,0.6300801748323802,2.5307442697723768,uniform,uniform_exact,uniform,0,0,0
exp_threshold_sweep,1.9210526315789473,2,n=1000|of=0.0|om=5.0|trial=2,outlier_grid,1000,147305325,1273633663,0.6694892343956219,5.3838442549691585,0.838817714969817,5.281675160397833,uniform,uniform_exact,uniform,0,0,0
exp_threshold_sweep,1.9210526315789473,0,n=1000|of=0.0|om=10.0|trial=0,outlier_grid,1000,852353029,2146695617,0.6398166324088268,6.140337691272391,0.5975083140492939,4.043117521185901,uniform,uniform_exact,uniform,0,0,0
exp_threshold_sweep,1.9210526315789473,1,n=1000|of=0.0|om=10.0|trial=1,outlier_grid,1000,852353030,211973,0.6645481406412764,5.726033896808133,0.531075310424031,3.305884099241298,uniform,uniform_exact,uniform,0,0,0
exp_threshold_sweep,1.9210526315789473,2,n=1000|of=0.0|om=10.0|trial=2,outlier_grid,1000,852353031,1211976,0.6625855174916219,6.889022080403152,0.5098361984989078,2.9868274062696716,uniform,uniform_exact,uniform,0,0,0
exp_threshold_sweep,1.9210526315789473,0,n=1000|of=0.01|om=2.0|trial=0,outlier_grid,1000,670919628,504795856,0.6194948810036581,4.431036671722072,0.5970153504869133,3.4259277165310023,uniform,uniform_exact,uniform,0,0,0
exp_threshold_sweep,1.9210526315789473,1,n=1000|of=0.01|om=2.0|trial=1,outlier_grid,1000,670919629,505795859,0.6419604984348997,5.780451621515172,0.486432383969956,2.535801231887833,uniform,uniform_exact,uniform,0,0,0
exp_threshold_sweep,1.9210526315789473,2,n=1000|of=0.01|om=2.0|trial=2,outlier_grid,1000,670919630,506795862,0.6478534945181104,7.295799872829969,0.5794486419598149,2.6654326891754674,uniform,uniform_exact,uniform,0,0,0
exp_threshold_sweep,1.9210526315789473,0,n=1000|of=0.01|om=5.0|trial=0,outlier_grid,1000,1523444981,1029833032,0.9275708025452007,9.067911114745035,0.9056623108277241,5.911450576080697,uniform,uniform_exact,uniform,0,0,0
exp_threshold_sweep,1.9210526315789473,1,n=1000|of=0.01|om=5.0|trial=1,outlier_grid,1000,1523444982,1030833035,0.8826442516694574,9.20078801072338,0.38570825132361364,2.3072655801057085,uniform,uniform_exact,uniform,0,0,0
exp_threshold_sweep,1.9210526315789473,2,n=1000|of=0.01|om=5.0|trial=2,outlier_grid,1000,1523444983,1031833038,0.8944373892679047,9.492564196854993,0.5760074770391146,3.7585627950789373,uniform,uniform_exact,uniform,0,0,0
exp_threshold_sweep,1.9210526315789473,0,n=1000|of=0.01|om=10.0|trial=0,outlier_grid,1000,81009040,1904894992,2.1600848596659037,23.591190740265375,2.5994965068056937,18.802976028138033,uniform,is,is,0,1,0
exp_threshold_sweep,1.9210526315789473,1,n=1000|of=0.01|om=10.0|trial=1,outlier_grid,1000,81009041,1905894995,2.186629044024305,23.67565527185168,0.479982521499944,3.0977232434972723,uniform,uniform_exact,uniform,0,0,0
exp_threshold_sweep,1.9210526315789473,2,n=1000|of=0.01|om=10.0|trial=2,outlier_grid,1000,81009042,1906894998,2.202788337834508,23.474969597415352,0.6014520802281594,2.693637303849781,uniform,uniform_exact,uniform,1,0,0
exp_threshold_sweep,1.9210526315789473,0,n=1000|of=0.02|om=2.0|trial=0,outlier_grid,1000,2047059286,262995231,0.668926440883736,6.047119721303887,0.6678744745432289,3.6136136841594406,uniform,uniform_exact,uniform,0,0,0
exp_threshold_sweep,1.9210526315789473,1,n=1000|of=0.02|om=2.0|trial=1,outlier_grid,1000,2047059287,263995234,0.6096939094021688,4.754850690421404,0.49248594061183953,2.3529911220353266,uniform,uniform_exact,uniform,0,0,0
exp_threshold_sweep,1.9210526315789473,2,n=1000|of=0.02|om=2.0|trial=2,outlier_grid,1000,2047059288,264995237,0.619980694353103,5.711189635441723,0.47873463390694093,2.2797832474342363,uniform,uniform_exact,uniform,0,0,0
exp_threshold_sweep,1.9210526315789473,0,n=1000|of=0.02|om=5.0|trial=0,outlier_grid,1000,752100992,788032407,1.0363964890753734,8.83629684462703,0.9282391972987893,5.450081482061549,uniform,uniform_exact,uniform,0,0,0
exp_threshold_sweep,1.9210526315789473,1,n=1000|of=0.02|om=5.0|trial=1,outlier_grid,1000,752100993,789032410,1.0808453099122093,9.327938871539764,1.3827923618370739,7.7387921042889225,uniform,uniform_exact,uniform,0,0,0
exp_threshold_sweep,1.9210526315789473,2,n=1000|of=0.02|om=5.0|trial=2,outlier_grid,1000,752100994,790032413,1.0555990939448983,9.079803243418585,0.5080084560699687,2.9266001064353264,uniform,uniform_exact,uniform,0,0,0
exp_threshold_sweep,1.9210526315789473,0,n=1000|of=0.02|om=10.0|trial=0,outlier_grid,1000,1457148698,1663094367,2.4223349633420703,19.324723385669508,0.5591073433532646,2.826415006690646,uniform,uniform_exact,uniform,1,0,0
exp_threshold_sweep,1.9210526315789473,1,n=1000|of=0.02|om=10.0|trial=1,outlier_grid,1000,1457148699,1664094370,2.4594205603819232,19.349043540692758,2.3954644598856736,17.17799631598005,uniform,is,is,1,1,0
exp_threshold_sweep,1.9210526315789473,2,n=1000|of=0.02|om=10.0|trial=2,outlier_grid,1000,1457148700,1665094373,2.441556227376376,19.145175988469532,2.562980027559245,11.346396407121699,uniform,is,is,1,1,0
exp_threshold_sweep,1.9210526315789473,0,n=1000|of=0.05|om=2.0|trial=0,outlier_grid,1000,1880510966,1685077003,0.6787566315775071,6.9795351614658365,0.6165991919676251,3.6732455493433136,uniform,uniform_exact,uniform,0,0,0
exp_threshold_sweep,1.9210526315789473,1,n=1000|of=0.05|om=2.0|trial=1,outlier_grid,1000,1880510967,1686077006,0.6273247767797993,5.416408240314115,0.7228742988650831,4.558593160235878,uniform,uniform_exact,uniform,0,0,0
exp_threshold_sweep,1.9210526315789473,2,n=1000|of=0.05|om=2.0|trial=2,outlier_grid,1000,1880510968,1687077009,0.6436184853347732,6.685255422490038,0.5930817239663686,3.3635431028577756,uniform,uniform_exact,uniform,0,0,0
exp_threshold_sweep,1.9210526315789473,0,n=1000|of=0.05|om=5.0|trial=0,outlier_grid,1000,585552672,62630532,1.322654341020879,7.809373922547658,0.5690818653343916,2.938735338223328,uniform,uniform_exact,uniform,0,0,0
exp_threshold_sweep,1.9210526315789473,1,n=1000|of=0.05|om=5.0|trial=1,outlier_grid,1000,585552673,63630535,1.2985808873964355,8.313744404611858,0.5072261677231282,2.469488078928286,uniform,uniform_exact,uniform,0,0,0
exp_threshold_sweep,1.9210526315789473,2,n=1000|of=0.05|om=5.0|trial=2,outlier_grid,1000,585552674,64630538,1.208561744925839,7.712949719548932,0.93527788619106,6.271998569606833,uniform,uniform_exact,uniform,0,0,0
exp_threshold_sweep,1.9210526315789473,0,n=1000|of=0.05|om=10.0|trial=0,outlier_grid,1000,1290600378,937692492,2.507398434602011,12.789785607408268,2.3217067567478984,8.143380061756865,uniform,is,is,1,1,0
exp_threshold_sweep,1.9210526315789473,1,n=1000|of=0.05|om=10.0|trial=1,outlier_grid,1000,1290600379,938692495,2.520669114923294,12.78671987327333,2.276382088191303,8.876754559694836,uniform,is,is,1,1,0
exp_threshold_sweep,1.9210526315789473,2,n=1000|of=0.05|om=10.0|trial=2,outlier_grid,1000,1290600380,939692498,2.49068495781207,12.596211278828237,2.4805372494177353,18.010512637527913,uniform,is,is,1,1,0
exp_threshold_sweep,1.9210526315789473,0,n=1000|of=0.1|om=2.0|trial=0,outlier_grid,1000,171274668,476073878,0.6524098435515786,7.086241475883487,0.6751776564438221,3.3877783786728943,uniform,uniform_exact,uniform,0,0,0
exp_threshold_sweep,1.9210526315789473,1,n=1000|of=0.1|om=2.0|trial=1,outlier_grid,1000,171274669,477073881,0.581167313005821,6.085439413528287,0.4362970941269267,2.6370990820339686,uniform,uniform_exact,uniform,0,0,0
exp_threshold_sweep,1.9210526315789473,2,n=1000|of=0.1|om=2.0|trial=2,outlier_grid,1000,171274670,478073884,0.6984683097008569,7.200833170425255,0.5098551419341468,2.18940809834812,uniform,uniform_exact,uniform,0,0,0
exp_threshold_sweep,1.9210526315789473,0,n=1000|of=0.1|om=5.0|trial=0,outlier_grid,1000,1023800021,1001111054,1.3537758517722411,6.291632634044208,1.368606112761428,5.7831929158284145,uniform,uniform_exact,uniform,0,0,0
exp_threshold_sweep,1.9210526315789473,1,n=1000|of=0.1|om=5.0|trial=1,outlier_grid,1000,1023800022,1002111057,1.367532997551312,6.235878482522877,1.2578720428762296,5.33294879966493,uniform,uniform_exact,uniform,0,0,0
exp_threshold_sweep,1.9210526315789473,2,n=1000|of=0.1|om=5.0|trial=2,outlier_grid,1000,1023800023,1003111060,1.3274574831627268,6.042607423381932,1.4541164567054832,5.656595719226067,uniform,uniform_exact,uniform,0,0,0
exp_threshold_sweep,1.9210526315789473,0,n=1000|of=0.1|om=10.0|trial=0,outlier_grid,1000,1728847727,1876173014,2.1745485439283283,8.206958182334139,1.8431781574300374,5.514275293241086,uniform,uniform_exact,uniform,0,0,0
exp_threshold_sweep,1.9210526315789473,1,n=1000|of=0.1|om=10.0|trial=1,outlier_grid,1000,1728847728,1877173017,2.2071501455785794,8.244504029581895,2.3838893384102033,9.122093571808284,uniform,is,is,1,1,0
exp_threshold_sweep,1.9210526315789473,2,n=1000|of=0.1|om=10.0|trial=2,outlier_grid,1000,1728847729,1878173020,2.2131805137021714,8.13937339152958,2.4006336792270524,10.994557474585724,uniform,is,is,1,1,0
exp_threshold_sweep,1.9210526315789473,0,n=1000|of=0.2|om=2.0|trial=0,outlier_grid,1000,1047769366,205551275,0.596226390605092,7.59566327931635,0.5844553069206667,3.363532961766814,uniform,uniform_exact,uniform,0,0,0
exp_threshold_sweep,1.9210526315789473,1,n=1000|of=0.2|om=2.0|trial=1,outlier_grid,1000,1047769367,206551278,0.5707637716995058,4.76013034379612,0.601592075627399,3.1039986459761346,uniform,uniform_exact,uniform,0,0,0
exp_threshold_sweep,1.9210526315789473,2,n=1000|of=0.2|om=2.0|trial=2,outlier_grid,1000,1047769368,207551281,0.6082008942884182,5.59710910895369,0.42854540678405795,2.0685464958754225,uniform,uniform_exact,uniform,0,0,0
exp_threshold_sweep,1.9210526315789473,0,n=1000|of=0.2|om=5.0|trial=0,outlier_grid,1000,1900294719,730588451,1.2128763710131376,4.437108297044463,1.1393069905898503,3.3752719005238467,uniform,uniform_exact,uniform,0,0,0
exp_threshold_sweep,1.9210526315789473,1,n=1000|of=0.2|om=5.0|trial=1,outlier_grid,1000,1900294720,731588454,1.222022170293529,4.453870144522961,0.9812348252112837,3.110907921678135,uniform,uniform_exact,uniform,0,0,0
exp_threshold_sweep,1.9210526315789473,2,n=1000|of=0.2|om=5.0|trial=2,outlier_grid,1000,1900294721,732588457,1.2283430251331136,4.34226493758284,1.0713164226316318,3.1570650663538844,uniform,uniform_exact,uniform,0,0,0
exp_threshold_sweep,1.9210526315789473,0,n=1000|of=0.2|om=10.0|trial=0,outlier_grid,1000,457858778,1605650411,1.6822322474532947,4.785774324099834,1.629080542395,4.2735729839260275,uniform,uniform_exact,uniform,0,0,0
exp_threshold_sweep,1.9210526315789473,1,n=1000|of=0.2|om=10.0|trial=1,outlier_grid,1000,457858779,1606650414,1.6828609678688584,4.797205593998007,1.3869623297293365,3.3885966809607955,uniform,uniform_exact,uniform,0,0,0
exp_threshold_sweep,1.9210526315789473,2,n=1000|of=0.2|om=10.0|trial=2,outlier_grid,1000,457858780,1607650417,1.6824444119691087,4.694431122747657,1.7385001875926065,4.735052065555623,uniform,uniform_exact,uniform,0,0,0
exp_threshold_sweep,1.9210526315789473,0,n=2000|of=0.0|om=2.0|trial=0,outlier_grid,2000,884521234,1143168172,0.6437859806065077,7.26494190000632,0.41741346275952806,1.9724778075402594,uniform,uniform,uniform,0,0,0
exp_threshold_sweep,1.9210526315789473,1,n=2000|of=0.0|om=2.0|trial=1,outlier_grid,2000,884521235,1144168175,0.6783226328241753,6.987718128416362,0.8071879474522724,4.280520728625363,uniform,uniform_exact,uniform,0,0,0
exp_threshold_sweep,1.9210526315789473,2,n=2000|of=0.0|om=2.0|trial=2,outlier_grid,2000,884521236,1145168178,0.7008485258315146,10.87323753149392,0.5666948880629464,2.5353977721161183,uniform,uniform_exact,uniform,0,0,0
exp_threshold_sweep,1.9210526315789473,0,n=2000|of=0.0|om=5.0|trial=0,outlier_grid,2000,1737046587,1668205348,0.6647636523552978,9.371015606248461,0.34016432345633596,1.863677810075147,uniform,uniform,uniform,0,0,0
exp_threshold_sweep,1.9210526315789473,1,n=2000|of=0.0|om=5.0|trial=1,outlier_grid,2000,1737046588,1669205351,0.6503303945228937,7.618833107152736,0.6481552842287086,3.3290748311340534,uniform,uniform_exact,uniform,0,0,0
exp_threshold_sweep,1.9210526315789473,2,n=2000|of=0.0|om=5.0|trial=2,outlier_grid,2000,1737046589,1670205354,0.7116392058914187,10.837519913683188,0.6328263464689244,3.379577847793609,uniform,uniform_exact,uniform,0,0,0
exp_threshold_sweep,1.9210526315789473,0,n=2000|of=0.0|om=10.0|trial=0,outlier_grid,2000,294610646,395783661,0.6984542271619008,9.191213698217632,0.7017617907524005,3.779149340133934,uniform,uniform_exact,uniform,0,0,0
exp_threshold_sweep,1.9210526315789473,1,n=2000|of=0.0|om=10.0|trial=1,outlier_grid,2000,294610647,396783664,0.6531760108020092,9.05950966881119,0.7273942943504401,4.686528223469221,uniform,uniform_exact,uniform,0,0,0
exp_threshold_sweep,1.9210526315789473,2,n=2000|of=0.0|om=10.0|trial=2,outlier_grid,2000,294610648,397783667,0.6722700999610615,5.917746054892996,0.6529341457470869,3.1374757838533323,uniform,uniform_exact,uniform,0,0,0
exp_threshold_sweep,1.9210526315789473,0,n=2000|of=0.01|om=2.0|trial=0,outlier_grid,2000,113177245,901367547,0.7041455345419971,8.158001271669198,0.6761888308394484,3.3778069164176867,uniform,uniform_exact,uniform,0,0,0
exp_threshold_sweep,1.9210526315789473,1,n=2000|of=0.01|om=2.0|trial=1,outlier_grid,2000,113177246,902367550,0.6776575995706522,7.229319530734069,0.5724477478435249,3.8386253832070514,uniform,uniform_exact,uniform,0,0,0
exp_threshold_sweep,1.9210526315789473,2,n=2000|of=0.01|om=2.0|trial=2,outlier_grid,2000,113177247,903367553,0.6623640231431586,9.28680597708695,0.5814585274695256,3.2745722410027303,uniform,uniform_exact,uniform,0,0,0
exp_threshold_sweep,1.9210526315789473,0,n=2000|of=0.01|om=5.0|trial=0,outlier_grid,2000,965702598,1426404723,0.9816612409123018,11.124163624423396,1.2951748888232228,9.257599629512518,uniform,uniform_exact,uniform,0,0,0
exp_threshold_sweep,1.9210526315789473,1,n=2000|of=0.01|om=5.0|trial=1,outlier_grid,2000,965702599,1427404726,1.019893147231907,10.771710935140439,1.4090043911533898,7.469885785262717,uniform,uniform_exact,uniform,0,0,0
exp_threshold_sweep,1.9210526315789473,2,n=2000|of=0.01|om=5.0|trial=2,outlier_grid,2000,965702600,1428404729,1.0038984191058524,11.152323945467518,0.7698557941980381,4.713344618673225,uniform,uniform_exact,uniform,0,0,0
exp_threshold_sweep,1.9210526315789473,0,n=2000|of=0.01|om=10.0|trial=0,outlier_grid,2000,1670750304,153983036,2.485939595674491,27.10730987984548,0.8336417542084241,5.4908626432563485,uniform,uniform_exact,uniform,1,0,0
exp_threshold_sweep,1.9210526315789473,1,n=2000|of=0.01|om=10.0|trial=1,outlier_grid,2000,1670750305,154983039,2.4574092914423638,26.830979453268434,2.6539848335873906,19.26597091649341,uniform,is,is,1,1,0
exp_threshold_sweep,1.9210526315789473,2,n=2000|of=0.01|om=10.0|trial=2,outlier_grid,2000,1670750306,155983042,2.4875934157876274,27.001639859771334,0.8599737931297384,4.724503515737876,uniform,uniform_exact,uniform,1,0,0
exp_threshold_sweep,1.9210526315789473,0,n=2000|of=0.02|om=2.0|trial=0,outlier_grid,2000,1489316903,659566922,0.6522247884106012,6.7974888408872705,0.6956370846598647,4.407806586536106,uniform,uniform_exact,uniform,0,0,0
exp_threshold_sweep,1.9210526315789473,1,n=2000|of=0.02|om=2.0|trial=1,outlier_grid,2000,1489316904,660566925,0.708592555862065,7.3196862152942685,0.6245858715154865,3.6088041063144187,uniform,uniform_exact,uniform,0,0,0
exp_threshold_sweep,1.9210526315789473,2,n=2000|of=0.02|om=2.0|trial=2,outlier_grid,2000,1489316905,661566928,0.6266465193598646,6.766098028970186,0.7030880548102697,3.175197186046421,uniform,uniform_exact,uniform,0,0,0
exp_threshold_sweep,1.9210526315789473,0,n=2000|of=0.02|om=5.0|trial=0,outlier_grid,2000,194358609,1184604098,1.187664640127493,10.482197021947206,0.5425588364475714,2.831430740972908,uniform,uniform_exact,uniform,0,0,0
exp_threshold_sweep,1.9210526315789473,1,n=2000|of=0.02|om=5.0|trial=1,outlier_grid,2000,194358610,1185604101,1.169122399391696,10.541280528053289,1.233342565747004,8.773165219682761,uniform,uniform_exact,uniform,0,0,0
exp_threshold_sweep,1.9210526315789473,2,n=2000|of=0.02|om=5.0|trial=2,outlier_grid,2000,194358611,1186604104,1.2297958209577402,10.40504305776103,1.3730503890689518,10.041708054685728,uniform,uniform_exact,uniform,0,0,0
exp_threshold_sweep,1.9210526315789473,0,n=2000|of=0.02|om=10.0|trial=0,outlier_grid,2000,899406315,2059666058,2.869439534666998,22.1660269939405,2.8242002357530964,20.3957343316636,uniform,is,is,1,1,0
exp_threshold_sweep,1.9210526315789473,1,n=2000|of=0.02|om=10.0|trial=1,outlier_grid,2000,899406316,2060666061,2.804968516663726,22.06499967036417,0.4889973911742009,2.5451339995731623,uniform,uniform_exact,uniform,1,0,0
exp_threshold_sweep,1.9210526315789473,2,n=2000|of=0.02|om=10.0|trial=2,outlier_grid,2000,899406317,2061666064,2.735942484849644,21.257719756855096,0.6793485946103178,3.5899028725098936,uniform,uniform_exact,uniform,1,0,0
exp_threshold_sweep,1.9210526315789473,0,n=2000|of=0.05|om=2.0|trial=0,outlier_grid,2000,1322768583,2081648694,0.65141260441657,7.2644391200920655,0.7563228936875775,5.234392203148381,uniform,uniform_exact,uniform,0,0,0
exp_threshold_sweep,1.9210526315789473,1,n=2000|of=0.05|om=2.0|trial=1,outlier_grid,2000,1322768584,2082648697,0.6410291195607866,6.374989174742897,0.5270166017177033,2.9499935867107383,uniform,uniform_exact,uniform,0,0,0
exp_threshold_sweep,1.9210526315789473,2,n=2000|of=0.05|om=2.0|trial=2,outlier_grid,2000,1322768585,2083648700,0.6227487686611384,6.430958934057433,0.6924797257248073,4.205820548437707,uniform,uniform_exact,uniform,0,0,0
exp_threshold_sweep,1.9210526315789473,0,n=2000|of=0.05|om=5.0|trial=0,outlier_grid,2000,27810289,459202223,1.358269331673104,8.966713358539577,1.3358817404260672,5.5164373622062275,uniform,uniform_exact,uniform,0,0,0
exp_threshold_sweep,1.9210526315789473,1,n=2000|of=0.05|om=5.0|trial=1,outlier_grid,2000,27810290,460202226,1.3763076923974027,8.285852764690443,1.491105150204041,6.297805835575324,uniform,uniform_exact,uniform,0,0,0
exp_threshold_sweep,1.9210526315789473,2,n=2000|of=0.05|om=5.0|trial=2,outlier_grid,2000,27810291,461202229,1.4611702597146317,9.106720084066147,1.7076260958251732,7.262754972871028,uniform,uniform_exact,uniform,0,0,0
exp_threshold_sweep,1.9210526315789473,0,n=2000|of=0.05|om=10.0|trial=0,outlier_grid,2000,732857995,1334264183,2.7142794007709448,13.745211635687745,2.5298805187101214,9.83603198411696,uniform,is,is,1,1,0
exp_threshold_sweep,1.9210526315789473,1,n=2000|of=0.05|om=10.0|trial=1,outlier_grid,2000,732857996,1335264186,2.726308523162901,13.889554001701725,2.533112751854823,9.869084845394955,uniform,is,is,1,1,0
exp_threshold_sweep,1.9210526315789473,2,n=2000|of=0.05|om=10.0|trial=2,outlier_grid,2000,732857997,1336264189,2.7326270401993864,13.72668609604081,2.572601126576445,13.528625810653692,uniform,is,is,1,1,0
exp_threshold_sweep,1.9210526315789473,0,n=2000|of=0.1|om=2.0|trial=0,outlier_grid,2000,1761015932,872645569,0.5866904178552818,6.882127609815075,0.5418066286137915,2.7602294254307727,uniform,uniform_exact,uniform,0,0,0
exp_threshold_sweep,1.9210526315789473,1,n=2000|of=0.1|om=2.0|trial=1,outlier_grid,2000,1761015933,873645572,0.6805166058317258,7.844182030189697,0.5734386116929948,2.726409072405457,uniform,uniform_exact,uniform,0,0,0
exp_threshold_sweep,1.9210526315789473,2,n=2000|of=0.1|om=2.0|trial=2,outlier_grid,2000,1761015934,874645575,0.6075248895724128,8.488601778181627,0.6528781513817765,3.6233844025301467,uniform,uniform_exact,uniform,0,0,0
exp_threshold_sweep,1.9210526315789473,0,n=2000|of=0.1|om=5.0|trial=0,outlier_grid,2000,466057638,1397682745,1.4612428196080953,6.753627793666996,1.4496746531963254,5.54229643383686,uniform,uniform_exact,uniform,0,0,0
exp_threshold_sweep,1.9210526315789473,1,n=2000|of=0.1|om=5.0|trial=1,outlier_grid,2000,466057639,1398682748,1.4764441467779024,6.956174126191189,1.6499083058143624,6.167562695766675,uniform,uniform_exact,uniform,0,0,0
exp_threshold_sweep,1.9210526315789473,2,n=2000|of=0.1|om=5.0|trial=2,outlier_grid,2000,466057640,1399682751,1.4190922443740461,6.741387981806074,1.1257140848787448,7.0280423343574085,uniform,uniform_exact,uniform,0,0,0
exp_threshold_sweep,1.9210526315789473,0,n=2000|of=0.1|om=10.0|trial=0,outlier_grid,2000,1171105344,125261058,2.301445779003562,8.777361115865295,2.0766341507897175,6.57893772044988,uniform,is,is,0,1,0
exp_threshold_sweep,1.9210526315789473,1,n=2000|of=0.1|om=10.0|trial=1,outlier_grid,2000,1171105345,126261061,2.3152827988189686,8.658788130102245,2.607258541653266,10.435650934952195,uniform,is,is,1,1,0
exp_threshold_sweep,1.9210526315789473,2,n=2000|of=0.1|om=10.0|trial=2,outlier_grid,2000,1171105346,127261064,2.30933321640677,8.687845653682372,2.3624922730165663,8.448279092748288,uniform,is,is,1,1,0
exp_threshold_sweep,1.9210526315789473,0,n=2000|of=0.2|om=2.0|trial=0,outlier_grid,2000,490026983,602122966,0.5915941849529013,6.747218403782818,0.5062976503431602,2.8087486966886415,uniform,uniform_exact,uniform,0,0,0
exp_threshold_sweep,1.9210526315789473,1,n=2000|of=0.2|om=2.0|trial=1,outlier_grid,2000,490026984,603122969,0.5845956482433441,7.133862103294786,0.42718210175110427,2.302252717887718,uniform,uniform,uniform,0,0,0
exp_threshold_sweep,1.9210526315789473,2,n=2000|of=0.2|om=2.0|trial=2,outlier_grid,2000,490026985,604122972,0.6364016724628121,6.162099158324124,0.6083991142510171,3.8771666079743174,uniform,uniform_exact,uniform,0,0,0
exp_threshold_sweep,1.9210526315789473,0,n=2000|of=0.2|om=5.0|trial=0,outlier_grid,2000,1342552336,1127160142,1.2983740571519216,4.789065542177101,1.2972651438421563,4.23036407091545,uniform,uniform_exact,uniform,0,0,0
exp_threshold_sweep,1.9210526315789473,1,n=2000|of=0.2|om=5.0|trial=1,outlier_grid,2000,1342552337,1128160145,1.3147579288921611,4.448881049791875,1.0732763718590392,2.827169026335072,uniform,uniform_exact,uniform,0,0,0
exp_threshold_sweep,1.9210526315789473,2,n=2000|of=0.2|om=5.0|trial=2,outlier_grid,2000,1342552338,1129160148,1.3083480127020897,4.637299734571176,1.0717719587797943,2.906185651023119,uniform,uniform_exact,uniform,0,0,0
exp_threshold_sweep,1.9210526315789473,0,n=2000|of=0.2|om=10.0|trial=0,outlier_grid,2000,2047600042,2002222102,1.7372109637686688,4.909762302581473,1.544599570274389,3.873939143267233,uniform,uniform_exact,uniform,0,0,0
exp_threshold_sweep,1.9210526315789473,1,n=2000|of=0.2|om=10.0|trial=1,outlier_grid,2000,2047600043,2003222105,1.7421178180833923,4.869082529210165,1.3353288698634853,3.0436570738781294,uniform,uniform_exact,uniform,0,0,0
exp_threshold_sweep,1.9210526315789473,2,n=2000|of=0.2|om=10.0|trial=2,outlier_grid,2000,2047600044,2004222108,1.7399890427199698,4.970317505328127,1.8111299070025448,5.294519234312423,uniform,uniform_exact,uniform,0,0,0
exp_threshold_sweep,1.9210526315789473,0,n=5000|of=0.0|om=2.0|trial=0,outlier_grid,5000,1358777732,185399598,0.7224807944290408,9.893139619301449,0.8010238722151243,5.036099732902473,uniform,uniform_exact,uniform,0,0,0
exp_threshold_sweep,1.9210526315789473,1,n=5000|of=0.0|om=2.0|trial=1,outlier_grid,5000,1358777733,186399601,0.6783674416504732,9.248645932905605,0.5851919676262911,3.1120178553558207,uniform,uniform,uniform,0,0,0
exp_threshold_sweep,1.9210526315789473,2,n=5000|of=0.0|om=2.0|trial=2,outlier_grid,5000,1358777734,187399604,0.6974014263102107,8.500077009248255,0.6452749011167787,3.9217400572715735,uniform,uniform,uniform,0,0,0
exp_threshold_sweep,1.9210526315789473,0,n=5000|of=0.0|om=5.0|trial=0,outlier_grid,5000,63819438,710436774,0.6966704990056833,11.78855723114979,0.42574952946879285,2.214163866133653,uniform,uniform,uniform,0,0,0
exp_threshold_sweep,1.9210526315789473,1,n=5000|of=0.0|om=5.0|trial=1,outlier_grid,5000,63819439,711436777,0.7020645774986704,10.493395057863204,0.801218551416488,5.428854296079234,uniform,uniform_exact,uniform,0,0,0
exp_threshold_sweep,1.9210526315789473,2,n=5000|of=0.0|om=5.0|trial=2,outlier_grid,5000,63819440,712436780,0.6964872202949357,12.14043386833435,0.4937584618486692,2.4421768798425485,uniform,uniform,uniform,0,0,0
exp_threshold_sweep,1.9210526315789473,0,n=5000|of=0.0|om=10.0|trial=0,outlier_grid,5000,768867144,1585498734,0.6923142098960464,10.791047985600459,0.706463062293935,4.842972211670875,uniform,uniform,uniform,0,0,0
exp_threshold_sweep,1.9210526315789473,1,n=5000|of=0.0|om=10.0|trial=1,outlier_grid,5000,768867145,1586498737,0.6749404683005831,10.377327086148796,0.8305804768987654,5.233740148602123,uniform,uniform_exact,uniform,0,0,0
exp_threshold_sweep,1.9210526315789473,2,n=5000|of=0.0|om=10.0|trial=2,outlier_grid,5000,768867146,1587498740,0.7043250568842707,9.485986571983513,0.6700092815665251,3.686360127687864,uniform,uniform,uniform,0,0,0
exp_threshold_sweep,1.9210526315789473,0,n=5000|of=0.01|om=2.0|trial=0,outlier_grid,5000,587433743,2091082620,0.7278048746693839,12.570758348270179,0.5846310669681626,3.413035908630745,uniform,uniform,uniform,0,0,0
exp_threshold_sweep,1.9210526315789473,1,n=5000|of=0.01|om=2.0|trial=1,outlier_grid,5000,587433744,2092082623,0.6959390046794844,8.19052749199074,0.5058347290460161,2.932758112186216,uniform,uniform,uniform,0,0,0
exp_threshold_sweep,1.9210526315789473,2,n=5000|of=0.01|om=2.0|trial=2,outlier_grid,5000,587433745,2093082626,0.7275752487361427,11.991683623295147,0.5579035571431397,2.484182948655338,uniform,uniform,uniform,0,0,0
exp_threshold_sweep,1.9210526315789473,0,n=5000|of=0.01|om=5.0|trial=0,outlier_grid,5000,1439959096,468636149,1.1514945012448503,13.921170970329356,0.8616081688273634,5.051414311199084,uniform,uniform_exact,uniform,0,0,0
exp_threshold_sweep,1.9210526315789473,1,n=5000|of=0.01|om=5.0|trial=1,outlier_grid,5000,1439959097,469636152,1.1000620070210954,13.282787825099584,0.5356278274044091,2.5219837447508966,uniform,uniform,uniform,0,0,0
exp_threshold_sweep,1.9210526315789473,2,n=5000|of=0.01|om=5.0|trial=2,outlier_grid,5000,1439959098,470636155,1.169644960173019,14.047324928197764,1.3778862289188714,9.229792235818223,uniform,uniform_exact,uniform,0,0,0
exp_threshold_sweep,1.9210526315789473,0,n=5000|of=0.01|om=10.0|trial=0,outlier_grid,5000,2145006802,1343698109,3.012040993380712,33.184170841399485,3.4074766248866957,24.438080649967088,is,is,is,1,0,0
exp_threshold_sweep,1.9210526315789473,1,n=5000|of=0.01|om=10.0|trial=1,outlier_grid,5000,2145006803,1344698112,3.05512119238724,33.62125804296652,0.7027061115339733,4.018101950830376,is,uniform,uniform,1,0,1
exp_threshold_sweep,1.9210526315789473,2,n=5000|of=0.01|om=10.0|trial=2,outlier_grid,5000,2145006804,1345698115,3.0106207049135034,32.90968384374054,3.240596680925081,23.329120282383442,is,is,is,1,0,0
exp_threshold_sweep,1.9210526315789473,0,n=5000|of=0.02|om=2.0|trial=0,outlier_grid,5000,1963573401,1849281995,0.6966747062003946,7.519776239119451,0.5362650946199956,2.4116177082019083,uniform,uniform,uniform,0,0,0
exp_threshold_sweep,1.9210526315789473,1,n=5000|of=0.02|om=2.0|trial=1,outlier_grid,5000,1963573402,1850281998,0.7118330565326979,11.001515450812754,0.7934607617880799,4.501544993752461,uniform,uniform_exact,uniform,0,0,0
exp_threshold_sweep,1.9210526315789473,2,n=5000|of=0.02|om=2.0|trial=2,outlier_grid,5000,1963573403,1851282001,0.65806351816426,9.25657713996702,0.7659896711404746,5.107572623401071,uniform,uniform_exact,uniform,0,0,0
exp_threshold_sweep,1.9210526315789473,0,n=5000|of=0.02|om=5.0|trial=0,outlier_grid,5000,668615107,226835524,1.324498034040619,12.321985384365552,0.6280250421100576,4.359371369830264,uniform,uniform,uniform,0,0,0
exp_threshold_sweep,1.9210526315789473,1,n=5000|of=0.02|om=5.0|trial=1,outlier_grid,5000,668615108,227835527,1.3258723349377788,12.187571001132723,0.7478151835228627,4.523479336755851,uniform,uniform_exact,uniform,0,0,0
exp_threshold_sweep,1.9210526315789473,2,n=5000|of=0.02|om=5.0|trial=2,outlier_grid,5000,668615109,228835530,1.3582145587406718,12.411829353085658,1.550550164881061,7.700339000124435,uniform,uniform_exact,uniform,0,0,0
exp_threshold_sweep,1.9210526315789473,0,n=5000|of=0.02|om=10.0|trial=0,outlier_grid,5000,1373662813,1101897484,3.273305510801266,25.581420388004364,0.6145751321768541,4.239914475237903,is,uniform,uniform,1,0,1
exp_threshold_sweep,1.9210526315789473,1,n=5000|of=0.02|om=10.0|trial=1,outlier_grid,5000,1373662814,1102897487,3.270192893939796,25.42383972037984,3.4034289077479105,24.34751993529567,is,is,is,1,0,0
exp_threshold_sweep,1.9210526315789473,2,n=5000|of=0.02|om=10.0|trial=2,outlier_grid,5000,1373662815,1103897490,3.2584141459449203,25.386482551776233,0.6886595411883601,3.8411640656961668,is,uniform,uniform,1,0,1
exp_threshold_sweep,1.9210526315789473,0,n=5000|of=0.05|om=2.0|trial=0,outlier_grid,5000,1797025081,1123880120,0.6808824421638225,9.063293680601529,0.5810989990832333,2.5357407408976784,uniform,uniform,uniform,0,0,0
exp_threshold_sweep,1.9210526315789473,1,n=5000|of=0.05|om=2.0|trial=1,outlier_grid,5000,1797025082,1124880123,0.6814735797847691,8.168079323694936,0.7000411561825373,3.7931263424108796,uniform,uniform,uniform,0,0,0
exp_threshold_sweep,1.9210526315789473,2,n=5000|of=0.05|om=2.0|trial=2,outlier_grid,5000,1797025083,1125880126,0.6730762768779296,7.51328610662532,0.8360340548652448,4.447867458398413,uniform,uniform_exact,uniform,0,0,0
exp_threshold_sweep,1.9210526315789473,0,n=5000|of=0.05|om=5.0|trial=0,outlier_grid,5000,502066787,1648917296,1.5610511723927194,9.482297366454727,1.7103420415676613,6.911027447103136,uniform,uniform_exact,uniform,0,0,0
exp_threshold_sweep,1.9210526315789473,1,n=5000|of=0.05|om=5.0|trial=1,outlier_grid,5000,502066788,1649917299,1.5983515327881193,10.05179141412876,0.5541385547588568,2.9806443987369504,uniform,uniform,uniform,0,0,0
exp_threshold_sweep,1.9210526315789473,2,n=5000|of=0.05|om=5.0|trial=2,outlier_grid,5000,502066789,1650917302,1.564054233622819,9.903368559014538,0.4356198871497176,2.4270497941759643,uniform,uniform,uniform,0,0,0
exp_threshold_sweep,1.9210526315789473,0,n=5000|of=0.05|om=10.0|trial=0,outlier_grid,5000,1207114493,376495609,3.0064614329892705,15.45576789854595,3.4478281204787677,24.819354340810964,is,is,is,1,0,0
exp_threshold_sweep,1.9210526315789473,1,n=5000|of=0.05|om=10.0|trial=1,outlier_grid,5000,1207114494,377495612,2.975958669383625,15.516826552718598,3.059631778029653,16.466780340355648,is,is,is,1,0,0
exp_threshold_sweep,1.9210526315789473,2,n=5000|of=0.05|om=10.0|trial=2,outlier_grid,5000,1207114495,378495615,2.994754765488841,15.286751648815459,2.8821773227426224,13.721907549524758,is,is,is,1,0,0
exp_threshold_sweep,1.9210526315789473,0,n=5000|of=0.1|om=2.0|trial=0,outlier_grid,5000,87788783,2062360642,0.6452892873409604,7.975916618900835,0.8678467852344989,5.7275078860506445,uniform,uniform_exact,uniform,0,0,0
exp_threshold_sweep,1.9210526315789473,1,n=5000|of=0.1|om=2.0|trial=1,outlier_grid,5000,87788784,2063360645,0.6342794906340355,7.439749972949388,0.823600375462202,5.602991906083131,uniform,uniform_exact,uniform,0,0,0
exp_threshold_sweep,1.9210526315789473,2,n=5000|of=0.1|om=2.0|trial=2,outlier_grid,5000,87788785,2064360648,0.6753511690743486,10.273263459798766,0.6030094326526855,3.549132492748644,uniform,uniform,uniform,0,0,0
exp_threshold_sweep,1.9210526315789473,0,n=5000|of=0.1|om=5.0|trial=0,outlier_grid,5000,940314136,439914171,1.5642034237759075,7.461215325213151,1.7149421295030882,6.287231000239114,uniform,uniform_exact,uniform,0,0,0
exp_threshold_sweep,1.9210526315789473,1,n=5000|of=0.1|om=5.0|trial=1,outlier_grid,5000,940314137,440914174,1.6069129255861263,7.627573339463385,1.631492585313241,6.497758767740836,uniform,uniform_exact,uniform,0,0,0
exp_threshold_sweep,1.9210526315789473,2,n=5000|of=0.1|om=5.0|trial=2,outlier_grid,5000,940314138,441914177,1.5835535573326203,7.463665704236842,1.280984088524354,7.224097951338623,uniform,uniform_exact,uniform,0,0,0
exp_threshold_sweep,1.9210526315789473,0,n=5000|of=0.1|om=10.0|trial=0,outlier_grid,5000,1645361842,1314976131,2.4387528204411435,9.085143647908605,2.17902939752191,6.613861343094642,is,is,is,0,0,0
exp_threshold_sweep,1.9210526315789473,1,n=5000|of=0.1|om=10.0|trial=1,outlier_grid,5000,1645361843,1315976134,2.44827057345472,9.074192457210252,2.9983006489230943,12.95865100360009,is,is,is,1,0,0
exp_threshold_sweep,1.9210526315789473,2,n=5000|of=0.1|om=10.0|trial=2,outlier_grid,5000,1645361844,1316976137,2.4335609917695766,9.037567396165114,3.565679952668738,25.634630168697438,is,is,is,0,0,0
exp_threshold_sweep,1.9210526315789473,0,n=5000|of=0.2|om=2.0|trial=0,outlier_grid,5000,964283481,1791838039,0.6519470284472162,8.754530513444111,0.6151144188582873,3.621570195376452,uniform,uniform,uniform,0,0,0
exp_threshold_sweep,1.9210526315789473,1,n=5000|of=0.2|om=2.0|trial=1,outlier_grid,5000,964283482,1792838042,0.6299048125270215,10.880578863376364,0.5457375507780943,2.6466105581135335,uniform,uniform,uniform,0,0,0
exp_threshold_sweep,1.9210526315789473,2,n=5000|of=0.2|om=2.0|trial=2,outlier_grid,5000,964283483,1793838045,0.6870579308218044,13.544762416249597,0.529566984894997,2.938381910816715,uniform,uniform,uniform,0,0,0
exp_threshold_sweep,1.9210526315789473,0,n=5000|of=0.2|om=5.0|trial=0,outlier_grid,5000,1816808834,169391568,1.3838458656873216,5.062593836717688,1.3358349802937908,3.97468023115645,uniform,uniform_exact,uniform,0,0,0
exp_threshold_sweep,1.9210526315789473,1,n=5000|of=0.2|om=5.0|trial=1,outlier_grid,5000,1816808835,170391571,1.398083832516939,5.098880683600188,1.3334831263236782,4.06550305885612,uniform,uniform_exact,uniform,0,0,0
exp_threshold_sweep,1.9210526315789473,2,n=5000|of=0.2|om=5.0|trial=2,outlier_grid,5000,1816808836,171391574,1.3909424378180453,5.143704401559593,1.1841202839498257,3.4752062949865126,uniform,uniform_exact,uniform,0,0,0
exp_threshold_sweep,1.9210526315789473,0,n=5000|of=0.2|om=10.0|trial=0,outlier_grid,5000,374372893,1044453528,1.7911999033758386,5.04722867967325,1.8243097572455267,4.807406295583391,is,uniform_exact,uniform,0,0,1
exp_threshold_sweep,1.9210526315789473,1,n=5000|of=0.2|om=10.0|trial=1,outlier_grid,5000,374372894,1045453531,1.7925498435757545,5.031734118828527,1.8561732326053622,4.993126162320557,is,uniform_exact,uniform,0,0,1
exp_threshold_sweep,1.9210526315789473,2,n=5000|of=0.2|om=10.0|trial=2,outlier_grid,5000,374372895,1046453534,1.799646793110485,5.033057676968276,1.2799138118631197,2.828779052222836,is,uniform_exact,uniform,0,0,1
exp_threshold_sweep,2.1578947368421053,0,n=1000|of=0.0|om=2.0|trial=0,outlier_grid,1000,1442263617,746596482,0.617599978331471,6.544485015745742,0.4989797121420554,2.088770763792398,uniform,uniform_exact,uniform,0,0,0
exp_threshold_sweep,2.1578947368421053,1,n=1000|of=0.0|om=2.0|trial=1,outlier_grid,1000,1442263618,747596485,0.7016203194983847,6.4257658382788225,0.5065543252579919,2.9969808535841698,uniform,uniform_exact,uniform,0,0,0
exp_threshold_sweep,2.1578947368421053,2,n=1000|of=0.0|om=2.0|trial=2,outlier_grid,1000,1442263619,748596488,0.633503586176026,5.578210996800821,0.739103975054263,4.470807314197216,uniform,uniform_exact,uniform,0,0,0
exp_threshold_sweep,2.1578947368421053,0,n=1000|of=0.0|om=5.0|trial=0,outlier_grid,1000,147305323,1271633658,0.6607087487078306,6.077985671873188,0.46203646220981603,2.2352990470457628,uniform,uniform_exact,uniform,0,0,0
exp_threshold_sweep,2.1578947368421053,1,n=1000|of=0.0|om=5.0|trial=1,outlier_grid,1000,147305324,1272633661,0.6504739835154975,5.5695015501111715,0.593895542125181,3.405031973811377,uniform,uniform_exact,uniform,0,0,0
exp_threshold_sweep,2.1578947368421053,2,n=1000|of=0.0|om=5.0|trial=2,outlier_grid,1000,147305325,1273633664,0.6694892343956219,5.3838442549691585,0.5684218631578325,2.7845991586506313,uniform,uniform_exact,uniform,0,0,0
exp_threshold_sweep,2.1578947368421053,0,n=1000|of=0.0|om=10.0|trial=0,outlier_grid,1000,852353029,2146695618,0.6398166324088268,6.140337691272391,0.8905265157856551,5.533526729579853,uniform,uniform_exact,uniform,0,0,0
exp_threshold_sweep,2.1578947368421053,1,n=1000|of=0.0|om=10.0|trial=1,outlier_grid,1000,852353030,211974,0.6645481406412764,5.726033896808133,0.665637408651697,3.940986608696741,uniform,uniform_exact,uniform,0,0,0
exp_threshold_sweep,2.1578947368421053,2,n=1000|of=0.0|om=10.0|trial=2,outlier_grid,1000,852353031,1211977,0.6625855174916219,6.889022080403152,0.5596087574928944,2.8137567802934202,uniform,uniform_exact,uniform,0,0,0
exp_threshold_sweep,2.1578947368421053,0,n=1000|of=0.01|om=2.0|trial=0,outlier_grid,1000,670919628,504795857,0.6194948810036581,4.431036671722072,0.7270306410469776,3.496748649518481,uniform,uniform_exact,uniform,0,0,0
exp_threshold_sweep,2.1578947368421053,1,n=1000|of=0.01|om=2.0|trial=1,outlier_grid,1000,670919629,505795860,0.6419604984348997,5.780451621515172,0.7917827575210907,5.157826810240281,uniform,uniform_exact,uniform,0,0,0
exp_threshold_sweep,2.1578947368421053,2,n=1000|of=0.01|om=2.0|trial=2,outlier_grid,1000,670919630,506795863,0.6478534945181104,7.295799872829969,0.6167487604843862,2.7530389463402245,uniform,uniform_exact,uniform,0,0,0
exp_threshold_sweep,2.1578947368421053,0,n=1000|of=0.01|om=5.0|trial=0,outlier_grid,1000,1523444981,1029833033,0.9275708025452007,9.067911114745035,0.5247631566925771,3.205324342970172,uniform,uniform_exact,uniform,0,0,0
exp_threshold_sweep,2.1578947368421053,1,n=1000|of=0.01|om=5.0|trial=1,outlier_grid,1000,1523444982,1030833036,0.8826442516694574,9.20078801072338,1.2777667630145417,9.232458429923849,uniform,uniform_exact,uniform,0,0,0
exp_threshold_sweep,2.1578947368421053,2,n=1000|of=0.01|om=5.0|trial=2,outlier_grid,1000,1523444983,1031833039,0.8944373892679047,9.492564196854993,0.5750584526201798,2.9344020204162478,uniform,uniform_exact,uniform,0,0,0
exp_threshold_sweep,2.1578947368421053,0,n=1000|of=0.01|om=10.0|trial=0,outlier_grid,1000,81009040,1904894993,2.1600848596659037,23.591190740265375,2.7369415440038245,19.734293452648892,uniform,is,is,0,1,0
exp_threshold_sweep,2.1578947368421053,1,n=1000|of=0.01|om=10.0|trial=1,outlier_grid,1000,81009041,1905894996,2.186629044024305,23.67565527185168,0.5500538657189603,2.9317746700018947,uniform,uniform_exact,uniform,0,0,0
exp_threshold_sweep,2.1578947368421053,2,n=1000|of=0.01|om=10.0|trial=2,outlier_grid,1000,81009042,1906894999,2.202788337834508,23.474969597415352,0.6125643110505237,2.9380522395996014,uniform,uniform_exact,uniform,1,0,0
exp_threshold_sweep,2.1578947368421053,0,n=1000|of=0.02|om=2.0|trial=0,outlier_grid,1000,2047059286,262995232,0.668926440883736,6.047119721303887,0.5733625603153341,2.6268239490722376,uniform,uniform_exact,uniform,0,0,0
exp_threshold_sweep,2.1578947368421053,1,n=1000|of=0.02|om=2.0|trial=1,outlier_grid,1000,2047059287,263995235,0.6096939094021688,4.754850690421404,0.5880324426616326,3.0589254250573052,uniform,uniform_exact,uniform,0,0,0
exp_threshold_sweep,2.1578947368421053,2,n=1000|of=0.02|om=2.0|trial=2,outlier_grid,1000,2047059288,264995238,0.619980694353103,5.711189635441723,0.589948834834199,2.953831997353831,uniform,uniform_exact,uniform,0,0,0
exp_threshold_sweep,2.1578947368421053,0,n=1000|of=0.02|om=5.0|trial=0,outlier_grid,1000,752100992,788032408,1.0363964890753734,8.83629684462703,0.9158808325174262,6.452164581071841,uniform,uniform_exact,uniform,0,0,0
exp_threshold_sweep,2.1578947368421053,1,n=1000|of=0.02|om=5.0|trial=1,outlier_grid,1000,752100993,789032411,1.0808453099122093,9.327938871539764,1.362490291729661,9.717892637236965,uniform,uniform_exact,uniform,0,0,0
exp_threshold_sweep,2.1578947368421053,2,n=1000|of=0.02|om=5.0|trial=2,outlier_grid,1000,752100994,790032414,1.0555990939448983,9.079803243418585,1.0312345623381052,5.391588112121377,uniform,uniform_exact,uniform,0,0,0
exp_threshold_sweep,2.1578947368421053,0,n=1000|of=0.02|om=10.0|trial=0,outlier_grid,1000,1457148698,1663094368,2.4223349633420703,19.324723385669508,2.2771965460684735,16.474707735940857,uniform,is,is,1,1,0
exp_threshold_sweep,2.1578947368421053,1,n=1000|of=0.02|om=10.0|trial=1,outlier_grid,1000,1457148699,1664094371,2.4594205603819232,19.349043540692758,0.7381072743550016,4.7841327985684,uniform,uniform_exact,uniform,1,0,0
exp_threshold_sweep,2.1578947368421053,2,n=1000|of=0.02|om=10.0|trial=2,outlier_grid,1000,1457148700,1665094374,2.441556227376376,19.145175988469532,0.5041700417352684,2.132594988165258,uniform,uniform_exact,uniform,1,0,0
exp_threshold_sweep,2.1578947368421053,0,n=1000|of=0.05|om=2.0|trial=0,outlier_grid,1000,1880510966,1685077004,0.6787566315775071,6.9795351614658365,0.5290623592531256,2.4386141944393476,uniform,uniform_exact,uniform,0,0,0
exp_threshold_sweep,2.1578947368421053,1,n=1000|of=0.05|om=2.0|trial=1,outlier_grid,1000,1880510967,1686077007,0.6273247767797993,5.416408240314115,0.6488895050050753,3.4192185570757463,uniform,uniform_exact,uniform,0,0,0
exp_threshold_sweep,2.1578947368421053,2,n=1000|of=0.05|om=2.0|trial=2,outlier_grid,1000,1880510968,1687077010,0.6436184853347732,6.685255422490038,0.8026623709003666,4.568302315112604,uniform,uniform_exact,uniform,0,0,0
exp_threshold_sweep,2.1578947368421053,0,n=1000|of=0.05|om=5.0|trial=0,outlier_grid,1000,585552672,62630533,1.322654341020879,7.809373922547658,1.4850043140490505,6.416282246041703,uniform,uniform_exact,uniform,0,0,0
exp_threshold_sweep,2.1578947368421053,1,n=1000|of=0.05|om=5.0|trial=1,outlier_grid,1000,585552673,63630536,1.2985808873964355,8.313744404611858,1.3640819631115892,5.479988649916645,uniform,uniform_exact,uniform,0,0,0
exp_threshold_sweep,2.1578947368421053,2,n=1000|of=0.05|om=5.0|trial=2,outlier_grid,1000,585552674,64630539,1.208561744925839,7.712949719548932,1.0242874125532766,7.1854843195392,uniform,uniform_exact,uniform,0,0,0
exp_threshold_sweep,2.1578947368421053,0,n=1000|of=0.05|om=10.0|trial=0,outlier_grid,1000,1290600378,937692493,2.507398434602011,12.789785607408268,2.4720383448089818,13.241542303548554,uniform,is,is,1,1,0
exp_threshold_sweep,2.1578947368421053,1,n=1000|of=0.05|om=10.0|trial=1,outlier_grid,1000,1290600379,938692496,2.520669114923294,12.78671987327333,2.4988400286494916,11.18817493154864,uniform,is,is,1,1,0
exp_threshold_sweep,2.1578947368421053,2,n=1000|of=0.05|om=10.0|trial=2,outlier_grid,1000,1290600380,939692499,2.49068495781207,12.596211278828237,2.7492195582348544,14.277930226481711,uniform,is,is,1,1,0
exp_threshold_sweep,2.1578947368421053,0,n=1000|of=0.1|om=2.0|trial=0,outlier_grid,1000,171274668,476073879,0.6524098435515786,7.086241475883487,0.45793148637801123,2.257598309753965,uniform,uniform_exact,uniform,0,0,0
exp_threshold_sweep,2.1578947368421053,1,n=1000|of=0.1|om=2.0|trial=1,outlier_grid,1000,171274669,477073882,0.581167313005821,6.085439413528287,0.45063645493110627,2.2519228460002183,uniform,uniform_exact,uniform,0,0,0
exp_threshold_sweep,2.1578947368421053,2,n=1000|of=0.1|om=2.0|trial=2,outlier_grid,1000,171274670,478073885,0.6984683097008569,7.200833170425255,0.6024605216233382,3.6233862980226275,uniform,uniform_exact,uniform,0,0,0
exp_threshold_sweep,2.1578947368421053,0,n=1000|of=0.1|om=5.0|trial=0,outlier_grid,1000,1023800021,1001111055,1.3537758517722411,6.291632634044208,1.425757694738298,5.699270160938066,uniform,uniform_exact,uniform,0,0,0
exp_threshold_sweep,2.1578947368421053,1,n=1000|of=0.1|om=5.0|trial=1,outlier_grid,1000,1023800022,1002111058,1.367532997551312,6.235878482522877,1.3700052209152658,5.544258943610027,uniform,uniform_exact,uniform,0,0,0
exp_threshold_sweep,2.1578947368421053,2,n=1000|of=0.1|om=5.0|trial=2,outlier_grid,1000,1023800023,1003111061,1.3274574831627268,6.042607423381932,1.2278970236773337,5.093408843104852,uniform,uniform_exact,uniform,0,0,0
exp_threshold_sweep,2.1578947368421053,0,n=1000|of=0.1|om=10.0|trial=0,outlier_grid,1000,1728847727,1876173015,2.1745485439283283,8.206958182334139,2.111975311491101,6.8846286656339055,uniform,uniform_exact,uniform,0,0,0
exp_threshold_sweep,2.1578947368421053,1,n=1000|of=0.1|om=10.0|trial=1,outlier_grid,1000,1728847728,1877173018,2.2071501455785794,8.244504029581895,2.521298490241242,11.371943668543873,uniform,is,is,1,1,0
exp_threshold_sweep,2.1578947368421053,2,n=1000|of=0.1|om=10.0|trial=2,outlier_grid,1000,1728847729,1878173021,2.2131805137021714,8.13937339152958,2.2330752740468793,7.775814828921754,uniform,is,is,1,1,0
exp_threshold_sweep,2.1578947368421053,0,n=1000|of=0.2|om=2.0|trial=0,outlier_grid,1000,1047769366,205551276,0.596226390605092,7.59566327931635,0.4644789685522657,2.6526499461054205,uniform,uniform_exact,uniform,0,0,0
exp_threshold_sweep,2.1578947368421053,1,n=1000|of=0.2|om=2.0|trial=1,outlier_grid,1000,1047769367,206551279,0.5707637716995058,4.76013034379612,0.7090647614691221,4.616970899768809,uniform,uniform_exact,uniform,0,0,0
exp_threshold_sweep,2.1578947368421053,2,n=1000|of=0.2|om=2.0|trial=2,outlier_grid,1000,1047769368,207551282,0.6082008942884182,5.59710910895369,0.44961397495736605,2.428270472580003,uniform,uniform_exact,uniform,0,0,0
exp_threshold_sweep,2.1578947368421053,0,n=1000|of=0.2|om=5.0|trial=0,outlier_grid,1000,1900294719,730588452,1.2128763710131376,4.437108297044463,1.3704295394801185,4.610847702715478,uniform,uniform_exact,uniform,0,0,0
exp_threshold_sweep,2.1578947368421053,1,n=1000|of=0.2|om=5.0|trial=1,outlier_grid,1000,1900294720,731588455,1.222022170293529,4.453870144522961,1.1997100401534124,4.779371559551556,uniform,uniform_exact,uniform,0,0,0
exp_threshold_sweep,2.1578947368421053,2,n=1000|of=0.2|om=5.0|trial=2,outlier_grid,1000,1900294721,732588458,1.2283430251331136,4.34226493758284,1.1222893102607119,3.2382268910660996,uniform,uniform_exact,uniform,0,0,0
exp_threshold_sweep,2.1578947368421053,0,n=1000|of=0.2|om=10.0|trial=0,outlier_grid,1000,457858778,1605650412,1.6822322474532947,4.785774324099834,1.6171164334395405,4.182254271241394,uniform,uniform_exact,uniform,0,0,0
exp_threshold_sweep,2.1578947368421053,1,n=1000|of=0.2|om=10.0|trial=1,outlier_grid,1000,457858779,1606650415,1.6828609678688584,4.797205593998007,1.8805772070785014,5.463205022393017,uniform,uniform_exact,uniform,0,0,0
exp_threshold_sweep,2.1578947368421053,2,n=1000|of=0.2|om=10.0|trial=2,outlier_grid,1000,457858780,1607650418,1.6824444119691087,4.694431122747657,1.762513854026115,5.028503560586115,uniform,uniform_exact,uniform,0,0,0
exp_threshold_sweep,2.1578947368421053,0,n=2000|of=0.0|om=2.0|trial=0,outlier_grid,2000,884521234,1143168173,0.6437859806065077,7.26494190000632,0.5984896215790162,3.4582780830093647,uniform,uniform_exact,uniform,0,0,0
exp_threshold_sweep,2.1578947368421053,1,n=2000|of=0.0|om=2.0|trial=1,outlier_grid,2000,884521235,1144168176,0.6783226328241753,6.987718128416362,0.6589528028444125,3.8546987819913405,uniform,uniform_exact,uniform,0,0,0
exp_threshold_sweep,2.1578947368421053,2,n=2000|of=0.0|om=2.0|trial=2,outlier_grid,2000,884521236,1145168179,0.7008485258315146,10.87323753149392,0.7021176412631016,4.049373013298706,uniform,uniform_exact,uniform,0,0,0
exp_threshold_sweep,2.1578947368421053,0,n=2000|of=0.0|om=5.0|trial=0,outlier_grid,2000,1737046587,1668205349,0.6647636523552978,9.371015606248461,0.4869649449580891,2.1963938978158613,uniform,uniform_exact,uniform,0,0,0
exp_threshold_sweep,2.1578947368421053,1,n=2000|of=0.0|om=5.0|trial=1,outlier_grid,2000,1737046588,1669205352,0.6503303945228937,7.618833107152736,0.8058248666721809,5.2520066032809805,uniform,uniform_exact,uniform,0,0,0
exp_threshold_sweep,2.1578947368421053,2,n=2000|of=0.0|om=5.0|trial=2,outlier_grid,2000,1737046589,1670205355,0.7116392058914187,10.837519913683188,0.5495692249142122,3.689576145037634,uniform,uniform_exact,uniform,0,0,0
exp_threshold_sweep,2.1578947368421053,0,n=2000|of=0.0|om=10.0|trial=0,outlier_grid,2000,294610646,395783662,0.6984542271619008,9.191213698217632,0.5906633179668379,2.9601376498736314,uniform,uniform_exact,uniform,0,0,0
exp_threshold_sweep,2.1578947368421053,1,n=2000|of=0.0|om=10.0|trial=1,outlier_grid,2000,294610647,396783665,0.6531760108020092,9.05950966881119,0.5520952009605011,2.6836973085198252,uniform,uniform_exact,uniform,0,0,0
exp_threshold_sweep,2.1578947368421053,2,n=2000|of=0.0|om=10.0|trial=2,outlier_grid,2000,294610648,397783668,0.6722700999610615,5.917746054892996,0.7269990881870105,4.05014792290399,uniform,uniform_exact,uniform,0,0,0
exp_threshold_sweep,2.1578947368421053,0,n=2000|of=0.01|om=2.0|trial=0,outlier_grid,2000,113177245,901367548,0.7041455345419971,8.158001271669198,0.6319254051894243,3.799571464965174,uniform,uniform_exact,uniform,0,0,0
exp_threshold_sweep,2.1578947368421053,1,n=2000|of=0.01|om=2.0|trial=1,outlier_grid,2000,113177246,902367551,0.6776575995706522,7.229319530734069,0.5149196959196202,2.53618308100024,uniform,uniform_exact,uniform,0,0,0
exp_threshold_sweep,2.1578947368421053,2,n=2000|of=0.01|om=2.0|trial=2,outlier_grid,2000,113177247,903367554,0.6623640231431586,9.28680597708695,1.1899285611517738,8.256884486280626,uniform,uniform_exact,uniform,0,0,0
exp_threshold_sweep,2.1578947368421053,0,n=2000|of=0.01|om=5.0|trial=0,outlier_grid,2000,965702598,1426404724,0.9816612409123018,11.124163624423396,0.5547380654800552,3.1934638715068093,uniform,uniform_exact,uniform,0,0,0
exp_threshold_sweep,2.1578947368421053,1,n=2000|of=0.01|om=5.0|trial=1,outlier_grid,2000,965702599,1427404727,1.019893147231907,10.771710935140439,0.6901839592511587,3.29640955491597,uniform,uniform_exact,uniform,0,0,0
exp_threshold_sweep,2.1578947368421053,2,n=2000|of=0.01|om=5.0|trial=2,outlier_grid,2000,965702600,1428404730,1.0038984191058524,11.152323945467518,0.7306089985007684,4.145115395098725,uniform,uniform_exact,uniform,0,0,0
exp_threshold_sweep,2.1578947368421053,0,n=2000|of=0.01|om=10.0|trial=0,outlier_grid,2000,1670750304,153983037,2.485939595674491,27.10730987984548,0.5186877989924379,2.5385126267837457,uniform,uniform_exact,uniform,1,0,0
exp_threshold_sweep,2.1578947368421053,1,n=2000|of=0.01|om=10.0|trial=1,outlier_grid,2000,1670750305,154983040,2.4574092914423638,26.830979453268434,0.6212728536095949,3.4733640993872177,uniform,uniform_exact,uniform,1,0,0
exp_threshold_sweep,2.1578947368421053,2,n=2000|of=0.01|om=10.0|trial=2,outlier_grid,2000,1670750306,155983043,2.4875934157876274,27.001639859771334,0.6683051951867537,3.9433321875834246,uniform,uniform_exact,uniform,1,0,0
exp_threshold_sweep,2.1578947368421053,0,n=2000|of=0.02|om=2.0|trial=0,outlier_grid,2000,1489316903,659566923,0.6522247884106012,6.7974888408872705,0.7325507040747128,4.5901604478285964,uniform,uniform_exact,uniform,0,0,0
exp_threshold_sweep,2.1578947368421053,1,n=2000|of=0.02|om=2.0|trial=1,outlier_grid,2000,1489316904,660566926,0.708592555862065,7.3196862152942685,0.4607561132380732,1.8979420159438782,uniform,uniform_exact,uniform,0,0,0
exp_threshold_sweep,2.1578947368421053,2,n=2000|of=0.02|om=2.0|trial=2,outlier_grid,2000,1489316905,661566929,0.6266465193598646,6.766098028970186,0.46771832001980146,2.654461510182465,uniform,uniform_exact,uniform,0,0,0
exp_threshold_sweep,2.1578947368421053,0,n=2000|of=0.02|om=5.0|trial=0,outlier_grid,2000,194358609,1184604099,1.187664640127493,10.482197021947206,1.2871175851018295,8.514202889459499,uniform,uniform_exact,uniform,0,0,0
exp_threshold_sweep,2.1578947368421053,1,n=2000|of=0.02|om=5.0|trial=1,outlier_grid,2000,194358610,1185604102,1.169122399391696,10.541280528053289,1.249900106963537,9.146994425529849,uniform,uniform_exact,uniform,0,0,0
exp_threshold_sweep,2.1578947368421053,2,n=2000|of=0.02|om=5.0|trial=2,outlier_grid,2000,194358611,1186604105,1.2297958209577402,10.40504305776103,1.326655804070892,9.750025691158053,uniform,uniform_exact,uniform,0,0,0
exp_threshold_sweep,2.1578947368421053,0,n=2000|of=0.02|om=10.0|trial=0,outlier_grid,2000,899406315,2059666059,2.869439534666998,22.1660269939405,2.768411906512772,14.662154091626496,uniform,is,is,1,1,0
exp_threshold_sweep,2.1578947368421053,1,n=2000|of=0.02|om=10.0|trial=1,outlier_grid,2000,899406316,2060666062,2.804968516663726,22.06499967036417,0.4050599639990131,2.107943728839039,uniform,uniform,uniform,1,0,0
exp_threshold_sweep,2.1578947368421053,2,n=2000|of=0.02|om=10.0|trial=2,outlier_grid,2000,899406317,2061666065,2.735942484849644,21.257719756855096,0.676356880540233,4.061478801415559,uniform,uniform_exact,uniform,1,0,0
exp_threshold_sweep,2.1578947368421053,0,n=2000|of=0.05|om=2.0|trial=0,outlier_grid,2000,1322768583,2081648695,0.65141260441657,7.2644391200920655,0.4497325877155641,2.1942543922353215,uniform,uniform_exact,uniform,0,0,0
exp_threshold_sweep,2.1578947368421053,1,n=2000|of=0.05|om=2.0|trial=1,outlier_grid,2000,1322768584,2082648698,0.6410291195607866,6.374989174742897,0.5764088265094913,3.7734287094903785,uniform,uniform_exact,uniform,0,0,0
exp_threshold_sweep,2.1578947368421053,2,n=2000|of=0.05|om=2.0|trial=2,outlier_grid,2000,1322768585,2083648701,0.6227487686611384,6.430958934057433,0.5962985423883972,3.6701417556356613,uniform,uniform_exact,uniform,0,0,0
exp_threshold_sweep,2.1578947368421053,0,n=2000|of=0.05|om=5.0|trial=0,outlier_grid,2000,27810289,459202224,1.358269331673104,8.966713358539577,1.542198321054144,6.867577694753405,uniform,uniform_exact,uniform,0,0,0
exp_threshold_sweep,2.1578947368421053,1,n=2000|of=0.05|om=5.0|trial=1,outlier_grid,2000,27810290,460202227,1.3763076923974027,8.285852764690443,1.1140728643776965,8.06311687105541,uniform,uniform_exact,uniform,0,0,0
exp_threshold_sweep,2.1578947368421053,2,n=2000|of=0.05|om=5.0|trial=2,outlier_grid,2000,27810291,461202230,1.4611702597146317,9.106720084066147,0.8386109003691904,5.8440470296747415,uniform,uniform_exact,uniform,0,0,0
exp_threshold_sweep,2.1578947368421053,0,n=2000|of=0.05|om=10.0|trial=0,outlier_grid,2000,732857995,1334264184,2.7142794007709448,13.745211635687745,2.8097039281330094,14.67246740744481,uniform,is,is,1,1,0
exp_threshold_sweep,2.1578947368421053,1,n=2000|of=0.05|om=10.0|trial=1,outlier_grid,2000,732857996,1335264187,2.726308523162901,13.889554001701725,2.8814637849659754,20.858445874071116,uniform,is,is,1,1,0
exp_threshold_sweep,2.1578947368421053,2,n=2000|of=0.05|om=10.0|trial=2,outlier_grid,2000,732857997,1336264190,2.7326270401993864,13.72668609604081,2.4897765089131827,9.719376541962788,uniform,is,is,1,1,0
exp_threshold_sweep,2.1578947368421053,0,n=2000|of=0.1|om=2.0|trial=0,outlier_grid,2000,1761015932,872645570,0.5866904178552818,6.882127609815075,0.5663302518196303,2.708762110536789,uniform,uniform_exact,uniform,0,0,0
exp_threshold_sweep,2.1578947368421053,1,n=2000|of=0.1|om=2.0|trial=1,outlier_grid,2000,1761015933,873645573,0.6805166058317258,7.844182030189697,0.8544630766360575,4.4098329828597524,uniform,uniform_exact,uniform,0,0,0
exp_threshold_sweep,2.1578947368421053,2,n=2000|of=0.1|om=2.0|trial=2,outlier_grid,2000,1761015934,874645576,0.6075248895724128,8.488601778181627,0.8810895667698535,5.743853550258269,uniform,uniform_exact,uniform,0,0,0
exp_threshold_sweep,2.1578947368421053,0,n=2000|of=0.1|om=5.0|trial=0,outlier_grid,2000,466057638,1397682746,1.4612428196080953,6.753627793666996,1.495557246012422,6.483238901717154,uniform,uniform_exact,uniform,0,0,0
exp_threshold_sweep,2.1578947368421053,1,n=2000|of=0.1|om=5.0|trial=1,outlier_grid,2000,466057639,1398682749,1.4764441467779024,6.956174126191189,1.4467964898285837,6.407479794656082,uniform,uniform_exact,uniform,0,0,0
exp_threshold_sweep,2.1578947368421053,2,n=2000|of=0.1|om=5.0|trial=2,outlier_grid,2000,466057640,1399682752,1.4190922443740461,6.741387981806074,1.3622260844522374,5.553515967609343,uniform,uniform_exact,uniform,0,0,0
exp_threshold_sweep,2.1578947368421053,0,n=2000|of=0.1|om=10.0|trial=0,outlier_grid,2000,1171105344,125261059,2.301445779003562,8.777361115865295,2.204860998951982,7.273958406249124,uniform,is,is,0,1,0
exp_threshold_sweep,2.1578947368421053,1,n=2000|of=0.1|om=10.0|trial=1,outlier_grid,2000,1171105345,126261062,2.3152827988189686,8.658788130102245,2.344236697798075,8.115179442892337,uniform,is,is,1,1,0
exp_threshold_sweep,2.1578947368421053,2,n=2000|of=0.1|om=10.0|trial=2,outlier_grid,2000,1171105346,127261065,2.30933321640677,8.687845653682372,2.5655948681979206,10.257270334456328,uniform,is,is,1,1,0
exp_threshold_sweep,2.1578947368421053,0,n=2000|of=0.2|om=2.0|trial=0,outlier_grid,2000,490026983,602122967,0.5915941849529013,6.747218403782818,0.47594619353840245,2.965088621668461,uniform,uniform_exact,uniform,0,0,0
exp_threshold_sweep,2.1578947368421053,1,n=2000|of=0.2|om=2.0|trial=1,outlier_grid,2000,490026984,603122970,0.5845956482433441,7.133862103294786,0.4970630153352572,3.0219488973115927,uniform,uniform_exact,uniform,0,0,0
exp_threshold_sweep,2.1578947368421053,2,n=2000|of=0.2|om=2.0|trial=2,outlier_grid,2000,490026985,604122973,0.6364016724628121,6.162099158324124,0.8302285263770346,5.054763129339202,uniform,uniform_exact,uniform,0,0,0
exp_threshold_sweep,2.1578947368421053,0,n=2000|of=0.2|om=5.0|trial=0,outlier_grid,2000,1342552336,1127160143,1.2983740571519216,4.789065542177101,1.2319935294764282,4.160823037809255,uniform,uniform_exact,uniform,0,0,0
exp_threshold_sweep,2.1578947368421053,1,n=2000|of=0.2|om=5.0|trial=1,outlier_grid,2000,1342552337,1128160146,1.3147579288921611,4.448881049791875,1.2835936366010672,4.1969673398993175,uniform,uniform_exact,uniform,0,0,0
exp_threshold_sweep,2.1578947368421053,2,n=2000|of=0.2|om=5.0|trial=2,outlier_grid,2000,1342552338,1129160149,1.3083480127020897,4.637299734571176,1.3776679425117102,4.950556360729774,uniform,uniform_exact,uniform,0,0,0
exp_threshold_sweep,2.1578947368421053,0,n=2000|of=0.2|om=10.0|trial=0,outlier_grid,2000,2047600042,2002222103,1.7372109637686688,4.909762302581473,1.6713772294188025,4.3638806782450335,uniform,uniform_exact,uniform,0,0,0
exp_threshold_sweep,2.1578947368421053,1,n=2000|of=0.2|om=10.0|trial=1,outlier_grid,2000,2047600043,2003222106,1.7421178180833923,4.869082529210165,1.8387824990759474,5.137199731658644,uniform,uniform_exact,uniform,0,0,0
exp_threshold_sweep,2.1578947368421053,2,n=2000|of=0.2|om=10.0|trial=2,outlier_grid,2000,2047600044,2004222109,1.7399890427199698,4.970317505328127,1.4106520477735969,3.410947258914521,uniform,uniform_exact,uniform,0,0,0
exp_threshold_sweep,2.1578947368421053,0,n=5000|of=0.0|om=2.0|trial=0,outlier_grid,5000,1358777732,185399599,0.7224807944290408,9.893139619301449,0.6072992434677841,3.8001857630213367,uniform,uniform,uniform,0,0,0
exp_threshold_sweep,2.1578947368421053,1,n=5000|of=0.0|om=2.0|trial=1,outlier_grid,5000,1358777733,186399602,0.6783674416504732,9.248645932905605,1.1580291335576627,7.2696551890297645,uniform,uniform_exact,uniform,0,0,0
exp_threshold_sweep,2.1578947368421053,2,n=5000|of=0.0|om=2.0|trial=2,outlier_grid,5000,1358777734,187399605,0.6974014263102107,8.500077009248255,0.8485468412131031,4.330969350633282,uniform,uniform_exact,uniform,0,0,0
exp_threshold_sweep,2.1578947368421053,0,n=5000|of=0.0|om=5.0|trial=0,outlier_grid,5000,63819438,710436775,0.6966704990056833,11.78855723114979,0.7466424179772786,5.054965999842761,uniform,uniform_exact,uniform,0,0,0
exp_threshold_sweep,2.1578947368421053,1,n=5000|of=0.0|om=5.0|trial=1,outlier_grid,5000,63819439,711436778,0.7020645774986704,10.493395057863204,0.7873545119433879,4.597297176664881,uniform,uniform_exact,uniform,0,0,0
exp_threshold_sweep,2.1578947368421053,2,n=5000|of=0.0|om=5.0|trial=2,outlier_grid,5000,63819440,712436781,0.6964872202949357,12.14043386833435,0.5160918101282679,2.68212295269849,uniform,uniform,uniform,0,0,0
exp_threshold_sweep,2.1578947368421053,0,n=5000|of=0.0|om=10.0|trial=0,outlier_grid,5000,768867144,1585498735,0.6923142098960464,10.791047985600459,0.7277746863085656,4.034726146382538,uniform,uniform_exact,uniform,0,0,0
exp_threshold_sweep,2.1578947368421053,1,n=5000|of=0.0|om=10.0|trial=1,outlier_grid,5000,768867145,1586498738,0.6749404683005831,10.377327086148796,0.6094986329162746,3.4103149528580907,uniform,uniform,uniform,0,0,0
exp_threshold_sweep,2.1578947368421053,2,n=5000|of=0.0|om=10.0|trial=2,outlier_grid,5000,768867146,1587498741,0.7043250568842707,9.485986571983513,0.5833097665083372,2.4818032328262394,uniform,uniform,uniform,0,0,0
exp_threshold_sweep,2.1578947368421053,0,n=5000|of=0.01|om=2.0|trial=0,outlier_grid,5000,587433743,2091082621,0.7278048746693839,12.570758348270179,0.5876014426889516,3.2467067330447077,uniform,uniform,uniform,0,0,0
exp_threshold_sweep,2.1578947368421053,1,n=5000|of=0.01|om=2.0|trial=1,outlier_grid,5000,587433744,2092082624,0.6959390046794844,8.19052749199074,1.0506295952210665,6.080496012069204,uniform,uniform_exact,uniform,0,0,0
exp_threshold_sweep,2.1578947368421053,2,n=5000|of=0.01|om=2.0|trial=2,outlier_grid,5000,587433745,2093082627,0.7275752487361427,11.991683623295147,0.5285801749561378,2.8715637310252418,uniform,uniform,uniform,0,0,0
exp_threshold_sweep,2.1578947368421053,0,n=5000|of=0.01|om=5.0|trial=0,outlier_grid,5000,1439959096,468636150,1.1514945012448503,13.921170970329356,0.7602504907362819,4.858772621837688,uniform,uniform_exact,uniform,0,0,0
exp_threshold_sweep,2.1578947368421053,1,n=5000|of=0.01|om=5.0|trial=1,outlier_grid,5000,1439959097,469636153,1.1000620070210954,13.282787825099584,0.5023791609446682,2.464431577159183,uniform,uniform,uniform,0,0,0
exp_threshold_sweep,2.1578947368421053,2,n=5000|of=0.01|om=5.0|trial=2,outlier_grid,5000,1439959098,470636156,1.169644960173019,14.047324928197764,1.3794811206860071,8.560126491012621,uniform,uniform_exact,uniform,0,0,0
exp_threshold_sweep,2.1578947368421053,0,n=5000|of=0.01|om=10.0|trial=0,outlier_grid,5000,2145006802,1343698110,3.012040993380712,33.184170841399485,3.1196872347621265,22.43678643897209,is,is,is,1,0,0
exp_threshold_sweep,2.1578947368421053,1,n=5000|of=0.01|om=10.0|trial=1,outlier_grid,5000,2145006803,1344698113,3.05512119238724,33.62125804296652,0.6600042181881648,3.259089191415359,is,uniform,uniform,1,0,1
exp_threshold_sweep,2.1578947368421053,2,n=5000|of=0.01|om=10.0|trial=2,outlier_grid,5000,2145006804,1345698116,3.0106207049135034,32.90968384374054,0.8820157452437599,6.264550059360393,is,uniform_exact,uniform,1,0,1
exp_threshold_sweep,2.1578947368421053,0,n=5000|of=0.02|om=2.0|trial=0,outlier_grid,5000,1963573401,1849281996,0.6966747062003946,7.519776239119451,0.8586778407977697,5.973331480082177,uniform,uniform_exact,uniform,0,0,0
exp_threshold_sweep,2.1578947368421053,1,n=5000|of=0.02|om=2.0|trial=1,outlier_grid,5000,1963573402,1850281999,0.7118330565326979,11.001515450812754,0.7585018121521162,3.9894743588775747,uniform,uniform_exact,uniform,0,0,0
exp_threshold_sweep,2.1578947368421053,2,n=5000|of=0.02|om=2.0|trial=2,outlier_grid,5000,1963573403,1851282002,0.65806351816426,9.25657713996702,0.6132840679255863,3.0042695890506286,uniform,uniform,uniform,0,0,0
exp_threshold_sweep,2.1578947368421053,0,n=5000|of=0.02|om=5.0|trial=0,outlier_grid,5000,668615107,226835525,1.324498034040619,12.321985384365552,1.4519267931314217,7.817765352877712,uniform,uniform_exact,uniform,0,0,0
exp_threshold_sweep,2.1578947368421053,1,n=5000|of=0.02|om=5.0|trial=1,outlier_grid,5000,668615108,227835528,1.3258723349377788,12.187571001132723,1.4986243854106844,8.376100137306663,uniform,uniform_exact,uniform,0,0,0
exp_threshold_sweep,2.1578947368421053,2,n=5000|of=0.02|om=5.0|trial=2,outlier_grid,5000,668615109,228835531,1.3582145587406718,12.411829353085658,1.5485540352348572,8.075053174227225,uniform,uniform_exact,uniform,0,0,0
exp_threshold_sweep,2.1578947368421053,0,n=5000|of=0.02|om=10.0|trial=0,outlier_grid,5000,1373662813,1101897485,3.273305510801266,25.581420388004364,3.330044910769324,24.020807747000088,is,is,is,1,0,0
exp_threshold_sweep,2.1578947368421053,1,n=5000|of=0.02|om=10.0|trial=1,outlier_grid,5000,1373662814,1102897488,3.270192893939796,25.42383972037984,3.204893726590633,16.85229375347691,is,is,is,1,0,0
exp_threshold_sweep,2.1578947368421053,2,n=5000|of=0.02|om=10.0|trial=2,outlier_grid,5000,1373662815,1103897491,3.2584141459449203,25.386482551776233,0.5224808828922582,2.71273659969525,is,uniform,uniform,1,0,1
exp_threshold_sweep,2.1578947368421053,0,n=5000|of=0.05|om=2.0|trial=0,outlier_grid,5000,1797025081,1123880121,0.6808824421638225,9.063293680601529,0.9184428356859006,4.476948797192629,uniform,uniform_exact,uniform,0,0,0
exp_threshold_sweep,2.1578947368421053,1,n=5000|of=0.05|om=2.0|trial=1,outlier_grid,5000,1797025082,1124880124,0.6814735797847691,8.168079323694936,0.7537390565460946,4.3010420552349995,uniform,uniform_exact,uniform,0,0,0
exp_threshold_sweep,2.1578947368421053,2,n=5000|of=0.05|om=2.0|trial=2,outlier_grid,5000,1797025083,1125880127,0.6730762768779296,7.51328610662532,0.5967370932298731,3.20736426930238,uniform,uniform,uniform,0,0,0
exp_threshold_sweep,2.1578947368421053,0,n=5000|of=0.05|om=5.0|trial=0,outlier_grid,5000,502066787,1648917297,1.5610511723927194,9.482297366454727,0.9867189572042755,6.510528900741194,uniform,uniform_exact,uniform,0,0,0
exp_threshold_sweep,2.1578947368421053,1,n=5000|of=0.05|om=5.0|trial=1,outlier_grid,5000,502066788,1649917300,1.5983515327881193,10.05179141412876,1.724376547488782,7.563839431516794,uniform,uniform_exact,uniform,0,0,0
exp_threshold_sweep,2.1578947368421053,2,n=5000|of=0.05|om=5.0|trial=2,outlier_grid,5000,502066789,1650917303,1.564054233622819,9.903368559014538,1.4130278595661658,8.327190912090936,uniform,uniform_exact,uniform,0,0,0
exp_threshold_sweep,2.1578947368421053,0,n=5000|of=0.05|om=10.0|trial=0,outlier_grid,5000,1207114493,376495610,3.0064614329892705,15.45576789854595,3.5358837142722708,25.436091644951716,is,is,is,1,0,0
exp_threshold_sweep,2.1578947368421053,1,n=5000|of=0.05|om=10.0|trial=1,outlier_grid,5000,1207114494,377495613,2.975958669383625,15.516826552718598,3.091040212182151,16.49252806456356,is,is,is,1,0,0
exp_threshold_sweep,2.1578947368421053,2,n=5000|of=0.05|om=10.0|trial=2,outlier_grid,5000,1207114495,378495616,2.994754765488841,15.286751648815459,3.407338444689353,18.039608763302503,is,is,is,1,0,0
exp_threshold_sweep,2.1578947368421053,0,n=5000|of=0.1|om=2.0|trial=0,outlier_grid,5000,87788783,2062360643,0.6452892873409604,7.975916618900835,0.9573939777515983,6.813678473780269,uniform,uniform_exact,uniform,0,0,0
exp_threshold_sweep,2.1578947368421053,1,n=5000|of=0.1|om=2.0|trial=1,outlier_grid,5000,87788784,2063360646,0.6342794906340355,7.439749972949388,0.5853041866065677,3.3274036540280196,uniform,uniform,uniform,0,0,0
exp_threshold_sweep,2.1578947368421053,2,n=5000|of=0.1|om=2.0|trial=2,outlier_grid,5000,87788785,2064360649,0.6753511690743486,10.273263459798766,0.80845245038044,5.3764774936051625,uniform,uniform_exact,uniform,0,0,0
exp_threshold_sweep,2.1578947368421053,0,n=5000|of=0.1|om=5.0|trial=0,outlier_grid,5000,940314136,439914172,1.5642034237759075,7.461215325213151,1.4499295926162072,5.125801514864707,uniform,uniform_exact,uniform,0,0,0
exp_threshold_sweep,2.1578947368421053,1,n=5000|of=0.1|om=5.0|trial=1,outlier_grid,5000,940314137,440914175,1.6069129255861263,7.627573339463385,1.4849468853247956,7.70752678824148,uniform,uniform_exact,uniform,0,0,0
exp_threshold_sweep,2.1578947368421053,2,n=5000|of=0.1|om=5.0|trial=2,outlier_grid,5000,940314138,441914178,1.5835535573326203,7.463665704236842,1.4686004977890759,5.600005165924046,uniform,uniform_exact,uniform,0,0,0
exp_threshold_sweep,2.1578947368421053,0,n=5000|of=0.1|om=10.0|trial=0,outlier_grid,5000,1645361842,1314976132,2.4387528204411435,9.085143647908605,2.388008805987667,8.57801596308769,is,is,is,0,0,0
exp_threshold_sweep,2.1578947368421053,1,n=5000|of=0.1|om=10.0|trial=1,outlier_grid,5000,1645361843,1315976135,2.44827057345472,9.074192457210252,2.6903587384729244,10.304112500128324,is,is,is,1,0,0
exp_threshold_sweep,2.1578947368421053,2,n=5000|of=0.1|om=10.0|trial=2,outlier_grid,5000,1645361844,1316976138,2.4335609917695766,9.037567396165114,2.601091467906219,10.294611573255118,is,is,is,0,0,0
exp_threshold_sweep,2.1578947368421053,0,n=5000|of=0.2|om=2.0|trial=0,outlier_grid,5000,964283481,1791838040,0.6519470284472162,8.754530513444111,1.0440131116049234,7.692159937895773,uniform,uniform_exact,uniform,0,0,0
exp_threshold_sweep,2.1578947368421053,1,n=5000|of=0.2|om=2.0|trial=1,outlier_grid,5000,964283482,1792838043,0.6299048125270215,10.880578863376364,0.5816353633924667,2.820898864774675,uniform,uniform,uniform,0,0,0
exp_threshold_sweep,2.1578947368421053,2,n=5000|of=0.2|om=2.0|trial=2,outlier_grid,5000,964283483,1793838046,0.6870579308218044,13.544762416249597,0.7341639396093339,3.864190834053022,uniform,uniform_exact,uniform,0,0,0
exp_threshold_sweep,2.1578947368421053,0,n=5000|of=0.2|om=5.0|trial=0,outlier_grid,5000,1816808834,169391569,1.3838458656873216,5.062593836717688,1.4528253906916704,4.450864652773875,uniform,uniform_exact,uniform,0,0,0
exp_threshold_sweep,2.1578947368421053,1,n=5000|of=0.2|om=5.0|trial=1,outlier_grid,5000,1816808835,170391572,1.398083832516939,5.098880683600188,1.5041370664007736,5.280918067144973,uniform,uniform_exact,uniform,0,0,0
exp_threshold_sweep,2.1578947368421053,2,n=5000|of=0.2|om=5.0|trial=2,outlier_grid,5000,1816808836,171391575,1.3909424378180453,5.143704401559593,1.412425169784997,4.492113157870187,uniform,uniform_exact,uniform,0,0,0
exp_threshold_sweep,2.1578947368421053,0,n=5000|of=0.2|om=10.0|trial=0,outlier_grid,5000,374372893,1044453529,1.7911999033758386,5.04722867967325,2.2379288239109223,7.5682539365564505,is,is,is,0,0,0
exp_threshold_sweep,2.1578947368421053,1,n=5000|of=0.2|om=10.0|trial=1,outlier_grid,5000,374372894,1045453532,1.7925498435757545,5.031734118828527,2.193710782722834,7.109389614162311,is,is,is,0,0,0
exp_threshold_sweep,2.1578947368421053,2,n=5000|of=0.2|om=10.0|trial=2,outlier_grid,5000,374372895,1046453535,1.799646793110485,5.033057676968276,1.90347518734778,5.481008729947458,is,uniform_exact,uniform,0,0,1
exp_threshold_sweep,2.394736842105263,0,n=1000|of=0.0|om=2.0|trial=0,outlier_grid,1000,1442263617,746596483,0.617599978331471,6.544485015745742,0.8656626036464864,5.84599061758758,uniform,uniform_exact,uniform,0,0,0
exp_threshold_sweep,2.394736842105263,1,n=1000|of=0.0|om=2.0|trial=1,outlier_grid,1000,1442263618,747596486,0.7016203194983847,6.4257658382788225,0.8408195290599584,5.020368944731252,uniform,uniform_exact,uniform,0,0,0
exp_threshold_sweep,2.394736842105263,2,n=1000|of=0.0|om=2.0|trial=2,outlier_grid,1000,1442263619,748596489,0.633503586176026,5.578210996800821,0.638243421403503,2.756289719626985,uniform,uniform_exact,uniform,0,0,0
exp_threshold_sweep,2.394736842105263,0,n=1000|of=0.0|om=5.0|trial=0,outlier_grid,1000,147305323,1271633659,0.6607087487078306,6.077985671873188,0.619857705832251,3.033013993201585,uniform,uniform_exact,uniform,0,0,0
exp_threshold_sweep,2.394736842105263,1,n=1000|of=0.0|om=5.0|trial=1,outlier_grid,1000,147305324,1272633662,0.6504739835154975,5.5695015501111715,0.8267139604010851,4.344527575586406,uniform,uniform_exact,uniform,0,0,0
exp_threshold_sweep,2.394736842105263,2,n=1000|of=0.0|om=5.0|trial=2,outlier_grid,1000,147305325,1273633665,0.6694892343956219,5.3838442549691585,0.4917315173109306,2.278415583465528,uniform,uniform_exact,uniform,0,0,0
exp_threshold_sweep,2.394736842105263,0,n=1000|of=0.0|om=10.0|trial=0,outlier_grid,1000,852353029,2146695619,0.6398166324088268,6.140337691272391,0.6940743999879392,3.7519511177220504,uniform,uniform_exact,uniform,0,0,0
exp_threshold_sweep,2.394736842105263,1,n=1000|of=0.0|om=10.0|trial=1,outlier_grid,1000,852353030,211975,0.6645481406412764,5.726033896808133,0.444434228469449,1.9703073345376676,uniform,uniform_exact,uniform,0,0,0
exp_threshold_sweep,2.394736842105263,2,n=1000|of=0.0|om=10.0|trial=2,outlier_grid,1000,852353031,1211978,0.6625855174916219,6.889022080403152,0.5602646339694777,3.151543593711249,uniform,uniform_exact,uniform,0,0,0
exp_threshold_sweep,2.394736842105263,0,n=1000|of=0.01|om=2.0|trial=0,outlier_grid,1000,670919628,504795858,0.6194948810036581,4.431036671722072,0.7132915198852308,4.5772031194250635,uniform,uniform_exact,uniform,0,0,0
exp_threshold_sweep,2.394736842105263,1,n=1000|of=0.01|om=2.0|trial=1,outlier_grid,1000,670919629,505795861,0.6419604984348997,5.780451621515172,0.7971508680544437,5.206855834333148,uniform,uniform_exact,uniform,0,0,0
exp_threshold_sweep,2.394736842105263,2,n=1000|of=0.01|om=2.0|trial=2,outlier_grid,1000,670919630,506795864,0.6478534945181104,7.295799872829969,0.5811138707378225,3.1617133940574846,uniform,uniform_exact,uniform,0,0,0
exp_threshold_sweep,2.394736842105263,0,n=1000|of=0.01|om=5.0|trial=0,outlier_grid,1000,1523444981,1029833034,0.9275708025452007,9.067911114745035,0.5580891526091428,2.756299073589711,uniform,uniform_exact,uniform,0,0,0
exp_threshold_sweep,2.394736842105263,1,n=1000|of=0.01|om=5.0|trial=1,outlier_grid,1000,1523444982,1030833037,0.8826442516694574,9.20078801072338,0.5705569868802394,2.88291704530593,uniform,uniform_exact,uniform,0,0,0
exp_threshold_sweep,2.394736842105263,2,n=1000|of=0.01|om=5.0|trial=2,outlier_grid,1000,1523444983,1031833040,0.8944373892679047,9.492564196854993,0.4987514821113007,2.496941461218261,uniform,uniform_exact,uniform,0,0,0
exp_threshold_sweep,2.394736842105263,0,n=1000|of=0.01|om=10.0|trial=0,outlier_grid,1000,81009040,1904894994,2.1600848596659037,23.591190740265375,2.3163605359408437,16.814209150746606,uniform,uniform_exact,uniform,0,0,0
exp_threshold_sweep,2.394736842105263,1,n=1000|of=0.01|om=10.0|trial=1,outlier_grid,1000,81009041,1905894997,2.186629044024305,23.67565527185168,2.6680416104034306,15.347791450612313,uniform,is,is,0,1,0
exp_threshold_sweep,2.394736842105263,2,n=1000|of=0.01|om=10.0|trial=2,outlier_grid,1000,81009042,1906895000,2.202788337834508,23.474969597415352,0.6597937676009478,3.0476330719491296,uniform,uniform_exact,uniform,1,0,0
exp_threshold_sweep,2.394736842105263,0,n=1000|of=0.02|om=2.0|trial=0,outlier_grid,1000,2047059286,262995233,0.668926440883736,6.047119721303887,0.43900630130517576,2.286836847851024,uniform,uniform_exact,uniform,0,0,0
exp_threshold_sweep,2.394736842105263,1,n=1000|of=0.02|om=2.0|trial=1,outlier_grid,1000,2047059287,263995236,0.6096939094021688,4.754850690421404,0.514677863199452,2.4923243642777533,uniform,uniform_exact,uniform,0,0,0
exp_threshold_sweep,2.394736842105263,2,n=1000|of=0.02|om=2.0|trial=2,outlier_grid,1000,2047059288,264995239,0.619980694353103,5.711189635441723,0.5146347823041552,2.2699744564833626,uniform,uniform_exact,uniform,0,0,0
exp_threshold_sweep,2.394736842105263,0,n=1000|of=0.02|om=5.0|trial=0,outlier_grid,1000,752100992,788032409,1.0363964890753734,8.83629684462703,0.8353373022320935,3.776437674663488,uniform,uniform_exact,uniform,0,0,0
exp_threshold_sweep,2.394736842105263,1,n=1000|of=0.02|om=5.0|trial=1,outlier_grid,1000,752100993,789032412,1.0808453099122093,9.327938871539764,1.0630241733315502,7.1556444902124055,uniform,uniform_exact,uniform,0,0,0
exp_threshold_sweep,2.394736842105263,2,n=1000|of=0.02|om=5.0|trial=2,outlier_grid,1000,752100994,790032415,1.0555990939448983,9.079803243418585,0.47802010026103225,2.87587457285688,uniform,uniform_exact,uniform,0,0,0
exp_threshold_sweep,2.394736842105263,0,n=1000|of=0.02|om=10.0|trial=0,outlier_grid,1000,1457148698,1663094369,2.4223349633420703,19.324723385669508,2.4446299480713365,14.188890308092772,uniform,is,is,1,1,0
exp_threshold_sweep,2.394736842105263,1,n=1000|of=0.02|om=10.0|trial=1,outlier_grid,1000,1457148699,1664094372,2.4594205603819232,19.349043540692758,2.5747534868810917,18.61313604253846,uniform,is,is,1,1,0
exp_threshold_sweep,2.394736842105263,2,n=1000|of=0.02|om=10.0|trial=2,outlier_grid,1000,1457148700,1665094375,2.441556227376376,19.145175988469532,0.7336706165061422,4.777333762318708,uniform,uniform_exact,uniform,1,0,0
exp_threshold_sweep,2.394736842105263,0,n=1000|of=0.05|om=2.0|trial=0,outlier_grid,1000,1880510966,1685077005,0.6787566315775071,6.9795351614658365,0.6438717375471354,3.739882534864106,uniform,uniform_exact,uniform,0,0,0
exp_threshold_sweep,2.394736842105263,1,n=1000|of=0.05|om=2.0|trial=1,outlier_grid,1000,1880510967,1686077008,0.6273247767797993,5.416408240314115,0.6997459108128332,3.736688329619679,uniform,uniform_exact,uniform,0,0,0
exp_threshold_sweep,2.394736842105263,2,n=1000|of=0.05|om=2.0|trial=2,outlier_grid,1000,1880510968,1687077011,0.6436184853347732,6.685255422490038,0.7086712290685857,4.470265426929657,uniform,uniform_exact,uniform,0,0,0
exp_threshold_sweep,2.394736842105263,0,n=1000|of=0.05|om=5.0|trial=0,outlier_grid,1000,585552672,62630534,1.322654341020879,7.809373922547658,1.3982502927455094,6.893474011627426,uniform,uniform_exact,uniform,0,0,0
exp_threshold_sweep,2.394736842105263,1,n=1000|of=0.05|om=5.0|trial=1,outlier_grid,1000,585552673,63630537,1.2985808873964355,8.313744404611858,1.131228879451531,6.1878384078145405,uniform,uniform_exact,uniform,0,0,0
exp_threshold_sweep,2.394736842105263,2,n=1000|of=0.05|om=5.0|trial=2,outlier_grid,1000,585552674,64630540,1.208561744925839,7.712949719548932,1.245014815822552,8.874191959121415,uniform,uniform_exact,uniform,0,0,0
exp_threshold_sweep,2.394736842105263,0,n=1000|of=0.05|om=10.0|trial=0,outlier_grid,1000,1290600378,937692494,2.507398434602011,12.789785607408268,2.3969920056812684,9.165124987315608,uniform,is,is,1,1,0
exp_threshold_sweep,2.394736842105263,1,n=1000|of=0.05|om=10.0|trial=1,outlier_grid,1000,1290600379,938692497,2.520669114923294,12.78671987327333,2.3266185356679685,10.65288230224528,uniform,uniform_exact,uniform,1,0,0
exp_threshold_sweep,2.394736842105263,2,n=1000|of=0.05|om=10.0|trial=2,outlier_grid,1000,1290600380,939692500,2.49068495781207,12.596211278828237,2.498533512372696,13.038419976201737,uniform,is,is,1,1,0
exp_threshold_sweep,2.394736842105263,0,n=1000|of=0.1|om=2.0|trial=0,outlier_grid,1000,171274668,476073880,0.6524098435515786,7.086241475883487,0.7198887735854446,3.979361846132591,uniform,uniform_exact,uniform,0,0,0
exp_threshold_sweep,2.394736842105263,1,n=1000|of=0.1|om=2.0|trial=1,outlier_grid,1000,171274669,477073883,0.581167313005821,6.085439413528287,0.41030680352801685,1.9961794794788437,uniform,uniform_exact,uniform,0,0,0
exp_threshold_sweep,2.394736842105263,2,n=1000|of=0.1|om=2.0|trial=2,outlier_grid,1000,171274670,478073886,0.6984683097008569,7.200833170425255,0.566771216779501,3.044942668153029,uniform,uniform_exact,uniform,0,0,0
exp_threshold_sweep,2.394736842105263,0,n=1000|of=0.1|om=5.0|trial=0,outlier_grid,1000,1023800021,1001111056,1.3537758517722411,6.291632634044208,1.241423919566215,5.757087047474628,uniform,uniform_exact,uniform,0,0,0
exp_threshold_sweep,2.394736842105263,1,n=1000|of=0.1|om=5.0|trial=1,outlier_grid,1000,1023800022,1002111059,1.367532997551312,6.235878482522877,1.4200665030674973,5.507539294690077,uniform,uniform_exact,uniform,0,0,0
exp_threshold_sweep,2.394736842105263,2,n=1000|of=0.1|om=5.0|trial=2,outlier_grid,1000,1023800023,1003111062,1.3274574831627268,6.042607423381932,1.1410856025825817,4.347678897934105,uniform,uniform_exact,uniform,0,0,0
exp_threshold_sweep,2.394736842105263,0,n=1000|of=0.1|om=10.0|trial=0,outlier_grid,1000,1728847727,1876173016,2.1745485439283283,8.206958182334139,2.4074543775091035,9.284653264506936,uniform,is,is,0,1,0
exp_threshold_sweep,2.394736842105263,1,n=1000|of=0.1|om=10.0|trial=1,outlier_grid,1000,1728847728,1877173019,2.2071501455785794,8.244504029581895,2.227897105587904,8.06372441462812,uniform,uniform_exact,uniform,1,0,0
exp_threshold_sweep,2.394736842105263,2,n=1000|of=0.1|om=10.0|trial=2,outlier_grid,1000,1728847729,1878173022,2.2131805137021714,8.13937339152958,1.9500922629019597,5.911293757150282,uniform,uniform_exact,uniform,1,0,0
exp_threshold_sweep,2.394736842105263,0,n=1000|of=0.2|om=2.0|trial=0,outlier_grid,1000,1047769366,205551277,0.596226390605092,7.59566327931635,0.49073160796009113,2.6167736629431086,uniform,uniform_exact,uniform,0,0,0
exp_threshold_sweep,2.394736842105263,1,n=1000|of=0.2|om=2.0|trial=1,outlier_grid,1000,1047769367,206551280,0.5707637716995058,4.76013034379612,0.566473200699329,2.6567318009764116,uniform,uniform_exact,uniform,0,0,0
exp_threshold_sweep,2.394736842105263,2,n=1000|of=0.2|om=2.0|trial=2,outlier_grid,1000,1047769368,207551283,0.6082008942884182,5.59710910895369,0.5076496453847361,2.850350039108756,uniform,uniform_exact,uniform,0,0,0
exp_threshold_sweep,2.394736842105263,0,n=1000|of=0.2|om=5.0|trial=0,outlier_grid,1000,1900294719,730588453,1.2128763710131376,4.437108297044463,1.2540128603360077,4.7754011914189185,uniform,uniform_exact,uniform,0,0,0
exp_threshold_sweep,2.394736842105263,1,n=1000|of=0.2|om=5.0|trial=1,outlier_grid,1000,1900294720,731588456,1.222022170293529,4.453870144522961,1.3536097235622286,4.665010993169788,uniform,uniform_exact,uniform,0,0,0
exp_threshold_sweep,2.394736842105263,2,n=1000|of=0.2|om=5.0|trial=2,outlier_grid,1000,1900294721,732588459,1.2283430251331136,4.34226493758284,1.3134324469532503,4.417966854796706,uniform,uniform_exact,uniform,0,0,0
exp_threshold_sweep,2.394736842105263,0,n=1000|of=0.2|om=10.0|trial=0,outlier_grid,1000,457858778,1605650413,1.6822322474532947,4.785774324099834,1.2700569789437355,2.8468065036891983,uniform,uniform_exact,uniform,0,0,0
exp_threshold_sweep,2.394736842105263,1,n=1000|of=0.2|om=10.0|trial=1,outlier_grid,1000,457858779,1606650416,1.6828609678688584,4.797205593998007,1.5462544920810954,3.9977426966517973,uniform,uniform_exact,uniform,0,0,0
exp_threshold_sweep,2.394736842105263,2,n=1000|of=0.2|om=10.0|trial=2,outlier_grid,1000,457858780,1607650419,1.6824444119691087,4.694431122747657,1.8222559431343552,5.365741612691564,uniform,uniform_exact,uniform,0,0,0
exp_threshold_sweep,2.394736842105263,0,n=2000|of=0.0|om=2.0|trial=0,outlier_grid,2000,884521234,1143168174,0.6437859806065077,7.26494190000632,0.9036930288072746,6.054520640665409,uniform,uniform_exact,uniform,0,0,0
exp_threshold_sweep,2.394736842105263,1,n=2000|of=0.0|om=2.0|trial=1,outlier_grid,2000,884521235,1144168177,0.6783226328241753,6.987718128416362,0.7553527033528714,3.3653325655462387,uniform,uniform_exact,uniform,0,0,0
exp_threshold_sweep,2.394736842105263,2,n=2000|of=0.0|om=2.0|trial=2,outlier_grid,2000,884521236,1145168180,0.7008485258315146,10.87323753149392,0.5947201529427201,3.4902031446844948,uniform,uniform_exact,uniform,0,0,0
exp_threshold_sweep,2.394736842105263,0,n=2000|of=0.0|om=5.0|trial=0,outlier_grid,2000,1737046587,1668205350,0.6647636523552978,9.371015606248461,0.7813287749282158,5.563989174618567,uniform,uniform_exact,uniform,0,0,0
exp_threshold_sweep,2.394736842105263,1,n=2000|of=0.0|om=5.0|trial=1,outlier_grid,2000,1737046588,1669205353,0.6503303945228937,7.618833107152736,0.5439826401678954,2.9998008777537506,uniform,uniform_exact,uniform,0,0,0
exp_threshold_sweep,2.394736842105263,2,n=2000|of=0.0|om=5.0|trial=2,outlier_grid,2000,1737046589,1670205356,0.7116392058914187,10.837519913683188,0.4429901987337667,2.510400559926947,uniform,uniform,uniform,0,0,0
exp_threshold_sweep,2.394736842105263,0,n=2000|of=0.0|om=10.0|trial=0,outlier_grid,2000,294610646,395783663,0.6984542271619008,9.191213698217632,0.5704259192046703,3.575351167669661,uniform,uniform_exact,uniform,0,0,0
exp_threshold_sweep,2.394736842105263,1,n=2000|of=0.0|om=10.0|trial=1,outlier_grid,2000,294610647,396783666,0.6531760108020092,9.05950966881119,0.4446418952333622,2.1484125706452204,uniform,uniform,uniform,0,0,0
exp_threshold_sweep,2.394736842105263,2,n=2000|of=0.0|om=10.0|trial=2,outlier_grid,2000,294610648,397783669,0.6722700999610615,5.917746054892996,0.5304641337375389,3.0837425086326977,uniform,uniform_exact,uniform,0,0,0
exp_threshold_sweep,2.394736842105263,0,n=2000|of=0.01|om=2.0|trial=0,outlier_grid,2000,113177245,901367549,0.7041455345419971,8.158001271669198,0.661427764702939,3.726599833795259,uniform,uniform_exact,uniform,0,0,0
exp_threshold_sweep,2.394736842105263,1,n=2000|of=0.01|om=2.0|trial=1,outlier_grid,2000,113177246,902367552,0.6776575995706522,7.229319530734069,0.6544593916606404,3.2043062616210607,uniform,uniform_exact,uniform,0,0,0
exp_threshold_sweep,2.394736842105263,2,n=2000|of=0.01|om=2.0|trial=2,outlier_grid,2000,113177247,903367555,0.6623640231431586,9.28680597708695,0.4842811857428233,2.325249984488323,uniform,uniform_exact,uniform,0,0,0
exp_threshold_sweep,2.394736842105263,0,n=2000|of=0.01|om=5.0|trial=0,outlier_grid,2000,965702598,1426404725,0.9816612409123018,11.124163624423396,1.362406551290474,8.848916872218059,uniform,uniform_exact,uniform,0,0,0
exp_threshold_sweep,2.394736842105263,1,n=2000|of=0.01|om=5.0|trial=1,outlier_grid,2000,965702599,1427404728,1.019893147231907,10.771710935140439,0.3964574656061968,1.916256728325341,uniform,uniform,uniform,0,0,0
exp_threshold_sweep,2.394736842105263,2,n=2000|of=0.01|om=5.0|trial=2,outlier_grid,2000,965702600,1428404731,1.0038984191058524,11.152323945467518,1.0857680483840986,5.913322048873442,uniform,uniform_exact,uniform,0,0,0
exp_threshold_sweep,2.394736842105263,0,n=2000|of=0.01|om=10.0|trial=0,outlier_grid,2000,1670750304,153983038,2.485939595674491,27.10730987984548,2.8260042884694356,14.672516816161133,uniform,is,is,1,1,0
exp_threshold_sweep,2.394736842105263,1,n=2000|of=0.01|om=10.0|trial=1,outlier_grid,2000,1670750305,154983041,2.4574092914423638,26.830979453268434,0.8193619422120284,4.965019867619774,uniform,uniform_exact,uniform,1,0,0
exp_threshold_sweep,2.394736842105263,2,n=2000|of=0.01|om=10.0|trial=2,outlier_grid,2000,1670750306,155983044,2.4875934157876274,27.001639859771334,3.003505680381398,21.630744790545187,uniform,is,is,1,1,0
exp_threshold_sweep,2.394736842105263,0,n=2000|of=0.02|om=2.0|trial=0,outlier_grid,2000,1489316903,659566924,0.6522247884106012,6.7974888408872705,0.6181267946310607,3.9419202376474547,uniform,uniform_exact,uniform,0,0,0
exp_threshold_sweep,2.394736842105263,1,n=2000|of=0.02|om=2.0|trial=1,outlier_grid,2000,1489316904,660566927,0.708592555862065,7.3196862152942685,0.8474596600454893,3.7523794620436015,uniform,uniform_exact,uniform,0,0,0
exp_threshold_sweep,2.394736842105263,2,n=2000|of=0.02|om=2.0|trial=2,outlier_grid,2000,1489316905,661566930,0.6266465193598646,6.766098028970186,0.6092842015135433,2.857229129050966,uniform,uniform_exact,uniform,0,0,0
exp_threshold_sweep,2.394736842105263,0,n=2000|of=0.02|om=5.0|trial=0,outlier_grid,2000,194358609,1184604100,1.187664640127493,10.482197021947206,1.3312811818368624,7.3846061327133175,uniform,uniform_exact,uniform,0,0,0
exp_threshold_sweep,2.394736842105263,1,n=2000|of=0.02|om=5.0|trial=1,outlier_grid,2000,194358610,1185604103,1.169122399391696,10.541280528053289,1.0519047759635032,7.436591104230723,uniform,uniform_exact,uniform,0,0,0
exp_threshold_sweep,2.394736842105263,2,n=2000|of=0.02|om=5.0|trial=2,outlier_grid,2000,194358611,1186604106,1.2297958209577402,10.40504305776103,0.5596639470269292,3.0419446826990306,uniform,uniform_exact,uniform,0,0,0
exp_threshold_sweep,2.394736842105263,0,n=2000|of=0.02|om=10.0|trial=0,outlier_grid,2000,899406315,2059666060,2.869439534666998,22.1660269939405,0.45934541408033674,2.6879940874414157,uniform,uniform_exact,uniform,1,0,0
exp_threshold_sweep,2.394736842105263,1,n=2000|of=0.02|om=10.0|trial=1,outlier_grid,2000,899406316,2060666063,2.804968516663726,22.06499967036417,0.7743837538503009,4.943485202404065,uniform,uniform_exact,uniform,1,0,0
exp_threshold_sweep,2.394736842105263,2,n=2000|of=0.02|om=10.0|trial=2,outlier_grid,2000,899406317,2061666066,2.735942484849644,21.257719756855096,3.090633652625479,22.338559564569408,uniform,is,is,1,1,0
exp_threshold_sweep,2.394736842105263,0,n=2000|of=0.05|om=2.0|trial=0,outlier_grid,2000,1322768583,2081648696,0.65141260441657,7.2644391200920655,0.9629287889632174,6.920676162961412,uniform,uniform_exact,uniform,0,0,0
exp_threshold_sweep,2.394736842105263,1,n=2000|of=0.05|om=2.0|trial=1,outlier_grid,2000,1322768584,2082648699,0.6410291195607866,6.374989174742897,0.7426583769519269,4.852998390695718,uniform,uniform_exact,uniform,0,0,0
exp_threshold_sweep,2.394736842105263,2,n=2000|of=0.05|om=2.0|trial=2,outlier_grid,2000,1322768585,2083648702,0.6227487686611384,6.430958934057433,0.5221257348484959,3.3570400704492314,uniform,uniform_exact,uniform,0,0,0
exp_threshold_sweep,2.394736842105263,0,n=2000|of=0.05|om=5.0|trial=0,outlier_grid,2000,27810289,459202225,1.358269331673104,8.966713358539577,1.3124947162737466,9.347243306679148,uniform,uniform_exact,uniform,0,0,0
exp_threshold_sweep,2.394736842105263,1,n=2000|of=0.05|om=5.0|trial=1,outlier_grid,2000,27810290,460202228,1.3763076923974027,8.285852764690443,1.034006946605461,6.295227670117368,uniform,uniform_exact,uniform,0,0,0
exp_threshold_sweep,2.394736842105263,2,n=2000|of=0.05|om=5.0|trial=2,outlier_grid,2000,27810291,461202231,1.4611702597146317,9.106720084066147,1.5267908676713637,9.153245329400406,uniform,uniform_exact,uniform,0,0,0
exp_threshold_sweep,2.394736842105263,0,n=2000|of=0.05|om=10.0|trial=0,outlier_grid,2000,732857995,1334264185,2.7142794007709448,13.745211635687745,2.59166748354428,11.591601230436433,uniform,is,is,1,1,0
exp_threshold_sweep,2.394736842105263,1,n=2000|of=0.05|om=10.0|trial=1,outlier_grid,2000,732857996,1335264188,2.726308523162901,13.889554001701725,2.7928724562724234,20.06658643943107,uniform,is,is,1,1,0
exp_threshold_sweep,2.394736842105263,2,n=2000|of=0.05|om=10.0|trial=2,outlier_grid,2000,732857997,1336264191,2.7326270401993864,13.72668609604081,2.8600410418379925,15.436780339990671,uniform,is,is,1,1,0
exp_threshold_sweep,2.394736842105263,0,n=2000|of=0.1|om=2.0|trial=0,outlier_grid,2000,1761015932,872645571,0.5866904178552818,6.882127609815075,0.5583713662993088,2.6977568099431837,uniform,uniform_exact,uniform,0,0,0
exp_threshold_sweep,2.394736842105263,1,n=2000|of=0.1|om=2.0|trial=1,outlier_grid,2000,1761015933,873645574,0.6805166058317258,7.844182030189697,0.5528838978273316,3.3373917568927403,uniform,uniform_exact,uniform,0,0,0
exp_threshold_sweep,2.394736842105263,2,n=2000|of=0.1|om=2.0|trial=2,outlier_grid,2000,1761015934,874645577,0.6075248895724128,8.488601778181627,0.4817983285689563,3.429965041563814,uniform,uniform_exact,uniform,0,0,0
exp_threshold_sweep,2.394736842105263,0,n=2000|of=0.1|om=5.0|trial=0,outlier_grid,2000,466057638,1397682747,1.4612428196080953,6.753627793666996,1.4020310828596978,7.30422200706825,uniform,uniform_exact,uniform,0,0,0
exp_threshold_sweep,2.394736842105263,1,n=2000|of=0.1|om=5.0|trial=1,outlier_grid,2000,466057639,1398682750,1.4764441467779024,6.956174126191189,1.5398396764152504,7.112398231279573,uniform,uniform_exact,uniform,0,0,0
exp_threshold_sweep,2.394736842105263,2,n=2000|of=0.1|om=5.0|trial=2,outlier_grid,2000,466057640,1399682753,1.4190922443740461,6.741387981806074,1.3700960724054336,5.178448820945933,uniform,uniform_exact,uniform,0,0,0
exp_threshold_sweep,2.394736842105263,0,n=2000|of=0.1|om=10.0|trial=0,outlier_grid,2000,1171105344,125261060,2.301445779003562,8.777361115865295,2.9598838789673,21.30561572649589,uniform,is,is,0,1,0
exp_threshold_sweep,2.394736842105263,1,n=2000|of=0.1|om=10.0|trial=1,outlier_grid,2000,1171105345,126261063,2.3152827988189686,8.658788130102245,2.0418980953934787,6.340027636600723,uniform,uniform_exact,uniform,1,0,0
exp_threshold_sweep,2.394736842105263,2,n=2000|of=0.1|om=10.0|trial=2,outlier_grid,2000,1171105346,127261066,2.30933321640677,8.687845653682372,2.383895545978322,8.292329517706964,uniform,uniform_exact,uniform,1,0,0
exp_threshold_sweep,2.394736842105263,0,n=2000|of=0.2|om=2.0|trial=0,outlier_grid,2000,490026983,602122968,0.5915941849529013,6.747218403782818,0.7546703226862772,5.5935374193275305,uniform,uniform_exact,uniform,0,0,0
exp_threshold_sweep,2.394736842105263,1,n=2000|of=0.2|om=2.0|trial=1,outlier_grid,2000,490026984,603122971,0.5845956482433441,7.133862103294786,0.4986380222309206,2.849155839122581,uniform,uniform_exact,uniform,0,0,0
exp_threshold_sweep,2.394736842105263,2,n=2000|of=0.2|om=2.0|trial=2,outlier_grid,2000,490026985,604122974,0.6364016724628121,6.162099158324124,0.5337400278856489,2.7066259148968874,uniform,uniform_exact,uniform,0,0,0
exp_threshold_sweep,2.394736842105263,0,n=2000|of=0.2|om=5.0|trial=0,outlier_grid,2000,1342552336,1127160144,1.2983740571519216,4.789065542177101,1.336483589535658,4.619178966076159,uniform,uniform_exact,uniform,0,0,0
exp_threshold_sweep,2.394736842105263,1,n=2000|of=0.2|om=5.0|trial=1,outlier_grid,2000,1342552337,1128160147,1.3147579288921611,4.448881049791875,1.1961396894094614,3.2779266116340473,uniform,uniform_exact,uniform,0,0,0
exp_threshold_sweep,2.394736842105263,2,n=2000|of=0.2|om=5.0|trial=2,outlier_grid,2000,1342552338,1129160150,1.3083480127020897,4.637299734571176,1.2313837096986686,3.961394012829416,uniform,uniform_exact,uniform,0,0,0
exp_threshold_sweep,2.394736842105263,0,n=2000|of=0.2|om=10.0|trial=0,outlier_grid,2000,2047600042,2002222104,1.7372109637686688,4.909762302581473,1.7581212837459217,4.688532763077236,uniform,uniform_exact,uniform,0,0,0
exp_threshold_sweep,2.394736842105263,1,n=2000|of=0.2|om=10.0|trial=1,outlier_grid,2000,2047600043,2003222107,1.7421178180833923,4.869082529210165,2.0438850897138128,6.342972268182931,uniform,uniform_exact,uniform,0,0,0
exp_threshold_sweep,2.394736842105263,2,n=2000|of=0.2|om=10.0|trial=2,outlier_grid,2000,2047600044,2004222110,1.7399890427199698,4.970317505328127,2.4944876002861456,9.87651438217046,uniform,is,is,0,1,0
exp_threshold_sweep,2.394736842105263,0,n=5000|of=0.0|om=2.0|trial=0,outlier_grid,5000,1358777732,185399600,0.7224807944290408,9.893139619301449,0.6802956146706126,4.1689229273352275,uniform,uniform,uniform,0,0,0
exp_threshold_sweep,2.394736842105263,1,n=5000|of=0.0|om=2.0|trial=1,outlier_grid,5000,1358777733,186399603,0.6783674416504732,9.248645932905605,0.8025714262481312,4.5680244208600715,uniform,uniform_exact,uniform,0,0,0
exp_threshold_sweep,2.394736842105263,2,n=5000|of=0.0|om=2.0|trial=2,outlier_grid,5000,1358777734,187399606,0.6974014263102107,8.500077009248255,0.7563419715600477,4.6676745773688175,uniform,uniform_exact,uniform,0,0,0
exp_threshold_sweep,2.394736842105263,0,n=5000|of=0.0|om=5.0|trial=0,outlier_grid,5000,63819438,710436776,0.6966704990056833,11.78855723114979,0.7056671209862413,3.7496339219731127,uniform,uniform,uniform,0,0,0
exp_threshold_sweep,2.394736842105263,1,n=5000|of=0.0|om=5.0|trial=1,outlier_grid,5000,63819439,711436779,0.7020645774986704,10.493395057863204,0.7285230819069876,4.400444954526989,uniform,uniform_exact,uniform,0,0,0
exp_threshold_sweep,2.394736842105263,2,n=5000|of=0.0|om=5.0|trial=2,outlier_grid,5000,63819440,712436782,0.6964872202949357,12.14043386833435,0.7947006846877135,4.819607240255671,uniform,uniform_exact,uniform,0,0,0
exp_threshold_sweep,2.394736842105263,0,n=5000|of=0.0|om=10.0|trial=0,outlier_grid,5000,768867144,1585498736,0.6923142098960464,10.791047985600459,0.44405907058641736,2.0715336682090237,uniform,uniform,uniform,0,0,0
exp_threshold_sweep,2.394736842105263,1,n=5000|of=0.0|om=10.0|trial=1,outlier_grid,5000,768867145,1586498739,0.6749404683005831,10.377327086148796,0.7293083388217945,3.933809156557621,uniform,uniform_exact,uniform,0,0,0
exp_threshold_sweep,2.394736842105263,2,n=5000|of=0.0|om=10.0|trial=2,outlier_grid,5000,768867146,1587498742,0.7043250568842707,9.485986571983513,0.5627461938211267,3.1617142447718956,uniform,uniform,uniform,0,0,0
exp_threshold_sweep,2.394736842105263,0,n=5000|of=0.01|om=2.0|trial=0,outlier_grid,5000,587433743,2091082622,0.7278048746693839,12.570758348270179,0.6534320083525845,3.011175217999047,uniform,uniform,uniform,0,0,0
exp_threshold_sweep,2.394736842105263,1,n=5000|of=0.01|om=2.0|trial=1,outlier_grid,5000,587433744,2092082625,0.6959390046794844,8.19052749199074,0.49586163650421694,2.7414824804623765,uniform,uniform,uniform,0,0,0
exp_threshold_sweep,2.394736842105263,2,n=5000|of=0.01|om=2.0|trial=2,outlier_grid,5000,587433745,2093082628,0.7275752487361427,11.991683623295147,0.5530903370827589,2.9891719267611254,uniform,uniform,uniform,0,0,0
exp_threshold_sweep,2.394736842105263,0,n=5000|of=0.01|om=5.0|trial=0,outlier_grid,5000,1439959096,468636151,1.1514945012448503,13.921170970329356,0.5726124471987621,3.2382314440543447,uniform,uniform,uniform,0,0,0
exp_threshold_sweep,2.394736842105263,1,n=5000|of=0.01|om=5.0|trial=1,outlier_grid,5000,1439959097,469636154,1.1000620070210954,13.282787825099584,1.3968533799392329,9.871174000077865,uniform,uniform_exact,uniform,0,0,0
exp_threshold_sweep,2.394736842105263,2,n=5000|of=0.01|om=5.0|trial=2,outlier_grid,5000,1439959098,470636157,1.169644960173019,14.047324928197764,0.5973264548210075,3.307569328684652,uniform,uniform,uniform,0,0,0
exp_threshold_sweep,2.394736842105263,0,n=5000|of=0.01|om=10.0|trial=0,outlier_grid,5000,2145006802,1343698111,3.012040993380712,33.184170841399485,0.7181998185384911,4.47535615955574,is,uniform_exact,uniform,1,0,1
exp_threshold_sweep,2.394736842105263,1,n=5000|of=0.01|om=10.0|trial=1,outlier_grid,5000,2145006803,1344698114,3.05512119238724,33.62125804296652,0.6124553258211269,3.335220028350961,is,uniform,uniform,1,0,1
exp_threshold_sweep,2.394736842105263,2,n=5000|of=0.01|om=10.0|trial=2,outlier_grid,5000,2145006804,1345698117,3.0106207049135034,32.90968384374054,0.5453986874428027,2.9343188011901407,is,uniform,uniform,1,0,1
exp_threshold_sweep,2.394736842105263,0,n=5000|of=0.02|om=2.0|trial=0,outlier_grid,5000,1963573401,1849281997,0.6966747062003946,7.519776239119451,0.5022100879693461,2.4049103227185022,uniform,uniform,uniform,0,0,0
exp_threshold_sweep,2.394736842105263,1,n=5000|of=0.02|om=2.0|trial=1,outlier_grid,5000,1963573402,1850282000,0.7118330565326979,11.001515450812754,0.486504517346081,2.1865855849846354,uniform,uniform,uniform,0,0,0
exp_threshold_sweep,2.394736842105263,2,n=5000|of=0.02|om=2.0|trial=2,outlier_grid,5000,1963573403,1851282003,0.65806351816426,9.25657713996702,0.7365564035279796,4.086709108917456,uniform,uniform_exact,uniform,0,0,0
exp_threshold_sweep,2.394736842105263,0,n=5000|of=0.02|om=5.0|trial=0,outlier_grid,5000,668615107,226835526,1.324498034040619,12.321985384365552,1.6026017043121954,9.580136681139741,uniform,uniform_exact,uniform,0,0,0
exp_threshold_sweep,2.394736842105263,1,n=5000|of=0.02|om=5.0|trial=1,outlier_grid,5000,668615108,227835529,1.3258723349377788,12.187571001132723,1.257608748332189,9.174280600670626,uniform,uniform_exact,uniform,0,0,0
exp_threshold_sweep,2.394736842105263,2,n=5000|of=0.02|om=5.0|trial=2,outlier_grid,5000,668615109,228835532,1.3582145587406718,12.411829353085658,1.5726896717206849,9.157729311781049,uniform,uniform_exact,uniform,0,0,0
exp_threshold_sweep,2.394736842105263,0,n=5000|of=0.02|om=10.0|trial=0,outlier_grid,5000,1373662813,1101897486,3.273305510801266,25.581420388004364,3.3095399451145036,23.821445974152113,is,is,is,1,0,0
exp_threshold_sweep,2.394736842105263,1,n=5000|of=0.02|om=10.0|trial=1,outlier_grid,5000,1373662814,1102897489,3.270192893939796,25.42383972037984,3.43983903665073,24.67621962909435,is,is,is,1,0,0
exp_threshold_sweep,2.394736842105263,2,n=5000|of=0.02|om=10.0|trial=2,outlier_grid,5000,1373662815,1103897492,3.2584141459449203,25.386482551776233,3.2565831466819497,23.43496791189941,is,is,is,1,0,0
exp_threshold_sweep,2.394736842105263,0,n=5000|of=0.05|om=2.0|trial=0,outlier_grid,5000,1797025081,1123880122,0.6808824421638225,9.063293680601529,0.918139510196843,6.206283526565811,uniform,uniform_exact,uniform,0,0,0
exp_threshold_sweep,2.394736842105263,1,n=5000|of=0.05|om=2.0|trial=1,outlier_grid,5000,1797025082,1124880125,0.6814735797847691,8.168079323694936,0.5396561050328613,2.797938230735028,uniform,uniform,uniform,0,0,0
exp_threshold_sweep,2.394736842105263,2,n=5000|of=0.05|om=2.0|trial=2,outlier_grid,5000,1797025083,1125880128,0.6730762768779296,7.51328610662532,0.5344234948385213,2.6974060245981386,uniform,uniform,uniform,0,0,0
exp_threshold_sweep,2.394736842105263,0,n=5000|of=0.05|om=5.0|trial=0,outlier_grid,5000,502066787,1648917298,1.5610511723927194,9.482297366454727,1.47516331454897,7.836487865014542,uniform,uniform_exact,uniform,0,0,0
exp_threshold_sweep,2.394736842105263,1,n=5000|of=0.05|om=5.0|trial=1,outlier_grid,5000,502066788,1649917301,1.5983515327881193,10.05179141412876,1.1108037030856448,7.426068490618448,uniform,uniform_exact,uniform,0,0,0
exp_threshold_sweep,2.394736842105263,2,n=5000|of=0.05|om=5.0|trial=2,outlier_grid,5000,502066789,1650917304,1.564054233622819,9.903368559014538,1.1322186429124397,7.7844129710340475,uniform,uniform_exact,uniform,0,0,0
exp_threshold_sweep,2.394736842105263,0,n=5000|of=0.05|om=10.0|trial=0,outlier_grid,5000,1207114493,376495611,3.0064614329892705,15.45576789854595,3.2528795411534586,23.321086217698063,is,is,is,1,0,0
exp_threshold_sweep,2.394736842105263,1,n=5000|of=0.05|om=10.0|trial=1,outlier_grid,5000,1207114494,377495614,2.975958669383625,15.516826552718598,2.4988670882709116,8.93626939171041,is,is,is,1,0,0
exp_threshold_sweep,2.394736842105263,2,n=5000|of=0.05|om=10.0|trial=2,outlier_grid,5000,1207114495,378495617,2.994754765488841,15.286751648815459,2.4991310323935325,8.52965058837478,is,is,is,1,0,0
exp_threshold_sweep,2.394736842105263,0,n=5000|of=0.1|om=2.0|trial=0,outlier_grid,5000,87788783,2062360644,0.6452892873409604,7.975916618900835,0.6013712283756368,3.0609938669003975,uniform,uniform,uniform,0,0,0
exp_threshold_sweep,2.394736842105263,1,n=5000|of=0.1|om=2.0|trial=1,outlier_grid,5000,87788784,2063360647,0.6342794906340355,7.439749972949388,0.4682107954845307,2.542799782272678,uniform,uniform,uniform,0,0,0
exp_threshold_sweep,2.394736842105263,2,n=5000|of=0.1|om=2.0|trial=2,outlier_grid,5000,87788785,2064360650,0.6753511690743486,10.273263459798766,0.48392747355908483,2.54305493279015,uniform,uniform,uniform,0,0,0
exp_threshold_sweep,2.394736842105263,0,n=5000|of=0.1|om=5.0|trial=0,outlier_grid,5000,940314136,439914173,1.5642034237759075,7.461215325213151,1.4852614640044355,5.30980297948077,uniform,uniform_exact,uniform,0,0,0
exp_threshold_sweep,2.394736842105263,1,n=5000|of=0.1|om=5.0|trial=1,outlier_grid,5000,940314137,440914176,1.6069129255861263,7.627573339463385,1.8857328890792384,10.074197921497694,uniform,uniform_exact,uniform,0,0,0
exp_threshold_sweep,2.394736842105263,2,n=5000|of=0.1|om=5.0|trial=2,outlier_grid,5000,940314138,441914179,1.5835535573326203,7.463665704236842,1.3956710852091758,7.8070728648841055,uniform,uniform_exact,uniform,0,0,0
exp_threshold_sweep,2.394736842105263,0,n=5000|of=0.1|om=10.0|trial=0,outlier_grid,5000,1645361842,1314976133,2.4387528204411435,9.085143647908605,2.1945640694229582,6.762097830780815,is,uniform_exact,uniform,0,0,1
exp_threshold_sweep,2.394736842105263,1,n=5000|of=0.1|om=10.0|trial=1,outlier_grid,5000,1645361843,1315976136,2.44827057345472,9.074192457210252,2.2933146776582474,7.581181821198726,is,uniform_exact,uniform,1,0,1
exp_threshold_sweep,2.394736842105263,2,n=5000|of=0.1|om=10.0|trial=2,outlier_grid,5000,1645361844,1316976139,2.4335609917695766,9.037567396165114,2.654048751866401,10.304574144056513,is,is,is,0,0,0
exp_threshold_sweep,2.394736842105263,0,n=5000|of=0.2|om=2.0|trial=0,outlier_grid,5000,964283481,1791838041,0.6519470284472162,8.754530513444111,0.6046451376712371,3.390487023309413,uniform,uniform,uniform,0,0,0
exp_threshold_sweep,2.394736842105263,1,n=5000|of=0.2|om=2.0|trial=1,outlier_grid,5000,964283482,1792838044,0.6299048125270215,10.880578863376364,0.6229613628961498,2.7674719833445294,uniform,uniform,uniform,0,0,0
exp_threshold_sweep,2.394736842105263,2,n=5000|of=0.2|om=2.0|trial=2,outlier_grid,5000,964283483,1793838047,0.6870579308218044,13.544762416249597,0.77473210178963,5.3620220252505515,uniform,uniform_exact,uniform,0,0,0
exp_threshold_sweep,2.394736842105263,0,n=5000|of=0.2|om=5.0|trial=0,outlier_grid,5000,1816808834,169391570,1.3838458656873216,5.062593836717688,1.3717354492291038,4.59852883514403,uniform,uniform_exact,uniform,0,0,0
exp_threshold_sweep,2.394736842105263,1,n=5000|of=0.2|om=5.0|trial=1,outlier_grid,5000,1816808835,170391573,1.398083832516939,5.098880683600188,1.4486263421747652,4.816079454391736,uniform,uniform_exact,uniform,0,0,0
exp_threshold_sweep,2.394736842105263,2,n=5000|of=0.2|om=5.0|trial=2,outlier_grid,5000,1816808836,171391576,1.3909424378180453,5.143704401559593,1.3687955409719805,4.065577724395291,uniform,uniform_exact,uniform,0,0,0
exp_threshold_sweep,2.394736842105263,0,n=5000|of=0.2|om=10.0|trial=0,outlier_grid,5000,374372893,1044453530,1.7911999033758386,5.04722867967325,1.7893910931272299,4.889301802639766,is,uniform_exact,uniform,0,0,1
exp_threshold_sweep,2.394736842105263,1,n=5000|of=0.2|om=10.0|trial=1,outlier_grid,5000,374372894,1045453533,1.7925498435757545,5.031734118828527,2.3169304105431316,7.452271335633787,is,uniform_exact,uniform,0,0,1
exp_threshold_sweep,2.394736842105263,2,n=5000|of=0.2|om=10.0|trial=2,outlier_grid,5000,374372895,1046453536,1.799646793110485,5.033057676968276,1.7228674908176373,4.540857682981415,is,uniform_exact,uniform,0,0,1
exp_threshold_sweep,2.631578947368421,0,n=1000|of=0.0|om=2.0|trial=0,outlier_grid,1000,1442263617,746596484,0.617599978331471,6.544485015745742,0.6837585467750364,4.132282760302909,uniform,uniform_exact,uniform,0,0,0
exp_threshold_sweep,2.631578947368421,1,n=1000|of=0.0|om=2.0|trial=1,outlier_grid,1000,1442263618,747596487,0.7016203194983847,6.4257658382788225,0.6145813397766354,2.9421747787780697,uniform,uniform_exact,uniform,0,0,0
exp_threshold_sweep,2.631578947368421,2,n=1000|of=0.0|om=2.0|trial=2,outlier_grid,1000,1442263619,748596490,0.633503586176026,5.578210996800821,0.7717727783863059,5.23495727688589,uniform,uniform_exact,uniform,0,0,0
exp_threshold_sweep,2.631578947368421,0,n=1000|of=0.0|om=5.0|trial=0,outlier_grid,1000,147305323,1271633660,0.6607087487078306,6.077985671873188,0.5686487597032353,3.244112132285376,uniform,uniform_exact,uniform,0,0,0
exp_threshold_sweep,2.631578947368421,1,n=1000|of=0.0|om=5.0|trial=1,outlier_grid,1000,147305324,1272633663,0.6504739835154975,5.5695015501111715,0.7417216236987224,5.016677666695435,uniform,uniform_exact,uniform,0,0,0
exp_threshold_sweep,2.631578947368421,2,n=1000|of=0.0|om=5.0|trial=2,outlier_grid,1000,147305325,1273633666,0.6694892343956219,5.3838442549691585,0.5056055731770082,3.048190016080115,uniform,uniform_exact,uniform,0,0,0
exp_threshold_sweep,2.631578947368421,0,n=1000|of=0.0|om=10.0|trial=0,outlier_grid,1000,852353029,2146695620,0.6398166324088268,6.140337691272391,0.5334061230871874,2.724684431843944,uniform,uniform_exact,uniform,0,0,0
exp_threshold_sweep,2.631578947368421,1,n=1000|of=0.0|om=10.0|trial=1,outlier_grid,1000,852353030,211976,0.6645481406412764,5.726033896808133,0.5320627848788793,3.066413389938722,uniform,uniform_exact,uniform,0,0,0
exp_threshold_sweep,2.631578947368421,2,n=1000|of=0.0|om=10.0|trial=2,outlier_grid,1000,852353031,1211979,0.6625855174916219,6.889022080403152,0.6110339482357502,2.794197151626806,uniform,uniform_exact,uniform,0,0,0
exp_threshold_sweep,2.631578947368421,0,n=1000|of=0.01|om=2.0|trial=0,outlier_grid,1000,670919628,504795859,0.6194948810036581,4.431036671722072,0.4636508723225562,2.3570010666847403,uniform,uniform_exact,uniform,0,0,0
exp_threshold_sweep,2.631578947368421,1,n=1000|of=0.01|om=2.0|trial=1,outlier_grid,1000,670919629,505795862,0.6419604984348997,5.780451621515172,0.5512253025304582,3.357586413101865,uniform,uniform_exact,uniform,0,0,0
exp_threshold_sweep,2.631578947368421,2,n=1000|of=0.01|om=2.0|trial=2,outlier_grid,1000,670919630,506795865,0.6478534945181104,7.295799872829969,0.7213670521845444,3.7328516457310896,uniform,uniform_exact,uniform,0,0,0
exp_threshold_sweep,2.631578947368421,0,n=1000|of=0.01|om=5.0|trial=0,outlier_grid,1000,1523444981,1029833035,0.9275708025452007,9.067911114745035,1.0270539584105394,7.131726497558544,uniform,uniform_exact,uniform,0,0,0
exp_threshold_sweep,2.631578947368421,1,n=1000|of=0.01|om=5.0|trial=1,outlier_grid,1000,1523444982,1030833038,0.8826442516694574,9.20078801072338,0.6275189531257711,3.180192380602654,uniform,uniform_exact,uniform,0,0,0
exp_threshold_sweep,2.631578947368421,2,n=1000|of=0.01|om=5.0|trial=2,outlier_grid,1000,1523444983,1031833041,0.8944373892679047,9.492564196854993,0.36539896896258645,1.831396049428219,uniform,uniform_exact,uniform,0,0,0
exp_threshold_sweep,2.631578947368421,0,n=1000|of=0.01|om=10.0|trial=0,outlier_grid,1000,81009040,1904894995,2.1600848596659037,23.591190740265375,0.6267516678550472,3.016697391758766,uniform,uniform_exact,uniform,0,0,0
exp_threshold_sweep,2.631578947368421,1,n=1000|of=0.01|om=10.0|trial=1,outlier_grid,1000,81009041,1905894998,2.186629044024305,23.67565527185168,2.4837614152141376,17.813507609397835,uniform,uniform_exact,uniform,0,0,0
exp_threshold_sweep,2.631578947368421,2,n=1000|of=0.01|om=10.0|trial=2,outlier_grid,1000,81009042,1906895001,2.202788337834508,23.474969597415352,0.6191893772357047,3.2548228025127237,uniform,uniform_exact,uniform,1,0,0
exp_threshold_sweep,2.631578947368421,0,n=1000|of=0.02|om=2.0|trial=0,outlier_grid,1000,2047059286,262995234,0.668926440883736,6.047119721303887,0.6858218563911023,3.6913501730672005,uniform,uniform_exact,uniform,0,0,0
exp_threshold_sweep,2.631578947368421,1,n=1000|of=0.02|om=2.0|trial=1,outlier_grid,1000,2047059287,263995237,0.6096939094021688,4.754850690421404,0.5210984783538206,3.167605236299791,uniform,uniform_exact,uniform,0,0,0
exp_threshold_sweep,2.631578947368421,2,n=1000|of=0.02|om=2.0|trial=2,outlier_grid,1000,2047059288,264995240,0.619980694353103,5.711189635441723,0.8806031430628787,4.4918787869760655,uniform,uniform_exact,uniform,0,0,0
exp_threshold_sweep,2.631578947368421,0,n=1000|of=0.02|om=5.0|trial=0,outlier_grid,1000,752100992,788032410,1.0363964890753734,8.83629684462703,1.077836893303872,7.34756244436171,uniform,uniform_exact,uniform,0,0,0
exp_threshold_sweep,2.631578947368421,1,n=1000|of=0.02|om=5.0|trial=1,outlier_grid,1000,752100993,789032413,1.0808453099122093,9.327938871539764,1.3994820496108782,7.858960908858185,uniform,uniform_exact,uniform,0,0,0
exp_threshold_sweep,2.631578947368421,2,n=1000|of=0.02|om=5.0|trial=2,outlier_grid,1000,752100994,790032416,1.0555990939448983,9.079803243418585,0.5896344998630799,3.301133741236176,uniform,uniform_exact,uniform,0,0,0
exp_threshold_sweep,2.631578947368421,0,n=1000|of=0.02|om=10.0|trial=0,outlier_grid,1000,1457148698,1663094370,2.4223349633420703,19.324723385669508,0.6833950256688003,3.7504740060350437,uniform,uniform_exact,uniform,1,0,0
exp_threshold_sweep,2.631578947368421,1,n=1000|of=0.02|om=10.0|trial=1,outlier_grid,1000,1457148699,1664094373,2.4594205603819232,19.349043540692758,2.4784663705407626,10.950879612753726,uniform,uniform_exact,uniform,1,0,0
exp_threshold_sweep,2.631578947368421,2,n=1000|of=0.02|om=10.0|trial=2,outlier_grid,1000,1457148700,1665094376,2.441556227376376,19.145175988469532,0.6342607711039938,3.2747319271783746,uniform,uniform_exact,uniform,1,0,0
exp_threshold_sweep,2.631578947368421,0,n=1000|of=0.05|om=2.0|trial=0,outlier_grid,1000,1880510966,1685077006,0.6787566315775071,6.9795351614658365,0.5171120834842452,2.548808943973175,uniform,uniform_exact,uniform,0,0,0
exp_threshold_sweep,2.631578947368421,1,n=1000|of=0.05|om=2.0|trial=1,outlier_grid,1000,1880510967,1686077009,0.6273247767797993,5.416408240314115,0.5055806378819114,2.4743551224515565,uniform,uniform_exact,uniform,0,0,0
exp_threshold_sweep,2.631578947368421,2,n=1000|of=0.05|om=2.0|trial=2,outlier_grid,1000,1880510968,1687077012,0.6436184853347732,6.685255422490038,0.672017171412026,3.677478398118839,uniform,uniform_exact,uniform,0,0,0
exp_threshold_sweep,2.631578947368421,0,n=1000|of=0.05|om=5.0|trial=0,outlier_grid,1000,585552672,62630535,1.322654341020879,7.809373922547658,1.188423602864548,8.683019393797723,uniform,uniform_exact,uniform,0,0,0
exp_threshold_sweep,2.631578947368421,1,n=1000|of=0.05|om=5.0|trial=1,outlier_grid,1000,585552673,63630538,1.2985808873964355,8.313744404611858,1.2753042996225374,5.853284617142359,uniform,uniform_exact,uniform,0,0,0
exp_threshold_sweep,2.631578947368421,2,n=1000|of=0.05|om=5.0|trial=2,outlier_grid,1000,585552674,64630541,1.208561744925839,7.712949719548932,1.239944600008991,6.712765000263746,uniform,uniform_exact,uniform,0,0,0
exp_threshold_sweep,2.631578947368421,0,n=1000|of=0.05|om=10.0|trial=0,outlier_grid,1000,1290600378,937692495,2.507398434602011,12.789785607408268,2.563503152619536,18.621873895154362,uniform,uniform_exact,uniform,1,0,0
exp_threshold_sweep,2.631578947368421,1,n=1000|of=0.05|om=10.0|trial=1,outlier_grid,1000,1290600379,938692498,2.520669114923294,12.78671987327333,2.8580488101229964,14.979797381094203,uniform,is,is,1,1,0
exp_threshold_sweep,2.631578947368421,2,n=1000|of=0.05|om=10.0|trial=2,outlier_grid,1000,1290600380,939692501,2.49068495781207,12.596211278828237,2.373780722889145,10.583587646807961,uniform,uniform_exact,uniform,1,0,0
exp_threshold_sweep,2.631578947368421,0,n=1000|of=0.1|om=2.0|trial=0,outlier_grid,1000,171274668,476073881,0.6524098435515786,7.086241475883487,0.530970611722926,2.514244202043108,uniform,uniform_exact,uniform,0,0,0
exp_threshold_sweep,2.631578947368421,1,n=1000|of=0.1|om=2.0|trial=1,outlier_grid,1000,171274669,477073884,0.581167313005821,6.085439413528287,0.7636701582461289,5.377964627081692,uniform,uniform_exact,uniform,0,0,0
exp_threshold_sweep,2.631578947368421,2,n=1000|of=0.1|om=2.0|trial=2,outlier_grid,1000,171274670,478073887,0.6984683097008569,7.200833170425255,0.5401078665922913,2.5998350733373385,uniform,uniform_exact,uniform,0,0,0
exp_threshold_sweep,2.631578947368421,0,n=1000|of=0.1|om=5.0|trial=0,outlier_grid,1000,1023800021,1001111057,1.3537758517722411,6.291632634044208,1.2762397298176698,7.320969828704598,uniform,uniform_exact,uniform,0,0,0
exp_threshold_sweep,2.631578947368421,1,n=1000|of=0.1|om=5.0|trial=1,outlier_grid,1000,1023800022,1002111060,1.367532997551312,6.235878482522877,1.3682834730664584,5.306166518570127,uniform,uniform_exact,uniform,0,0,0
exp_threshold_sweep,2.631578947368421,2,n=1000|of=0.1|om=5.0|trial=2,outlier_grid,1000,1023800023,1003111063,1.3274574831627268,6.042607423381932,1.4332399545965375,5.372333094837648,uniform,uniform_exact,uniform,0,0,0
exp_threshold_sweep,2.631578947368421,0,n=1000|of=0.1|om=10.0|trial=0,outlier_grid,1000,1728847727,1876173017,2.1745485439283283,8.206958182334139,1.822486141977057,5.423628395122879,uniform,uniform_exact,uniform,0,0,0
exp_threshold_sweep,2.631578947368421,1,n=1000|of=0.1|om=10.0|trial=1,outlier_grid,1000,1728847728,1877173020,2.2071501455785794,8.244504029581895,1.7925689580962125,5.1290193705175895,uniform,uniform_exact,uniform,1,0,0
exp_threshold_sweep,2.631578947368421,2,n=1000|of=0.1|om=10.0|trial=2,outlier_grid,1000,1728847729,1878173023,2.2131805137021714,8.13937339152958,2.3427629365837466,9.216797363430556,uniform,uniform_exact,uniform,1,0,0
exp_threshold_sweep,2.631578947368421,0,n=1000|of=0.2|om=2.0|trial=0,outlier_grid,1000,1047769366,205551278,0.596226390605092,7.59566327931635,0.4259536281056878,2.180929810800363,uniform,uniform_exact,uniform,0,0,0
exp_threshold_sweep,2.631578947368421,1,n=1000|of=0.2|om=2.0|trial=1,outlier_grid,1000,1047769367,206551281,0.5707637716995058,4.76013034379612,0.5932070796821377,2.7952649829611524,uniform,uniform_exact,uniform,0,0,0
exp_threshold_sweep,2.631578947368421,2,n=1000|of=0.2|om=2.0|trial=2,outlier_grid,1000,1047769368,207551284,0.6082008942884182,5.59710910895369,0.5944896121855237,3.5200106483420863,uniform,uniform_exact,uniform,0,0,0
exp_threshold_sweep,2.631578947368421,0,n=1000|of=0.2|om=5.0|trial=0,outlier_grid,1000,1900294719,730588454,1.2128763710131376,4.437108297044463,1.2333629600039002,4.787699799210203,uniform,uniform_exact,uniform,0,0,0
exp_threshold_sweep,2.631578947368421,1,n=1000|of=0.2|om=5.0|trial=1,outlier_grid,1000,1900294720,731588457,1.222022170293529,4.453870144522961,1.3782236122085139,5.5795156074317385,uniform,uniform_exact,uniform,0,0,0
exp_threshold_sweep,2.631578947368421,2,n=1000|of=0.2|om=5.0|trial=2,outlier_grid,1000,1900294721,732588460,1.2283430251331136,4.34226493758284,1.2854521864268469,4.428533234317628,uniform,uniform_exact,uniform,0,0,0
exp_threshold_sweep,2.631578947368421,0,n=1000|of=0.2|om=10.0|trial=0,outlier_grid,1000,457858778,1605650414,1.6822322474532947,4.785774324099834,1.619134100977819,4.250085437920619,uniform,uniform_exact,uniform,0,0,0
exp_threshold_sweep,2.631578947368421,1,n=1000|of=0.2|om=10.0|trial=1,outlier_grid,1000,457858779,1606650417,1.6828609678688584,4.797205593998007,1.5235010685345682,3.9812025588818853,uniform,uniform_exact,uniform,0,0,0
exp_threshold_sweep,2.631578947368421,2,n=1000|of=0.2|om=10.0|trial=2,outlier_grid,1000,457858780,1607650420,1.6824444119691087,4.694431122747657,1.794868961201293,5.12642795714371,uniform,uniform_exact,uniform,0,0,0
exp_threshold_sweep,2.631578947368421,0,n=2000|of=0.0|om=2.0|trial=0,outlier_grid,2000,884521234,1143168175,0.6437859806065077,7.26494190000632,0.40722418253191495,2.3221261880730224,uniform,uniform,uniform,0,0,0
exp_threshold_sweep,2.631578947368421,1,n=2000|of=0.0|om=2.0|trial=1,outlier_grid,2000,884521235,1144168178,0.6783226328241753,6.987718128416362,0.5798349217010145,3.1230416954970823,uniform,uniform_exact,uniform,0,0,0
exp_threshold_sweep,2.631578947368421,2,n=2000|of=0.0|om=2.0|trial=2,outlier_grid,2000,884521236,1145168181,0.7008485258315146,10.87323753149392,0.7906557520811394,5.046214436368428,uniform,uniform_exact,uniform,0,0,0
exp_threshold_sweep,2.631578947368421,0,n=2000|of=0.0|om=5.0|trial=0,outlier_grid,2000,1737046587,1668205351,0.6647636523552978,9.371015606248461,0.6141667918223641,3.7612684073626155,uniform,uniform_exact,uniform,0,0,0
exp_threshold_sweep,2.631578947368421,1,n=2000|of=0.0|om=5.0|trial=1,outlier_grid,2000,1737046588,1669205354,0.6503303945228937,7.618833107152736,0.562515192632752,2.7338689661924858,uniform,uniform_exact,uniform,0,0,0
exp_threshold_sweep,2.631578947368421,2,n=2000|of=0.0|om=5.0|trial=2,outlier_grid,2000,1737046589,1670205357,0.7116392058914187,10.837519913683188,0.5064686740987687,2.5397441833895935,uniform,uniform_exact,uniform,0,0,0
exp_threshold_sweep,2.631578947368421,0,n=2000|of=0.0|om=10.0|trial=0,outlier_grid,2000,294610646,395783664,0.6984542271619008,9.191213698217632,0.5701560455677976,2.805365130418513,uniform,uniform_exact,uniform,0,0,0
exp_threshold_sweep,2.631578947368421,1,n=2000|of=0.0|om=10.0|trial=1,outlier_grid,2000,294610647,396783667,0.6531760108020092,9.05950966881119,0.5673767487134381,3.676440710727453,uniform,uniform_exact,uniform,0,0,0
exp_threshold_sweep,2.631578947368421,2,n=2000|of=0.0|om=10.0|trial=2,outlier_grid,2000,294610648,397783670,0.6722700999610615,5.917746054892996,0.6597800906636055,3.9283684380366415,uniform,uniform_exact,uniform,0,0,0
exp_threshold_sweep,2.631578947368421,0,n=2000|of=0.01|om=2.0|trial=0,outlier_grid,2000,113177245,901367550,0.7041455345419971,8.158001271669198,0.5335965686601193,3.238675683542172,uniform,uniform_exact,uniform,0,0,0
exp_threshold_sweep,2.631578947368421,1,n=2000|of=0.01|om=2.0|trial=1,outlier_grid,2000,113177246,902367553,0.6776575995706522,7.229319530734069,0.6222244540358687,3.2215193284882884,uniform,uniform_exact,uniform,0,0,0
exp_threshold_sweep,2.631578947368421,2,n=2000|of=0.01|om=2.0|trial=2,outlier_grid,2000,113177247,903367556,0.6623640231431586,9.28680597708695,0.5976338516264514,3.4737101582235965,uniform,uniform_exact,uniform,0,0,0
exp_threshold_sweep,2.631578947368421,0,n=2000|of=0.01|om=5.0|trial=0,outlier_grid,2000,965702598,1426404726,0.9816612409123018,11.124163624423396,0.6836772331667503,4.1330978348814575,uniform,uniform_exact,uniform,0,0,0
exp_threshold_sweep,2.631578947368421,1,n=2000|of=0.01|om=5.0|trial=1,outlier_grid,2000,965702599,1427404729,1.019893147231907,10.771710935140439,0.5176990043833696,2.3940595667906934,uniform,uniform_exact,uniform,0,0,0
exp_threshold_sweep,2.631578947368421,2,n=2000|of=0.01|om=5.0|trial=2,outlier_grid,2000,965702600,1428404732,1.0038984191058524,11.152323945467518,1.3558798212897865,7.467248737825268,uniform,uniform_exact,uniform,0,0,0
exp_threshold_sweep,2.631578947368421,0,n=2000|of=0.01|om=10.0|trial=0,outlier_grid,2000,1670750304,153983039,2.485939595674491,27.10730987984548,0.5864541131460149,3.4988190986953374,uniform,uniform_exact,uniform,1,0,0
exp_threshold_sweep,2.631578947368421,1,n=2000|of=0.01|om=10.0|trial=1,outlier_grid,2000,1670750305,154983042,2.4574092914423638,26.830979453268434,0.6835619292873666,4.496720586072606,uniform,uniform_exact,uniform,1,0,0
exp_threshold_sweep,2.631578947368421,2,n=2000|of=0.01|om=10.0|trial=2,outlier_grid,2000,1670750306,155983045,2.4875934157876274,27.001639859771334,0.5976407818188667,3.135820665818405,uniform,uniform_exact,uniform,1,0,0
exp_threshold_sweep,2.631578947368421,0,n=2000|of=0.02|om=2.0|trial=0,outlier_grid,2000,1489316903,659566925,0.6522247884106012,6.7974888408872705,0.6308522533775551,3.2744006944243966,uniform,uniform_exact,uniform,0,0,0
exp_threshold_sweep,2.631578947368421,1,n=2000|of=0.02|om=2.0|trial=1,outlier_grid,2000,1489316904,660566928,0.708592555862065,7.3196862152942685,0.6701358353020856,3.84191421971614,uniform,uniform_exact,uniform,0,0,0
exp_threshold_sweep,2.631578947368421,2,n=2000|of=0.02|om=2.0|trial=2,outlier_grid,2000,1489316905,661566931,0.6266465193598646,6.766098028970186,0.7202259278544578,4.018723512556487,uniform,uniform_exact,uniform,0,0,0
exp_threshold_sweep,2.631578947368421,0,n=2000|of=0.02|om=5.0|trial=0,outlier_grid,2000,194358609,1184604101,1.187664640127493,10.482197021947206,1.019684956330686,7.325334388676696,uniform,uniform_exact,uniform,0,0,0
exp_threshold_sweep,2.631578947368421,1,n=2000|of=0.02|om=5.0|trial=1,outlier_grid,2000,194358610,1185604104,1.169122399391696,10.541280528053289,0.5355389676252739,3.4517218651228214,uniform,uniform_exact,uniform,0,0,0
exp_threshold_sweep,2.631578947368421,2,n=2000|of=0.02|om=5.0|trial=2,outlier_grid,2000,194358611,1186604107,1.2297958209577402,10.40504305776103,0.5075662771304148,2.7687230704961916,uniform,uniform_exact,uniform,0,0,0
exp_threshold_sweep,2.631578947368421,0,n=2000|of=0.02|om=10.0|trial=0,outlier_grid,2000,899406315,2059666061,2.869439534666998,22.1660269939405,2.525464674144819,9.602881692432952,uniform,uniform_exact,uniform,1,0,0
exp_threshold_sweep,2.631578947368421,1,n=2000|of=0.02|om=10.0|trial=1,outlier_grid,2000,899406316,2060666064,2.804968516663726,22.06499967036417,2.8044700359784382,14.575271790261526,uniform,is,is,1,1,0
exp_threshold_sweep,2.631578947368421,2,n=2000|of=0.02|om=10.0|trial=2,outlier_grid,2000,899406317,2061666067,2.735942484849644,21.257719756855096,0.5603647488990479,2.3427476113948167,uniform,uniform_exact,uniform,1,0,0
exp_threshold_sweep,2.631578947368421,0,n=2000|of=0.05|om=2.0|trial=0,outlier_grid,2000,1322768583,2081648697,0.65141260441657,7.2644391200920655,0.8321949937802192,5.802360289683945,uniform,uniform_exact,uniform,0,0,0
exp_threshold_sweep,2.631578947368421,1,n=2000|of=0.05|om=2.0|trial=1,outlier_grid,2000,1322768584,2082648700,0.6410291195607866,6.374989174742897,0.6331403070901612,4.00291637056879,uniform,uniform_exact,uniform,0,0,0
exp_threshold_sweep,2.631578947368421,2,n=2000|of=0.05|om=2.0|trial=2,outlier_grid,2000,1322768585,2083648703,0.6227487686611384,6.430958934057433,0.4532633218456101,2.38057162247974,uniform,uniform_exact,uniform,0,0,0
exp_threshold_sweep,2.631578947368421,0,n=2000|of=0.05|om=5.0|trial=0,outlier_grid,2000,27810289,459202226,1.358269331673104,8.966713358539577,1.46143503383789,7.748830414761266,uniform,uniform_exact,uniform,0,0,0
exp_threshold_sweep,2.631578947368421,1,n=2000|of=0.05|om=5.0|trial=1,outlier_grid,2000,27810290,460202229,1.3763076923974027,8.285852764690443,1.3387986024984544,6.349389312117776,uniform,uniform_exact,uniform,0,0,0
exp_threshold_sweep,2.631578947368421,2,n=2000|of=0.05|om=5.0|trial=2,outlier_grid,2000,27810291,461202232,1.4611702597146317,9.106720084066147,1.4107628322481998,5.485172786076595,uniform,uniform_exact,uniform,0,0,0
exp_threshold_sweep,2.631578947368421,0,n=2000|of=0.05|om=10.0|trial=0,outlier_grid,2000,732857995,1334264186,2.7142794007709448,13.745211635687745,2.6097980852990443,11.930147555146675,uniform,uniform_exact,uniform,1,0,0
exp_threshold_sweep,2.631578947368421,1,n=2000|of=0.05|om=10.0|trial=1,outlier_grid,2000,732857996,1335264189,2.726308523162901,13.889554001701725,2.743533296902135,12.225058281471675,uniform,is,is,1,1,0
exp_threshold_sweep,2.631578947368421,2,n=2000|of=0.05|om=10.0|trial=2,outlier_grid,2000,732857997,1336264192,2.7326270401993864,13.72668609604081,2.8297247321952588,15.256851747468772,uniform,is,is,1,1,0
exp_threshold_sweep,2.631578947368421,0,n=2000|of=0.1|om=2.0|trial=0,outlier_grid,2000,1761015932,872645572,0.5866904178552818,6.882127609815075,0.638768148936235,2.9804587362022166,uniform,uniform_exact,uniform,0,0,0
exp_threshold_sweep,2.631578947368421,1,n=2000|of=0.1|om=2.0|trial=1,outlier_grid,2000,1761015933,873645575,0.6805166058317258,7.844182030189697,0.6339548928564814,3.158365533163778,uniform,uniform_exact,uniform,0,0,0
exp_threshold_sweep,2.631578947368421,2,n=2000|of=0.1|om=2.0|trial=2,outlier_grid,2000,1761015934,874645578,0.6075248895724128,8.488601778181627,0.5240115965160738,3.3669730613821414,uniform,uniform_exact,uniform,0,0,0
exp_threshold_sweep,2.631578947368421,0,n=2000|of=0.1|om=5.0|trial=0,outlier_grid,2000,466057638,1397682748,1.4612428196080953,6.753627793666996,1.443770724640389,6.110821832612969,uniform,uniform_exact,uniform,0,0,0
exp_threshold_sweep,2.631578947368421,1,n=2000|of=0.1|om=5.0|trial=1,outlier_grid,2000,466057639,1398682751,1.4764441467779024,6.956174126191189,1.3921489702951308,4.64866981675261,uniform,uniform_exact,uniform,0,0,0
exp_threshold_sweep,2.631578947368421,2,n=2000|of=0.1|om=5.0|trial=2,outlier_grid,2000,466057640,1399682754,1.4190922443740461,6.741387981806074,1.513408640784823,5.6200086539484575,uniform,uniform_exact,uniform,0,0,0
exp_threshold_sweep,2.631578947368421,0,n=2000|of=0.1|om=10.0|trial=0,outlier_grid,2000,1171105344,125261061,2.301445779003562,8.777361115865295,2.5787938024475108,11.591092995855268,uniform,uniform_exact,uniform,0,0,0
exp_threshold_sweep,2.631578947368421,1,n=2000|of=0.1|om=10.0|trial=1,outlier_grid,2000,1171105345,126261064,2.3152827988189686,8.658788130102245,1.9688371472808939,5.7687311080966435,uniform,uniform_exact,uniform,1,0,0
exp_threshold_sweep,2.631578947368421,2,n=2000|of=0.1|om=10.0|trial=2,outlier_grid,2000,1171105346,127261067,2.30933321640677,8.687845653682372,1.9486071757837495,5.864230999432001,uniform,uniform_exact,uniform,1,0,0
exp_threshold_sweep,2.631578947368421,0,n=2000|of=0.2|om=2.0|trial=0,outlier_grid,2000,490026983,602122969,0.5915941849529013,6.747218403782818,0.583047504474998,2.7135632742708835,uniform,uniform_exact,uniform,0,0,0
exp_threshold_sweep,2.631578947368421,1,n=2000|of=0.2|om=2.0|trial=1,outlier_grid,2000,490026984,603122972,0.5845956482433441,7.133862103294786,0.560730281469355,2.537010169165513,uniform,uniform_exact,uniform,0,0,0
exp_threshold_sweep,2.631578947368421,2,n=2000|of=0.2|om=2.0|trial=2,outlier_grid,2000,490026985,604122975,0.6364016724628121,6.162099158324124,0.5408284214401793,2.463108390925808,uniform,uniform_exact,uniform,0,0,0
exp_threshold_sweep,2.631578947368421,0,n=2000|of=0.2|om=5.0|trial=0,outlier_grid,2000,1342552336,1127160145,1.2983740571519216,4.789065542177101,1.1487401472247654,3.7842834903998437,uniform,uniform_exact,uniform,0,0,0
exp_threshold_sweep,2.631578947368421,1,n=2000|of=0.2|om=5.0|trial=1,outlier_grid,2000,1342552337,1128160148,1.3147579288921611,4.448881049791875,1.245793446594499,3.68844445508733,uniform,uniform_exact,uniform,0,0,0
exp_threshold_sweep,2.631578947368421,2,n=2000|of=0.2|om=5.0|trial=2,outlier_grid,2000,1342552338,1129160151,1.3083480127020897,4.637299734571176,1.5122888531187122,5.608678815230009,uniform,uniform_exact,uniform,0,0,0
exp_threshold_sweep,2.631578947368421,0,n=2000|of=0.2|om=10.0|trial=0,outlier_grid,2000,2047600042,2002222105,1.7372109637686688,4.909762302581473,1.6716309608531748,4.388355596263126,uniform,uniform_exact,uniform,0,0,0
exp_threshold_sweep,2.631578947368421,1,n=2000|of=0.2|om=10.0|trial=1,outlier_grid,2000,2047600043,2003222108,1.7421178180833923,4.869082529210165,1.3920251470425702,3.2364242352466905,uniform,uniform_exact,uniform,0,0,0
exp_threshold_sweep,2.631578947368421,2,n=2000|of=0.2|om=10.0|trial=2,outlier_grid,2000,2047600044,2004222111,1.7399890427199698,4.970317505328127,1.6097928537647304,4.035328696097734,uniform,uniform_exact,uniform,0,0,0
exp_threshold_sweep,2.631578947368421,0,n=5000|of=0.0|om=2.0|trial=0,outlier_grid,5000,1358777732,185399601,0.7224807944290408,9.893139619301449,0.5614430545234046,2.285997890132211,uniform,uniform,uniform,0,0,0
exp_threshold_sweep,2.631578947368421,1,n=5000|of=0.0|om=2.0|trial=1,outlier_grid,5000,1358777733,186399604,0.6783674416504732,9.248645932905605,0.5722214300091005,3.0791852807638826,uniform,uniform,uniform,0,0,0
exp_threshold_sweep,2.631578947368421,2,n=5000|of=0.0|om=2.0|trial=2,outlier_grid,5000,1358777734,187399607,0.6974014263102107,8.500077009248255,0.765822326875014,4.567145598788921,uniform,uniform_exact,uniform,0,0,0
exp_threshold_sweep,2.631578947368421,0,n=5000|of=0.0|om=5.0|trial=0,outlier_grid,5000,63819438,710436777,0.6966704990056833,11.78855723114979,0.9374815054069516,6.7383609548803145,uniform,uniform_exact,uniform,0,0,0
exp_threshold_sweep,2.631578947368421,1,n=5000|of=0.0|om=5.0|trial=1,outlier_grid,5000,63819439,711436780,0.7020645774986704,10.493395057863204,1.3273351538564335,9.647493258635082,uniform,uniform_exact,uniform,0,0,0
exp_threshold_sweep,2.631578947368421,2,n=5000|of=0.0|om=5.0|trial=2,outlier_grid,5000,63819440,712436783,0.6964872202949357,12.14043386833435,0.4904163313578692,2.2793427229188037,uniform,uniform,uniform,0,0,0
exp_threshold_sweep,2.631578947368421,0,n=5000|of=0.0|om=10.0|trial=0,outlier_grid,5000,768867144,1585498737,0.6923142098960464,10.791047985600459,0.6018971156430966,2.939264512712495,uniform,uniform,uniform,0,0,0
exp_threshold_sweep,2.631578947368421,1,n=5000|of=0.0|om=10.0|trial=1,outlier_grid,5000,768867145,1586498740,0.6749404683005831,10.377327086148796,0.8906222846307147,4.920546267728389,uniform,uniform_exact,uniform,0,0,0
exp_threshold_sweep,2.631578947368421,2,n=5000|of=0.0|om=10.0|trial=2,outlier_grid,5000,768867146,1587498743,0.7043250568842707,9.485986571983513,0.6588895910204521,3.025778064474251,uniform,uniform,uniform,0,0,0
exp_threshold_sweep,2.631578947368421,0,n=5000|of=0.01|om=2.0|trial=0,outlier_grid,5000,587433743,2091082623,0.7278048746693839,12.570758348270179,0.4957898987188222,2.7893199430792897,uniform,uniform,uniform,0,0,0
exp_threshold_sweep,2.631578947368421,1,n=5000|of=0.01|om=2.0|trial=1,outlier_grid,5000,587433744,2092082626,0.6959390046794844,8.19052749199074,0.6501703883797106,3.3330866376901174,uniform,uniform,uniform,0,0,0
exp_threshold_sweep,2.631578947368421,2,n=5000|of=0.01|om=2.0|trial=2,outlier_grid,5000,587433745,2093082629,0.7275752487361427,11.991683623295147,0.5653833462780569,3.5962584094955283,uniform,uniform,uniform,0,0,0
exp_threshold_sweep,2.631578947368421,0,n=5000|of=0.01|om=5.0|trial=0,outlier_grid,5000,1439959096,468636152,1.1514945012448503,13.921170970329356,0.6261549421405608,4.297305305758574,uniform,uniform,uniform,0,0,0
exp_threshold_sweep,2.631578947368421,1,n=5000|of=0.01|om=5.0|trial=1,outlier_grid,5000,1439959097,469636155,1.1000620070210954,13.282787825099584,0.7719476237790804,4.907175494488262,uniform,uniform_exact,uniform,0,0,0
exp_threshold_sweep,2.631578947368421,2,n=5000|of=0.01|om=5.0|trial=2,outlier_grid,5000,1439959098,470636158,1.169644960173019,14.047324928197764,0.7355517501169647,4.160392361466911,uniform,uniform_exact,uniform,0,0,0
exp_threshold_sweep,2.631578947368421,0,n=5000|of=0.01|om=10.0|trial=0,outlier_grid,5000,2145006802,1343698112,3.012040993380712,33.184170841399485,0.5471914114661783,2.679785236817598,is,uniform,uniform,1,0,1
exp_threshold_sweep,2.631578947368421,1,n=5000|of=0.01|om=10.0|trial=1,outlier_grid,5000,2145006803,1344698115,3.05512119238724,33.62125804296652,0.5130685223679796,2.7928484623614676,is,uniform,uniform,1,0,1
exp_threshold_sweep,2.631578947368421,2,n=5000|of=0.01|om=10.0|trial=2,outlier_grid,5000,2145006804,1345698118,3.0106207049135034,32.90968384374054,0.5878855137038238,3.1400204869197164,is,uniform,uniform,1,0,1
exp_threshold_sweep,2.631578947368421,0,n=5000|of=0.02|om=2.0|trial=0,outlier_grid,5000,1963573401,1849281998,0.6966747062003946,7.519776239119451,0.8360663516092074,5.070479343960554,uniform,uniform_exact,uniform,0,0,0
exp_threshold_sweep,2.631578947368421,1,n=5000|of=0.02|om=2.0|trial=1,outlier_grid,5000,1963573402,1850282001,0.7118330565326979,11.001515450812754,0.6829923257811019,3.848230718507465,uniform,uniform,uniform,0,0,0
exp_threshold_sweep,2.631578947368421,2,n=5000|of=0.02|om=2.0|trial=2,outlier_grid,5000,1963573403,1851282004,0.65806351816426,9.25657713996702,0.5210832011915695,3.009658120457691,uniform,uniform,uniform,0,0,0
exp_threshold_sweep,2.631578947368421,0,n=5000|of=0.02|om=5.0|trial=0,outlier_grid,5000,668615107,226835527,1.324498034040619,12.321985384365552,0.6839240639160747,4.346495701234621,uniform,uniform,uniform,0,0,0
exp_threshold_sweep,2.631578947368421,1,n=5000|of=0.02|om=5.0|trial=1,outlier_grid,5000,668615108,227835530,1.3258723349377788,12.187571001132723,1.73003666419072,10.106970137397335,uniform,uniform_exact,uniform,0,0,0
exp_threshold_sweep,2.631578947368421,2,n=5000|of=0.02|om=5.0|trial=2,outlier_grid,5000,668615109,228835533,1.3582145587406718,12.411829353085658,1.0320883990835974,7.353071842006123,uniform,uniform_exact,uniform,0,0,0
exp_threshold_sweep,2.631578947368421,0,n=5000|of=0.02|om=10.0|trial=0,outlier_grid,5000,1373662813,1101897487,3.273305510801266,25.581420388004364,3.1083569959548125,16.053851575688824,is,is,is,1,0,0
exp_threshold_sweep,2.631578947368421,1,n=5000|of=0.02|om=10.0|trial=1,outlier_grid,5000,1373662814,1102897490,3.270192893939796,25.42383972037984,3.1629404837759334,22.728762568451977,is,is,is,1,0,0
exp_threshold_sweep,2.631578947368421,2,n=5000|of=0.02|om=10.0|trial=2,outlier_grid,5000,1373662815,1103897493,3.2584141459449203,25.386482551776233,3.243974748159738,23.381508103443956,is,is,is,1,0,0
exp_threshold_sweep,2.631578947368421,0,n=5000|of=0.05|om=2.0|trial=0,outlier_grid,5000,1797025081,1123880123,0.6808824421638225,9.063293680601529,0.9514706108907272,6.318174779011014,uniform,uniform_exact,uniform,0,0,0
exp_threshold_sweep,2.631578947368421,1,n=5000|of=0.05|om=2.0|trial=1,outlier_grid,5000,1797025082,1124880126,0.6814735797847691,8.168079323694936,0.6775805280726648,3.9010483181152558,uniform,uniform,uniform,0,0,0
exp_threshold_sweep,2.631578947368421,2,n=5000|of=0.05|om=2.0|trial=2,outlier_grid,5000,1797025083,1125880129,0.6730762768779296,7.51328610662532,0.5603801475877154,2.5956014255421747,uniform,uniform,uniform,0,0,0
exp_threshold_sweep,2.631578947368421,0,n=5000|of=0.05|om=5.0|trial=0,outlier_grid,5000,502066787,1648917299,1.5610511723927194,9.482297366454727,1.6613919465040323,7.818784868025832,uniform,uniform_exact,uniform,0,0,0
exp_threshold_sweep,2.631578947368421,1,n=5000|of=0.05|om=5.0|trial=1,outlier_grid,5000,502066788,1649917302,1.5983515327881193,10.05179141412876,1.7130394222296068,8.533096891307927,uniform,uniform_exact,uniform,0,0,0
exp_threshold_sweep,2.631578947368421,2,n=5000|of=0.05|om=5.0|trial=2,outlier_grid,5000,502066789,1650917305,1.564054233622819,9.903368559014538,1.5450570224287894,7.205894044165951,uniform,uniform_exact,uniform,0,0,0
exp_threshold_sweep,2.631578947368421,0,n=5000|of=0.05|om=10.0|trial=0,outlier_grid,5000,1207114493,376495612,3.0064614329892705,15.45576789854595,2.5040939452134108,8.735822625196475,is,uniform_exact,uniform,1,0,1
exp_threshold_sweep,2.631578947368421,1,n=5000|of=0.05|om=10.0|trial=1,outlier_grid,5000,1207114494,377495615,2.975958669383625,15.516826552718598,2.4184527231924573,8.72535443317346,is,uniform_exact,uniform,1,0,1
exp_threshold_sweep,2.631578947368421,2,n=5000|of=0.05|om=10.0|trial=2,outlier_grid,5000,1207114495,378495618,2.994754765488841,15.286751648815459,3.328069018376057,23.995424368710193,is,is,is,1,0,0
exp_threshold_sweep,2.631578947368421,0,n=5000|of=0.1|om=2.0|trial=0,outlier_grid,5000,87788783,2062360645,0.6452892873409604,7.975916618900835,0.6268466439235048,3.3717664102113103,uniform,uniform,uniform,0,0,0
exp_threshold_sweep,2.631578947368421,1,n=5000|of=0.1|om=2.0|trial=1,outlier_grid,5000,87788784,2063360648,0.6342794906340355,7.439749972949388,0.570566480024051,3.212887230444031,uniform,uniform,uniform,0,0,0
exp_threshold_sweep,2.631578947368421,2,n=5000|of=0.1|om=2.0|trial=2,outlier_grid,5000,87788785,2064360651,0.6753511690743486,10.273263459798766,0.6383031628654906,3.836080330322145,uniform,uniform,uniform,0,0,0
exp_threshold_sweep,2.631578947368421,0,n=5000|of=0.1|om=5.0|trial=0,outlier_grid,5000,940314136,439914174,1.5642034237759075,7.461215325213151,1.5794036744058864,6.2635052190724805,uniform,uniform_exact,uniform,0,0,0
exp_threshold_sweep,2.631578947368421,1,n=5000|of=0.1|om=5.0|trial=1,outlier_grid,5000,940314137,440914177,1.6069129255861263,7.627573339463385,1.483181525991579,5.17936723071973,uniform,uniform_exact,uniform,0,0,0
exp_threshold_sweep,2.631578947368421,2,n=5000|of=0.1|om=5.0|trial=2,outlier_grid,5000,940314138,441914180,1.5835535573326203,7.463665704236842,1.5943438325449921,5.8887630262837485,uniform,uniform_exact,uniform,0,0,0
exp_threshold_sweep,2.631578947368421,0,n=5000|of=0.1|om=10.0|trial=0,outlier_grid,5000,1645361842,1314976134,2.4387528204411435,9.085143647908605,2.3852026772869004,8.533082100251969,is,uniform_exact,uniform,0,0,1
exp_threshold_sweep,2.631578947368421,1,n=5000|of=0.1|om=10.0|trial=1,outlier_grid,5000,1645361843,1315976137,2.44827057345472,9.074192457210252,3.0205621882074993,12.995594979544668,is,is,is,1,0,0
exp_threshold_sweep,2.631578947368421,2,n=5000|of=0.1|om=10.0|trial=2,outlier_grid,5000,1645361844,1316976140,2.4335609917695766,9.037567396165114,2.7084837760607585,11.96630009770294,is,is,is,0,0,0
exp_threshold_sweep,2.631578947368421,0,n=5000|of=0.2|om=2.0|trial=0,outlier_grid,5000,964283481,1791838042,0.6519470284472162,8.754530513444111,0.6247859958585109,3.5525555255518104,uniform,uniform,uniform,0,0,0
exp_threshold_sweep,2.631578947368421,1,n=5000|of=0.2|om=2.0|trial=1,outlier_grid,5000,964283482,1792838045,0.6299048125270215,10.880578863376364,0.5567342809688982,2.8051508563313496,uniform,uniform,uniform,0,0,0
exp_threshold_sweep,2.631578947368421,2,n=5000|of=0.2|om=2.0|trial=2,outlier_grid,5000,964283483,1793838048,0.6870579308218044,13.544762416249597,0.8216223440671996,4.998386320441621,uniform,uniform_exact,uniform,0,0,0
exp_threshold_sweep,2.631578947368421,0,n=5000|of=0.2|om=5.0|trial=0,outlier_grid,5000,1816808834,169391571,1.3838458656873216,5.062593836717688,1.4205059843051806,4.358175324916367,uniform,uniform_exact,uniform,0,0,0
exp_threshold_sweep,2.631578947368421,1,n=5000|of=0.2|om=5.0|trial=1,outlier_grid,5000,1816808835,170391574,1.398083832516939,5.098880683600188,1.3460292820398914,4.530783970474595,uniform,uniform_exact,uniform,0,0,0
exp_threshold_sweep,2.631578947368421,2,n=5000|of=0.2|om=5.0|trial=2,outlier_grid,5000,1816808836,171391577,1.3909424378180453,5.143704401559593,1.4280148892029405,4.847444748688462,uniform,uniform_exact,uniform,0,0,0
exp_threshold_sweep,2.631578947368421,0,n=5000|of=0.2|om=10.0|trial=0,outlier_grid,5000,374372893,1044453531,1.7911999033758386,5.04722867967325,1.818958368183501,5.052146066522877,is,uniform_exact,uniform,0,0,1
exp_threshold_sweep,2.631578947368421,1,n=5000|of=0.2|om=10.0|trial=1,outlier_grid,5000,374372894,1045453534,1.7925498435757545,5.031734118828527,1.573162811886946,3.8323023899515363,is,uniform_exact,uniform,0,0,1
exp_threshold_sweep,2.631578947368421,2,n=5000|of=0.2|om=10.0|trial=2,outlier_grid,5000,374372895,1046453537,1.799646793110485,5.033057676968276,1.6926693192945663,4.285256135089368,is,uniform_exact,uniform,0,0,1
exp_threshold_sweep,2.8684210526315788,0,n=1000|of=0.0|om=2.0|trial=0,outlier_grid,1000,1442263617,746596485,0.617599978331471,6.544485015745742,0.5569373888027122,3.927057743634966,uniform,uniform_exact,uniform,0,0,0
exp_threshold_sweep,2.8684210526315788,1,n=1000|of=0.0|om=2.0|trial=1,outlier_grid,1000,1442263618,747596488,0.7016203194983847,6.4257658382788225,0.7736043061541271,4.760425608540907,uniform,uniform_exact,uniform,0,0,0
exp_threshold_sweep,2.8684210526315788,2,n=1000|of=0.0|om=2.0|trial=2,outlier_grid,1000,1442263619,748596491,0.633503586176026,5.578210996800821,0.6867247621124223,4.0870791032975635,uniform,uniform_exact,uniform,0,0,0
exp_threshold_sweep,2.8684210526315788,0,n=1000|of=0.0|om=5.0|trial=0,outlier_grid,1000,147305323,1271633661,0.6607087487078306,6.077985671873188,0.8408719763831928,4.686953909201708,uniform,uniform_exact,uniform,0,0,0
exp_threshold_sweep,2.8684210526315788,1,n=1000|of=0.0|om=5.0|trial=1,outlier_grid,1000,147305324,1272633664,0.6504739835154975,5.5695015501111715,0.5975667187876323,3.2151771854192766,uniform,uniform_exact,uniform,0,0,0
exp_threshold_sweep,2.8684210526315788,2,n=1000|of=0.0|om=5.0|trial=2,outlier_grid,1000,147305325,1273633667,0.6694892343956219,5.3838442549691585,0.7046489983591949,3.636963373840931,uniform,uniform_exact,uniform,0,0,0
exp_threshold_sweep,2.8684210526315788,0,n=1000|of=0.0|om=10.0|trial=0,outlier_grid,1000,852353029,2146695621,0.6398166324088268,6.140337691272391,0.7280992158627383,4.8448831617692685,uniform,uniform_exact,uniform,0,0,0
exp_threshold_sweep,2.8684210526315788,1,n=1000|of=0.0|om=10.0|trial=1,outlier_grid,1000,852353030,211977,0.6645481406412764,5.726033896808133,0.6122483694524626,3.5000085390104427,uniform,uniform_exact,uniform,0,0,0
exp_threshold_sweep,2.8684210526315788,2,n=1000|of=0.0|om=10.0|trial=2,outlier_grid,1000,852353031,1211980,0.6625855174916219,6.889022080403152,0.5139656264307281,2.8354420795468305,uniform,uniform_exact,uniform,0,0,0
exp_threshold_sweep,2.8684210526315788,0,n=1000|of=0.01|om=2.0|trial=0,outlier_grid,1000,670919628,504795860,0.6194948810036581,4.431036671722072,0.48480782341120787,2.3055337007594434,uniform,uniform_exact,uniform,0,0,0
exp_threshold_sweep,2.8684210526315788,1,n=1000|of=0.01|om=2.0|trial=1,outlier_grid,1000,670919629,505795863,0.6419604984348997,5.780451621515172,0.7246796256553815,4.052495643662799,uniform,uniform_exact,uniform,0,0,0
exp_threshold_sweep,2.8684210526315788,2,n=1000|of=0.01|om=2.0|trial=2,outlier_grid,1000,670919630,506795866,0.6478534945181104,7.295799872829969,0.6869700634907897,2.9723090513094403,uniform,uniform_exact,uniform,0,0,0
exp_threshold_sweep,2.8684210526315788,0,n=1000|of=0.01|om=5.0|trial=0,outlier_grid,1000,1523444981,1029833036,0.9275708025452007,9.067911114745035,0.6378213529513217,3.37236372536286,uniform,uniform_exact,uniform,0,0,0
exp_threshold_sweep,2.8684210526315788,1,n=1000|of=0.01|om=5.0|trial=1,outlier_grid,1000,1523444982,1030833039,0.8826442516694574,9.20078801072338,0.7108467494226214,4.155361547451803,uniform,uniform_exact,uniform,0,0,0
exp_threshold_sweep,2.8684210526315788,2,n=1000|of=0.01|om=5.0|trial=2,outlier_grid,1000,1523444983,1031833042,0.8944373892679047,9.492564196854993,0.8938671512360022,6.415711007409704,uniform,uniform_exact,uniform,0,0,0
exp_threshold_sweep,2.8684210526315788,0,n=1000|of=0.01|om=10.0|trial=0,outlier_grid,1000,81009040,1904894996,2.1600848596659037,23.591190740265375,0.5975748927155514,3.0709580032479162,uniform,uniform_exact,uniform,0,0,0
exp_threshold_sweep,2.8684210526315788,1,n=1000|of=0.01|om=10.0|trial=1,outlier_grid,1000,81009041,1905894999,2.186629044024305,23.67565527185168,2.54822737529639,18.486324904351715,uniform,uniform_exact,uniform,0,0,0
exp_threshold_sweep,2.8684210526315788,2,n=1000|of=0.01|om=10.0|trial=2,outlier_grid,1000,81009042,1906895002,2.202788337834508,23.474969597415352,2.609756894162879,14.106628432468467,uniform,uniform_exact,uniform,1,0,0
exp_threshold_sweep,2.8684210526315788,0,n=1000|of=0.02|om=2.0|trial=0,outlier_grid,1000,2047059286,262995235,0.668926440883736,6.047119721303887,0.5563947196242877,2.4942371173591575,uniform,uniform_exact,uniform,0,0,0
exp_threshold_sweep,2.8684210526315788,1,n=1000|of=0.02|om=2.0|trial=1,outlier_grid,1000,2047059287,263995238,0.6096939094021688,4.754850690421404,0.5815216926872884,3.395573628115751,uniform,uniform_exact,uniform,0,0,0
exp_threshold_sweep,2.8684210526315788,2,n=1000|of=0.02|om=2.0|trial=2,outlier_grid,1000,2047059288,264995241,0.619980694353103,5.711189635441723,0.8386466386891339,5.335125259071453,uniform,uniform_exact,uniform,0,0,0
exp_threshold_sweep,2.8684210526315788,0,n=1000|of=0.02|om=5.0|trial=0,outlier_grid,1000,752100992,788032411,1.0363964890753734,8.83629684462703,1.1636423156543751,6.297601116725704,uniform,uniform_exact,uniform,0,0,0
exp_threshold_sweep,2.8684210526315788,1,n=1000|of=0.02|om=5.0|trial=1,outlier_grid,1000,752100993,789032414,1.0808453099122093,9.327938871539764,1.16548871767357,6.884162633923767,uniform,uniform_exact,uniform,0,0,0
exp_threshold_sweep,2.8684210526315788,2,n=1000|of=0.02|om=5.0|trial=2,outlier_grid,1000,752100994,790032417,1.0555990939448983,9.079803243418585,0.7597527708390206,3.2160631254792587,uniform,uniform_exact,uniform,0,0,0
exp_threshold_sweep,2.8684210526315788,0,n=1000|of=0.02|om=10.0|trial=0,outlier_grid,1000,1457148698,1663094371,2.4223349633420703,19.324723385669508,2.4794002169492093,10.925916558476917,uniform,uniform_exact,uniform,1,0,0
exp_threshold_sweep,2.8684210526315788,1,n=1000|of=0.02|om=10.0|trial=1,outlier_grid,1000,1457148699,1664094374,2.4594205603819232,19.349043540692758,2.3480952153229495,8.232136166558483,uniform,uniform_exact,uniform,1,0,0
exp_threshold_sweep,2.8684210526315788,2,n=1000|of=0.02|om=10.0|trial=2,outlier_grid,1000,1457148700,1665094377,2.441556227376376,19.145175988469532,2.522376385052809,18.198590782482928,uniform,uniform_exact,uniform,1,0,0
exp_threshold_sweep,2.8684210526315788,0,n=1000|of=0.05|om=2.0|trial=0,outlier_grid,1000,1880510966,1685077007,0.6787566315775071,6.9795351614658365,0.589904637599324,2.7121246466234554,uniform,uniform_exact,uniform,0,0,0
exp_threshold_sweep,2.8684210526315788,1,n=1000|of=0.05|om=2.0|trial=1,outlier_grid,1000,1880510967,1686077010,0.6273247767797993,5.416408240314115,0.6537288654959224,3.102969256570558,uniform,uniform_exact,uniform,0,0,0
exp_threshold_sweep,2.8684210526315788,2,n=1000|of=0.05|om=2.0|trial=2,outlier_grid,1000,1880510968,1687077013,0.6436184853347732,6.685255422490038,0.858804134812529,5.978715305685298,uniform,uniform_exact,uniform,0,0,0
exp_threshold_sweep,2.8684210526315788,0,n=1000|of=0.05|om=5.0|trial=0,outlier_grid,1000,585552672,62630536,1.322654341020879,7.809373922547658,1.0605945919692041,7.146744994877575,uniform,uniform_exact,uniform,0,0,0
exp_threshold_sweep,2.8684210526315788,1,n=1000|of=0.05|om=5.0|trial=1,outlier_grid,1000,585552673,63630539,1.2985808873964355,8.313744404611858,1.144484889522472,8.228529732047338,uniform,uniform_exact,uniform,0,0,0
exp_threshold_sweep,2.8684210526315788,2,n=1000|of=0.05|om=5.0|trial=2,outlier_grid,1000,585552674,64630542,1.208561744925839,7.712949719548932,1.0126138217024563,5.125465207317638,uniform,uniform_exact,uniform,0,0,0
exp_threshold_sweep,2.8684210526315788,0,n=1000|of=0.05|om=10.0|trial=0,outlier_grid,1000,1290600378,937692496,2.507398434602011,12.789785607408268,2.4223015275486923,9.624054318352302,uniform,uniform_exact,uniform,1,0,0
exp_threshold_sweep,2.8684210526315788,1,n=1000|of=0.05|om=10.0|trial=1,outlier_grid,1000,1290600379,938692499,2.520669114923294,12.78671987327333,2.261946005325924,8.011581480486466,uniform,uniform_exact,uniform,1,0,0
exp_threshold_sweep,2.8684210526315788,2,n=1000|of=0.05|om=10.0|trial=2,outlier_grid,1000,1290600380,939692502,2.49068495781207,12.596211278828237,2.118445635017124,7.060502514778585,uniform,uniform_exact,uniform,1,0,0
exp_threshold_sweep,2.8684210526315788,0,n=1000|of=0.1|om=2.0|trial=0,outlier_grid,1000,171274668,476073882,0.6524098435515786,7.086241475883487,0.5423065004237145,2.6864016822447248,uniform,uniform_exact,uniform,0,0,0
exp_threshold_sweep,2.8684210526315788,1,n=1000|of=0.1|om=2.0|trial=1,outlier_grid,1000,171274669,477073885,0.581167313005821,6.085439413528287,0.3884993896822791,1.9457846056827957,uniform,uniform_exact,uniform,0,0,0
exp_threshold_sweep,2.8684210526315788,2,n=1000|of=0.1|om=2.0|trial=2,outlier_grid,1000,171274670,478073888,0.6984683097008569,7.200833170425255,0.5294928449943053,3.3433417484595083,uniform,uniform_exact,uniform,0,0,0
exp_threshold_sweep,2.8684210526315788,0,n=1000|of=0.1|om=5.0|trial=0,outlier_grid,1000,1023800021,1001111058,1.3537758517722411,6.291632634044208,1.3663406320363618,5.444509029206669,uniform,uniform_exact,uniform,0,0,0
exp_threshold_sweep,2.8684210526315788,1,n=1000|of=0.1|om=5.0|trial=1,outlier_grid,1000,1023800022,1002111061,1.367532997551312,6.235878482522877,1.430168969337519,5.033736211883466,uniform,uniform_exact,uniform,0,0,0
exp_threshold_sweep,2.8684210526315788,2,n=1000|of=0.1|om=5.0|trial=2,outlier_grid,1000,1023800023,1003111064,1.3274574831627268,6.042607423381932,1.312896937549038,5.962758162437087,uniform,uniform_exact,uniform,0,0,0
exp_threshold_sweep,2.8684210526315788,0,n=1000|of=0.1|om=10.0|trial=0,outlier_grid,1000,1728847727,1876173018,2.1745485439283283,8.206958182334139,2.456869717894574,9.632502798918212,uniform,uniform_exact,uniform,0,0,0
exp_threshold_sweep,2.8684210526315788,1,n=1000|of=0.1|om=10.0|trial=1,outlier_grid,1000,1728847728,1877173021,2.2071501455785794,8.244504029581895,2.1028544417236326,6.913882154576766,uniform,uniform_exact,uniform,1,0,0
exp_threshold_sweep,2.8684210526315788,2,n=1000|of=0.1|om=10.0|trial=2,outlier_grid,1000,1728847729,1878173024,2.2131805137021714,8.13937339152958,2.306161981820493,9.060963903558704,uniform,uniform_exact,uniform,1,0,0
exp_threshold_sweep,2.8684210526315788,0,n=1000|of=0.2|om=2.0|trial=0,outlier_grid,1000,1047769366,205551279,0.596226390605092,7.59566327931635,0.5116251513950149,2.902317129794314,uniform,uniform_exact,uniform,0,0,0
exp_threshold_sweep,2.8684210526315788,1,n=1000|of=0.2|om=2.0|trial=1,outlier_grid,1000,1047769367,206551282,0.5707637716995058,4.76013034379612,0.70703416671721,3.928438413066784,uniform,uniform_exact,uniform,0,0,0
exp_threshold_sweep,2.8684210526315788,2,n=1000|of=0.2|om=2.0|trial=2,outlier_grid,1000,1047769368,207551285,0.6082008942884182,5.59710910895369,0.6928619142094187,4.116679510013101,uniform,uniform_exact,uniform,0,0,0
exp_threshold_sweep,2.8684210526315788,0,n=1000|of=0.2|om=5.0|trial=0,outlier_grid,1000,1900294719,730588455,1.2128763710131376,4.437108297044463,1.0909736165642834,3.6852694421507013,uniform,uniform_exact,uniform,0,0,0
exp_threshold_sweep,2.8684210526315788,1,n=1000|of=0.2|om=5.0|trial=1,outlier_grid,1000,1900294720,731588458,1.222022170293529,4.453870144522961,1.2946600527940733,4.671140082709692,uniform,uniform_exact,uniform,0,0,0
exp_threshold_sweep,2.8684210526315788,2,n=1000|of=0.2|om=5.0|trial=2,outlier_grid,1000,1900294721,732588461,1.2283430251331136,4.34226493758284,1.363766648238496,6.282543357428151,uniform,uniform_exact,uniform,0,0,0
exp_threshold_sweep,2.8684210526315788,0,n=1000|of=0.2|om=10.0|trial=0,outlier_grid,1000,457858778,1605650415,1.6822322474532947,4.785774324099834,1.9211154594385143,5.923517033358115,uniform,uniform_exact,uniform,0,0,0
exp_threshold_sweep,2.8684210526315788,1,n=1000|of=0.2|om=10.0|trial=1,outlier_grid,1000,457858779,1606650418,1.6828609678688584,4.797205593998007,1.5440128341444355,3.963022562140166,uniform,uniform_exact,uniform,0,0,0
exp_threshold_sweep,2.8684210526315788,2,n=1000|of=0.2|om=10.0|trial=2,outlier_grid,1000,457858780,1607650421,1.6824444119691087,4.694431122747657,1.87989140982208,5.505521852546986,uniform,uniform_exact,uniform,0,0,0
exp_threshold_sweep,2.8684210526315788,0,n=2000|of=0.0|om=2.0|trial=0,outlier_grid,2000,884521234,1143168176,0.6437859806065077,7.26494190000632,0.6795378261653001,3.537558541588774,uniform,uniform_exact,uniform,0,0,0
exp_threshold_sweep,2.8684210526315788,1,n=2000|of=0.0|om=2.0|trial=1,outlier_grid,2000,884521235,1144168179,0.6783226328241753,6.987718128416362,0.7173100475790765,3.7310022984077666,uniform,uniform_exact,uniform,0,0,0
exp_threshold_sweep,2.8684210526315788,2,n=2000|of=0.0|om=2.0|trial=2,outlier_grid,2000,884521236,1145168182,0.7008485258315146,10.87323753149392,0.9098039140205012,6.592826316886497,uniform,uniform_exact,uniform,0,0,0
exp_threshold_sweep,2.8684210526315788,0,n=2000|of=0.0|om=5.0|trial=0,outlier_grid,2000,1737046587,1668205352,0.6647636523552978,9.371015606248461,0.5264179112853857,2.789820880662961,uniform,uniform_exact,uniform,0,0,0
exp_threshold_sweep,2.8684210526315788,1,n=2000|of=0.0|om=5.0|trial=1,outlier_grid,2000,1737046588,1669205355,0.6503303945228937,7.618833107152736,0.5052717973526014,2.0834531684664594,uniform,uniform_exact,uniform,0,0,0
exp_threshold_sweep,2.8684210526315788,2,n=2000|of=0.0|om=5.0|trial=2,outlier_grid,2000,1737046589,1670205358,0.7116392058914187,10.837519913683188,0.43514294189277913,2.6070082849308642,uniform,uniform,uniform,0,0,0
exp_threshold_sweep,2.8684210526315788,0,n=2000|of=0.0|om=10.0|trial=0,outlier_grid,2000,294610646,395783665,0.6984542271619008,9.191213698217632,0.6455172901841676,2.7679064932069926,uniform,uniform_exact,uniform,0,0,0
exp_threshold_sweep,2.8684210526315788,1,n=2000|of=0.0|om=10.0|trial=1,outlier_grid,2000,294610647,396783668,0.6531760108020092,9.05950966881119,0.5539131662558244,2.782076495315784,uniform,uniform_exact,uniform,0,0,0
exp_threshold_sweep,2.8684210526315788,2,n=2000|of=0.0|om=10.0|trial=2,outlier_grid,2000,294610648,397783671,0.6722700999610615,5.917746054892996,0.5569329664754396,2.7488327206624352,uniform,uniform_exact,uniform,0,0,0
exp_threshold_sweep,2.8684210526315788,0,n=2000|of=0.01|om=2.0|trial=0,outlier_grid,2000,113177245,901367551,0.7041455345419971,8.158001271669198,0.9001902678535196,6.000927455840264,uniform,uniform_exact,uniform,0,0,0
exp_threshold_sweep,2.8684210526315788,1,n=2000|of=0.01|om=2.0|trial=1,outlier_grid,2000,113177246,902367554,0.6776575995706522,7.229319530734069,0.7411400784137787,3.4772080421326357,uniform,uniform_exact,uniform,0,0,0
exp_threshold_sweep,2.8684210526315788,2,n=2000|of=0.01|om=2.0|trial=2,outlier_grid,2000,113177247,903367557,0.6623640231431586,9.28680597708695,0.6049148000474264,3.0707069753576146,uniform,uniform_exact,uniform,0,0,0
exp_threshold_sweep,2.8684210526315788,0,n=2000|of=0.01|om=5.0|trial=0,outlier_grid,2000,965702598,1426404727,0.9816612409123018,11.124163624423396,0.8111280283346239,4.3430124498432825,uniform,uniform_exact,uniform,0,0,0
exp_threshold_sweep,2.8684210526315788,1,n=2000|of=0.01|om=5.0|trial=1,outlier_grid,2000,965702599,1427404730,1.019893147231907,10.771710935140439,0.8244018861057834,5.496152844091107,uniform,uniform_exact,uniform,0,0,0
exp_threshold_sweep,2.8684210526315788,2,n=2000|of=0.01|om=5.0|trial=2,outlier_grid,2000,965702600,1428404733,1.0038984191058524,11.152323945467518,1.4569049725347272,8.240848192347942,uniform,uniform_exact,uniform,0,0,0
exp_threshold_sweep,2.8684210526315788,0,n=2000|of=0.01|om=10.0|trial=0,outlier_grid,2000,1670750304,153983040,2.485939595674491,27.10730987984548,0.8891244120584624,5.930702351718412,uniform,uniform_exact,uniform,1,0,0
exp_threshold_sweep,2.8684210526315788,1,n=2000|of=0.01|om=10.0|trial=1,outlier_grid,2000,1670750305,154983043,2.4574092914423638,26.830979453268434,0.47728777181043147,2.3117898203390688,uniform,uniform_exact,uniform,1,0,0
exp_threshold_sweep,2.8684210526315788,2,n=2000|of=0.01|om=10.0|trial=2,outlier_grid,2000,1670750306,155983046,2.4875934157876274,27.001639859771334,0.6645592674332018,3.540174400361063,uniform,uniform_exact,uniform,1,0,0
exp_threshold_sweep,2.8684210526315788,0,n=2000|of=0.02|om=2.0|trial=0,outlier_grid,2000,1489316903,659566926,0.6522247884106012,6.7974888408872705,0.7422459117407096,4.724950717378569,uniform,uniform_exact,uniform,0,0,0
exp_threshold_sweep,2.8684210526315788,1,n=2000|of=0.02|om=2.0|trial=1,outlier_grid,2000,1489316904,660566929,0.708592555862065,7.3196862152942685,1.0386411284594017,6.01129553938185,uniform,uniform_exact,uniform,0,0,0
exp_threshold_sweep,2.8684210526315788,2,n=2000|of=0.02|om=2.0|trial=2,outlier_grid,2000,1489316905,661566932,0.6266465193598646,6.766098028970186,0.7540740759461966,4.904314272243291,uniform,uniform_exact,uniform,0,0,0
exp_threshold_sweep,2.8684210526315788,0,n=2000|of=0.02|om=5.0|trial=0,outlier_grid,2000,194358609,1184604102,1.187664640127493,10.482197021947206,0.6085513478322091,3.4159795098201555,uniform,uniform_exact,uniform,0,0,0
exp_threshold_sweep,2.8684210526315788,1,n=2000|of=0.02|om=5.0|trial=1,outlier_grid,2000,194358610,1185604105,1.169122399391696,10.541280528053289,0.6390632967260746,3.7301333641875987,uniform,uniform_exact,uniform,0,0,0
exp_threshold_sweep,2.8684210526315788,2,n=2000|of=0.02|om=5.0|trial=2,outlier_grid,2000,194358611,1186604108,1.2297958209577402,10.40504305776103,1.4871083962870628,8.106492914015815,uniform,uniform_exact,uniform,0,0,0
exp_threshold_sweep,2.8684210526315788,0,n=2000|of=0.02|om=10.0|trial=0,outlier_grid,2000,899406315,2059666062,2.869439534666998,22.1660269939405,0.5150354372031547,2.5125706063014532,uniform,uniform_exact,uniform,1,0,0
exp_threshold_sweep,2.8684210526315788,1,n=2000|of=0.02|om=10.0|trial=1,outlier_grid,2000,899406316,2060666065,2.804968516663726,22.06499967036417,2.8586826410631683,20.653121778308122,uniform,uniform_exact,uniform,1,0,0
exp_threshold_sweep,2.8684210526315788,2,n=2000|of=0.02|om=10.0|trial=2,outlier_grid,2000,899406317,2061666068,2.735942484849644,21.257719756855096,3.060233177306045,22.088853303229122,uniform,is,is,1,1,0
exp_threshold_sweep,2.8684210526315788,0,n=2000|of=0.05|om=2.0|trial=0,outlier_grid,2000,1322768583,2081648698,0.65141260441657,7.2644391200920655,0.449100386284324,2.041569503251057,uniform,uniform_exact,uniform,0,0,0
exp_threshold_sweep,2.8684210526315788,1,n=2000|of=0.05|om=2.0|trial=1,outlier_grid,2000,1322768584,2082648701,0.6410291195607866,6.374989174742897,0.7355892024404006,3.7659285184892384,uniform,uniform_exact,uniform,0,0,0
exp_threshold_sweep,2.8684210526315788,2,n=2000|of=0.05|om=2.0|trial=2,outlier_grid,2000,1322768585,2083648704,0.6227487686611384,6.430958934057433,0.8362888766865616,5.993197138946969,uniform,uniform_exact,uniform,0,0,0
exp_threshold_sweep,2.8684210526315788,0,n=2000|of=0.05|om=5.0|trial=0,outlier_grid,2000,27810289,459202227,1.358269331673104,8.966713358539577,1.545376224584582,7.739699257488331,uniform,uniform_exact,uniform,0,0,0
exp_threshold_sweep,2.8684210526315788,1,n=2000|of=0.05|om=5.0|trial=1,outlier_grid,2000,27810290,460202230,1.3763076923974027,8.285852764690443,1.4125575903389553,6.954794148421016,uniform,uniform_exact,uniform,0,0,0
exp_threshold_sweep,2.8684210526315788,2,n=2000|of=0.05|om=5.0|trial=2,outlier_grid,2000,27810291,461202233,1.4611702597146317,9.106720084066147,1.5882687499425883,8.103100381432293,uniform,uniform_exact,uniform,0,0,0
exp_threshold_sweep,2.8684210526315788,0,n=2000|of=0.05|om=10.0|trial=0,outlier_grid,2000,732857995,1334264187,2.7142794007709448,13.745211635687745,2.9448782809965737,15.787392429238963,uniform,is,is,1,1,0
exp_threshold_sweep,2.8684210526315788,1,n=2000|of=0.05|om=10.0|trial=1,outlier_grid,2000,732857996,1335264190,2.726308523162901,13.889554001701725,2.800034961040646,15.004875714158661,uniform,uniform_exact,uniform,1,0,0
exp_threshold_sweep,2.8684210526315788,2,n=2000|of=0.05|om=10.0|trial=2,outlier_grid,2000,732857997,1336264193,2.7326270401993864,13.72668609604081,0.49563374051024117,2.3817533376686457,uniform,uniform_exact,uniform,1,0,0
exp_threshold_sweep,2.8684210526315788,0,n=2000|of=0.1|om=2.0|trial=0,outlier_grid,2000,1761015932,872645573,0.5866904178552818,6.882127609815075,0.6009059597765013,2.861635777745531,uniform,uniform_exact,uniform,0,0,0
exp_threshold_sweep,2.8684210526315788,1,n=2000|of=0.1|om=2.0|trial=1,outlier_grid,2000,1761015933,873645576,0.6805166058317258,7.844182030189697,0.5377359119846903,2.9958341011902627,uniform,uniform_exact,uniform,0,0,0
exp_threshold_sweep,2.8684210526315788,2,n=2000|of=0.1|om=2.0|trial=2,outlier_grid,2000,1761015934,874645579,0.6075248895724128,8.488601778181627,0.49524027080151584,2.1698314113254233,uniform,uniform_exact,uniform,0,0,0
exp_threshold_sweep,2.8684210526315788,0,n=2000|of=0.1|om=5.0|trial=0,outlier_grid,2000,466057638,1397682749,1.4612428196080953,6.753627793666996,1.4984201058899802,7.062513183954372,uniform,uniform_exact,uniform,0,0,0
exp_threshold_sweep,2.8684210526315788,1,n=2000|of=0.1|om=5.0|trial=1,outlier_grid,2000,466057639,1398682752,1.4764441467779024,6.956174126191189,1.5155897124122797,7.498906322275059,uniform,uniform_exact,uniform,0,0,0
exp_threshold_sweep,2.8684210526315788,2,n=2000|of=0.1|om=5.0|trial=2,outlier_grid,2000,466057640,1399682755,1.4190922443740461,6.741387981806074,1.3816114931414487,5.867467670230106,uniform,uniform_exact,uniform,0,0,0
exp_threshold_sweep,2.8684210526315788,0,n=2000|of=0.1|om=10.0|trial=0,outlier_grid,2000,1171105344,125261062,2.301445779003562,8.777361115865295,2.3891647719609383,8.374730631546242,uniform,uniform_exact,uniform,0,0,0
exp_threshold_sweep,2.8684210526315788,1,n=2000|of=0.1|om=10.0|trial=1,outlier_grid,2000,1171105345,126261065,2.3152827988189686,8.658788130102245,2.9051397421051006,16.178768861257545,uniform,is,is,1,1,0
exp_threshold_sweep,2.8684210526315788,2,n=2000|of=0.1|om=10.0|trial=2,outlier_grid,2000,1171105346,127261068,2.30933321640677,8.687845653682372,2.4192954207976958,9.493135413818418,uniform,uniform_exact,uniform,1,0,0
exp_threshold_sweep,2.8684210526315788,0,n=2000|of=0.2|om=2.0|trial=0,outlier_grid,2000,490026983,602122970,0.5915941849529013,6.747218403782818,0.4034332106975152,2.0962252860317028,uniform,uniform,uniform,0,0,0
exp_threshold_sweep,2.8684210526315788,1,n=2000|of=0.2|om=2.0|trial=1,outlier_grid,2000,490026984,603122973,0.5845956482433441,7.133862103294786,0.5884970221686106,2.196055372331372,uniform,uniform_exact,uniform,0,0,0
exp_threshold_sweep,2.8684210526315788,2,n=2000|of=0.2|om=2.0|trial=2,outlier_grid,2000,490026985,604122976,0.6364016724628121,6.162099158324124,0.5429992076045689,3.1469110903944593,uniform,uniform_exact,uniform,0,0,0
exp_threshold_sweep,2.8684210526315788,0,n=2000|of=0.2|om=5.0|trial=0,outlier_grid,2000,1342552336,1127160146,1.2983740571519216,4.789065542177101,1.2535684673568972,4.01211978898392,uniform,uniform_exact,uniform,0,0,0
exp_threshold_sweep,2.8684210526315788,1,n=2000|of=0.2|om=5.0|trial=1,outlier_grid,2000,1342552337,1128160149,1.3147579288921611,4.448881049791875,1.4038038359161362,4.167784926856798,uniform,uniform_exact,uniform,0,0,0
exp_threshold_sweep,2.8684210526315788,2,n=2000|of=0.2|om=5.0|trial=2,outlier_grid,2000,1342552338,1129160152,1.3083480127020897,4.637299734571176,1.358302179943512,4.5494836832946675,uniform,uniform_exact,uniform,0,0,0
exp_threshold_sweep,2.8684210526315788,0,n=2000|of=0.2|om=10.0|trial=0,outlier_grid,2000,2047600042,2002222106,1.7372109637686688,4.909762302581473,2.2555881348260605,7.999200344617522,uniform,uniform_exact,uniform,0,0,0
exp_threshold_sweep,2.8684210526315788,1,n=2000|of=0.2|om=10.0|trial=1,outlier_grid,2000,2047600043,2003222109,1.7421178180833923,4.869082529210165,1.6077066528370554,4.17984250001544,uniform,uniform_exact,uniform,0,0,0
exp_threshold_sweep,2.8684210526315788,2,n=2000|of=0.2|om=10.0|trial=2,outlier_grid,2000,2047600044,2004222112,1.7399890427199698,4.970317505328127,1.4635542360416156,3.5554292572999606,uniform,uniform_exact,uniform,0,0,0
exp_threshold_sweep,2.8684210526315788,0,n=5000|of=0.0|om=2.0|trial=0,outlier_grid,5000,1358777732,185399602,0.7224807944290408,9.893139619301449,0.624048069576135,3.5887803585752773,uniform,uniform,uniform,0,0,0
exp_threshold_sweep,2.8684210526315788,1,n=5000|of=0.0|om=2.0|trial=1,outlier_grid,5000,1358777733,186399605,0.6783674416504732,9.248645932905605,0.8188116364208007,4.381389144944955,uniform,uniform_exact,uniform,0,0,0
exp_threshold_sweep,2.8684210526315788,2,n=5000|of=0.0|om=2.0|trial=2,outlier_grid,5000,1358777734,187399608,0.6974014263102107,8.500077009248255,0.6318057394111302,3.353511422941508,uniform,uniform,uniform,0,0,0
exp_threshold_sweep,2.8684210526315788,0,n=5000|of=0.0|om=5.0|trial=0,outlier_grid,5000,63819438,710436778,0.6966704990056833,11.78855723114979,0.7222482457458098,3.4070018676264806,uniform,uniform_exact,uniform,0,0,0
exp_threshold_sweep,2.8684210526315788,1,n=5000|of=0.0|om=5.0|trial=1,outlier_grid,5000,63819439,711436781,0.7020645774986704,10.493395057863204,0.5967413258942754,3.5695197040807916,uniform,uniform,uniform,0,0,0
exp_threshold_sweep,2.8684210526315788,2,n=5000|of=0.0|om=5.0|trial=2,outlier_grid,5000,63819440,712436784,0.6964872202949357,12.14043386833435,0.7501956032937582,3.627484756226908,uniform,uniform_exact,uniform,0,0,0
exp_threshold_sweep,2.8684210526315788,0,n=5000|of=0.0|om=10.0|trial=0,outlier_grid,5000,768867144,1585498738,0.6923142098960464,10.791047985600459,0.7418417080870725,4.467177802529099,uniform,uniform_exact,uniform,0,0,0
exp_threshold_sweep,2.8684210526315788,1,n=5000|of=0.0|om=10.0|trial=1,outlier_grid,5000,768867145,1586498741,0.6749404683005831,10.377327086148796,0.7942034066305073,5.35864587949851,uniform,uniform_exact,uniform,0,0,0
exp_threshold_sweep,2.8684210526315788,2,n=5000|of=0.0|om=10.0|trial=2,outlier_grid,5000,768867146,1587498744,0.7043250568842707,9.485986571983513,0.7584327053008494,4.978089919311557,uniform,uniform_exact,uniform,0,0,0
exp_threshold_sweep,2.8684210526315788,0,n=5000|of=0.01|om=2.0|trial=0,outlier_grid,5000,587433743,2091082624,0.7278048746693839,12.570758348270179,0.6628478351143258,4.052601761138997,uniform,uniform,uniform,0,0,0
exp_threshold_sweep,2.8684210526315788,1,n=5000|of=0.01|om=2.0|trial=1,outlier_grid,5000,587433744,2092082627,0.6959390046794844,8.19052749199074,0.7042231276610253,3.3500774095495176,uniform,uniform,uniform,0,0,0
exp_threshold_sweep,2.8684210526315788,2,n=5000|of=0.01|om=2.0|trial=2,outlier_grid,5000,587433745,2093082630,0.7275752487361427,11.991683623295147,0.5634554730460829,3.058303446279375,uniform,uniform,uniform,0,0,0
exp_threshold_sweep,2.8684210526315788,0,n=5000|of=0.01|om=5.0|trial=0,outlier_grid,5000,1439959096,468636153,1.1514945012448503,13.921170970329356,1.5250342335968499,11.162795478099593,uniform,uniform_exact,uniform,0,0,0
exp_threshold_sweep,2.8684210526315788,1,n=5000|of=0.01|om=5.0|trial=1,outlier_grid,5000,1439959097,469636156,1.1000620070210954,13.282787825099584,1.49541679894591,10.726953553923998,uniform,uniform_exact,uniform,0,0,0
exp_threshold_sweep,2.8684210526315788,2,n=5000|of=0.01|om=5.0|trial=2,outlier_grid,5000,1439959098,470636159,1.169644960173019,14.047324928197764,1.6405657901606967,11.356274938149888,uniform,uniform_exact,uniform,0,0,0
exp_threshold_sweep,2.8684210526315788,0,n=5000|of=0.01|om=10.0|trial=0,outlier_grid,5000,2145006802,1343698113,3.012040993380712,33.184170841399485,0.8602860816365523,5.909172864436895,is,uniform_exact,uniform,1,0,1
exp_threshold_sweep,2.8684210526315788,1,n=5000|of=0.01|om=10.0|trial=1,outlier_grid,5000,2145006803,1344698116,3.05512119238724,33.62125804296652,0.5953490144720393,3.155879645058882,is,uniform,uniform,1,0,1
exp_threshold_sweep,2.8684210526315788,2,n=5000|of=0.01|om=10.0|trial=2,outlier_grid,5000,2145006804,1345698119,3.0106207049135034,32.90968384374054,2.8516622907310216,12.45785758882493,is,uniform_exact,uniform,1,0,1
exp_threshold_sweep,2.8684210526315788,0,n=5000|of=0.02|om=2.0|trial=0,outlier_grid,5000,1963573401,1849281999,0.6966747062003946,7.519776239119451,0.6952854140309823,4.35108965244905,uniform,uniform,uniform,0,0,0
exp_threshold_sweep,2.8684210526315788,1,n=5000|of=0.02|om=2.0|trial=1,outlier_grid,5000,1963573402,1850282002,0.7118330565326979,11.001515450812754,0.6033080463934779,3.2824230029482044,uniform,uniform,uniform,0,0,0
exp_threshold_sweep,2.8684210526315788,2,n=5000|of=0.02|om=2.0|trial=2,outlier_grid,5000,1963573403,1851282005,0.65806351816426,9.25657713996702,0.6400032333626161,3.5021433827039816,uniform,uniform,uniform,0,0,0
exp_threshold_sweep,2.8684210526315788,0,n=5000|of=0.02|om=5.0|trial=0,outlier_grid,5000,668615107,226835528,1.324498034040619,12.321985384365552,0.5343101617989948,2.749427153932115,uniform,uniform,uniform,0,0,0
exp_threshold_sweep,2.8684210526315788,1,n=5000|of=0.02|om=5.0|trial=1,outlier_grid,5000,668615108,227835531,1.3258723349377788,12.187571001132723,1.5174050354638602,8.102807085754929,uniform,uniform_exact,uniform,0,0,0
exp_threshold_sweep,2.8684210526315788,2,n=5000|of=0.02|om=5.0|trial=2,outlier_grid,5000,668615109,228835534,1.3582145587406718,12.411829353085658,1.7804980702796525,9.453905539567366,uniform,uniform_exact,uniform,0,0,0
exp_threshold_sweep,2.8684210526315788,0,n=5000|of=0.02|om=10.0|trial=0,outlier_grid,5000,1373662813,1101897488,3.273305510801266,25.581420388004364,3.229677101311159,23.2760017859118,is,is,is,1,0,0
exp_threshold_sweep,2.8684210526315788,1,n=5000|of=0.02|om=10.0|trial=1,outlier_grid,5000,1373662814,1102897491,3.270192893939796,25.42383972037984,3.5104078658515774,25.163404149187283,is,is,is,1,0,0
exp_threshold_sweep,2.8684210526315788,2,n=5000|of=0.02|om=10.0|trial=2,outlier_grid,5000,1373662815,1103897494,3.2584141459449203,25.386482551776233,0.6310139109772743,2.921649278066524,is,uniform,uniform,1,0,1
exp_threshold_sweep,2.8684210526315788,0,n=5000|of=0.05|om=2.0|trial=0,outlier_grid,5000,1797025081,1123880124,0.6808824421638225,9.063293680601529,0.6045979034804737,3.46453084611126,uniform,uniform,uniform,0,0,0
exp_threshold_sweep,2.8684210526315788,1,n=5000|of=0.05|om=2.0|trial=1,outlier_grid,5000,1797025082,1124880127,0.6814735797847691,8.168079323694936,0.6537460276915682,3.347271620897726,uniform,uniform,uniform,0,0,0
exp_threshold_sweep,2.8684210526315788,2,n=5000|of=0.05|om=2.0|trial=2,outlier_grid,5000,1797025083,1125880130,0.6730762768779296,7.51328610662532,0.5626391450178362,4.031000797087987,uniform,uniform,uniform,0,0,0
exp_threshold_sweep,2.8684210526315788,0,n=5000|of=0.05|om=5.0|trial=0,outlier_grid,5000,502066787,1648917300,1.5610511723927194,9.482297366454727,1.383981780017776,6.419035568074323,uniform,uniform_exact,uniform,0,0,0
exp_threshold_sweep,2.8684210526315788,1,n=5000|of=0.05|om=5.0|trial=1,outlier_grid,5000,502066788,1649917303,1.5983515327881193,10.05179141412876,1.8101375171164382,10.100069866932888,uniform,uniform_exact,uniform,0,0,0
exp_threshold_sweep,2.8684210526315788,2,n=5000|of=0.05|om=5.0|trial=2,outlier_grid,5000,502066789,1650917306,1.564054233622819,9.903368559014538,1.6185828642655502,5.797907645281811,uniform,uniform_exact,uniform,0,0,0
exp_threshold_sweep,2.8684210526315788,0,n=5000|of=0.05|om=10.0|trial=0,outlier_grid,5000,1207114493,376495613,3.0064614329892705,15.45576789854595,2.9043614457973246,12.936757331123147,is,is,is,1,0,0
exp_threshold_sweep,2.8684210526315788,1,n=5000|of=0.05|om=10.0|trial=1,outlier_grid,5000,1207114494,377495616,2.975958669383625,15.516826552718598,2.903283282746154,15.18960091924026,is,is,is,1,0,0
exp_threshold_sweep,2.8684210526315788,2,n=5000|of=0.05|om=10.0|trial=2,outlier_grid,5000,1207114495,378495619,2.994754765488841,15.286751648815459,2.98177845019793,13.079052129037938,is,is,is,1,0,0
exp_threshold_sweep,2.8684210526315788,0,n=5000|of=0.1|om=2.0|trial=0,outlier_grid,5000,87788783,2062360646,0.6452892873409604,7.975916618900835,0.751719611356489,5.002285430550186,uniform,uniform_exact,uniform,0,0,0
exp_threshold_sweep,2.8684210526315788,1,n=5000|of=0.1|om=2.0|trial=1,outlier_grid,5000,87788784,2063360649,0.6342794906340355,7.439749972949388,0.765648211988257,3.88798245575718,uniform,uniform_exact,uniform,0,0,0
exp_threshold_sweep,2.8684210526315788,2,n=5000|of=0.1|om=2.0|trial=2,outlier_grid,5000,87788785,2064360652,0.6753511690743486,10.273263459798766,0.5451674232897429,2.856736446736392,uniform,uniform,uniform,0,0,0
exp_threshold_sweep,2.8684210526315788,0,n=5000|of=0.1|om=5.0|trial=0,outlier_grid,5000,940314136,439914175,1.5642034237759075,7.461215325213151,1.6358943536884,6.809337477472801,uniform,uniform_exact,uniform,0,0,0
exp_threshold_sweep,2.8684210526315788,1,n=5000|of=0.1|om=5.0|trial=1,outlier_grid,5000,940314137,440914178,1.6069129255861263,7.627573339463385,1.7054044190710436,8.580118890352173,uniform,uniform_exact,uniform,0,0,0
exp_threshold_sweep,2.8684210526315788,2,n=5000|of=0.1|om=5.0|trial=2,outlier_grid,5000,940314138,441914181,1.5835535573326203,7.463665704236842,1.6503127249029899,6.323370535098338,uniform,uniform_exact,uniform,0,0,0
exp_threshold_sweep,2.8684210526315788,0,n=5000|of=0.1|om=10.0|trial=0,outlier_grid,5000,1645361842,1314976135,2.4387528204411435,9.085143647908605,2.9969984356890067,13.165055997923057,is,is,is,0,0,0
exp_threshold_sweep,2.8684210526315788,1,n=5000|of=0.1|om=10.0|trial=1,outlier_grid,5000,1645361843,1315976138,2.44827057345472,9.074192457210252,2.4698123654652004,8.683580721410477,is,uniform_exact,uniform,1,0,1
exp_threshold_sweep,2.8684210526315788,2,n=5000|of=0.1|om=10.0|trial=2,outlier_grid,5000,1645361844,1316976141,2.4335609917695766,9.037567396165114,1.9137703486028623,5.1977501644194435,is,uniform_exact,uniform,0,0,1
exp_threshold_sweep,2.8684210526315788,0,n=5000|of=0.2|om=2.0|trial=0,outlier_grid,5000,964283481,1791838043,0.6519470284472162,8.754530513444111,0.5414916552265215,2.331943749042292,uniform,uniform,uniform,0,0,0
exp_threshold_sweep,2.8684210526315788,1,n=5000|of=0.2|om=2.0|trial=1,outlier_grid,5000,964283482,1792838046,0.6299048125270215,10.880578863376364,0.5957898236368724,3.1436325940891416,uniform,uniform,uniform,0,0,0
exp_threshold_sweep,2.8684210526315788,2,n=5000|of=0.2|om=2.0|trial=2,outlier_grid,5000,964283483,1793838049,0.6870579308218044,13.544762416249597,0.9138303615835028,5.606808510991619,uniform,uniform_exact,uniform,0,0,0
exp_threshold_sweep,2.8684210526315788,0,n=5000|of=0.2|om=5.0|trial=0,outlier_grid,5000,1816808834,169391572,1.3838458656873216,5.062593836717688,1.3896529055447422,4.171664611344566,uniform,uniform_exact,uniform,0,0,0
exp_threshold_sweep,2.8684210526315788,1,n=5000|of=0.2|om=5.0|trial=1,outlier_grid,5000,1816808835,170391575,1.398083832516939,5.098880683600188,1.3755704177489534,4.6398630135829295,uniform,uniform_exact,uniform,0,0,0
exp_threshold_sweep,2.8684210526315788,2,n=5000|of=0.2|om=5.0|trial=2,outlier_grid,5000,1816808836,171391578,1.3909424378180453,5.143704401559593,1.228179892698243,3.262877618493992,uniform,uniform_exact,uniform,0,0,0
exp_threshold_sweep,2.8684210526315788,0,n=5000|of=0.2|om=10.0|trial=0,outlier_grid,5000,374372893,1044453532,1.7911999033758386,5.04722867967325,1.7983321954200253,4.808201445676914,is,uniform_exact,uniform,0,0,1
exp_threshold_sweep,2.8684210526315788,1,n=5000|of=0.2|om=10.0|trial=1,outlier_grid,5000,374372894,1045453535,1.7925498435757545,5.031734118828527,2.0218133155867886,5.896853891908424,is,uniform_exact,uniform,0,0,1
exp_threshold_sweep,2.8684210526315788,2,n=5000|of=0.2|om=10.0|trial=2,outlier_grid,5000,374372895,1046453538,1.799646793110485,5.033057676968276,1.6499713544933374,4.233665223861257,is,uniform_exact,uniform,0,0,1
exp_threshold_sweep,3.1052631578947367,0,n=1000|of=0.0|om=2.0|trial=0,outlier_grid,1000,1442263617,746596486,0.617599978331471,6.544485015745742,0.5942921829450385,2.6264771481168983,uniform,uniform_exact,uniform,0,0,0
exp_threshold_sweep,3.1052631578947367,1,n=1000|of=0.0|om=2.0|trial=1,outlier_grid,1000,1442263618,747596489,0.7016203194983847,6.4257658382788225,0.7759543842999687,5.0038090874809305,uniform,uniform_exact,uniform,0,0,0
exp_threshold_sweep,3.1052631578947367,2,n=1000|of=0.0|om=2.0|trial=2,outlier_grid,1000,1442263619,748596492,0.633503586176026,5.578210996800821,0.5971088476158903,2.9124866424304927,uniform,uniform_exact,uniform,0,0,0
exp_threshold_sweep,3.1052631578947367,0,n=1000|of=0.0|om=5.0|trial=0,outlier_grid,1000,147305323,1271633662,0.6607087487078306,6.077985671873188,0.5697998735500797,2.865816316897958,uniform,uniform_exact,uniform,0,0,0
exp_threshold_sweep,3.1052631578947367,1,n=1000|of=0.0|om=5.0|trial=1,outlier_grid,1000,147305324,1272633665,0.6504739835154975,5.5695015501111715,0.6112457993557617,2.8285905736982304,uniform,uniform_exact,uniform,0,0,0
exp_threshold_sweep,3.1052631578947367,2,n=1000|of=0.0|om=5.0|trial=2,outlier_grid,1000,147305325,1273633668,0.6694892343956219,5.3838442549691585,0.5927437974018713,2.8440907015747796,uniform,uniform_exact,uniform,0,0,0
exp_threshold_sweep,3.1052631578947367,0,n=1000|of=0.0|om=10.0|trial=0,outlier_grid,1000,852353029,2146695622,0.6398166324088268,6.140337691272391,0.47728490153037495,2.147381091011644,uniform,uniform_exact,uniform,0,0,0
exp_threshold_sweep,3.1052631578947367,1,n=1000|of=0.0|om=10.0|trial=1,outlier_grid,1000,852353030,211978,0.6645481406412764,5.726033896808133,0.6715325168960441,4.110317247162284,uniform,uniform_exact,uniform,0,0,0
exp_threshold_sweep,3.1052631578947367,2,n=1000|of=0.0|om=10.0|trial=2,outlier_grid,1000,852353031,1211981,0.6625855174916219,6.889022080403152,0.5397140206587729,2.817693059900303,uniform,uniform_exact,uniform,0,0,0
exp_threshold_sweep,3.1052631578947367,0,n=1000|of=0.01|om=2.0|trial=0,outlier_grid,1000,670919628,504795861,0.6194948810036581,4.431036671722072,0.6339868703499307,3.584598714974111,uniform,uniform_exact,uniform,0,0,0
exp_threshold_sweep,3.1052631578947367,1,n=1000|of=0.01|om=2.0|trial=1,outlier_grid,1000,670919629,505795864,0.6419604984348997,5.780451621515172,0.6604657889243799,2.874337914775365,uniform,uniform_exact,uniform,0,0,0
exp_threshold_sweep,3.1052631578947367,2,n=1000|of=0.01|om=2.0|trial=2,outlier_grid,1000,670919630,506795867,0.6478534945181104,7.295799872829969,0.5422200923154791,2.784165709882257,uniform,uniform_exact,uniform,0,0,0
exp_threshold_sweep,3.1052631578947367,0,n=1000|of=0.01|om=5.0|trial=0,outlier_grid,1000,1523444981,1029833037,0.9275708025452007,9.067911114745035,0.5948632922498986,3.111370236339561,uniform,uniform_exact,uniform,0,0,0
exp_threshold_sweep,3.1052631578947367,1,n=1000|of=0.01|om=5.0|trial=1,outlier_grid,1000,1523444982,1030833040,0.8826442516694574,9.20078801072338,1.0465278549345483,7.518229667174334,uniform,uniform_exact,uniform,0,0,0
exp_threshold_sweep,3.1052631578947367,2,n=1000|of=0.01|om=5.0|trial=2,outlier_grid,1000,1523444983,1031833043,0.8944373892679047,9.492564196854993,1.1853756443409773,8.164771653627637,uniform,uniform_exact,uniform,0,0,0
exp_threshold_sweep,3.1052631578947367,0,n=1000|of=0.01|om=10.0|trial=0,outlier_grid,1000,81009040,1904894997,2.1600848596659037,23.591190740265375,2.476010536530092,13.611125879297528,uniform,uniform_exact,uniform,0,0,0
exp_threshold_sweep,3.1052631578947367,1,n=1000|of=0.01|om=10.0|trial=1,outlier_grid,1000,81009041,1905895000,2.186629044024305,23.67565527185168,0.6285650020264286,3.9677750018557467,uniform,uniform_exact,uniform,0,0,0
exp_threshold_sweep,3.1052631578947367,2,n=1000|of=0.01|om=10.0|trial=2,outlier_grid,1000,81009042,1906895003,2.202788337834508,23.474969597415352,0.6071859048566062,3.016300772074131,uniform,uniform_exact,uniform,1,0,0
exp_threshold_sweep,3.1052631578947367,0,n=1000|of=0.02|om=2.0|trial=0,outlier_grid,1000,2047059286,262995236,0.668926440883736,6.047119721303887,0.5586372229995655,2.569218299167391,uniform,uniform_exact,uniform,0,0,0
exp_threshold_sweep,3.1052631578947367,1,n=1000|of=0.02|om=2.0|trial=1,outlier_grid,1000,2047059287,263995239,0.6096939094021688,4.754850690421404,0.6151762749077859,2.8436206808070867,uniform,uniform_exact,uniform,0,0,0
exp_threshold_sweep,3.1052631578947367,2,n=1000|of=0.02|om=2.0|trial=2,outlier_grid,1000,2047059288,264995242,0.619980694353103,5.711189635441723,0.710464644384241,5.096661764015339,uniform,uniform_exact,uniform,0,0,0
exp_threshold_sweep,3.1052631578947367,0,n=1000|of=0.02|om=5.0|trial=0,outlier_grid,1000,752100992,788032412,1.0363964890753734,8.83629684462703,0.9925547092538204,6.990323203265631,uniform,uniform_exact,uniform,0,0,0
exp_threshold_sweep,3.1052631578947367,1,n=1000|of=0.02|om=5.0|trial=1,outlier_grid,1000,752100993,789032415,1.0808453099122093,9.327938871539764,1.10921509290976,7.1291554086783275,uniform,uniform_exact,uniform,0,0,0
exp_threshold_sweep,3.1052631578947367,2,n=1000|of=0.02|om=5.0|trial=2,outlier_grid,1000,752100994,790032418,1.0555990939448983,9.079803243418585,1.4571982355526907,7.64626952804395,uniform,uniform_exact,uniform,0,0,0
exp_threshold_sweep,3.1052631578947367,0,n=1000|of=0.02|om=10.0|trial=0,outlier_grid,1000,1457148698,1663094372,2.4223349633420703,19.324723385669508,2.431582735934133,17.585241235498895,uniform,uniform_exact,uniform,1,0,0
exp_threshold_sweep,3.1052631578947367,1,n=1000|of=0.02|om=10.0|trial=1,outlier_grid,1000,1457148699,1664094375,2.4594205603819232,19.349043540692758,2.4890870150968523,17.876495414551066,uniform,uniform_exact,uniform,1,0,0
exp_threshold_sweep,3.1052631578947367,2,n=1000|of=0.02|om=10.0|trial=2,outlier_grid,1000,1457148700,1665094378,2.441556227376376,19.145175988469532,2.4925088889010873,13.417357146642027,uniform,uniform_exact,uniform,1,0,0
exp_threshold_sweep,3.1052631578947367,0,n=1000|of=0.05|om=2.0|trial=0,outlier_grid,1000,1880510966,1685077008,0.6787566315775071,6.9795351614658365,0.8110975958969135,5.585435887255924,uniform,uniform_exact,uniform,0,0,0
exp_threshold_sweep,3.1052631578947367,1,n=1000|of=0.05|om=2.0|trial=1,outlier_grid,1000,1880510967,1686077011,0.6273247767797993,5.416408240314115,0.6306784395441772,3.4699199243166796,uniform,uniform_exact,uniform,0,0,0
exp_threshold_sweep,3.1052631578947367,2,n=1000|of=0.05|om=2.0|trial=2,outlier_grid,1000,1880510968,1687077014,0.6436184853347732,6.685255422490038,0.7926925101873183,5.208455123065807,uniform,uniform_exact,uniform,0,0,0
exp_threshold_sweep,3.1052631578947367,0,n=1000|of=0.05|om=5.0|trial=0,outlier_grid,1000,585552672,62630537,1.322654341020879,7.809373922547658,1.2926835344526864,5.979878492256194,uniform,uniform_exact,uniform,0,0,0
exp_threshold_sweep,3.1052631578947367,1,n=1000|of=0.05|om=5.0|trial=1,outlier_grid,1000,585552673,63630540,1.2985808873964355,8.313744404611858,0.8761832652779862,6.058895419621284,uniform,uniform_exact,uniform,0,0,0
exp_threshold_sweep,3.1052631578947367,2,n=1000|of=0.05|om=5.0|trial=2,outlier_grid,1000,585552674,64630543,1.208561744925839,7.712949719548932,1.1406489004922689,5.70903625378913,uniform,uniform_exact,uniform,0,0,0
exp_threshold_sweep,3.1052631578947367,0,n=1000|of=0.05|om=10.0|trial=0,outlier_grid,1000,1290600378,937692497,2.507398434602011,12.789785607408268,2.525023478105038,13.680728720179733,uniform,uniform_exact,uniform,1,0,0
exp_threshold_sweep,3.1052631578947367,1,n=1000|of=0.05|om=10.0|trial=1,outlier_grid,1000,1290600379,938692500,2.520669114923294,12.78671987327333,2.2724659272387084,8.706048598018555,uniform,uniform_exact,uniform,1,0,0
exp_threshold_sweep,3.1052631578947367,2,n=1000|of=0.05|om=10.0|trial=2,outlier_grid,1000,1290600380,939692503,2.49068495781207,12.596211278828237,2.558266014420162,14.286429787721458,uniform,uniform_exact,uniform,1,0,0
exp_threshold_sweep,3.1052631578947367,0,n=1000|of=0.1|om=2.0|trial=0,outlier_grid,1000,171274668,476073883,0.6524098435515786,7.086241475883487,0.5561885676625596,2.6363077378923863,uniform,uniform_exact,uniform,0,0,0
exp_threshold_sweep,3.1052631578947367,1,n=1000|of=0.1|om=2.0|trial=1,outlier_grid,1000,171274669,477073886,0.581167313005821,6.085439413528287,0.4839145691149659,2.0805086203564063,uniform,uniform_exact,uniform,0,0,0
exp_threshold_sweep,3.1052631578947367,2,n=1000|of=0.1|om=2.0|trial=2,outlier_grid,1000,171274670,478073889,0.6984683097008569,7.200833170425255,0.5985928940867927,3.7274601678901322,uniform,uniform_exact,uniform,0,0,0
exp_threshold_sweep,3.1052631578947367,0,n=1000|of=0.1|om=5.0|trial=0,outlier_grid,1000,1023800021,1001111059,1.3537758517722411,6.291632634044208,1.070515533534928,7.81463146187978,uniform,uniform_exact,uniform,0,0,0
exp_threshold_sweep,3.1052631578947367,1,n=1000|of=0.1|om=5.0|trial=1,outlier_grid,1000,1023800022,1002111062,1.367532997551312,6.235878482522877,1.5529669832670574,6.0285950170183185,uniform,uniform_exact,uniform,0,0,0
exp_threshold_sweep,3.1052631578947367,2,n=1000|of=0.1|om=5.0|trial=2,outlier_grid,1000,1023800023,1003111065,1.3274574831627268,6.042607423381932,1.4230786562534332,6.019647350985087,uniform,uniform_exact,uniform,0,0,0
exp_threshold_sweep,3.1052631578947367,0,n=1000|of=0.1|om=10.0|trial=0,outlier_grid,1000,1728847727,1876173019,2.1745485439283283,8.206958182334139,2.0674754610900794,6.959125916821265,uniform,uniform_exact,uniform,0,0,0
exp_threshold_sweep,3.1052631578947367,1,n=1000|of=0.1|om=10.0|trial=1,outlier_grid,1000,1728847728,1877173022,2.2071501455785794,8.244504029581895,2.1266534733189304,7.011463526303731,uniform,uniform_exact,uniform,1,0,0
exp_threshold_sweep,3.1052631578947367,2,n=1000|of=0.1|om=10.0|trial=2,outlier_grid,1000,1728847729,1878173025,2.2131805137021714,8.13937339152958,2.333725935538029,9.232900656807802,uniform,uniform_exact,uniform,1,0,0
exp_threshold_sweep,3.1052631578947367,0,n=1000|of=0.2|om=2.0|trial=0,outlier_grid,1000,1047769366,205551280,0.596226390605092,7.59566327931635,0.5039546698090662,2.968479573388745,uniform,uniform_exact,uniform,0,0,0
exp_threshold_sweep,3.1052631578947367,1,n=1000|of=0.2|om=2.0|trial=1,outlier_grid,1000,1047769367,206551283,0.5707637716995058,4.76013034379612,0.43083152129556845,2.6761514325365425,uniform,uniform_exact,uniform,0,0,0
exp_threshold_sweep,3.1052631578947367,2,n=1000|of=0.2|om=2.0|trial=2,outlier_grid,1000,1047769368,207551286,0.6082008942884182,5.59710910895369,0.46692289099954115,2.7216694183206913,uniform,uniform_exact,uniform,0,0,0
exp_threshold_sweep,3.1052631578947367,0,n=1000|of=0.2|om=5.0|trial=0,outlier_grid,1000,1900294719,730588456,1.2128763710131376,4.437108297044463,1.191331069400818,3.8767262202097474,uniform,uniform_exact,uniform,0,0,0
exp_threshold_sweep,3.1052631578947367,1,n=1000|of=0.2|om=5.0|trial=1,outlier_grid,1000,1900294720,731588459,1.222022170293529,4.453870144522961,1.1477912481052994,3.6307723025211875,uniform,uniform_exact,uniform,0,0,0
exp_threshold_sweep,3.1052631578947367,2,n=1000|of=0.2|om=5.0|trial=2,outlier_grid,1000,1900294721,732588462,1.2283430251331136,4.34226493758284,1.1626177902533434,3.65916191544607,uniform,uniform_exact,uniform,0,0,0
exp_threshold_sweep,3.1052631578947367,0,n=1000|of=0.2|om=10.0|trial=0,outlier_grid,1000,457858778,1605650416,1.6822322474532947,4.785774324099834,1.318668419552899,3.072314132508588,uniform,uniform_exact,uniform,0,0,0
exp_threshold_sweep,3.1052631578947367,1,n=1000|of=0.2|om=10.0|trial=1,outlier_grid,1000,457858779,1606650419,1.6828609678688584,4.797205593998007,1.5573061491789097,3.9641439326232915,uniform,uniform_exact,uniform,0,0,0
exp_threshold_sweep,3.1052631578947367,2,n=1000|of=0.2|om=10.0|trial=2,outlier_grid,1000,457858780,1607650422,1.6824444119691087,4.694431122747657,1.669397452137094,4.480542711066855,uniform,uniform_exact,uniform,0,0,0
exp_threshold_sweep,3.1052631578947367,0,n=2000|of=0.0|om=2.0|trial=0,outlier_grid,2000,884521234,1143168177,0.6437859806065077,7.26494190000632,0.5793774216171284,2.553445878302826,uniform,uniform_exact,uniform,0,0,0
exp_threshold_sweep,3.1052631578947367,1,n=2000|of=0.0|om=2.0|trial=1,outlier_grid,2000,884521235,1144168180,0.6783226328241753,6.987718128416362,0.7905994087427808,5.04346311334597,uniform,uniform_exact,uniform,0,0,0
exp_threshold_sweep,3.1052631578947367,2,n=2000|of=0.0|om=2.0|trial=2,outlier_grid,2000,884521236,1145168183,0.7008485258315146,10.87323753149392,0.5575829836083537,2.425972764798848,uniform,uniform_exact,uniform,0,0,0
exp_threshold_sweep,3.1052631578947367,0,n=2000|of=0.0|om=5.0|trial=0,outlier_grid,2000,1737046587,1668205353,0.6647636523552978,9.371015606248461,0.7914854265188036,4.5297335731532,uniform,uniform_exact,uniform,0,0,0
exp_threshold_sweep,3.1052631578947367,1,n=2000|of=0.0|om=5.0|trial=1,outlier_grid,2000,1737046588,1669205356,0.6503303945228937,7.618833107152736,0.6091265108689172,2.942375053336869,uniform,uniform_exact,uniform,0,0,0
exp_threshold_sweep,3.1052631578947367,2,n=2000|of=0.0|om=5.0|trial=2,outlier_grid,2000,1737046589,1670205359,0.7116392058914187,10.837519913683188,0.6881404183163123,3.5832236599532865,uniform,uniform_exact,uniform,0,0,0
exp_threshold_sweep,3.1052631578947367,0,n=2000|of=0.0|om=10.0|trial=0,outlier_grid,2000,294610646,395783666,0.6984542271619008,9.191213698217632,0.8375973613282114,5.425003457287504,uniform,uniform_exact,uniform,0,0,0
exp_threshold_sweep,3.1052631578947367,1,n=2000|of=0.0|om=10.0|trial=1,outlier_grid,2000,294610647,396783669,0.6531760108020092,9.05950966881119,0.5455370444932722,2.7942327589698395,uniform,uniform_exact,uniform,0,0,0
exp_threshold_sweep,3.1052631578947367,2,n=2000|of=0.0|om=10.0|trial=2,outlier_grid,2000,294610648,397783672,0.6722700999610615,5.917746054892996,0.9491326463322486,5.564922355448199,uniform,uniform_exact,uniform,0,0,0
exp_threshold_sweep,3.1052631578947367,0,n=2000|of=0.01|om=2.0|trial=0,outlier_grid,2000,113177245,901367552,0.7041455345419971,8.158001271669198,0.48804424817849396,2.239951415858279,uniform,uniform_exact,uniform,0,0,0
exp_threshold_sweep,3.1052631578947367,1,n=2000|of=0.01|om=2.0|trial=1,outlier_grid,2000,113177246,902367555,0.6776575995706522,7.229319530734069,0.6972094208341457,4.589796130726148,uniform,uniform_exact,uniform,0,0,0
exp_threshold_sweep,3.1052631578947367,2,n=2000|of=0.01|om=2.0|trial=2,outlier_grid,2000,113177247,903367558,0.6623640231431586,9.28680597708695,0.5321250091124979,2.648907266837745,uniform,uniform_exact,uniform,0,0,0
exp_threshold_sweep,3.1052631578947367,0,n=2000|of=0.01|om=5.0|trial=0,outlier_grid,2000,965702598,1426404728,0.9816612409123018,11.124163624423396,1.3829237427562835,9.474890766195317,uniform,uniform_exact,uniform,0,0,0
exp_threshold_sweep,3.1052631578947367,1,n=2000|of=0.01|om=5.0|trial=1,outlier_grid,2000,965702599,1427404731,1.019893147231907,10.771710935140439,1.3568218437510675,8.503240465798578,uniform,uniform_exact,uniform,0,0,0
exp_threshold_sweep,3.1052631578947367,2,n=2000|of=0.01|om=5.0|trial=2,outlier_grid,2000,965702600,1428404734,1.0038984191058524,11.152323945467518,1.0094441230613056,6.737160502061316,uniform,uniform_exact,uniform,0,0,0
exp_threshold_sweep,3.1052631578947367,0,n=2000|of=0.01|om=10.0|trial=0,outlier_grid,2000,1670750304,153983041,2.485939595674491,27.10730987984548,2.5790110230648575,11.227711660473533,uniform,uniform_exact,uniform,1,0,0
exp_threshold_sweep,3.1052631578947367,1,n=2000|of=0.01|om=10.0|trial=1,outlier_grid,2000,1670750305,154983044,2.4574092914423638,26.830979453268434,0.45200067014291495,2.8547397543501685,uniform,uniform_exact,uniform,1,0,0
exp_threshold_sweep,3.1052631578947367,2,n=2000|of=0.01|om=10.0|trial=2,outlier_grid,2000,1670750306,155983047,2.4875934157876274,27.001639859771334,0.7930218057954367,4.926462142123843,uniform,uniform_exact,uniform,1,0,0
exp_threshold_sweep,3.1052631578947367,0,n=2000|of=0.02|om=2.0|trial=0,outlier_grid,2000,1489316903,659566927,0.6522247884106012,6.7974888408872705,0.6243103247189783,2.885538342587348,uniform,uniform_exact,uniform,0,0,0
exp_threshold_sweep,3.1052631578947367,1,n=2000|of=0.02|om=2.0|trial=1,outlier_grid,2000,1489316904,660566930,0.708592555862065,7.3196862152942685,0.7344417413322397,3.579807596134472,uniform,uniform_exact,uniform,0,0,0
exp_threshold_sweep,3.1052631578947367,2,n=2000|of=0.02|om=2.0|trial=2,outlier_grid,2000,1489316905,661566933,0.6266465193598646,6.766098028970186,0.8698150654982566,5.889957364963688,uniform,uniform_exact,uniform,0,0,0
exp_threshold_sweep,3.1052631578947367,0,n=2000|of=0.02|om=5.0|trial=0,outlier_grid,2000,194358609,1184604103,1.187664640127493,10.482197021947206,0.6657524469755957,3.62785173806076,uniform,uniform_exact,uniform,0,0,0
exp_threshold_sweep,3.1052631578947367,1,n=2000|of=0.02|om=5.0|trial=1,outlier_grid,2000,194358610,1185604106,1.169122399391696,10.541280528053289,0.5190281309932053,2.463105360878785,uniform,uniform_exact,uniform,0,0,0
exp_threshold_sweep,3.1052631578947367,2,n=2000|of=0.02|om=5.0|trial=2,outlier_grid,2000,194358611,1186604109,1.2297958209577402,10.40504305776103,0.5466419144722428,3.048691054976386,uniform,uniform_exact,uniform,0,0,0
exp_threshold_sweep,3.1052631578947367,0,n=2000|of=0.02|om=10.0|trial=0,outlier_grid,2000,899406315,2059666063,2.869439534666998,22.1660269939405,0.6096626980354259,2.8805129046898057,uniform,uniform_exact,uniform,1,0,0
exp_threshold_sweep,3.1052631578947367,1,n=2000|of=0.02|om=10.0|trial=1,outlier_grid,2000,899406316,2060666066,2.804968516663726,22.06499967036417,2.7011602945412845,19.52602636675695,uniform,uniform_exact,uniform,1,0,0
exp_threshold_sweep,3.1052631578947367,2,n=2000|of=0.02|om=10.0|trial=2,outlier_grid,2000,899406317,2061666069,2.735942484849644,21.257719756855096,2.777503366262843,15.974506151805945,uniform,uniform_exact,uniform,1,0,0
exp_threshold_sweep,3.1052631578947367,0,n=2000|of=0.05|om=2.0|trial=0,outlier_grid,2000,1322768583,2081648699,0.65141260441657,7.2644391200920655,0.5373572277621149,2.853980590577312,uniform,uniform_exact,uniform,0,0,0
exp_threshold_sweep,3.1052631578947367,1,n=2000|of=0.05|om=2.0|trial=1,outlier_grid,2000,1322768584,2082648702,0.6410291195607866,6.374989174742897,0.49570945535113076,2.7852066634055292,uniform,uniform_exact,uniform,0,0,0
exp_threshold_sweep,3.1052631578947367,2,n=2000|of=0.05|om=2.0|trial=2,outlier_grid,2000,1322768585,2083648705,0.6227487686611384,6.430958934057433,0.5169345080532071,2.535697962759599,uniform,uniform_exact,uniform,0,0,0
exp_threshold_sweep,3.1052631578947367,0,n=2000|of=0.05|om=5.0|trial=0,outlier_grid,2000,27810289,459202228,1.358269331673104,8.966713358539577,1.4968133842073346,9.137742750793317,uniform,uniform_exact,uniform,0,0,0
exp_threshold_sweep,3.1052631578947367,1,n=2000|of=0.05|om=5.0|trial=1,outlier_grid,2000,27810290,460202231,1.3763076923974027,8.285852764690443,1.4779708260601954,10.780416590787294,uniform,uniform_exact,uniform,0,0,0
exp_threshold_sweep,3.1052631578947367,2,n=2000|of=0.05|om=5.0|trial=2,outlier_grid,2000,27810291,461202234,1.4611702597146317,9.106720084066147,1.396481545325307,10.353615653614067,uniform,uniform_exact,uniform,0,0,0
exp_threshold_sweep,3.1052631578947367,0,n=2000|of=0.05|om=10.0|trial=0,outlier_grid,2000,732857995,1334264188,2.7142794007709448,13.745211635687745,2.727207513378807,14.331561329754662,uniform,uniform_exact,uniform,1,0,0
exp_threshold_sweep,3.1052631578947367,1,n=2000|of=0.05|om=10.0|trial=1,outlier_grid,2000,732857996,1335264191,2.726308523162901,13.889554001701725,2.7371430833110244,11.928809507217006,uniform,uniform_exact,uniform,1,0,0
exp_threshold_sweep,3.1052631578947367,2,n=2000|of=0.05|om=10.0|trial=2,outlier_grid,2000,732857997,1336264194,2.7326270401993864,13.72668609604081,2.815205540403905,15.367223790013703,uniform,uniform_exact,uniform,1,0,0
exp_threshold_sweep,3.1052631578947367,0,n=2000|of=0.1|om=2.0|trial=0,outlier_grid,2000,1761015932,872645574,0.5866904178552818,6.882127609815075,0.5094763929148217,2.744125044917484,uniform,uniform_exact,uniform,0,0,0
exp_threshold_sweep,3.1052631578947367,1,n=2000|of=0.1|om=2.0|trial=1,outlier_grid,2000,1761015933,873645577,0.6805166058317258,7.844182030189697,0.69594052623524,3.3279410559466234,uniform,uniform_exact,uniform,0,0,0
exp_threshold_sweep,3.1052631578947367,2,n=2000|of=0.1|om=2.0|trial=2,outlier_grid,2000,1761015934,874645580,0.6075248895724128,8.488601778181627,0.5838896427838571,3.2380481941414825,uniform,uniform_exact,uniform,0,0,0
exp_threshold_sweep,3.1052631578947367,0,n=2000|of=0.1|om=5.0|trial=0,outlier_grid,2000,466057638,1397682750,1.4612428196080953,6.753627793666996,1.501243498328347,6.254893916134475,uniform,uniform_exact,uniform,0,0,0
exp_threshold_sweep,3.1052631578947367,1,n=2000|of=0.1|om=5.0|trial=1,outlier_grid,2000,466057639,1398682753,1.4764441467779024,6.956174126191189,1.520111414571896,6.487357445198196,uniform,uniform_exact,uniform,0,0,0
exp_threshold_sweep,3.1052631578947367,2,n=2000|of=0.1|om=5.0|trial=2,outlier_grid,2000,466057640,1399682756,1.4190922443740461,6.741387981806074,1.4748427164276536,7.295554799439159,uniform,uniform_exact,uniform,0,0,0
exp_threshold_sweep,3.1052631578947367,0,n=2000|of=0.1|om=10.0|trial=0,outlier_grid,2000,1171105344,125261063,2.301445779003562,8.777361115865295,2.228893484733885,7.83546475045433,uniform,uniform_exact,uniform,0,0,0
exp_threshold_sweep,3.1052631578947367,1,n=2000|of=0.1|om=10.0|trial=1,outlier_grid,2000,1171105345,126261066,2.3152827988189686,8.658788130102245,2.3720899731187193,8.560714356517394,uniform,uniform_exact,uniform,1,0,0
exp_threshold_sweep,3.1052631578947367,2,n=2000|of=0.1|om=10.0|trial=2,outlier_grid,2000,1171105346,127261069,2.30933321640677,8.687845653682372,2.218127150192437,7.996634847680983,uniform,uniform_exact,uniform,1,0,0
exp_threshold_sweep,3.1052631578947367,0,n=2000|of=0.2|om=2.0|trial=0,outlier_grid,2000,490026983,602122971,0.5915941849529013,6.747218403782818,0.620835312300028,3.1954705216102055,uniform,uniform_exact,uniform,0,0,0
exp_threshold_sweep,3.1052631578947367,1,n=2000|of=0.2|om=2.0|trial=1,outlier_grid,2000,490026984,603122974,0.5845956482433441,7.133862103294786,0.7035034904261671,4.545838770333961,uniform,uniform_exact,uniform,0,0,0
exp_threshold_sweep,3.1052631578947367,2,n=2000|of=0.2|om=2.0|trial=2,outlier_grid,2000,490026985,604122977,0.6364016724628121,6.162099158324124,0.5727061622599742,3.836118859205571,uniform,uniform_exact,uniform,0,0,0
exp_threshold_sweep,3.1052631578947367,0,n=2000|of=0.2|om=5.0|trial=0,outlier_grid,2000,1342552336,1127160147,1.2983740571519216,4.789065542177101,1.3733621755974423,5.076019202926032,uniform,uniform_exact,uniform,0,0,0
exp_threshold_sweep,3.1052631578947367,1,n=2000|of=0.2|om=5.0|trial=1,outlier_grid,2000,1342552337,1128160150,1.3147579288921611,4.448881049791875,1.3976911831426924,4.997144765297909,uniform,uniform_exact,uniform,0,0,0
exp_threshold_sweep,3.1052631578947367,2,n=2000|of=0.2|om=5.0|trial=2,outlier_grid,2000,1342552338,1129160153,1.3083480127020897,4.637299734571176,1.3927189155023065,4.8613430195240745,uniform,uniform_exact,uniform,0,0,0
exp_threshold_sweep,3.1052631578947367,0,n=2000|of=0.2|om=10.0|trial=0,outlier_grid,2000,2047600042,2002222107,1.7372109637686688,4.909762302581473,1.5185086960985763,3.7608427776004674,uniform,uniform_exact,uniform,0,0,0
exp_threshold_sweep,3.1052631578947367,1,n=2000|of=0.2|om=10.0|trial=1,outlier_grid,2000,2047600043,2003222110,1.7421178180833923,4.869082529210165,1.5238848653409662,3.7572568165318656,uniform,uniform_exact,uniform,0,0,0
exp_threshold_sweep,3.1052631578947367,2,n=2000|of=0.2|om=10.0|trial=2,outlier_grid,2000,2047600044,2004222113,1.7399890427199698,4.970317505328127,1.5948653907549344,3.9527482307536186,uniform,uniform_exact,uniform,0,0,0
exp_threshold_sweep,3.1052631578947367,0,n=5000|of=0.0|om=2.0|trial=0,outlier_grid,5000,1358777732,185399603,0.7224807944290408,9.893139619301449,0.7029053127256123,4.657236208760336,uniform,uniform,uniform,0,0,0
exp_threshold_sweep,3.1052631578947367,1,n=5000|of=0.0|om=2.0|trial=1,outlier_grid,5000,1358777733,186399606,0.6783674416504732,9.248645932905605,0.6548157439104748,3.686551208172463,uniform,uniform,uniform,0,0,0
exp_threshold_sweep,3.1052631578947367,2,n=5000|of=0.0|om=2.0|trial=2,outlier_grid,5000,1358777734,187399609,0.6974014263102107,8.500077009248255,0.4710278420743726,2.323391432775541,uniform,uniform,uniform,0,0,0
exp_threshold_sweep,3.1052631578947367,0,n=5000|of=0.0|om=5.0|trial=0,outlier_grid,5000,63819438,710436779,0.6966704990056833,11.78855723114979,0.6726162603151785,3.5211570598917805,uniform,uniform,uniform,0,0,0
exp_threshold_sweep,3.1052631578947367,1,n=5000|of=0.0|om=5.0|trial=1,outlier_grid,5000,63819439,711436782,0.7020645774986704,10.493395057863204,0.7177156218742307,3.4654262353216874,uniform,uniform_exact,uniform,0,0,0
exp_threshold_sweep,3.1052631578947367,2,n=5000|of=0.0|om=5.0|trial=2,outlier_grid,5000,63819440,712436785,0.6964872202949357,12.14043386833435,0.7802553217645944,4.503974204328549,uniform,uniform_exact,uniform,0,0,0
exp_threshold_sweep,3.1052631578947367,0,n=5000|of=0.0|om=10.0|trial=0,outlier_grid,5000,768867144,1585498739,0.6923142098960464,10.791047985600459,1.115312841361532,7.463977539233981,uniform,uniform_exact,uniform,0,0,0
exp_threshold_sweep,3.1052631578947367,1,n=5000|of=0.0|om=10.0|trial=1,outlier_grid,5000,768867145,1586498742,0.6749404683005831,10.377327086148796,0.606513564592826,3.6832757700130547,uniform,uniform,uniform,0,0,0
exp_threshold_sweep,3.1052631578947367,2,n=5000|of=0.0|om=10.0|trial=2,outlier_grid,5000,768867146,1587498745,0.7043250568842707,9.485986571983513,0.5636903983989301,2.9724233670232496,uniform,uniform,uniform,0,0,0
exp_threshold_sweep,3.1052631578947367,0,n=5000|of=0.01|om=2.0|trial=0,outlier_grid,5000,587433743,2091082625,0.7278048746693839,12.570758348270179,0.5869330168996083,2.7944754525654147,uniform,uniform,uniform,0,0,0
exp_threshold_sweep,3.1052631578947367,1,n=5000|of=0.01|om=2.0|trial=1,outlier_grid,5000,587433744,2092082628,0.6959390046794844,8.19052749199074,0.6233175300719462,3.1119750747050725,uniform,uniform,uniform,0,0,0
exp_threshold_sweep,3.1052631578947367,2,n=5000|of=0.01|om=2.0|trial=2,outlier_grid,5000,587433745,2093082631,0.7275752487361427,11.991683623295147,0.6612357407812901,3.2271635922212125,uniform,uniform,uniform,0,0,0
exp_threshold_sweep,3.1052631578947367,0,n=5000|of=0.01|om=5.0|trial=0,outlier_grid,5000,1439959096,468636154,1.1514945012448503,13.921170970329356,1.4946696945621263,8.673299313065018,uniform,uniform_exact,uniform,0,0,0
exp_threshold_sweep,3.1052631578947367,1,n=5000|of=0.01|om=5.0|trial=1,outlier_grid,5000,1439959097,469636157,1.1000620070210954,13.282787825099584,0.8431980129354955,5.327787799085827,uniform,uniform_exact,uniform,0,0,0
exp_threshold_sweep,3.1052631578947367,2,n=5000|of=0.01|om=5.0|trial=2,outlier_grid,5000,1439959098,470636160,1.169644960173019,14.047324928197764,0.5618418658454529,3.5478773731518625,uniform,uniform,uniform,0,0,0
exp_threshold_sweep,3.1052631578947367,0,n=5000|of=0.01|om=10.0|trial=0,outlier_grid,5000,2145006802,1343698114,3.012040993380712,33.184170841399485,3.077053166231066,16.368902102367183,is,uniform_exact,uniform,1,0,1
exp_threshold_sweep,3.1052631578947367,1,n=5000|of=0.01|om=10.0|trial=1,outlier_grid,5000,2145006803,1344698117,3.05512119238724,33.62125804296652,3.2194080254433466,23.149393831428167,is,is,is,1,0,0
exp_threshold_sweep,3.1052631578947367,2,n=5000|of=0.01|om=10.0|trial=2,outlier_grid,5000,2145006804,1345698120,3.0106207049135034,32.90968384374054,0.7257831942331552,4.41491378902149,is,uniform_exact,uniform,1,0,1
exp_threshold_sweep,3.1052631578947367,0,n=5000|of=0.02|om=2.0|trial=0,outlier_grid,5000,1963573401,1849282000,0.6966747062003946,7.519776239119451,0.8411464541418465,4.764094089811951,uniform,uniform_exact,uniform,0,0,0
exp_threshold_sweep,3.1052631578947367,1,n=5000|of=0.02|om=2.0|trial=1,outlier_grid,5000,1963573402,1850282003,0.7118330565326979,11.001515450812754,0.7535049713458812,3.2790972688983135,uniform,uniform_exact,uniform,0,0,0
exp_threshold_sweep,3.1052631578947367,2,n=5000|of=0.02|om=2.0|trial=2,outlier_grid,5000,1963573403,1851282006,0.65806351816426,9.25657713996702,0.4013717213088666,2.453985738432264,uniform,uniform,uniform,0,0,0
exp_threshold_sweep,3.1052631578947367,0,n=5000|of=0.02|om=5.0|trial=0,outlier_grid,5000,668615107,226835529,1.324498034040619,12.321985384365552,1.5453601834245903,11.430804738230036,uniform,uniform_exact,uniform,0,0,0
exp_threshold_sweep,3.1052631578947367,1,n=5000|of=0.02|om=5.0|trial=1,outlier_grid,5000,668615108,227835532,1.3258723349377788,12.187571001132723,0.7158808809714432,3.746393674548509,uniform,uniform_exact,uniform,0,0,0
exp_threshold_sweep,3.1052631578947367,2,n=5000|of=0.02|om=5.0|trial=2,outlier_grid,5000,668615109,228835535,1.3582145587406718,12.411829353085658,0.684605805793197,3.242909556596871,uniform,uniform,uniform,0,0,0
exp_threshold_sweep,3.1052631578947367,0,n=5000|of=0.02|om=10.0|trial=0,outlier_grid,5000,1373662813,1101897489,3.273305510801266,25.581420388004364,0.6710802468516944,3.135695717510515,is,uniform,uniform,1,0,1
exp_threshold_sweep,3.1052631578947367,1,n=5000|of=0.02|om=10.0|trial=1,outlier_grid,5000,1373662814,1102897492,3.270192893939796,25.42383972037984,3.2951433435476263,23.732222650850346,is,is,is,1,0,0
exp_threshold_sweep,3.1052631578947367,2,n=5000|of=0.02|om=10.0|trial=2,outlier_grid,5000,1373662815,1103897495,3.2584141459449203,25.386482551776233,0.5951191102930508,3.689748536537987,is,uniform,uniform,1,0,1
exp_threshold_sweep,3.1052631578947367,0,n=5000|of=0.05|om=2.0|trial=0,outlier_grid,5000,1797025081,1123880125,0.6808824421638225,9.063293680601529,1.0409913046398778,7.463411034148529,uniform,uniform_exact,uniform,0,0,0
exp_threshold_sweep,3.1052631578947367,1,n=5000|of=0.05|om=2.0|trial=1,outlier_grid,5000,1797025082,1124880128,0.6814735797847691,8.168079323694936,0.444957592794511,1.9678708964148357,uniform,uniform,uniform,0,0,0
exp_threshold_sweep,3.1052631578947367,2,n=5000|of=0.05|om=2.0|trial=2,outlier_grid,5000,1797025083,1125880131,0.6730762768779296,7.51328610662532,0.533541529238995,3.0652448859026626,uniform,uniform,uniform,0,0,0
exp_threshold_sweep,3.1052631578947367,0,n=5000|of=0.05|om=5.0|trial=0,outlier_grid,5000,502066787,1648917301,1.5610511723927194,9.482297366454727,1.5454089335292769,9.586715040106004,uniform,uniform_exact,uniform,0,0,0
exp_threshold_sweep,3.1052631578947367,1,n=5000|of=0.05|om=5.0|trial=1,outlier_grid,5000,502066788,1649917304,1.5983515327881193,10.05179141412876,0.6523349827927374,3.868359753240098,uniform,uniform,uniform,0,0,0
exp_threshold_sweep,3.1052631578947367,2,n=5000|of=0.05|om=5.0|trial=2,outlier_grid,5000,502066789,1650917307,1.564054233622819,9.903368559014538,1.480239554356055,6.946616310010502,uniform,uniform_exact,uniform,0,0,0
exp_threshold_sweep,3.1052631578947367,0,n=5000|of=0.05|om=10.0|trial=0,outlier_grid,5000,1207114493,376495614,3.0064614329892705,15.45576789854595,2.8583026255471626,12.454204876771545,is,uniform_exact,uniform,1,0,1
exp_threshold_sweep,3.1052631578947367,1,n=5000|of=0.05|om=10.0|trial=1,outlier_grid,5000,1207114494,377495617,2.975958669383625,15.516826552718598,2.775077630253987,12.188663937897845,is,uniform_exact,uniform,1,0,1
exp_threshold_sweep,3.1052631578947367,2,n=5000|of=0.05|om=10.0|trial=2,outlier_grid,5000,1207114495,378495620,2.994754765488841,15.286751648815459,2.7708043267719242,12.358291554868517,is,uniform_exact,uniform,1,0,1
exp_threshold_sweep,3.1052631578947367,0,n=5000|of=0.1|om=2.0|trial=0,outlier_grid,5000,87788783,2062360647,0.6452892873409604,7.975916618900835,0.49800493302751375,2.6564717207241157,uniform,uniform,uniform,0,0,0
exp_threshold_sweep,3.1052631578947367,1,n=5000|of=0.1|om=2.0|trial=1,outlier_grid,5000,87788784,2063360650,0.6342794906340355,7.439749972949388,0.6498427355087403,3.9358030277047327,uniform,uniform,uniform,0,0,0
exp_threshold_sweep,3.1052631578947367,2,n=5000|of=0.1|om=2.0|trial=2,outlier_grid,5000,87788785,2064360653,0.6753511690743486,10.273263459798766,0.7688602757141851,4.991788334768127,uniform,uniform_exact,uniform,0,0,0
exp_threshold_sweep,3.1052631578947367,0,n=5000|of=0.1|om=5.0|trial=0,outlier_grid,5000,940314136,439914176,1.5642034237759075,7.461215325213151,1.5328158023658014,5.143414516521745,uniform,uniform_exact,uniform,0,0,0
exp_threshold_sweep,3.1052631578947367,1,n=5000|of=0.1|om=5.0|trial=1,outlier_grid,5000,940314137,440914179,1.6069129255861263,7.627573339463385,1.2221304648604194,7.26778063072451,uniform,uniform_exact,uniform,0,0,0
exp_threshold_sweep,3.1052631578947367,2,n=5000|of=0.1|om=5.0|trial=2,outlier_grid,5000,940314138,441914182,1.5835535573326203,7.463665704236842,1.4329887884425714,5.0384601948212095,uniform,uniform_exact,uniform,0,0,0
exp_threshold_sweep,3.1052631578947367,0,n=5000|of=0.1|om=10.0|trial=0,outlier_grid,5000,1645361842,1314976136,2.4387528204411435,9.085143647908605,2.458187152421279,8.774659188086423,is,uniform_exact,uniform,0,0,1
exp_threshold_sweep,3.1052631578947367,1,n=5000|of=0.1|om=10.0|trial=1,outlier_grid,5000,1645361843,1315976139,2.44827057345472,9.074192457210252,2.83150493293776,12.690582193934898,is,uniform_exact,uniform,1,0,1
exp_threshold_sweep,3.1052631578947367,2,n=5000|of=0.1|om=10.0|trial=2,outlier_grid,5000,1645361844,1316976142,2.4335609917695766,9.037567396165114,2.5970542094050266,10.024384576646735,is,uniform_exact,uniform,0,0,1
exp_threshold_sweep,3.1052631578947367,0,n=5000|of=0.2|om=2.0|trial=0,outlier_grid,5000,964283481,1791838044,0.6519470284472162,8.754530513444111,0.726347192508126,5.1710442551670965,uniform,uniform_exact,uniform,0,0,0
exp_threshold_sweep,3.1052631578947367,1,n=5000|of=0.2|om=2.0|trial=1,outlier_grid,5000,964283482,1792838047,0.6299048125270215,10.880578863376364,0.6372862590634992,4.160302977120053,uniform,uniform,uniform,0,0,0
exp_threshold_sweep,3.1052631578947367,2,n=5000|of=0.2|om=2.0|trial=2,outlier_grid,5000,964283483,1793838050,0.6870579308218044,13.544762416249597,1.0440356352951978,6.828785269416746,uniform,uniform_exact,uniform,0,0,0
exp_threshold_sweep,3.1052631578947367,0,n=5000|of=0.2|om=5.0|trial=0,outlier_grid,5000,1816808834,169391573,1.3838458656873216,5.062593836717688,1.2982745683024441,3.7599941600408475,uniform,uniform_exact,uniform,0,0,0
exp_threshold_sweep,3.1052631578947367,1,n=5000|of=0.2|om=5.0|trial=1,outlier_grid,5000,1816808835,170391576,1.398083832516939,5.098880683600188,1.5772766078951377,6.2414075484132185,uniform,uniform_exact,uniform,0,0,0
exp_threshold_sweep,3.1052631578947367,2,n=5000|of=0.2|om=5.0|trial=2,outlier_grid,5000,1816808836,171391579,1.3909424378180453,5.143704401559593,1.532807882505528,5.499705533739965,uniform,uniform_exact,uniform,0,0,0
exp_threshold_sweep,3.1052631578947367,0,n=5000|of=0.2|om=10.0|trial=0,outlier_grid,5000,374372893,1044453533,1.7911999033758386,5.04722867967325,1.7909720517769805,4.907130790977063,is,uniform_exact,uniform,0,0,1
exp_threshold_sweep,3.1052631578947367,1,n=5000|of=0.2|om=10.0|trial=1,outlier_grid,5000,374372894,1045453536,1.7925498435757545,5.031734118828527,1.3806195418597664,3.242087535322457,is,uniform_exact,uniform,0,0,1
exp_threshold_sweep,3.1052631578947367,2,n=5000|of=0.2|om=10.0|trial=2,outlier_grid,5000,374372895,1046453539,1.799646793110485,5.033057676968276,1.4967610728381366,3.627161696148725,is,uniform_exact,uniform,0,0,1
exp_threshold_sweep,3.3421052631578947,0,n=1000|of=0.0|om=2.0|trial=0,outlier_grid,1000,1442263617,746596487,0.617599978331471,6.544485015745742,0.38652007180084785,2.261778430244089,uniform,uniform_exact,uniform,0,0,0
exp_threshold_sweep,3.3421052631578947,1,n=1000|of=0.0|om=2.0|trial=1,outlier_grid,1000,1442263618,747596490,0.7016203194983847,6.4257658382788225,0.5796638443396244,3.0628533680672074,uniform,uniform_exact,uniform,0,0,0
exp_threshold_sweep,3.3421052631578947,2,n=1000|of=0.0|om=2.0|trial=2,outlier_grid,1000,1442263619,748596493,0.633503586176026,5.578210996800821,0.7655564663553873,4.734868964146999,uniform,uniform_exact,uniform,0,0,0
exp_threshold_sweep,3.3421052631578947,0,n=1000|of=0.0|om=5.0|trial=0,outlier_grid,1000,147305323,1271633663,0.6607087487078306,6.077985671873188,0.6426786980184054,3.193144745750151,uniform,uniform_exact,uniform,0,0,0
exp_threshold_sweep,3.3421052631578947,1,n=1000|of=0.0|om=5.0|trial=1,outlier_grid,1000,147305324,1272633666,0.6504739835154975,5.5695015501111715,0.6161671673624365,3.990677245288698,uniform,uniform_exact,uniform,0,0,0
exp_threshold_sweep,3.3421052631578947,2,n=1000|of=0.0|om=5.0|trial=2,outlier_grid,1000,147305325,1273633669,0.6694892343956219,5.3838442549691585,0.5773581937526007,2.8131969149040326,uniform,uniform_exact,uniform,0,0,0
exp_threshold_sweep,3.3421052631578947,0,n=1000|of=0.0|om=10.0|trial=0,outlier_grid,1000,852353029,2146695623,0.6398166324088268,6.140337691272391,0.5549351863817891,2.275319807293304,uniform,uniform_exact,uniform,0,0,0
exp_threshold_sweep,3.3421052631578947,1,n=1000|of=0.0|om=10.0|trial=1,outlier_grid,1000,852353030,211979,0.6645481406412764,5.726033896808133,0.4857663121725629,2.2377932675049435,uniform,uniform_exact,uniform,0,0,0
exp_threshold_sweep,3.3421052631578947,2,n=1000|of=0.0|om=10.0|trial=2,outlier_grid,1000,852353031,1211982,0.6625855174916219,6.889022080403152,0.475970244257212,2.3627842271973365,uniform,uniform_exact,uniform,0,0,0
exp_threshold_sweep,3.3421052631578947,0,n=1000|of=0.01|om=2.0|trial=0,outlier_grid,1000,670919628,504795862,0.6194948810036581,4.431036671722072,0.5549560055130679,2.6563856159877424,uniform,uniform_exact,uniform,0,0,0
exp_threshold_sweep,3.3421052631578947,1,n=1000|of=0.01|om=2.0|trial=1,outlier_grid,1000,670919629,505795865,0.6419604984348997,5.780451621515172,0.5130784781971734,2.576707562092446,uniform,uniform_exact,uniform,0,0,0
exp_threshold_sweep,3.3421052631578947,2,n=1000|of=0.01|om=2.0|trial=2,outlier_grid,1000,670919630,506795868,0.6478534945181104,7.295799872829969,0.8143659768900811,5.2538449056234,uniform,uniform_exact,uniform,0,0,0
exp_threshold_sweep,3.3421052631578947,0,n=1000|of=0.01|om=5.0|trial=0,outlier_grid,1000,1523444981,1029833038,0.9275708025452007,9.067911114745035,0.6073857838173373,3.273401969934366,uniform,uniform_exact,uniform,0,0,0
exp_threshold_sweep,3.3421052631578947,1,n=1000|of=0.01|om=5.0|trial=1,outlier_grid,1000,1523444982,1030833041,0.8826442516694574,9.20078801072338,0.4965276393519081,2.765210500022794,uniform,uniform_exact,uniform,0,0,0
exp_threshold_sweep,3.3421052631578947,2,n=1000|of=0.01|om=5.0|trial=2,outlier_grid,1000,1523444983,1031833044,0.8944373892679047,9.492564196854993,1.323936939304427,7.604113031190372,uniform,uniform_exact,uniform,0,0,0
exp_threshold_sweep,3.3421052631578947,0,n=1000|of=0.01|om=10.0|trial=0,outlier_grid,1000,81009040,1904894998,2.1600848596659037,23.591190740265375,0.7319640456631422,5.142346048467935,uniform,uniform_exact,uniform,0,0,0
exp_threshold_sweep,3.3421052631578947,1,n=1000|of=0.01|om=10.0|trial=1,outlier_grid,1000,81009041,1905895001,2.186629044024305,23.67565527185168,0.6209188470680012,3.974625380642659,uniform,uniform_exact,uniform,0,0,0
exp_threshold_sweep,3.3421052631578947,2,n=1000|of=0.01|om=10.0|trial=2,outlier_grid,1000,81009042,1906895004,2.202788337834508,23.474969597415352,2.431728498054224,17.5600649496123,uniform,uniform_exact,uniform,1,0,0
exp_threshold_sweep,3.3421052631578947,0,n=1000|of=0.02|om=2.0|trial=0,outlier_grid,1000,2047059286,262995237,0.668926440883736,6.047119721303887,0.7542141416844316,4.34571711492929,uniform,uniform_exact,uniform,0,0,0
exp_threshold_sweep,3.3421052631578947,1,n=1000|of=0.02|om=2.0|trial=1,outlier_grid,1000,2047059287,263995240,0.6096939094021688,4.754850690421404,0.6737127941718263,3.6366377672119885,uniform,uniform_exact,uniform,0,0,0
exp_threshold_sweep,3.3421052631578947,2,n=1000|of=0.02|om=2.0|trial=2,outlier_grid,1000,2047059288,264995243,0.619980694353103,5.711189635441723,0.5088815008775043,2.775116042258788,uniform,uniform_exact,uniform,0,0,0
exp_threshold_sweep,3.3421052631578947,0,n=1000|of=0.02|om=5.0|trial=0,outlier_grid,1000,752100992,788032413,1.0363964890753734,8.83629684462703,1.1728675360733276,6.322673876109022,uniform,uniform_exact,uniform,0,0,0
exp_threshold_sweep,3.3421052631578947,1,n=1000|of=0.02|om=5.0|trial=1,outlier_grid,1000,752100993,789032416,1.0808453099122093,9.327938871539764,1.3209214766960975,7.417883616801174,uniform,uniform_exact,uniform,0,0,0
exp_threshold_sweep,3.3421052631578947,2,n=1000|of=0.02|om=5.0|trial=2,outlier_grid,1000,752100994,790032419,1.0555990939448983,9.079803243418585,1.2744311716321282,7.070280705645493,uniform,uniform_exact,uniform,0,0,0
exp_threshold_sweep,3.3421052631578947,0,n=1000|of=0.02|om=10.0|trial=0,outlier_grid,1000,1457148698,1663094373,2.4223349633420703,19.324723385669508,2.092253021508885,15.032400484755208,uniform,uniform_exact,uniform,1,0,0
exp_threshold_sweep,3.3421052631578947,1,n=1000|of=0.02|om=10.0|trial=1,outlier_grid,1000,1457148699,1664094376,2.4594205603819232,19.349043540692758,2.506566700898742,18.082939551752354,uniform,uniform_exact,uniform,1,0,0
exp_threshold_sweep,3.3421052631578947,2,n=1000|of=0.02|om=10.0|trial=2,outlier_grid,1000,1457148700,1665094379,2.441556227376376,19.145175988469532,2.3983223589290823,13.40417511093411,uniform,uniform_exact,uniform,1,0,0
exp_threshold_sweep,3.3421052631578947,0,n=1000|of=0.05|om=2.0|trial=0,outlier_grid,1000,1880510966,1685077009,0.6787566315775071,6.9795351614658365,0.49173450778056726,2.306055270941595,uniform,uniform_exact,uniform,0,0,0
exp_threshold_sweep,3.3421052631578947,1,n=1000|of=0.05|om=2.0|trial=1,outlier_grid,1000,1880510967,1686077012,0.6273247767797993,5.416408240314115,0.6990961212459103,3.1821535342238723,uniform,uniform_exact,uniform,0,0,0
exp_threshold_sweep,3.3421052631578947,2,n=1000|of=0.05|om=2.0|trial=2,outlier_grid,1000,1880510968,1687077015,0.6436184853347732,6.685255422490038,0.5536287251548859,2.837667919064536,uniform,uniform_exact,uniform,0,0,0
exp_threshold_sweep,3.3421052631578947,0,n=1000|of=0.05|om=5.0|trial=0,outlier_grid,1000,585552672,62630538,1.322654341020879,7.809373922547658,1.512927068203278,7.980294524360041,uniform,uniform_exact,uniform,0,0,0
exp_threshold_sweep,3.3421052631578947,1,n=1000|of=0.05|om=5.0|trial=1,outlier_grid,1000,585552673,63630541,1.2985808873964355,8.313744404611858,1.1879972199084887,6.295020410782686,uniform,uniform_exact,uniform,0,0,0
exp_threshold_sweep,3.3421052631578947,2,n=1000|of=0.05|om=5.0|trial=2,outlier_grid,1000,585552674,64630544,1.208561744925839,7.712949719548932,1.0858408046510648,6.761445172242253,uniform,uniform_exact,uniform,0,0,0
exp_threshold_sweep,3.3421052631578947,0,n=1000|of=0.05|om=10.0|trial=0,outlier_grid,1000,1290600378,937692498,2.507398434602011,12.789785607408268,2.5065236982416375,10.997488035381812,uniform,uniform_exact,uniform,1,0,0
exp_threshold_sweep,3.3421052631578947,1,n=1000|of=0.05|om=10.0|trial=1,outlier_grid,1000,1290600379,938692501,2.520669114923294,12.78671987327333,2.5083992837143905,11.144889913716483,uniform,uniform_exact,uniform,1,0,0
exp_threshold_sweep,3.3421052631578947,2,n=1000|of=0.05|om=10.0|trial=2,outlier_grid,1000,1290600380,939692504,2.49068495781207,12.596211278828237,2.2633174121562454,9.073270679784692,uniform,uniform_exact,uniform,1,0,0
exp_threshold_sweep,3.3421052631578947,0,n=1000|of=0.1|om=2.0|trial=0,outlier_grid,1000,171274668,476073884,0.6524098435515786,7.086241475883487,0.5380876732971137,2.7301920255013012,uniform,uniform_exact,uniform,0,0,0
exp_threshold_sweep,3.3421052631578947,1,n=1000|of=0.1|om=2.0|trial=1,outlier_grid,1000,171274669,477073887,0.581167313005821,6.085439413528287,0.7165171789626201,4.797941378211626,uniform,uniform_exact,uniform,0,0,0
exp_threshold_sweep,3.3421052631578947,2,n=1000|of=0.1|om=2.0|trial=2,outlier_grid,1000,171274670,478073890,0.6984683097008569,7.200833170425255,0.4034739002848001,1.9436257660261345,uniform,uniform_exact,uniform,0,0,0
exp_threshold_sweep,3.3421052631578947,0,n=1000|of=0.1|om=5.0|trial=0,outlier_grid,1000,1023800021,1001111060,1.3537758517722411,6.291632634044208,1.159118712828872,5.180722117806222,uniform,uniform_exact,uniform,0,0,0
exp_threshold_sweep,3.3421052631578947,1,n=1000|of=0.1|om=5.0|trial=1,outlier_grid,1000,1023800022,1002111063,1.367532997551312,6.235878482522877,1.3730420436542443,6.089718234181308,uniform,uniform_exact,uniform,0,0,0
exp_threshold_sweep,3.3421052631578947,2,n=1000|of=0.1|om=5.0|trial=2,outlier_grid,1000,1023800023,1003111066,1.3274574831627268,6.042607423381932,1.298833680901398,5.369615340287401,uniform,uniform_exact,uniform,0,0,0
exp_threshold_sweep,3.3421052631578947,0,n=1000|of=0.1|om=10.0|trial=0,outlier_grid,1000,1728847727,1876173020,2.1745485439283283,8.206958182334139,2.642325212706974,19.161489449102195,uniform,uniform_exact,uniform,0,0,0
exp_threshold_sweep,3.3421052631578947,1,n=1000|of=0.1|om=10.0|trial=1,outlier_grid,1000,1728847728,1877173023,2.2071501455785794,8.244504029581895,2.1049296302561054,6.790738755459189,uniform,uniform_exact,uniform,1,0,0
exp_threshold_sweep,3.3421052631578947,2,n=1000|of=0.1|om=10.0|trial=2,outlier_grid,1000,1728847729,1878173026,2.2131805137021714,8.13937339152958,2.4734319413229926,11.139543869626436,uniform,uniform_exact,uniform,1,0,0
exp_threshold_sweep,3.3421052631578947,0,n=1000|of=0.2|om=2.0|trial=0,outlier_grid,1000,1047769366,205551281,0.596226390605092,7.59566327931635,0.6355163248298666,2.937638658177424,uniform,uniform_exact,uniform,0,0,0
exp_threshold_sweep,3.3421052631578947,1,n=1000|of=0.2|om=2.0|trial=1,outlier_grid,1000,1047769367,206551284,0.5707637716995058,4.76013034379612,0.5220746227272984,2.705136989604221,uniform,uniform_exact,uniform,0,0,0
exp_threshold_sweep,3.3421052631578947,2,n=1000|of=0.2|om=2.0|trial=2,outlier_grid,1000,1047769368,207551287,0.6082008942884182,5.59710910895369,0.5934076692243887,3.3022497907372963,uniform,uniform_exact,uniform,0,0,0
exp_threshold_sweep,3.3421052631578947,0,n=1000|of=0.2|om=5.0|trial=0,outlier_grid,1000,1900294719,730588457,1.2128763710131376,4.437108297044463,1.2248819940992113,3.956599188353256,uniform,uniform_exact,uniform,0,0,0
exp_threshold_sweep,3.3421052631578947,1,n=1000|of=0.2|om=5.0|trial=1,outlier_grid,1000,1900294720,731588460,1.222022170293529,4.453870144522961,1.183843059493179,4.452464930169225,uniform,uniform_exact,uniform,0,0,0
exp_threshold_sweep,3.3421052631578947,2,n=1000|of=0.2|om=5.0|trial=2,outlier_grid,1000,1900294721,732588463,1.2283430251331136,4.34226493758284,1.2322318138768276,3.9195652562680303,uniform,uniform_exact,uniform,0,0,0
exp_threshold_sweep,3.3421052631578947,0,n=1000|of=0.2|om=10.0|trial=0,outlier_grid,1000,457858778,1605650417,1.6822322474532947,4.785774324099834,1.2364530195726156,2.7710675200291157,uniform,uniform_exact,uniform,0,0,0
exp_threshold_sweep,3.3421052631578947,1,n=1000|of=0.2|om=10.0|trial=1,outlier_grid,1000,457858779,1606650420,1.6828609678688584,4.797205593998007,1.814013465386664,5.130454281830335,uniform,uniform_exact,uniform,0,0,0
exp_threshold_sweep,3.3421052631578947,2,n=1000|of=0.2|om=10.0|trial=2,outlier_grid,1000,457858780,1607650423,1.6824444119691087,4.694431122747657,1.5088851086617394,3.9065497114299994,uniform,uniform_exact,uniform,0,0,0
exp_threshold_sweep,3.3421052631578947,0,n=2000|of=0.0|om=2.0|trial=0,outlier_grid,2000,884521234,1143168178,0.6437859806065077,7.26494190000632,0.6876553442171929,3.8301680039432133,uniform,uniform_exact,uniform,0,0,0
exp_threshold_sweep,3.3421052631578947,1,n=2000|of=0.0|om=2.0|trial=1,outlier_grid,2000,884521235,1144168181,0.6783226328241753,6.987718128416362,0.6851476553141842,4.6283696621851655,uniform,uniform_exact,uniform,0,0,0
exp_threshold_sweep,3.3421052631578947,2,n=2000|of=0.0|om=2.0|trial=2,outlier_grid,2000,884521236,1145168184,0.7008485258315146,10.87323753149392,0.9649767742618223,6.6740189399312175,uniform,uniform_exact,uniform,0,0,0
exp_threshold_sweep,3.3421052631578947,0,n=2000|of=0.0|om=5.0|trial=0,outlier_grid,2000,1737046587,1668205354,0.6647636523552978,9.371015606248461,0.6401560222457614,3.7004206235381907,uniform,uniform_exact,uniform,0,0,0
exp_threshold_sweep,3.3421052631578947,1,n=2000|of=0.0|om=5.0|trial=1,outlier_grid,2000,1737046588,1669205357,0.6503303945228937,7.618833107152736,0.5588943857048003,2.6961939426026382,uniform,uniform_exact,uniform,0,0,0
exp_threshold_sweep,3.3421052631578947,2,n=2000|of=0.0|om=5.0|trial=2,outlier_grid,2000,1737046589,1670205360,0.7116392058914187,10.837519913683188,0.6012512735025194,3.201254206645546,uniform,uniform_exact,uniform,0,0,0
exp_threshold_sweep,3.3421052631578947,0,n=2000|of=0.0|om=10.0|trial=0,outlier_grid,2000,294610646,395783667,0.6984542271619008,9.191213698217632,0.9984040874764616,6.284491614173146,uniform,uniform_exact,uniform,0,0,0
exp_threshold_sweep,3.3421052631578947,1,n=2000|of=0.0|om=10.0|trial=1,outlier_grid,2000,294610647,396783670,0.6531760108020092,9.05950966881119,0.575169473018394,3.2541511291291805,uniform,uniform_exact,uniform,0,0,0
exp_threshold_sweep,3.3421052631578947,2,n=2000|of=0.0|om=10.0|trial=2,outlier_grid,2000,294610648,397783673,0.6722700999610615,5.917746054892996,0.8640318010409745,5.35835345546467,uniform,uniform_exact,uniform,0,0,0
exp_threshold_sweep,3.3421052631578947,0,n=2000|of=0.01|om=2.0|trial=0,outlier_grid,2000,113177245,901367553,0.7041455345419971,8.158001271669198,0.9934333463080368,5.107841148612346,uniform,uniform_exact,uniform,0,0,0
exp_threshold_sweep,3.3421052631578947,1,n=2000|of=0.01|om=2.0|trial=1,outlier_grid,2000,113177246,902367556,0.6776575995706522,7.229319530734069,0.6496652179896281,3.4919750603894264,uniform,uniform_exact,uniform,0,0,0
exp_threshold_sweep,3.3421052631578947,2,n=2000|of=0.01|om=2.0|trial=2,outlier_grid,2000,113177247,903367559,0.6623640231431586,9.28680597708695,0.5150400407451248,2.7731132394810065,uniform,uniform_exact,uniform,0,0,0
exp_threshold_sweep,3.3421052631578947,0,n=2000|of=0.01|om=5.0|trial=0,outlier_grid,2000,965702598,1426404729,0.9816612409123018,11.124163624423396,1.2877450615694153,6.206356159269197,uniform,uniform_exact,uniform,0,0,0
exp_threshold_sweep,3.3421052631578947,1,n=2000|of=0.01|om=5.0|trial=1,outlier_grid,2000,965702599,1427404732,1.019893147231907,10.771710935140439,0.5583817624224625,2.7681157839315556,uniform,uniform_exact,uniform,0,0,0
exp_threshold_sweep,3.3421052631578947,2,n=2000|of=0.01|om=5.0|trial=2,outlier_grid,2000,965702600,1428404735,1.0038984191058524,11.152323945467518,1.5120107024128462,10.798770822983169,uniform,uniform_exact,uniform,0,0,0
exp_threshold_sweep,3.3421052631578947,0,n=2000|of=0.01|om=10.0|trial=0,outlier_grid,2000,1670750304,153983042,2.485939595674491,27.10730987984548,0.7593933901662386,4.672705585062408,uniform,uniform_exact,uniform,1,0,0
exp_threshold_sweep,3.3421052631578947,1,n=2000|of=0.01|om=10.0|trial=1,outlier_grid,2000,1670750305,154983045,2.4574092914423638,26.830979453268434,3.1842068624746234,22.974896072025594,uniform,uniform_exact,uniform,1,0,0
exp_threshold_sweep,3.3421052631578947,2,n=2000|of=0.01|om=10.0|trial=2,outlier_grid,2000,1670750306,155983048,2.4875934157876274,27.001639859771334,2.9941395072969477,15.726359204909894,uniform,uniform_exact,uniform,1,0,0
exp_threshold_sweep,3.3421052631578947,0,n=2000|of=0.02|om=2.0|trial=0,outlier_grid,2000,1489316903,659566928,0.6522247884106012,6.7974888408872705,0.4978289890826004,2.4415289201785404,uniform,uniform_exact,uniform,0,0,0
exp_threshold_sweep,3.3421052631578947,1,n=2000|of=0.02|om=2.0|trial=1,outlier_grid,2000,1489316904,660566931,0.708592555862065,7.3196862152942685,0.5150195269286008,2.4942294540548104,uniform,uniform_exact,uniform,0,0,0
exp_threshold_sweep,3.3421052631578947,2,n=2000|of=0.02|om=2.0|trial=2,outlier_grid,2000,1489316905,661566934,0.6266465193598646,6.766098028970186,0.6151980437414254,2.858805564144274,uniform,uniform_exact,uniform,0,0,0
exp_threshold_sweep,3.3421052631578947,0,n=2000|of=0.02|om=5.0|trial=0,outlier_grid,2000,194358609,1184604104,1.187664640127493,10.482197021947206,1.20717178075435,7.699182185497575,uniform,uniform_exact,uniform,0,0,0
exp_threshold_sweep,3.3421052631578947,1,n=2000|of=0.02|om=5.0|trial=1,outlier_grid,2000,194358610,1185604107,1.169122399391696,10.541280528053289,0.5470804311104164,2.657435734182843,uniform,uniform_exact,uniform,0,0,0
exp_threshold_sweep,3.3421052631578947,2,n=2000|of=0.02|om=5.0|trial=2,outlier_grid,2000,194358611,1186604110,1.2297958209577402,10.40504305776103,1.4783237396185305,6.645378077686835,uniform,uniform_exact,uniform,0,0,0
exp_threshold_sweep,3.3421052631578947,0,n=2000|of=0.02|om=10.0|trial=0,outlier_grid,2000,899406315,2059666064,2.869439534666998,22.1660269939405,2.8010067020262355,14.803847068222684,uniform,uniform_exact,uniform,1,0,0
exp_threshold_sweep,3.3421052631578947,1,n=2000|of=0.02|om=10.0|trial=1,outlier_grid,2000,899406316,2060666067,2.804968516663726,22.06499967036417,0.5008106454078246,2.8742139416090273,uniform,uniform_exact,uniform,1,0,0
exp_threshold_sweep,3.3421052631578947,2,n=2000|of=0.02|om=10.0|trial=2,outlier_grid,2000,899406317,2061666070,2.735942484849644,21.257719756855096,0.9759063459600755,6.673885200468934,uniform,uniform_exact,uniform,1,0,0
exp_threshold_sweep,3.3421052631578947,0,n=2000|of=0.05|om=2.0|trial=0,outlier_grid,2000,1322768583,2081648700,0.65141260441657,7.2644391200920655,0.5881771019353363,2.988070587691626,uniform,uniform_exact,uniform,0,0,0
exp_threshold_sweep,3.3421052631578947,1,n=2000|of=0.05|om=2.0|trial=1,outlier_grid,2000,1322768584,2082648703,0.6410291195607866,6.374989174742897,0.6850094324773196,3.6751834757149835,uniform,uniform_exact,uniform,0,0,0
exp_threshold_sweep,3.3421052631578947,2,n=2000|of=0.05|om=2.0|trial=2,outlier_grid,2000,1322768585,2083648706,0.6227487686611384,6.430958934057433,0.692013968033141,3.4746539130492886,uniform,uniform_exact,uniform,0,0,0
exp_threshold_sweep,3.3421052631578947,0,n=2000|of=0.05|om=5.0|trial=0,outlier_grid,2000,27810289,459202229,1.358269331673104,8.966713358539577,1.6065737568767688,6.0516843668075335,uniform,uniform_exact,uniform,0,0,0
exp_threshold_sweep,3.3421052631578947,1,n=2000|of=0.05|om=5.0|trial=1,outlier_grid,2000,27810290,460202232,1.3763076923974027,8.285852764690443,1.0880565215568845,7.86667338980065,uniform,uniform_exact,uniform,0,0,0
exp_threshold_sweep,3.3421052631578947,2,n=2000|of=0.05|om=5.0|trial=2,outlier_grid,2000,27810291,461202235,1.4611702597146317,9.106720084066147,1.5285529912510092,6.127390219220414,uniform,uniform_exact,uniform,0,0,0
exp_threshold_sweep,3.3421052631578947,0,n=2000|of=0.05|om=10.0|trial=0,outlier_grid,2000,732857995,1334264189,2.7142794007709448,13.745211635687745,2.502911022333185,9.50722008004814,uniform,uniform_exact,uniform,1,0,0
exp_threshold_sweep,3.3421052631578947,1,n=2000|of=0.05|om=10.0|trial=1,outlier_grid,2000,732857996,1335264192,2.726308523162901,13.889554001701725,2.79342259676193,14.786479576822709,uniform,uniform_exact,uniform,1,0,0
exp_threshold_sweep,3.3421052631578947,2,n=2000|of=0.05|om=10.0|trial=2,outlier_grid,2000,732857997,1336264195,2.7326270401993864,13.72668609604081,3.070811532342458,22.20873245897771,uniform,uniform_exact,uniform,1,0,0
exp_threshold_sweep,3.3421052631578947,0,n=2000|of=0.1|om=2.0|trial=0,outlier_grid,2000,1761015932,872645575,0.5866904178552818,6.882127609815075,0.4882953747840559,2.674313460790405,uniform,uniform_exact,uniform,0,0,0
exp_threshold_sweep,3.3421052631578947,1,n=2000|of=0.1|om=2.0|trial=1,outlier_grid,2000,1761015933,873645578,0.6805166058317258,7.844182030189697,0.6913359157011733,3.308862947796058,uniform,uniform_exact,uniform,0,0,0
exp_threshold_sweep,3.3421052631578947,2,n=2000|of=0.1|om=2.0|trial=2,outlier_grid,2000,1761015934,874645581,0.6075248895724128,8.488601778181627,0.5509040248071304,2.745519633568727,uniform,uniform_exact,uniform,0,0,0
exp_threshold_sweep,3.3421052631578947,0,n=2000|of=0.1|om=5.0|trial=0,outlier_grid,2000,466057638,1397682751,1.4612428196080953,6.753627793666996,1.505520048930303,5.9496680885518565,uniform,uniform_exact,uniform,0,0,0
exp_threshold_sweep,3.3421052631578947,1,n=2000|of=0.1|om=5.0|trial=1,outlier_grid,2000,466057639,1398682754,1.4764441467779024,6.956174126191189,1.4012187856374945,5.013534530985257,uniform,uniform_exact,uniform,0,0,0
exp_threshold_sweep,3.3421052631578947,2,n=2000|of=0.1|om=5.0|trial=2,outlier_grid,2000,466057640,1399682757,1.4190922443740461,6.741387981806074,1.342525286293047,4.961300715415446,uniform,uniform_exact,uniform,0,0,0
exp_threshold_sweep,3.3421052631578947,0,n=2000|of=0.1|om=10.0|trial=0,outlier_grid,2000,1171105344,125261064,2.301445779003562,8.777361115865295,2.776000505252041,14.681031526224384,uniform,uniform_exact,uniform,0,0,0
exp_threshold_sweep,3.3421052631578947,1,n=2000|of=0.1|om=10.0|trial=1,outlier_grid,2000,1171105345,126261067,2.3152827988189686,8.658788130102245,2.3849738390442083,8.585855276431401,uniform,uniform_exact,uniform,1,0,0
exp_threshold_sweep,3.3421052631578947,2,n=2000|of=0.1|om=10.0|trial=2,outlier_grid,2000,1171105346,127261070,2.30933321640677,8.687845653682372,2.1615791914698606,7.486265903041657,uniform,uniform_exact,uniform,1,0,0
exp_threshold_sweep,3.3421052631578947,0,n=2000|of=0.2|om=2.0|trial=0,outlier_grid,2000,490026983,602122972,0.5915941849529013,6.747218403782818,0.5463330259556759,2.9950105029271765,uniform,uniform_exact,uniform,0,0,0
exp_threshold_sweep,3.3421052631578947,1,n=2000|of=0.2|om=2.0|trial=1,outlier_grid,2000,490026984,603122975,0.5845956482433441,7.133862103294786,0.614390583307679,2.939410376093684,uniform,uniform_exact,uniform,0,0,0
exp_threshold_sweep,3.3421052631578947,2,n=2000|of=0.2|om=2.0|trial=2,outlier_grid,2000,490026985,604122978,0.6364016724628121,6.162099158324124,0.5130845548607375,2.3005850656056945,uniform,uniform_exact,uniform,0,0,0
exp_threshold_sweep,3.3421052631578947,0,n=2000|of=0.2|om=5.0|trial=0,outlier_grid,2000,1342552336,1127160148,1.2983740571519216,4.789065542177101,1.2036674018225204,4.004863068187955,uniform,uniform_exact,uniform,0,0,0
exp_threshold_sweep,3.3421052631578947,1,n=2000|of=0.2|om=5.0|trial=1,outlier_grid,2000,1342552337,1128160151,1.3147579288921611,4.448881049791875,1.2904310818943259,4.038687403525022,uniform,uniform_exact,uniform,0,0,0
exp_threshold_sweep,3.3421052631578947,2,n=2000|of=0.2|om=5.0|trial=2,outlier_grid,2000,1342552338,1129160154,1.3083480127020897,4.637299734571176,1.4560308699865223,5.311210224254618,uniform,uniform_exact,uniform,0,0,0
exp_threshold_sweep,3.3421052631578947,0,n=2000|of=0.2|om=10.0|trial=0,outlier_grid,2000,2047600042,2002222108,1.7372109637686688,4.909762302581473,1.456405009326729,3.4349461045235157,uniform,uniform_exact,uniform,0,0,0
exp_threshold_sweep,3.3421052631578947,1,n=2000|of=0.2|om=10.0|trial=1,outlier_grid,2000,2047600043,2003222111,1.7421178180833923,4.869082529210165,1.6040085270354163,4.066380849166394,uniform,uniform_exact,uniform,0,0,0
exp_threshold_sweep,3.3421052631578947,2,n=2000|of=0.2|om=10.0|trial=2,outlier_grid,2000,2047600044,2004222114,1.7399890427199698,4.970317505328127,1.6232451132901058,4.258035864553701,uniform,uniform_exact,uniform,0,0,0
exp_threshold_sweep,3.3421052631578947,0,n=5000|of=0.0|om=2.0|trial=0,outlier_grid,5000,1358777732,185399604,0.7224807944290408,9.893139619301449,0.8130783911284712,4.5946343060830985,uniform,uniform_exact,uniform,0,0,0
exp_threshold_sweep,3.3421052631578947,1,n=5000|of=0.0|om=2.0|trial=1,outlier_grid,5000,1358777733,186399607,0.6783674416504732,9.248645932905605,0.5427321049935202,3.55169782908067,uniform,uniform,uniform,0,0,0
exp_threshold_sweep,3.3421052631578947,2,n=5000|of=0.0|om=2.0|trial=2,outlier_grid,5000,1358777734,187399610,0.6974014263102107,8.500077009248255,0.46293291204498627,1.9963493138636197,uniform,uniform,uniform,0,0,0
exp_threshold_sweep,3.3421052631578947,0,n=5000|of=0.0|om=5.0|trial=0,outlier_grid,5000,63819438,710436780,0.6966704990056833,11.78855723114979,0.6056282076886015,3.201843615886113,uniform,uniform,uniform,0,0,0
exp_threshold_sweep,3.3421052631578947,1,n=5000|of=0.0|om=5.0|trial=1,outlier_grid,5000,63819439,711436783,0.7020645774986704,10.493395057863204,0.7203046400545912,4.038239261062824,uniform,uniform_exact,uniform,0,0,0
exp_threshold_sweep,3.3421052631578947,2,n=5000|of=0.0|om=5.0|trial=2,outlier_grid,5000,63819440,712436786,0.6964872202949357,12.14043386833435,0.54105914411339,2.4778289545388152,uniform,uniform,uniform,0,0,0
exp_threshold_sweep,3.3421052631578947,0,n=5000|of=0.0|om=10.0|trial=0,outlier_grid,5000,768867144,1585498740,0.6923142098960464,10.791047985600459,0.5837758394628397,3.3558603331004924,uniform,uniform,uniform,0,0,0
exp_threshold_sweep,3.3421052631578947,1,n=5000|of=0.0|om=10.0|trial=1,outlier_grid,5000,768867145,1586498743,0.6749404683005831,10.377327086148796,0.53673478144731,2.4198762517635117,uniform,uniform,uniform,0,0,0
exp_threshold_sweep,3.3421052631578947,2,n=5000|of=0.0|om=10.0|trial=2,outlier_grid,5000,768867146,1587498746,0.7043250568842707,9.485986571983513,0.4462099525188289,2.2521485005258253,uniform,uniform,uniform,0,0,0
exp_threshold_sweep,3.3421052631578947,0,n=5000|of=0.01|om=2.0|trial=0,outlier_grid,5000,587433743,2091082626,0.7278048746693839,12.570758348270179,0.5346580956721823,2.75528618852797,uniform,uniform,uniform,0,0,0
exp_threshold_sweep,3.3421052631578947,1,n=5000|of=0.01|om=2.0|trial=1,outlier_grid,5000,587433744,2092082629,0.6959390046794844,8.19052749199074,0.5794117280065189,2.7902865481889885,uniform,uniform,uniform,0,0,0
exp_threshold_sweep,3.3421052631578947,2,n=5000|of=0.01|om=2.0|trial=2,outlier_grid,5000,587433745,2093082632,0.7275752487361427,11.991683623295147,0.5470906699704124,2.9528790789227837,uniform,uniform,uniform,0,0,0
exp_threshold_sweep,3.3421052631578947,0,n=5000|of=0.01|om=5.0|trial=0,outlier_grid,5000,1439959096,468636155,1.1514945012448503,13.921170970329356,1.3967086639516917,10.146961036058201,uniform,uniform_exact,uniform,0,0,0
exp_threshold_sweep,3.3421052631578947,1,n=5000|of=0.01|om=5.0|trial=1,outlier_grid,5000,1439959097,469636158,1.1000620070210954,13.282787825099584,1.4346705200707421,10.191061629017117,uniform,uniform_exact,uniform,0,0,0
exp_threshold_sweep,3.3421052631578947,2,n=5000|of=0.01|om=5.0|trial=2,outlier_grid,5000,1439959098,470636161,1.169644960173019,14.047324928197764,1.7030640429259174,12.153716402743546,uniform,uniform_exact,uniform,0,0,0
exp_threshold_sweep,3.3421052631578947,0,n=5000|of=0.01|om=10.0|trial=0,outlier_grid,5000,2145006802,1343698115,3.012040993380712,33.184170841399485,3.044574585207106,16.504884491448696,is,uniform_exact,uniform,1,0,1
exp_threshold_sweep,3.3421052631578947,1,n=5000|of=0.01|om=10.0|trial=1,outlier_grid,5000,2145006803,1344698118,3.05512119238724,33.62125804296652,3.33023253038474,23.930680542804204,is,uniform_exact,uniform,1,0,1
exp_threshold_sweep,3.3421052631578947,2,n=5000|of=0.01|om=10.0|trial=2,outlier_grid,5000,2145006804,1345698121,3.0106207049135034,32.90968384374054,0.6042713281877492,3.1890913851835903,is,uniform,uniform,1,0,1
exp_threshold_sweep,3.3421052631578947,0,n=5000|of=0.02|om=2.0|trial=0,outlier_grid,5000,1963573401,1849282001,0.6966747062003946,7.519776239119451,0.6407589117249796,4.002967445524825,uniform,uniform,uniform,0,0,0
exp_threshold_sweep,3.3421052631578947,1,n=5000|of=0.02|om=2.0|trial=1,outlier_grid,5000,1963573402,1850282004,0.7118330565326979,11.001515450812754,0.6722694785189282,2.600148613379658,uniform,uniform,uniform,0,0,0
exp_threshold_sweep,3.3421052631578947,2,n=5000|of=0.02|om=2.0|trial=2,outlier_grid,5000,1963573403,1851282007,0.65806351816426,9.25657713996702,0.6794068869089891,4.400809283092015,uniform,uniform,uniform,0,0,0
exp_threshold_sweep,3.3421052631578947,0,n=5000|of=0.02|om=5.0|trial=0,outlier_grid,5000,668615107,226835530,1.324498034040619,12.321985384365552,1.4709136516912795,10.550658606025188,uniform,uniform_exact,uniform,0,0,0
exp_threshold_sweep,3.3421052631578947,1,n=5000|of=0.02|om=5.0|trial=1,outlier_grid,5000,668615108,227835533,1.3258723349377788,12.187571001132723,0.7007967934409258,3.375299061095431,uniform,uniform,uniform,0,0,0
exp_threshold_sweep,3.3421052631578947,2,n=5000|of=0.02|om=5.0|trial=2,outlier_grid,5000,668615109,228835536,1.3582145587406718,12.411829353085658,1.345861220745235,9.664544971577392,uniform,uniform_exact,uniform,0,0,0
exp_threshold_sweep,3.3421052631578947,0,n=5000|of=0.02|om=10.0|trial=0,outlier_grid,5000,1373662813,1101897490,3.273305510801266,25.581420388004364,3.3009578352641844,23.73332476978728,is,uniform_exact,uniform,1,0,1
exp_threshold_sweep,3.3421052631578947,1,n=5000|of=0.02|om=10.0|trial=1,outlier_grid,5000,1373662814,1102897493,3.270192893939796,25.42383972037984,0.6157169526745395,3.4098079876236334,is,uniform,uniform,1,0,1
exp_threshold_sweep,3.3421052631578947,2,n=5000|of=0.02|om=10.0|trial=2,outlier_grid,5000,1373662815,1103897496,3.2584141459449203,25.386482551776233,2.919519036651189,16.034379278320184,is,uniform_exact,uniform,1,0,1
exp_threshold_sweep,3.3421052631578947,0,n=5000|of=0.05|om=2.0|trial=0,outlier_grid,5000,1797025081,1123880126,0.6808824421638225,9.063293680601529,0.5309301482944851,2.5405305767412076,uniform,uniform,uniform,0,0,0
exp_threshold_sweep,3.3421052631578947,1,n=5000|of=0.05|om=2.0|trial=1,outlier_grid,5000,1797025082,1124880129,0.6814735797847691,8.168079323694936,0.5094283707982334,2.622081317619049,uniform,uniform,uniform,0,0,0
exp_threshold_sweep,3.3421052631578947,2,n=5000|of=0.05|om=2.0|trial=2,outlier_grid,5000,1797025083,1125880132,0.6730762768779296,7.51328610662532,0.557776899772723,2.651780350683474,uniform,uniform,uniform,0,0,0
exp_threshold_sweep,3.3421052631578947,0,n=5000|of=0.05|om=5.0|trial=0,outlier_grid,5000,502066787,1648917302,1.5610511723927194,9.482297366454727,1.5814138324073648,7.086985047209214,uniform,uniform_exact,uniform,0,0,0
exp_threshold_sweep,3.3421052631578947,1,n=5000|of=0.05|om=5.0|trial=1,outlier_grid,5000,502066788,1649917305,1.5983515327881193,10.05179141412876,1.1232684820261292,7.347495547572738,uniform,uniform_exact,uniform,0,0,0
exp_threshold_sweep,3.3421052631578947,2,n=5000|of=0.05|om=5.0|trial=2,outlier_grid,5000,502066789,1650917308,1.564054233622819,9.903368559014538,1.6033151517108049,6.441696623741881,uniform,uniform_exact,uniform,0,0,0
exp_threshold_sweep,3.3421052631578947,0,n=5000|of=0.05|om=10.0|trial=0,outlier_grid,5000,1207114493,376495615,3.0064614329892705,15.45576789854595,3.1340825268152814,16.279905247527584,is,uniform_exact,uniform,1,0,1
exp_threshold_sweep,3.3421052631578947,1,n=5000|of=0.05|om=10.0|trial=1,outlier_grid,5000,1207114494,377495618,2.975958669383625,15.516826552718598,3.3566901462585004,24.189990239627157,is,is,is,1,0,0
exp_threshold_sweep,3.3421052631578947,2,n=5000|of=0.05|om=10.0|trial=2,outlier_grid,5000,1207114495,378495621,2.994754765488841,15.286751648815459,2.678996540439149,10.585320620309275,is,uniform_exact,uniform,1,0,1
exp_threshold_sweep,3.3421052631578947,0,n=5000|of=0.1|om=2.0|trial=0,outlier_grid,5000,87788783,2062360648,0.6452892873409604,7.975916618900835,0.6023948340067939,2.895885589927052,uniform,uniform,uniform,0,0,0
exp_threshold_sweep,3.3421052631578947,1,n=5000|of=0.1|om=2.0|trial=1,outlier_grid,5000,87788784,2063360651,0.6342794906340355,7.439749972949388,0.48578125857125803,2.526454306341552,uniform,uniform,uniform,0,0,0
exp_threshold_sweep,3.3421052631578947,2,n=5000|of=0.1|om=2.0|trial=2,outlier_grid,5000,87788785,2064360654,0.6753511690743486,10.273263459798766,0.44778835753168045,2.4348500275066987,uniform,uniform,uniform,0,0,0
exp_threshold_sweep,3.3421052631578947,0,n=5000|of=0.1|om=5.0|trial=0,outlier_grid,5000,940314136,439914177,1.5642034237759075,7.461215325213151,1.4013653127048513,5.354506133930263,uniform,uniform_exact,uniform,0,0,0
exp_threshold_sweep,3.3421052631578947,1,n=5000|of=0.1|om=5.0|trial=1,outlier_grid,5000,940314137,440914180,1.6069129255861263,7.627573339463385,1.496980861609093,5.96902454669308,uniform,uniform_exact,uniform,0,0,0
exp_threshold_sweep,3.3421052631578947,2,n=5000|of=0.1|om=5.0|trial=2,outlier_grid,5000,940314138,441914183,1.5835535573326203,7.463665704236842,1.7552452411763957,7.623149741750945,uniform,uniform_exact,uniform,0,0,0
exp_threshold_sweep,3.3421052631578947,0,n=5000|of=0.1|om=10.0|trial=0,outlier_grid,5000,1645361842,1314976137,2.4387528204411435,9.085143647908605,2.26482038612102,7.227569247209228,is,uniform_exact,uniform,0,0,1
exp_threshold_sweep,3.3421052631578947,1,n=5000|of=0.1|om=10.0|trial=1,outlier_grid,5000,1645361843,1315976140,2.44827057345472,9.074192457210252,2.6789347677689337,10.383119944938606,is,uniform_exact,uniform,1,0,1
exp_threshold_sweep,3.3421052631578947,2,n=5000|of=0.1|om=10.0|trial=2,outlier_grid,5000,1645361844,1316976143,2.4335609917695766,9.037567396165114,2.145122067094484,6.6331006442410745,is,uniform_exact,uniform,0,0,1
exp_threshold_sweep,3.3421052631578947,0,n=5000|of=0.2|om=2.0|trial=0,outlier_grid,5000,964283481,1791838045,0.6519470284472162,8.754530513444111,0.489279008494782,2.614025139718864,uniform,uniform,uniform,0,0,0
exp_threshold_sweep,3.3421052631578947,1,n=5000|of=0.2|om=2.0|trial=1,outlier_grid,5000,964283482,1792838048,0.6299048125270215,10.880578863376364,0.8797275401615621,5.645832412620336,uniform,uniform_exact,uniform,0,0,0
exp_threshold_sweep,3.3421052631578947,2,n=5000|of=0.2|om=2.0|trial=2,outlier_grid,5000,964283483,1793838051,0.6870579308218044,13.544762416249597,0.5139858360385675,2.065515753511405,uniform,uniform,uniform,0,0,0
exp_threshold_sweep,3.3421052631578947,0,n=5000|of=0.2|om=5.0|trial=0,outlier_grid,5000,1816808834,169391574,1.3838458656873216,5.062593836717688,1.1812489436575941,3.3943800651011005,uniform,uniform_exact,uniform,0,0,0
exp_threshold_sweep,3.3421052631578947,1,n=5000|of=0.2|om=5.0|trial=1,outlier_grid,5000,1816808835,170391577,1.398083832516939,5.098880683600188,1.6015969838695299,5.604240072020636,uniform,uniform_exact,uniform,0,0,0
exp_threshold_sweep,3.3421052631578947,2,n=5000|of=0.2|om=5.0|trial=2,outlier_grid,5000,1816808836,171391580,1.3909424378180453,5.143704401559593,1.4902068930383188,5.26862691972517,uniform,uniform_exact,uniform,0,0,0
exp_threshold_sweep,3.3421052631578947,0,n=5000|of=0.2|om=10.0|trial=0,outlier_grid,5000,374372893,1044453534,1.7911999033758386,5.04722867967325,1.6351561802162435,4.141921243924258,is,uniform_exact,uniform,0,0,1
exp_threshold_sweep,3.3421052631578947,1,n=5000|of=0.2|om=10.0|trial=1,outlier_grid,5000,374372894,1045453537,1.7925498435757545,5.031734118828527,1.4961782360298332,3.630507581883769,is,uniform_exact,uniform,0,0,1
exp_threshold_sweep,3.3421052631578947,2,n=5000|of=0.2|om=10.0|trial=2,outlier_grid,5000,374372895,1046453540,1.799646793110485,5.033057676968276,1.657190209648293,4.154519325702862,is,uniform_exact,uniform,0,0,1
exp_threshold_sweep,3.5789473684210527,0,n=1000|of=0.0|om=2.0|trial=0,outlier_grid,1000,1442263617,746596488,0.617599978331471,6.544485015745742,0.5792216289809453,3.7551211556949267,uniform,uniform_exact,uniform,0,0,0
exp_threshold_sweep,3.5789473684210527,1,n=1000|of=0.0|om=2.0|trial=1,outlier_grid,1000,1442263618,747596491,0.7016203194983847,6.4257658382788225,0.5624153605456648,3.594511845561916,uniform,uniform_exact,uniform,0,0,0
exp_threshold_sweep,3.5789473684210527,2,n=1000|of=0.0|om=2.0|trial=2,outlier_grid,1000,1442263619,748596494,0.633503586176026,5.578210996800821,0.6203493818483108,3.3607742351690266,uniform,uniform_exact,uniform,0,0,0
exp_threshold_sweep,3.5789473684210527,0,n=1000|of=0.0|om=5.0|trial=0,outlier_grid,1000,147305323,1271633664,0.6607087487078306,6.077985671873188,0.6778324000867579,4.507517400829262,uniform,uniform_exact,uniform,0,0,0
exp_threshold_sweep,3.5789473684210527,1,n=1000|of=0.0|om=5.0|trial=1,outlier_grid,1000,147305324,1272633667,0.6504739835154975,5.5695015501111715,0.5769330983034893,3.4280999904442577,uniform,uniform_exact,uniform,0,0,0
exp_threshold_sweep,3.5789473684210527,2,n=1000|of=0.0|om=5.0|trial=2,outlier_grid,1000,147305325,1273633670,0.6694892343956219,5.3838442549691585,0.5904773849138812,2.9777481310590947,uniform,uniform_exact,uniform,0,0,0
exp_threshold_sweep,3.5789473684210527,0,n=1000|of=0.0|om=10.0|trial=0,outlier_grid,1000,852353029,2146695624,0.6398166324088268,6.140337691272391,0.6048854325727876,3.2238802407359564,uniform,uniform_exact,uniform,0,0,0
exp_threshold_sweep,3.5789473684210527,1,n=1000|of=0.0|om=10.0|trial=1,outlier_grid,1000,852353030,211980,0.6645481406412764,5.726033896808133,0.5948030913967516,3.4086031598724578,uniform,uniform_exact,uniform,0,0,0
exp_threshold_sweep,3.5789473684210527,2,n=1000|of=0.0|om=10.0|trial=2,outlier_grid,1000,852353031,1211983,0.6625855174916219,6.889022080403152,0.5587755873642236,2.7155851232783563,uniform,uniform_exact,uniform,0,0,0
exp_threshold_sweep,3.5789473684210527,0,n=1000|of=0.01|om=2.0|trial=0,outlier_grid,1000,670919628,504795863,0.6194948810036581,4.431036671722072,0.600412885539662,3.504839920760178,uniform,uniform_exact,uniform,0,0,0
exp_threshold_sweep,3.5789473684210527,1,n=1000|of=0.01|om=2.0|trial=1,outlier_grid,1000,670919629,505795866,0.6419604984348997,5.780451621515172,0.6360048928099782,3.9879343389153816,uniform,uniform_exact,uniform,0,0,0
exp_threshold_sweep,3.5789473684210527,2,n=1000|of=0.01|om=2.0|trial=2,outlier_grid,1000,670919630,506795869,0.6478534945181104,7.295799872829969,0.7461386760860199,3.799948395448764,uniform,uniform_exact,uniform,0,0,0
exp_threshold_sweep,3.5789473684210527,0,n=1000|of=0.01|om=5.0|trial=0,outlier_grid,1000,1523444981,1029833039,0.9275708025452007,9.067911114745035,1.179577636648103,6.361693534558651,uniform,uniform_exact,uniform,0,0,0
exp_threshold_sweep,3.5789473684210527,1,n=1000|of=0.01|om=5.0|trial=1,outlier_grid,1000,1523444982,1030833042,0.8826442516694574,9.20078801072338,0.5534527448707319,3.265936968535783,uniform,uniform_exact,uniform,0,0,0
exp_threshold_sweep,3.5789473684210527,2,n=1000|of=0.01|om=5.0|trial=2,outlier_grid,1000,1523444983,1031833045,0.8944373892679047,9.492564196854993,0.6872701523492689,3.5238864749841685,uniform,uniform_exact,uniform,0,0,0
exp_threshold_sweep,3.5789473684210527,0,n=1000|of=0.01|om=10.0|trial=0,outlier_grid,1000,81009040,1904894999,2.1600848596659037,23.591190740265375,0.595696740110624,2.6803622284925925,uniform,uniform_exact,uniform,0,0,0
exp_threshold_sweep,3.5789473684210527,1,n=1000|of=0.01|om=10.0|trial=1,outlier_grid,1000,81009041,1905895002,2.186629044024305,23.67565527185168,2.686473508696533,19.437634977921316,uniform,uniform_exact,uniform,0,0,0
exp_threshold_sweep,3.5789473684210527,2,n=1000|of=0.01|om=10.0|trial=2,outlier_grid,1000,81009042,1906895005,2.202788337834508,23.474969597415352,0.5229689491770683,3.1986674664316057,uniform,uniform_exact,uniform,1,0,0
exp_threshold_sweep,3.5789473684210527,0,n=1000|of=0.02|om=2.0|trial=0,outlier_grid,1000,2047059286,262995238,0.668926440883736,6.047119721303887,0.7277017571359087,3.9820869811691497,uniform,uniform_exact,uniform,0,0,0
exp_threshold_sweep,3.5789473684210527,1,n=1000|of=0.02|om=2.0|trial=1,outlier_grid,1000,2047059287,263995241,0.6096939094021688,4.754850690421404,0.6144767830462303,3.9935331538568932,uniform,uniform_exact,uniform,0,0,0
exp_threshold_sweep,3.5789473684210527,2,n=1000|of=0.02|om=2.0|trial=2,outlier_grid,1000,2047059288,264995244,0.619980694353103,5.711189635441723,0.535580704103483,2.9768981553962552,uniform,uniform_exact,uniform,0,0,0
exp_threshold_sweep,3.5789473684210527,0,n=1000|of=0.02|om=5.0|trial=0,outlier_grid,1000,752100992,788032414,1.0363964890753734,8.83629684462703,1.0466092268098628,6.239202102338911,uniform,uniform_exact,uniform,0,0,0
exp_threshold_sweep,3.5789473684210527,1,n=1000|of=0.02|om=5.0|trial=1,outlier_grid,1000,752100993,789032417,1.0808453099122093,9.327938871539764,0.5999845634124513,3.4163300519488495,uniform,uniform_exact,uniform,0,0,0
exp_threshold_sweep,3.5789473684210527,2,n=1000|of=0.02|om=5.0|trial=2,outlier_grid,1000,752100994,790032420,1.0555990939448983,9.079803243418585,0.6179288531044986,2.9140629448012034,uniform,uniform_exact,uniform,0,0,0
exp_threshold_sweep,3.5789473684210527,0,n=1000|of=0.02|om=10.0|trial=0,outlier_grid,1000,1457148698,1663094374,2.4223349633420703,19.324723385669508,2.2768391964061068,12.493682597522259,uniform,uniform_exact,uniform,1,0,0
exp_threshold_sweep,3.5789473684210527,1,n=1000|of=0.02|om=10.0|trial=1,outlier_grid,1000,1457148699,1664094377,2.4594205603819232,19.349043540692758,2.586218043528126,18.491673197422436,uniform,uniform_exact,uniform,1,0,0
exp_threshold_sweep,3.5789473684210527,2,n=1000|of=0.02|om=10.0|trial=2,outlier_grid,1000,1457148700,1665094380,2.441556227376376,19.145175988469532,2.4756114206815076,17.971255599982634,uniform,uniform_exact,uniform,1,0,0
exp_threshold_sweep,3.5789473684210527,0,n=1000|of=0.05|om=2.0|trial=0,outlier_grid,1000,1880510966,1685077010,0.6787566315775071,6.9795351614658365,0.6532660087150711,3.9303997649460536,uniform,uniform_exact,uniform,0,0,0
exp_threshold_sweep,3.5789473684210527,1,n=1000|of=0.05|om=2.0|trial=1,outlier_grid,1000,1880510967,1686077013,0.6273247767797993,5.416408240314115,0.7006769131461544,3.417156707937501,uniform,uniform_exact,uniform,0,0,0
exp_threshold_sweep,3.5789473684210527,2,n=1000|of=0.05|om=2.0|trial=2,outlier_grid,1000,1880510968,1687077016,0.6436184853347732,6.685255422490038,0.5655776948558334,2.9675966664623066,uniform,uniform_exact,uniform,0,0,0
exp_threshold_sweep,3.5789473684210527,0,n=1000|of=0.05|om=5.0|trial=0,outlier_grid,1000,585552672,62630539,1.322654341020879,7.809373922547658,1.2602729160032287,5.790966252674343,uniform,uniform_exact,uniform,0,0,0
exp_threshold_sweep,3.5789473684210527,1,n=1000|of=0.05|om=5.0|trial=1,outlier_grid,1000,585552673,63630542,1.2985808873964355,8.313744404611858,1.3937808712611708,6.549115066501622,uniform,uniform_exact,uniform,0,0,0
exp_threshold_sweep,3.5789473684210527,2,n=1000|of=0.05|om=5.0|trial=2,outlier_grid,1000,585552674,64630545,1.208561744925839,7.712949719548932,1.2356541450415703,8.065464600605994,uniform,uniform_exact,uniform,0,0,0
exp_threshold_sweep,3.5789473684210527,0,n=1000|of=0.05|om=10.0|trial=0,outlier_grid,1000,1290600378,937692499,2.507398434602011,12.789785607408268,2.5460169774584447,13.571538671321873,uniform,uniform_exact,uniform,1,0,0
exp_threshold_sweep,3.5789473684210527,1,n=1000|of=0.05|om=10.0|trial=1,outlier_grid,1000,1290600379,938692502,2.520669114923294,12.78671987327333,1.9387297725172656,5.629355416875417,uniform,uniform_exact,uniform,1,0,0
exp_threshold_sweep,3.5789473684210527,2,n=1000|of=0.05|om=10.0|trial=2,outlier_grid,1000,1290600380,939692505,2.49068495781207,12.596211278828237,0.6178687009433114,3.037576054622195,uniform,uniform_exact,uniform,1,0,0
exp_threshold_sweep,3.5789473684210527,0,n=1000|of=0.1|om=2.0|trial=0,outlier_grid,1000,171274668,476073885,0.6524098435515786,7.086241475883487,0.592438652466298,2.583706210617889,uniform,uniform_exact,uniform,0,0,0
exp_threshold_sweep,3.5789473684210527,1,n=1000|of=0.1|om=2.0|trial=1,outlier_grid,1000,171274669,477073888,0.581167313005821,6.085439413528287,0.49926726725109266,2.4002990465347884,uniform,uniform_exact,uniform,0,0,0
exp_threshold_sweep,3.5789473684210527,2,n=1000|of=0.1|om=2.0|trial=2,outlier_grid,1000,171274670,478073891,0.6984683097008569,7.200833170425255,0.6218004376448718,3.2083742084691735,uniform,uniform_exact,uniform,0,0,0
exp_threshold_sweep,3.5789473684210527,0,n=1000|of=0.1|om=5.0|trial=0,outlier_grid,1000,1023800021,1001111061,1.3537758517722411,6.291632634044208,1.2270944613417873,8.059082935224273,uniform,uniform_exact,uniform,0,0,0
exp_threshold_sweep,3.5789473684210527,1,n=1000|of=0.1|om=5.0|trial=1,outlier_grid,1000,1023800022,1002111064,1.367532997551312,6.235878482522877,1.2685575669172509,6.16386871650078,uniform,uniform_exact,uniform,0,0,0
exp_threshold_sweep,3.5789473684210527,2,n=1000|of=0.1|om=5.0|trial=2,outlier_grid,1000,1023800023,1003111067,1.3274574831627268,6.042607423381932,1.2664956647410255,6.937159018869974,uniform,uniform_exact,uniform,0,0,0
exp_threshold_sweep,3.5789473684210527,0,n=1000|of=0.1|om=10.0|trial=0,outlier_grid,1000,1728847727,1876173021,2.1745485439283283,8.206958182334139,2.4346902432383204,9.412526709326883,uniform,uniform_exact,uniform,0,0,0
exp_threshold_sweep,3.5789473684210527,1,n=1000|of=0.1|om=10.0|trial=1,outlier_grid,1000,1728847728,1877173024,2.2071501455785794,8.244504029581895,2.3812422257400883,9.569168732034875,uniform,uniform_exact,uniform,1,0,0
exp_threshold_sweep,3.5789473684210527,2,n=1000|of=0.1|om=10.0|trial=2,outlier_grid,1000,1728847729,1878173027,2.2131805137021714,8.13937339152958,2.25708430858496,9.004323730109185,uniform,uniform_exact,uniform,1,0,0
exp_threshold_sweep,3.5789473684210527,0,n=1000|of=0.2|om=2.0|trial=0,outlier_grid,1000,1047769366,205551282,0.596226390605092,7.59566327931635,0.4367494044822424,2.156021407331392,uniform,uniform_exact,uniform,0,0,0
exp_threshold_sweep,3.5789473684210527,1,n=1000|of=0.2|om=2.0|trial=1,outlier_grid,1000,1047769367,206551285,0.5707637716995058,4.76013034379612,0.5904453327558927,3.0208394963467016,uniform,uniform_exact,uniform,0,0,0
exp_threshold_sweep,3.5789473684210527,2,n=1000|of=0.2|om=2.0|trial=2,outlier_grid,1000,1047769368,207551288,0.6082008942884182,5.59710910895369,0.6592103173997579,3.0898704853914385,uniform,uniform_exact,uniform,0,0,0
exp_threshold_sweep,3.5789473684210527,0,n=1000|of=0.2|om=5.0|trial=0,outlier_grid,1000,1900294719,730588458,1.2128763710131376,4.437108297044463,1.1928192941444213,4.044758532649838,uniform,uniform_exact,uniform,0,0,0
exp_threshold_sweep,3.5789473684210527,1,n=1000|of=0.2|om=5.0|trial=1,outlier_grid,1000,1900294720,731588461,1.222022170293529,4.453870144522961,1.1992716933043563,5.041641870792823,uniform,uniform_exact,uniform,0,0,0
exp_threshold_sweep,3.5789473684210527,2,n=1000|of=0.2|om=5.0|trial=2,outlier_grid,1000,1900294721,732588464,1.2283430251331136,4.34226493758284,1.2163609615840314,4.537820635239081,uniform,uniform_exact,uniform,0,0,0
exp_threshold_sweep,3.5789473684210527,0,n=1000|of=0.2|om=10.0|trial=0,outlier_grid,1000,457858778,1605650418,1.6822322474532947,4.785774324099834,1.6126622476279933,4.174688409215442,uniform,uniform_exact,uniform,0,0,0
exp_threshold_sweep,3.5789473684210527,1,n=1000|of=0.2|om=10.0|trial=1,outlier_grid,1000,457858779,1606650421,1.6828609678688584,4.797205593998007,1.7863650903320294,5.242603023408948,uniform,uniform_exact,uniform,0,0,0
exp_threshold_sweep,3.5789473684210527,2,n=1000|of=0.2|om=10.0|trial=2,outlier_grid,1000,457858780,1607650424,1.6824444119691087,4.694431122747657,1.8808219559796164,5.680978120999826,uniform,uniform_exact,uniform,0,0,0
exp_threshold_sweep,3.5789473684210527,0,n=2000|of=0.0|om=2.0|trial=0,outlier_grid,2000,884521234,1143168179,0.6437859806065077,7.26494190000632,0.674991533476765,2.7082690710664776,uniform,uniform_exact,uniform,0,0,0
exp_threshold_sweep,3.5789473684210527,1,n=2000|of=0.0|om=2.0|trial=1,outlier_grid,2000,884521235,1144168182,0.6783226328241753,6.987718128416362,0.5667600333268128,3.303712787520689,uniform,uniform_exact,uniform,0,0,0
exp_threshold_sweep,3.5789473684210527,2,n=2000|of=0.0|om=2.0|trial=2,outlier_grid,2000,884521236,1145168185,0.7008485258315146,10.87323753149392,0.638676943837571,2.8940703713838247,uniform,uniform_exact,uniform,0,0,0
exp_threshold_sweep,3.5789473684210527,0,n=2000|of=0.0|om=5.0|trial=0,outlier_grid,2000,1737046587,1668205355,0.6647636523552978,9.371015606248461,0.43923074949135293,2.248582861193317,uniform,uniform,uniform,0,0,0
exp_threshold_sweep,3.5789473684210527,1,n=2000|of=0.0|om=5.0|trial=1,outlier_grid,2000,1737046588,1669205358,0.6503303945228937,7.618833107152736,0.550019335975267,2.9086195735706912,uniform,uniform_exact,uniform,0,0,0
exp_threshold_sweep,3.5789473684210527,2,n=2000|of=0.0|om=5.0|trial=2,outlier_grid,2000,1737046589,1670205361,0.7116392058914187,10.837519913683188,0.519706476796153,2.4535648362469447,uniform,uniform_exact,uniform,0,0,0
exp_threshold_sweep,3.5789473684210527,0,n=2000|of=0.0|om=10.0|trial=0,outlier_grid,2000,294610646,395783668,0.6984542271619008,9.191213698217632,0.5092813099360831,2.4793143279605285,uniform,uniform_exact,uniform,0,0,0
exp_threshold_sweep,3.5789473684210527,1,n=2000|of=0.0|om=10.0|trial=1,outlier_grid,2000,294610647,396783671,0.6531760108020092,9.05950966881119,0.627980754154927,3.093823427179868,uniform,uniform_exact,uniform,0,0,0
exp_threshold_sweep,3.5789473684210527,2,n=2000|of=0.0|om=10.0|trial=2,outlier_grid,2000,294610648,397783674,0.6722700999610615,5.917746054892996,0.62568892276094,3.73863589867444,uniform,uniform_exact,uniform,0,0,0
exp_threshold_sweep,3.5789473684210527,0,n=2000|of=0.01|om=2.0|trial=0,outlier_grid,2000,113177245,901367554,0.7041455345419971,8.158001271669198,0.5680526943638872,3.4942995308401055,uniform,uniform_exact,uniform,0,0,0
exp_threshold_sweep,3.5789473684210527,1,n=2000|of=0.01|om=2.0|trial=1,outlier_grid,2000,113177246,902367557,0.6776575995706522,7.229319530734069,0.7434477026544858,3.2898113611149316,uniform,uniform_exact,uniform,0,0,0
exp_threshold_sweep,3.5789473684210527,2,n=2000|of=0.01|om=2.0|trial=2,outlier_grid,2000,113177247,903367560,0.6623640231431586,9.28680597708695,0.43711552500825435,2.428383543961075,uniform,uniform,uniform,0,0,0
exp_threshold_sweep,3.5789473684210527,0,n=2000|of=0.01|om=5.0|trial=0,outlier_grid,2000,965702598,1426404730,0.9816612409123018,11.124163624423396,1.1275560866428693,7.5738772473757505,uniform,uniform_exact,uniform,0,0,0
exp_threshold_sweep,3.5789473684210527,1,n=2000|of=0.01|om=5.0|trial=1,outlier_grid,2000,965702599,1427404733,1.019893147231907,10.771710935140439,1.4011127247460928,10.080675047078085,uniform,uniform_exact,uniform,0,0,0
exp_threshold_sweep,3.5789473684210527,2,n=2000|of=0.01|om=5.0|trial=2,outlier_grid,2000,965702600,1428404736,1.0038984191058524,11.152323945467518,1.1043626508796562,8.004086825580226,uniform,uniform_exact,uniform,0,0,0
exp_threshold_sweep,3.5789473684210527,0,n=2000|of=0.01|om=10.0|trial=0,outlier_grid,2000,1670750304,153983043,2.485939595674491,27.10730987984548,0.6633916037771289,4.414615479645728,uniform,uniform_exact,uniform,1,0,0
exp_threshold_sweep,3.5789473684210527,1,n=2000|of=0.01|om=10.0|trial=1,outlier_grid,2000,1670750305,154983046,2.4574092914423638,26.830979453268434,2.927275795378559,21.181963239330813,uniform,uniform_exact,uniform,1,0,0
exp_threshold_sweep,3.5789473684210527,2,n=2000|of=0.01|om=10.0|trial=2,outlier_grid,2000,1670750306,155983049,2.4875934157876274,27.001639859771334,2.9522182148526666,15.388247090251422,uniform,uniform_exact,uniform,1,0,0
exp_threshold_sweep,3.5789473684210527,0,n=2000|of=0.02|om=2.0|trial=0,outlier_grid,2000,1489316903,659566929,0.6522247884106012,6.7974888408872705,0.663615079934754,2.845777659821521,uniform,uniform_exact,uniform,0,0,0
exp_threshold_sweep,3.5789473684210527,1,n=2000|of=0.02|om=2.0|trial=1,outlier_grid,2000,1489316904,660566932,0.708592555862065,7.3196862152942685,0.783079556068144,4.365849076687414,uniform,uniform_exact,uniform,0,0,0
exp_threshold_sweep,3.5789473684210527,2,n=2000|of=0.02|om=2.0|trial=2,outlier_grid,2000,1489316905,661566935,0.6266465193598646,6.766098028970186,0.5814199074378263,3.0165771271410105,uniform,uniform_exact,uniform,0,0,0
exp_threshold_sweep,3.5789473684210527,0,n=2000|of=0.02|om=5.0|trial=0,outlier_grid,2000,194358609,1184604105,1.187664640127493,10.482197021947206,1.3959785592285896,9.933616905857406,uniform,uniform_exact,uniform,0,0,0
exp_threshold_sweep,3.5789473684210527,1,n=2000|of=0.02|om=5.0|trial=1,outlier_grid,2000,194358610,1185604108,1.169122399391696,10.541280528053289,0.5436182059486385,2.703551105220374,uniform,uniform_exact,uniform,0,0,0
exp_threshold_sweep,3.5789473684210527,2,n=2000|of=0.02|om=5.0|trial=2,outlier_grid,2000,194358611,1186604111,1.2297958209577402,10.40504305776103,1.5440309715136735,8.961265241479975,uniform,uniform_exact,uniform,0,0,0
exp_threshold_sweep,3.5789473684210527,0,n=2000|of=0.02|om=10.0|trial=0,outlier_grid,2000,899406315,2059666065,2.869439534666998,22.1660269939405,0.4868876569688313,2.5347969343691266,uniform,uniform_exact,uniform,1,0,0
exp_threshold_sweep,3.5789473684210527,1,n=2000|of=0.02|om=10.0|trial=1,outlier_grid,2000,899406316,2060666068,2.804968516663726,22.06499967036417,2.6042308034659394,11.342982552889508,uniform,uniform_exact,uniform,1,0,0
exp_threshold_sweep,3.5789473684210527,2,n=2000|of=0.02|om=10.0|trial=2,outlier_grid,2000,899406317,2061666071,2.735942484849644,21.257719756855096,0.6913687267996956,3.4791511801655646,uniform,uniform_exact,uniform,1,0,0
exp_threshold_sweep,3.5789473684210527,0,n=2000|of=0.05|om=2.0|trial=0,outlier_grid,2000,1322768583,2081648701,0.65141260441657,7.2644391200920655,0.5758976607989406,3.568377733977482,uniform,uniform_exact,uniform,0,0,0
exp_threshold_sweep,3.5789473684210527,1,n=2000|of=0.05|om=2.0|trial=1,outlier_grid,2000,1322768584,2082648704,0.6410291195607866,6.374989174742897,0.423707004277755,2.2026269488562256,uniform,uniform,uniform,0,0,0
exp_threshold_sweep,3.5789473684210527,2,n=2000|of=0.05|om=2.0|trial=2,outlier_grid,2000,1322768585,2083648707,0.6227487686611384,6.430958934057433,0.8126938516301474,4.410802698398098,uniform,uniform_exact,uniform,0,0,0
exp_threshold_sweep,3.5789473684210527,0,n=2000|of=0.05|om=5.0|trial=0,outlier_grid,2000,27810289,459202230,1.358269331673104,8.966713358539577,1.3930604394355475,7.529230707105305,uniform,uniform_exact,uniform,0,0,0
exp_threshold_sweep,3.5789473684210527,1,n=2000|of=0.05|om=5.0|trial=1,outlier_grid,2000,27810290,460202233,1.3763076923974027,8.285852764690443,1.4370406724481637,5.7048471462455606,uniform,uniform_exact,uniform,0,0,0
exp_threshold_sweep,3.5789473684210527,2,n=2000|of=0.05|om=5.0|trial=2,outlier_grid,2000,27810291,461202236,1.4611702597146317,9.106720084066147,1.1627763177145658,8.536972130772934,uniform,uniform_exact,uniform,0,0,0
exp_threshold_sweep,3.5789473684210527,0,n=2000|of=0.05|om=10.0|trial=0,outlier_grid,2000,732857995,1334264190,2.7142794007709448,13.745211635687745,2.42821481322382,11.019194779213086,uniform,uniform_exact,uniform,1,0,0
exp_threshold_sweep,3.5789473684210527,1,n=2000|of=0.05|om=10.0|trial=1,outlier_grid,2000,732857996,1335264193,2.726308523162901,13.889554001701725,0.7932128839651166,4.54207964660799,uniform,uniform_exact,uniform,1,0,0
exp_threshold_sweep,3.5789473684210527,2,n=2000|of=0.05|om=10.0|trial=2,outlier_grid,2000,732857997,1336264196,2.7326270401993864,13.72668609604081,2.7269486055885768,12.006679258798314,uniform,uniform_exact,uniform,1,0,0
exp_threshold_sweep,3.5789473684210527,0,n=2000|of=0.1|om=2.0|trial=0,outlier_grid,2000,1761015932,872645576,0.5866904178552818,6.882127609815075,0.5603246298187173,2.9133950889213853,uniform,uniform_exact,uniform,0,0,0
exp_threshold_sweep,3.5789473684210527,1,n=2000|of=0.1|om=2.0|trial=1,outlier_grid,2000,1761015933,873645579,0.6805166058317258,7.844182030189697,0.9230782312378601,4.504358091382083,uniform,uniform_exact,uniform,0,0,0
exp_threshold_sweep,3.5789473684210527,2,n=2000|of=0.1|om=2.0|trial=2,outlier_grid,2000,1761015934,874645582,0.6075248895724128,8.488601778181627,0.4534254640464673,2.419582742086685,uniform,uniform_exact,uniform,0,0,0
exp_threshold_sweep,3.5789473684210527,0,n=2000|of=0.1|om=5.0|trial=0,outlier_grid,2000,466057638,1397682752,1.4612428196080953,6.753627793666996,1.5202576967455184,5.565782913030145,uniform,uniform_exact,uniform,0,0,0
exp_threshold_sweep,3.5789473684210527,1,n=2000|of=0.1|om=5.0|trial=1,outlier_grid,2000,466057639,1398682755,1.4764441467779024,6.956174126191189,1.4373757799387972,5.003382332493351,uniform,uniform_exact,uniform,0,0,0
exp_threshold_sweep,3.5789473684210527,2,n=2000|of=0.1|om=5.0|trial=2,outlier_grid,2000,466057640,1399682758,1.4190922443740461,6.741387981806074,1.456843607537471,6.657444011479854,uniform,uniform_exact,uniform,0,0,0
exp_threshold_sweep,3.5789473684210527,0,n=2000|of=0.1|om=10.0|trial=0,outlier_grid,2000,1171105344,125261065,2.301445779003562,8.777361115865295,1.934153491493032,5.790838523440522,uniform,uniform_exact,uniform,0,0,0
exp_threshold_sweep,3.5789473684210527,1,n=2000|of=0.1|om=10.0|trial=1,outlier_grid,2000,1171105345,126261068,2.3152827988189686,8.658788130102245,1.9585873462683725,5.90081056899774,uniform,uniform_exact,uniform,1,0,0
exp_threshold_sweep,3.5789473684210527,2,n=2000|of=0.1|om=10.0|trial=2,outlier_grid,2000,1171105346,127261071,2.30933321640677,8.687845653682372,2.3994023492492764,8.816058313257416,uniform,uniform_exact,uniform,1,0,0
exp_threshold_sweep,3.5789473684210527,0,n=2000|of=0.2|om=2.0|trial=0,outlier_grid,2000,490026983,602122973,0.5915941849529013,6.747218403782818,0.686396677945271,3.7923600105180877,uniform,uniform_exact,uniform,0,0,0
exp_threshold_sweep,3.5789473684210527,1,n=2000|of=0.2|om=2.0|trial=1,outlier_grid,2000,490026984,603122976,0.5845956482433441,7.133862103294786,0.524569935578736,2.528805649555165,uniform,uniform_exact,uniform,0,0,0
exp_threshold_sweep,3.5789473684210527,2,n=2000|of=0.2|om=2.0|trial=2,outlier_grid,2000,490026985,604122979,0.6364016724628121,6.162099158324124,0.7960376567418506,5.2464168799199795,uniform,uniform_exact,uniform,0,0,0
exp_threshold_sweep,3.5789473684210527,0,n=2000|of=0.2|om=5.0|trial=0,outlier_grid,2000,1342552336,1127160149,1.2983740571519216,4.789065542177101,1.2897597838859116,4.45061207966649,uniform,uniform_exact,uniform,0,0,0
exp_threshold_sweep,3.5789473684210527,1,n=2000|of=0.2|om=5.0|trial=1,outlier_grid,2000,1342552337,1128160152,1.3147579288921611,4.448881049791875,1.0163117565268944,2.595027481110448,uniform,uniform_exact,uniform,0,0,0
exp_threshold_sweep,3.5789473684210527,2,n=2000|of=0.2|om=5.0|trial=2,outlier_grid,2000,1342552338,1129160155,1.3083480127020897,4.637299734571176,1.3955985988606014,4.393712162179013,uniform,uniform_exact,uniform,0,0,0
exp_threshold_sweep,3.5789473684210527,0,n=2000|of=0.2|om=10.0|trial=0,outlier_grid,2000,2047600042,2002222109,1.7372109637686688,4.909762302581473,1.889395007993454,5.478893835336999,uniform,uniform_exact,uniform,0,0,0
exp_threshold_sweep,3.5789473684210527,1,n=2000|of=0.2|om=10.0|trial=1,outlier_grid,2000,2047600043,2003222112,1.7421178180833923,4.869082529210165,2.046914715380733,6.5554327240881305,uniform,uniform_exact,uniform,0,0,0
exp_threshold_sweep,3.5789473684210527,2,n=2000|of=0.2|om=10.0|trial=2,outlier_grid,2000,2047600044,2004222115,1.7399890427199698,4.970317505328127,1.905672732550998,5.468977338675821,uniform,uniform_exact,uniform,0,0,0
exp_threshold_sweep,3.5789473684210527,0,n=5000|of=0.0|om=2.0|trial=0,outlier_grid,5000,1358777732,185399605,0.7224807944290408,9.893139619301449,0.6870797305389904,3.523867494582266,uniform,uniform,uniform,0,0,0
exp_threshold_sweep,3.5789473684210527,1,n=5000|of=0.0|om=2.0|trial=1,outlier_grid,5000,1358777733,186399608,0.6783674416504732,9.248645932905605,0.5727257510087516,2.6497505974209843,uniform,uniform,uniform,0,0,0
exp_threshold_sweep,3.5789473684210527,2,n=5000|of=0.0|om=2.0|trial=2,outlier_grid,5000,1358777734,187399611,0.6974014263102107,8.500077009248255,0.5550499232583211,2.79162639115273,uniform,uniform,uniform,0,0,0
exp_threshold_sweep,3.5789473684210527,0,n=5000|of=0.0|om=5.0|trial=0,outlier_grid,5000,63819438,710436781,0.6966704990056833,11.78855723114979,0.7754190898198455,4.229983429592277,uniform,uniform_exact,uniform,0,0,0
exp_threshold_sweep,3.5789473684210527,1,n=5000|of=0.0|om=5.0|trial=1,outlier_grid,5000,63819439,711436784,0.7020645774986704,10.493395057863204,0.5337422009453784,3.523327000885844,uniform,uniform,uniform,0,0,0
exp_threshold_sweep,3.5789473684210527,2,n=5000|of=0.0|om=5.0|trial=2,outlier_grid,5000,63819440,712436787,0.6964872202949357,12.14043386833435,0.6032178030769562,3.0991854374328627,uniform,uniform,uniform,0,0,0
exp_threshold_sweep,3.5789473684210527,0,n=5000|of=0.0|om=10.0|trial=0,outlier_grid,5000,768867144,1585498741,0.6923142098960464,10.791047985600459,0.8168953932041757,5.484329839939783,uniform,uniform_exact,uniform,0,0,0
exp_threshold_sweep,3.5789473684210527,1,n=5000|of=0.0|om=10.0|trial=1,outlier_grid,5000,768867145,1586498744,0.6749404683005831,10.377327086148796,0.6436417657756855,3.988067855687239,uniform,uniform,uniform,0,0,0
exp_threshold_sweep,3.5789473684210527,2,n=5000|of=0.0|om=10.0|trial=2,outlier_grid,5000,768867146,1587498747,0.7043250568842707,9.485986571983513,0.6650253473802408,3.956706344582903,uniform,uniform,uniform,0,0,0
exp_threshold_sweep,3.5789473684210527,0,n=5000|of=0.01|om=2.0|trial=0,outlier_grid,5000,587433743,2091082627,0.7278048746693839,12.570758348270179,0.4829685143351468,2.434348493674677,uniform,uniform,uniform,0,0,0
exp_threshold_sweep,3.5789473684210527,1,n=5000|of=0.01|om=2.0|trial=1,outlier_grid,5000,587433744,2092082630,0.6959390046794844,8.19052749199074,0.8957654034666402,6.237326429646903,uniform,uniform_exact,uniform,0,0,0
exp_threshold_sweep,3.5789473684210527,2,n=5000|of=0.01|om=2.0|trial=2,outlier_grid,5000,587433745,2093082633,0.7275752487361427,11.991683623295147,0.5477702653613551,2.535658612981017,uniform,uniform,uniform,0,0,0
exp_threshold_sweep,3.5789473684210527,0,n=5000|of=0.01|om=5.0|trial=0,outlier_grid,5000,1439959096,468636156,1.1514945012448503,13.921170970329356,0.7127133139601103,4.716573626634476,uniform,uniform_exact,uniform,0,0,0
exp_threshold_sweep,3.5789473684210527,1,n=5000|of=0.01|om=5.0|trial=1,outlier_grid,5000,1439959097,469636159,1.1000620070210954,13.282787825099584,0.6448490689724905,4.238724276834311,uniform,uniform,uniform,0,0,0
exp_threshold_sweep,3.5789473684210527,2,n=5000|of=0.01|om=5.0|trial=2,outlier_grid,5000,1439959098,470636162,1.169644960173019,14.047324928197764,0.530302452442877,2.8117515772192703,uniform,uniform,uniform,0,0,0
exp_threshold_sweep,3.5789473684210527,0,n=5000|of=0.01|om=10.0|trial=0,outlier_grid,5000,2145006802,1343698116,3.012040993380712,33.184170841399485,0.506149125691641,2.443278637807778,is,uniform,uniform,1,0,1
exp_threshold_sweep,3.5789473684210527,1,n=5000|of=0.01|om=10.0|trial=1,outlier_grid,5000,2145006803,1344698119,3.05512119238724,33.62125804296652,0.640022114023458,3.5729595595147203,is,uniform,uniform,1,0,1
exp_threshold_sweep,3.5789473684210527,2,n=5000|of=0.01|om=10.0|trial=2,outlier_grid,5000,2145006804,1345698122,3.0106207049135034,32.90968384374054,0.7427447723474767,5.092779082648739,is,uniform_exact,uniform,1,0,1
exp_threshold_sweep,3.5789473684210527,0,n=5000|of=0.02|om=2.0|trial=0,outlier_grid,5000,1963573401,1849282002,0.6966747062003946,7.519776239119451,0.47600072198570675,2.6963238116012893,uniform,uniform,uniform,0,0,0
exp_threshold_sweep,3.5789473684210527,1,n=5000|of=0.02|om=2.0|trial=1,outlier_grid,5000,1963573402,1850282005,0.7118330565326979,11.001515450812754,0.9695829326558091,5.903895221926112,uniform,uniform_exact,uniform,0,0,0
exp_threshold_sweep,3.5789473684210527,2,n=5000|of=0.02|om=2.0|trial=2,outlier_grid,5000,1963573403,1851282008,0.65806351816426,9.25657713996702,0.4730785725399673,2.1144157866056714,uniform,uniform,uniform,0,0,0
exp_threshold_sweep,3.5789473684210527,0,n=5000|of=0.02|om=5.0|trial=0,outlier_grid,5000,668615107,226835531,1.324498034040619,12.321985384365552,1.4466222943408842,8.0848067015135,uniform,uniform_exact,uniform,0,0,0
exp_threshold_sweep,3.5789473684210527,1,n=5000|of=0.02|om=5.0|trial=1,outlier_grid,5000,668615108,227835534,1.3258723349377788,12.187571001132723,0.669543039791471,3.9290058537864576,uniform,uniform,uniform,0,0,0
exp_threshold_sweep,3.5789473684210527,2,n=5000|of=0.02|om=5.0|trial=2,outlier_grid,5000,668615109,228835537,1.3582145587406718,12.411829353085658,1.3306819851429785,9.54952552790078,uniform,uniform_exact,uniform,0,0,0
exp_threshold_sweep,3.5789473684210527,0,n=5000|of=0.02|om=10.0|trial=0,outlier_grid,5000,1373662813,1101897491,3.273305510801266,25.581420388004364,3.0204893085830564,15.890171362604516,is,uniform_exact,uniform,1,0,1
exp_threshold_sweep,3.5789473684210527,1,n=5000|of=0.02|om=10.0|trial=1,outlier_grid,5000,1373662814,1102897494,3.270192893939796,25.42383972037984,0.4976122371139403,2.971359774911797,is,uniform,uniform,1,0,1
exp_threshold_sweep,3.5789473684210527,2,n=5000|of=0.02|om=10.0|trial=2,outlier_grid,5000,1373662815,1103897497,3.2584141459449203,25.386482551776233,3.447641290031321,24.820423214765928,is,uniform_exact,uniform,1,0,1
exp_threshold_sweep,3.5789473684210527,0,n=5000|of=0.05|om=2.0|trial=0,outlier_grid,5000,1797025081,1123880127,0.6808824421638225,9.063293680601529,1.1966058365166654,8.604588591556396,uniform,uniform_exact,uniform,0,0,0
exp_threshold_sweep,3.5789473684210527,1,n=5000|of=0.05|om=2.0|trial=1,outlier_grid,5000,1797025082,1124880130,0.6814735797847691,8.168079323694936,0.6009067615551716,3.131188887452047,uniform,uniform,uniform,0,0,0
exp_threshold_sweep,3.5789473684210527,2,n=5000|of=0.05|om=2.0|trial=2,outlier_grid,5000,1797025083,1125880133,0.6730762768779296,7.51328610662532,0.5913693187737462,2.60618624457093,uniform,uniform,uniform,0,0,0
exp_threshold_sweep,3.5789473684210527,0,n=5000|of=0.05|om=5.0|trial=0,outlier_grid,5000,502066787,1648917303,1.5610511723927194,9.482297366454727,1.689498559540476,8.21404482643313,uniform,uniform_exact,uniform,0,0,0
exp_threshold_sweep,3.5789473684210527,1,n=5000|of=0.05|om=5.0|trial=1,outlier_grid,5000,502066788,1649917306,1.5983515327881193,10.05179141412876,1.397290035762414,9.778697896136027,uniform,uniform_exact,uniform,0,0,0
exp_threshold_sweep,3.5789473684210527,2,n=5000|of=0.05|om=5.0|trial=2,outlier_grid,5000,502066789,1650917309,1.564054233622819,9.903368559014538,1.6066946166395784,7.927297510582036,uniform,uniform_exact,uniform,0,0,0
exp_threshold_sweep,3.5789473684210527,0,n=5000|of=0.05|om=10.0|trial=0,outlier_grid,5000,1207114493,376495616,3.0064614329892705,15.45576789854595,3.3313243668382433,17.670270793705086,is,uniform_exact,uniform,1,0,1
exp_threshold_sweep,3.5789473684210527,1,n=5000|of=0.05|om=10.0|trial=1,outlier_grid,5000,1207114494,377495619,2.975958669383625,15.516826552718598,2.6745475873252853,10.259399976275118,is,uniform_exact,uniform,1,0,1
exp_threshold_sweep,3.5789473684210527,2,n=5000|of=0.05|om=10.0|trial=2,outlier_grid,5000,1207114495,378495622,2.994754765488841,15.286751648815459,3.169624705725661,22.76830854383888,is,uniform_exact,uniform,1,0,1
exp_threshold_sweep,3.5789473684210527,0,n=5000|of=0.1|om=2.0|trial=0,outlier_grid,5000,87788783,2062360649,0.6452892873409604,7.975916618900835,1.1225081723137325,7.2462988775908395,uniform,uniform_exact,uniform,0,0,0
exp_threshold_sweep,3.5789473684210527,1,n=5000|of=0.1|om=2.0|trial=1,outlier_grid,5000,87788784,2063360652,0.6342794906340355,7.439749972949388,0.5923939610064605,3.6887735746824593,uniform,uniform,uniform,0,0,0
exp_threshold_sweep,3.5789473684210527,2,n=5000|of=0.1|om=2.0|trial=2,outlier_grid,5000,87788785,2064360655,0.6753511690743486,10.273263459798766,1.0399693069546916,7.482829060736854,uniform,uniform_exact,uniform,0,0,0
exp_threshold_sweep,3.5789473684210527,0,n=5000|of=0.1|om=5.0|trial=0,outlier_grid,5000,940314136,439914178,1.5642034237759075,7.461215325213151,1.6711238997163427,9.010322327186909,uniform,uniform_exact,uniform,0,0,0
exp_threshold_sweep,3.5789473684210527,1,n=5000|of=0.1|om=5.0|trial=1,outlier_grid,5000,940314137,440914181,1.6069129255861263,7.627573339463385,1.6510544917495618,9.422441091404739,uniform,uniform_exact,uniform,0,0,0
exp_threshold_sweep,3.5789473684210527,2,n=5000|of=0.1|om=5.0|trial=2,outlier_grid,5000,940314138,441914184,1.5835535573326203,7.463665704236842,1.7300622385095645,7.6691432323679924,uniform,uniform_exact,uniform,0,0,0
exp_threshold_sweep,3.5789473684210527,0,n=5000|of=0.1|om=10.0|trial=0,outlier_grid,5000,1645361842,1314976138,2.4387528204411435,9.085143647908605,2.3681440714941973,7.4544411746968775,is,uniform_exact,uniform,0,0,1
exp_threshold_sweep,3.5789473684210527,1,n=5000|of=0.1|om=10.0|trial=1,outlier_grid,5000,1645361843,1315976141,2.44827057345472,9.074192457210252,3.001392366614883,15.798780950459658,is,uniform_exact,uniform,1,0,1
exp_threshold_sweep,3.5789473684210527,2,n=5000|of=0.1|om=10.0|trial=2,outlier_grid,5000,1645361844,1316976144,2.4335609917695766,9.037567396165114,2.681678669464504,10.702063619405346,is,uniform_exact,uniform,0,0,1
exp_threshold_sweep,3.5789473684210527,0,n=5000|of=0.2|om=2.0|trial=0,outlier_grid,5000,964283481,1791838046,0.6519470284472162,8.754530513444111,0.7263243721239656,3.737356099770735,uniform,uniform_exact,uniform,0,0,0
exp_threshold_sweep,3.5789473684210527,1,n=5000|of=0.2|om=2.0|trial=1,outlier_grid,5000,964283482,1792838049,0.6299048125270215,10.880578863376364,0.8874820514984179,6.30315505326041,uniform,uniform_exact,uniform,0,0,0
exp_threshold_sweep,3.5789473684210527,2,n=5000|of=0.2|om=2.0|trial=2,outlier_grid,5000,964283483,1793838052,0.6870579308218044,13.544762416249597,0.5959465885998302,3.0675082158972957,uniform,uniform,uniform,0,0,0
exp_threshold_sweep,3.5789473684210527,0,n=5000|of=0.2|om=5.0|trial=0,outlier_grid,5000,1816808834,169391575,1.3838458656873216,5.062593836717688,1.357458612373641,4.019551583023794,uniform,uniform_exact,uniform,0,0,0
exp_threshold_sweep,3.5789473684210527,1,n=5000|of=0.2|om=5.0|trial=1,outlier_grid,5000,1816808835,170391578,1.398083832516939,5.098880683600188,1.3473248670432727,4.42958057979212,uniform,uniform_exact,uniform,0,0,0
exp_threshold_sweep,3.5789473684210527,2,n=5000|of=0.2|om=5.0|trial=2,outlier_grid,5000,1816808836,171391581,1.3909424378180453,5.143704401559593,1.5685546219423314,7.075197505169332,uniform,uniform_exact,uniform,0,0,0
exp_threshold_sweep,3.5789473684210527,0,n=5000|of=0.2|om=10.0|trial=0,outlier_grid,5000,374372893,1044453535,1.7911999033758386,5.04722867967325,2.0601950379499683,5.7809758177312505,is,uniform_exact,uniform,0,0,1
exp_threshold_sweep,3.5789473684210527,1,n=5000|of=0.2|om=10.0|trial=1,outlier_grid,5000,374372894,1045453538,1.7925498435757545,5.031734118828527,1.44757388529416,3.370487543101464,is,uniform_exact,uniform,0,0,1
exp_threshold_sweep,3.5789473684210527,2,n=5000|of=0.2|om=10.0|trial=2,outlier_grid,5000,374372895,1046453541,1.799646793110485,5.033057676968276,1.4240310520963537,3.2832191947987965,is,uniform_exact,uniform,0,0,1
exp_threshold_sweep,3.81578947368421,0,n=1000|of=0.0|om=2.0|trial=0,outlier_grid,1000,1442263617,746596489,0.617599978331471,6.544485015745742,0.4738179151364163,2.4331704623223667,uniform,uniform_exact,uniform,0,0,0
exp_threshold_sweep,3.81578947368421,1,n=1000|of=0.0|om=2.0|trial=1,outlier_grid,1000,1442263618,747596492,0.7016203194983847,6.4257658382788225,0.6796560928690446,4.417382016532379,uniform,uniform_exact,uniform,0,0,0
exp_threshold_sweep,3.81578947368421,2,n=1000|of=0.0|om=2.0|trial=2,outlier_grid,1000,1442263619,748596495,0.633503586176026,5.578210996800821,0.5674952875173673,2.936844109396042,uniform,uniform_exact,uniform,0,0,0
exp_threshold_sweep,3.81578947368421,0,n=1000|of=0.0|om=5.0|trial=0,outlier_grid,1000,147305323,1271633665,0.6607087487078306,6.077985671873188,0.9145461148797074,4.995585473898321,uniform,uniform_exact,uniform,0,0,0
exp_threshold_sweep,3.81578947368421,1,n=1000|of=0.0|om=5.0|trial=1,outlier_grid,1000,147305324,1272633668,0.6504739835154975,5.5695015501111715,0.5054223620095619,3.2012676115762058,uniform,uniform_exact,uniform,0,0,0
exp_threshold_sweep,3.81578947368421,2,n=1000|of=0.0|om=5.0|trial=2,outlier_grid,1000,147305325,1273633671,0.6694892343956219,5.3838442549691585,0.6099644823017328,3.0657848281418976,uniform,uniform_exact,uniform,0,0,0
exp_threshold_sweep,3.81578947368421,0,n=1000|of=0.0|om=10.0|trial=0,outlier_grid,1000,852353029,2146695625,0.6398166324088268,6.140337691272391,0.6699995315491051,3.643699761691058,uniform,uniform_exact,uniform,0,0,0
exp_threshold_sweep,3.81578947368421,1,n=1000|of=0.0|om=10.0|trial=1,outlier_grid,1000,852353030,211981,0.6645481406412764,5.726033896808133,0.608263238380901,3.957367746106393,uniform,uniform_exact,uniform,0,0,0
exp_threshold_sweep,3.81578947368421,2,n=1000|of=0.0|om=10.0|trial=2,outlier_grid,1000,852353031,1211984,0.6625855174916219,6.889022080403152,0.7044676386784866,4.7350242813928745,uniform,uniform_exact,uniform,0,0,0
exp_threshold_sweep,3.81578947368421,0,n=1000|of=0.01|om=2.0|trial=0,outlier_grid,1000,670919628,504795864,0.6194948810036581,4.431036671722072,0.7017432669879999,4.213460434743665,uniform,uniform_exact,uniform,0,0,0
exp_threshold_sweep,3.81578947368421,1,n=1000|of=0.01|om=2.0|trial=1,outlier_grid,1000,670919629,505795867,0.6419604984348997,5.780451621515172,0.5591841696667907,3.1068890625835306,uniform,uniform_exact,uniform,0,0,0
exp_threshold_sweep,3.81578947368421,2,n=1000|of=0.01|om=2.0|trial=2,outlier_grid,1000,670919630,506795870,0.6478534945181104,7.295799872829969,0.7006878277414295,3.935478789184091,uniform,uniform_exact,uniform,0,0,0
exp_threshold_sweep,3.81578947368421,0,n=1000|of=0.01|om=5.0|trial=0,outlier_grid,1000,1523444981,1029833040,0.9275708025452007,9.067911114745035,1.0486071516007367,6.856417806022615,uniform,uniform_exact,uniform,0,0,0
exp_threshold_sweep,3.81578947368421,1,n=1000|of=0.01|om=5.0|trial=1,outlier_grid,1000,1523444982,1030833043,0.8826442516694574,9.20078801072338,1.23659334028396,6.840595549164356,uniform,uniform_exact,uniform,0,0,0
exp_threshold_sweep,3.81578947368421,2,n=1000|of=0.01|om=5.0|trial=2,outlier_grid,1000,1523444983,1031833046,0.8944373892679047,9.492564196854993,0.46131302817702047,3.1215489538524874,uniform,uniform_exact,uniform,0,0,0
exp_threshold_sweep,3.81578947368421,0,n=1000|of=0.01|om=10.0|trial=0,outlier_grid,1000,81009040,1904895000,2.1600848596659037,23.591190740265375,2.536387101298374,18.41399131183737,uniform,uniform_exact,uniform,0,0,0
exp_threshold_sweep,3.81578947368421,1,n=1000|of=0.01|om=10.0|trial=1,outlier_grid,1000,81009041,1905895003,2.186629044024305,23.67565527185168,2.7180087576960545,19.72293416357231,uniform,uniform_exact,uniform,0,0,0
exp_threshold_sweep,3.81578947368421,2,n=1000|of=0.01|om=10.0|trial=2,outlier_grid,1000,81009042,1906895006,2.202788337834508,23.474969597415352,0.642572516680256,3.1043895101654395,uniform,uniform_exact,uniform,1,0,0
exp_threshold_sweep,3.81578947368421,0,n=1000|of=0.02|om=2.0|trial=0,outlier_grid,1000,2047059286,262995239,0.668926440883736,6.047119721303887,0.6695350814760506,3.1903530937925697,uniform,uniform_exact,uniform,0,0,0
exp_threshold_sweep,3.81578947368421,1,n=1000|of=0.02|om=2.0|trial=1,outlier_grid,1000,2047059287,263995242,0.6096939094021688,4.754850690421404,0.6532614358436555,3.898081048373769,uniform,uniform_exact,uniform,0,0,0
exp_threshold_sweep,3.81578947368421,2,n=1000|of=0.02|om=2.0|trial=2,outlier_grid,1000,2047059288,264995245,0.619980694353103,5.711189635441723,0.7989396149578554,4.821938411792809,uniform,uniform_exact,uniform,0,0,0
exp_threshold_sweep,3.81578947368421,0,n=1000|of=0.02|om=5.0|trial=0,outlier_grid,1000,752100992,788032415,1.0363964890753734,8.83629684462703,1.2032450245190818,6.6703190657781075,uniform,uniform_exact,uniform,0,0,0
exp_threshold_sweep,3.81578947368421,1,n=1000|of=0.02|om=5.0|trial=1,outlier_grid,1000,752100993,789032418,1.0808453099122093,9.327938871539764,1.2246948562339963,8.096756271105606,uniform,uniform_exact,uniform,0,0,0
exp_threshold_sweep,3.81578947368421,2,n=1000|of=0.02|om=5.0|trial=2,outlier_grid,1000,752100994,790032421,1.0555990939448983,9.079803243418585,0.7581494766873089,4.689202902973435,uniform,uniform_exact,uniform,0,0,0
exp_threshold_sweep,3.81578947368421,0,n=1000|of=0.02|om=10.0|trial=0,outlier_grid,1000,1457148698,1663094375,2.4223349633420703,19.324723385669508,2.1251146098242883,15.393437191645988,uniform,uniform_exact,uniform,1,0,0
exp_threshold_sweep,3.81578947368421,1,n=1000|of=0.02|om=10.0|trial=1,outlier_grid,1000,1457148699,1664094378,2.4594205603819232,19.349043540692758,0.49135383093908525,2.679946890480327,uniform,uniform_exact,uniform,1,0,0
exp_threshold_sweep,3.81578947368421,2,n=1000|of=0.02|om=10.0|trial=2,outlier_grid,1000,1457148700,1665094381,2.441556227376376,19.145175988469532,2.4502727382311478,17.53887204033327,uniform,uniform_exact,uniform,1,0,0
exp_threshold_sweep,3.81578947368421,0,n=1000|of=0.05|om=2.0|trial=0,outlier_grid,1000,1880510966,1685077011,0.6787566315775071,6.9795351614658365,0.5536371175484167,2.901885683487638,uniform,uniform_exact,uniform,0,0,0
exp_threshold_sweep,3.81578947368421,1,n=1000|of=0.05|om=2.0|trial=1,outlier_grid,1000,1880510967,1686077014,0.6273247767797993,5.416408240314115,0.5468841638256522,3.446419386329001,uniform,uniform_exact,uniform,0,0,0
exp_threshold_sweep,3.81578947368421,2,n=1000|of=0.05|om=2.0|trial=2,outlier_grid,1000,1880510968,1687077017,0.6436184853347732,6.685255422490038,0.5252770564422435,2.9508578300749884,uniform,uniform_exact,uniform,0,0,0
exp_threshold_sweep,3.81578947368421,0,n=1000|of=0.05|om=5.0|trial=0,outlier_grid,1000,585552672,62630540,1.322654341020879,7.809373922547658,1.1232277931243402,8.05205057023696,uniform,uniform_exact,uniform,0,0,0
exp_threshold_sweep,3.81578947368421,1,n=1000|of=0.05|om=5.0|trial=1,outlier_grid,1000,585552673,63630543,1.2985808873964355,8.313744404611858,1.0618739831844994,7.763488732690386,uniform,uniform_exact,uniform,0,0,0
exp_threshold_sweep,3.81578947368421,2,n=1000|of=0.05|om=5.0|trial=2,outlier_grid,1000,585552674,64630546,1.208561744925839,7.712949719548932,1.2767368346863894,8.707921839959768,uniform,uniform_exact,uniform,0,0,0
exp_threshold_sweep,3.81578947368421,0,n=1000|of=0.05|om=10.0|trial=0,outlier_grid,1000,1290600378,937692500,2.507398434602011,12.789785607408268,2.469682394401989,10.892810206724185,uniform,uniform_exact,uniform,1,0,0
exp_threshold_sweep,3.81578947368421,1,n=1000|of=0.05|om=10.0|trial=1,outlier_grid,1000,1290600379,938692503,2.520669114923294,12.78671987327333,2.3542658079586474,9.451411132673654,uniform,uniform_exact,uniform,1,0,0
exp_threshold_sweep,3.81578947368421,2,n=1000|of=0.05|om=10.0|trial=2,outlier_grid,1000,1290600380,939692506,2.49068495781207,12.596211278828237,0.46118378096297896,2.4402875440684615,uniform,uniform_exact,uniform,1,0,0
exp_threshold_sweep,3.81578947368421,0,n=1000|of=0.1|om=2.0|trial=0,outlier_grid,1000,171274668,476073886,0.6524098435515786,7.086241475883487,0.5621119158999696,2.9244783202228395,uniform,uniform_exact,uniform,0,0,0
exp_threshold_sweep,3.81578947368421,1,n=1000|of=0.1|om=2.0|trial=1,outlier_grid,1000,171274669,477073889,0.581167313005821,6.085439413528287,0.7852007252199302,5.197821645039018,uniform,uniform_exact,uniform,0,0,0
exp_threshold_sweep,3.81578947368421,2,n=1000|of=0.1|om=2.0|trial=2,outlier_grid,1000,171274670,478073892,0.6984683097008569,7.200833170425255,0.8196921350983851,4.250429554779196,uniform,uniform_exact,uniform,0,0,0
exp_threshold_sweep,3.81578947368421,0,n=1000|of=0.1|om=5.0|trial=0,outlier_grid,1000,1023800021,1001111062,1.3537758517722411,6.291632634044208,1.3832993547616756,5.564541631090946,uniform,uniform_exact,uniform,0,0,0
exp_threshold_sweep,3.81578947368421,1,n=1000|of=0.1|om=5.0|trial=1,outlier_grid,1000,1023800022,1002111065,1.367532997551312,6.235878482522877,1.3446210173459472,5.578682673770887,uniform,uniform_exact,uniform,0,0,0
exp_threshold_sweep,3.81578947368421,2,n=1000|of=0.1|om=5.0|trial=2,outlier_grid,1000,1023800023,1003111068,1.3274574831627268,6.042607423381932,1.1770458358810851,4.148660303954661,uniform,uniform_exact,uniform,0,0,0
exp_threshold_sweep,3.81578947368421,0,n=1000|of=0.1|om=10.0|trial=0,outlier_grid,1000,1728847727,1876173022,2.1745485439283283,8.206958182334139,2.2577423012635798,9.115270466373296,uniform,uniform_exact,uniform,0,0,0
exp_threshold_sweep,3.81578947368421,1,n=1000|of=0.1|om=10.0|trial=1,outlier_grid,1000,1728847728,1877173025,2.2071501455785794,8.244504029581895,2.3340874135551473,8.974154854164922,uniform,uniform_exact,uniform,1,0,0
exp_threshold_sweep,3.81578947368421,2,n=1000|of=0.1|om=10.0|trial=2,outlier_grid,1000,1728847729,1878173028,2.2131805137021714,8.13937339152958,1.8925076678444086,5.566004586636439,uniform,uniform_exact,uniform,1,0,0
exp_threshold_sweep,3.81578947368421,0,n=1000|of=0.2|om=2.0|trial=0,outlier_grid,1000,1047769366,205551283,0.596226390605092,7.59566327931635,0.46472849189496107,2.4995783269619354,uniform,uniform_exact,uniform,0,0,0
exp_threshold_sweep,3.81578947368421,1,n=1000|of=0.2|om=2.0|trial=1,outlier_grid,1000,1047769367,206551286,0.5707637716995058,4.76013034379612,0.5293074641994473,2.8200412289405388,uniform,uniform_exact,uniform,0,0,0
exp_threshold_sweep,3.81578947368421,2,n=1000|of=0.2|om=2.0|trial=2,outlier_grid,1000,1047769368,207551289,0.6082008942884182,5.59710910895369,0.7718827569143505,4.122819501126693,uniform,uniform_exact,uniform,0,0,0
exp_threshold_sweep,3.81578947368421,0,n=1000|of=0.2|om=5.0|trial=0,outlier_grid,1000,1900294719,730588459,1.2128763710131376,4.437108297044463,1.1508611769596622,4.973849608971801,uniform,uniform_exact,uniform,0,0,0
exp_threshold_sweep,3.81578947368421,1,n=1000|of=0.2|om=5.0|trial=1,outlier_grid,1000,1900294720,731588462,1.222022170293529,4.453870144522961,1.0922085113971223,3.299232801523883,uniform,uniform_exact,uniform,0,0,0
exp_threshold_sweep,3.81578947368421,2,n=1000|of=0.2|om=5.0|trial=2,outlier_grid,1000,1900294721,732588465,1.2283430251331136,4.34226493758284,1.2694603485027807,4.8637701005553495,uniform,uniform_exact,uniform,0,0,0
exp_threshold_sweep,3.81578947368421,0,n=1000|of=0.2|om=10.0|trial=0,outlier_grid,1000,457858778,1605650419,1.6822322474532947,4.785774324099834,1.388104229526254,3.2890413411767905,uniform,uniform_exact,uniform,0,0,0
exp_threshold_sweep,3.81578947368421,1,n=1000|of=0.2|om=10.0|trial=1,outlier_grid,1000,457858779,1606650422,1.6828609678688584,4.797205593998007,1.7070270533619598,4.638531470678157,uniform,uniform_exact,uniform,0,0,0
exp_threshold_sweep,3.81578947368421,2,n=1000|of=0.2|om=10.0|trial=2,outlier_grid,1000,457858780,1607650425,1.6824444119691087,4.694431122747657,1.426545719128298,3.4887587615956046,uniform,uniform_exact,uniform,0,0,0
exp_threshold_sweep,3.81578947368421,0,n=2000|of=0.0|om=2.0|trial=0,outlier_grid,2000,884521234,1143168180,0.6437859806065077,7.26494190000632,0.9562715811686507,6.109746982746252,uniform,uniform_exact,uniform,0,0,0
exp_threshold_sweep,3.81578947368421,1,n=2000|of=0.0|om=2.0|trial=1,outlier_grid,2000,884521235,1144168183,0.6783226328241753,6.987718128416362,0.6078051206622476,2.582704066196987,uniform,uniform_exact,uniform,0,0,0
exp_threshold_sweep,3.81578947368421,2,n=2000|of=0.0|om=2.0|trial=2,outlier_grid,2000,884521236,1145168186,0.7008485258315146,10.87323753149392,0.6120470550193267,3.5579291591952535,uniform,uniform_exact,uniform,0,0,0
exp_threshold_sweep,3.81578947368421,0,n=2000|of=0.0|om=5.0|trial=0,outlier_grid,2000,1737046587,1668205356,0.6647636523552978,9.371015606248461,0.5869673229264928,2.861907892108089,uniform,uniform_exact,uniform,0,0,0
exp_threshold_sweep,3.81578947368421,1,n=2000|of=0.0|om=5.0|trial=1,outlier_grid,2000,1737046588,1669205359,0.6503303945228937,7.618833107152736,0.48590192281539746,2.2501361310002976,uniform,uniform_exact,uniform,0,0,0
exp_threshold_sweep,3.81578947368421,2,n=2000|of=0.0|om=5.0|trial=2,outlier_grid,2000,1737046589,1670205362,0.7116392058914187,10.837519913683188,0.4615097941300018,2.7438096176600144,uniform,uniform_exact,uniform,0,0,0
exp_threshold_sweep,3.81578947368421,0,n=2000|of=0.0|om=10.0|trial=0,outlier_grid,2000,294610646,395783669,0.6984542271619008,9.191213698217632,0.4903445715325235,2.5465224753918263,uniform,uniform_exact,uniform,0,0,0
exp_threshold_sweep,3.81578947368421,1,n=2000|of=0.0|om=10.0|trial=1,outlier_grid,2000,294610647,396783672,0.6531760108020092,9.05950966881119,0.5728090084153736,2.8702555590383794,uniform,uniform_exact,uniform,0,0,0
exp_threshold_sweep,3.81578947368421,2,n=2000|of=0.0|om=10.0|trial=2,outlier_grid,2000,294610648,397783675,0.6722700999610615,5.917746054892996,0.614253205863955,4.432650244079233,uniform,uniform_exact,uniform,0,0,0
exp_threshold_sweep,3.81578947368421,0,n=2000|of=0.01|om=2.0|trial=0,outlier_grid,2000,113177245,901367555,0.7041455345419971,8.158001271669198,1.0801964854252593,7.89583023344393,uniform,uniform_exact,uniform,0,0,0
exp_threshold_sweep,3.81578947368421,1,n=2000|of=0.01|om=2.0|trial=1,outlier_grid,2000,113177246,902367558,0.6776575995706522,7.229319530734069,0.7353947073759816,4.126765605117267,uniform,uniform_exact,uniform,0,0,0
exp_threshold_sweep,3.81578947368421,2,n=2000|of=0.01|om=2.0|trial=2,outlier_grid,2000,113177247,903367561,0.6623640231431586,9.28680597708695,0.5225251614809908,3.073959932856342,uniform,uniform_exact,uniform,0,0,0
exp_threshold_sweep,3.81578947368421,0,n=2000|of=0.01|om=5.0|trial=0,outlier_grid,2000,965702598,1426404731,0.9816612409123018,11.124163624423396,0.8217367235343056,4.351084158023166,uniform,uniform_exact,uniform,0,0,0
exp_threshold_sweep,3.81578947368421,1,n=2000|of=0.01|om=5.0|trial=1,outlier_grid,2000,965702599,1427404734,1.019893147231907,10.771710935140439,1.182663575544861,8.24242669699874,uniform,uniform_exact,uniform,0,0,0
exp_threshold_sweep,3.81578947368421,2,n=2000|of=0.01|om=5.0|trial=2,outlier_grid,2000,965702600,1428404737,1.0038984191058524,11.152323945467518,0.6794214568790538,3.5377949651900025,uniform,uniform_exact,uniform,0,0,0
exp_threshold_sweep,3.81578947368421,0,n=2000|of=0.01|om=10.0|trial=0,outlier_grid,2000,1670750304,153983044,2.485939595674491,27.10730987984548,0.5451257073428697,3.526080175116146,uniform,uniform_exact,uniform,1,0,0
exp_threshold_sweep,3.81578947368421,1,n=2000|of=0.01|om=10.0|trial=1,outlier_grid,2000,1670750305,154983047,2.4574092914423638,26.830979453268434,0.6441466829765328,3.2725721898731304,uniform,uniform_exact,uniform,1,0,0
exp_threshold_sweep,3.81578947368421,2,n=2000|of=0.01|om=10.0|trial=2,outlier_grid,2000,1670750306,155983050,2.4875934157876274,27.001639859771334,2.7013547252287373,14.096991241293416,uniform,uniform_exact,uniform,1,0,0
exp_threshold_sweep,3.81578947368421,0,n=2000|of=0.02|om=2.0|trial=0,outlier_grid,2000,1489316903,659566930,0.6522247884106012,6.7974888408872705,0.4867900081300112,2.80772540124229,uniform,uniform_exact,uniform,0,0,0
exp_threshold_sweep,3.81578947368421,1,n=2000|of=0.02|om=2.0|trial=1,outlier_grid,2000,1489316904,660566933,0.708592555862065,7.3196862152942685,0.7359675512002957,4.1050664966758506,uniform,uniform_exact,uniform,0,0,0
exp_threshold_sweep,3.81578947368421,2,n=2000|of=0.02|om=2.0|trial=2,outlier_grid,2000,1489316905,661566936,0.6266465193598646,6.766098028970186,0.4468129221346623,2.048137388699135,uniform,uniform,uniform,0,0,0
exp_threshold_sweep,3.81578947368421,0,n=2000|of=0.02|om=5.0|trial=0,outlier_grid,2000,194358609,1184604106,1.187664640127493,10.482197021947206,1.259419844180321,8.406897324175283,uniform,uniform_exact,uniform,0,0,0
exp_threshold_sweep,3.81578947368421,1,n=2000|of=0.02|om=5.0|trial=1,outlier_grid,2000,194358610,1185604109,1.169122399391696,10.541280528053289,1.3500546946026075,7.510121429480836,uniform,uniform_exact,uniform,0,0,0
exp_threshold_sweep,3.81578947368421,2,n=2000|of=0.02|om=5.0|trial=2,outlier_grid,2000,194358611,1186604112,1.2297958209577402,10.40504305776103,0.6699939790320246,4.116650615838153,uniform,uniform_exact,uniform,0,0,0
exp_threshold_sweep,3.81578947368421,0,n=2000|of=0.02|om=10.0|trial=0,outlier_grid,2000,899406315,2059666066,2.869439534666998,22.1660269939405,2.7321755312696094,19.658493966072776,uniform,uniform_exact,uniform,1,0,0
exp_threshold_sweep,3.81578947368421,1,n=2000|of=0.02|om=10.0|trial=1,outlier_grid,2000,899406316,2060666069,2.804968516663726,22.06499967036417,2.865269275354812,15.468956771088402,uniform,uniform_exact,uniform,1,0,0
exp_threshold_sweep,3.81578947368421,2,n=2000|of=0.02|om=10.0|trial=2,outlier_grid,2000,899406317,2061666072,2.735942484849644,21.257719756855096,0.7299107273281709,3.23855006714024,uniform,uniform_exact,uniform,1,0,0
exp_threshold_sweep,3.81578947368421,0,n=2000|of=0.05|om=2.0|trial=0,outlier_grid,2000,1322768583,2081648702,0.65141260441657,7.2644391200920655,0.49652884657513113,2.5215024500493444,uniform,uniform_exact,uniform,0,0,0
exp_threshold_sweep,3.81578947368421,1,n=2000|of=0.05|om=2.0|trial=1,outlier_grid,2000,1322768584,2082648705,0.6410291195607866,6.374989174742897,0.4928310886012549,2.718650220576182,uniform,uniform_exact,uniform,0,0,0
exp_threshold_sweep,3.81578947368421,2,n=2000|of=0.05|om=2.0|trial=2,outlier_grid,2000,1322768585,2083648708,0.6227487686611384,6.430958934057433,0.6494530425153621,2.890267275807611,uniform,uniform_exact,uniform,0,0,0
exp_threshold_sweep,3.81578947368421,0,n=2000|of=0.05|om=5.0|trial=0,outlier_grid,2000,27810289,459202231,1.358269331673104,8.966713358539577,1.2433222971261335,9.043455429543657,uniform,uniform_exact,uniform,0,0,0
exp_threshold_sweep,3.81578947368421,1,n=2000|of=0.05|om=5.0|trial=1,outlier_grid,2000,27810290,460202234,1.3763076923974027,8.285852764690443,1.4143739610700263,6.88674691966788,uniform,uniform_exact,uniform,0,0,0
exp_threshold_sweep,3.81578947368421,2,n=2000|of=0.05|om=5.0|trial=2,outlier_grid,2000,27810291,461202237,1.4611702597146317,9.106720084066147,1.2543586159702398,8.304385522716217,uniform,uniform_exact,uniform,0,0,0
exp_threshold_sweep,3.81578947368421,0,n=2000|of=0.05|om=10.0|trial=0,outlier_grid,2000,732857995,1334264191,2.7142794007709448,13.745211635687745,2.583221126393128,11.180741636678357,uniform,uniform_exact,uniform,1,0,0
exp_threshold_sweep,3.81578947368421,1,n=2000|of=0.05|om=10.0|trial=1,outlier_grid,2000,732857996,1335264194,2.726308523162901,13.889554001701725,2.6939347618007283,15.125825292892582,uniform,uniform_exact,uniform,1,0,0
exp_threshold_sweep,3.81578947368421,2,n=2000|of=0.05|om=10.0|trial=2,outlier_grid,2000,732857997,1336264197,2.7326270401993864,13.72668609604081,2.53727704775804,9.746750382160231,uniform,uniform_exact,uniform,1,0,0
exp_threshold_sweep,3.81578947368421,0,n=2000|of=0.1|om=2.0|trial=0,outlier_grid,2000,1761015932,872645577,0.5866904178552818,6.882127609815075,0.5830950851335039,3.4464231187984944,uniform,uniform_exact,uniform,0,0,0
exp_threshold_sweep,3.81578947368421,1,n=2000|of=0.1|om=2.0|trial=1,outlier_grid,2000,1761015933,873645580,0.6805166058317258,7.844182030189697,0.5582731579807814,2.846239125431262,uniform,uniform_exact,uniform,0,0,0
exp_threshold_sweep,3.81578947368421,2,n=2000|of=0.1|om=2.0|trial=2,outlier_grid,2000,1761015934,874645583,0.6075248895724128,8.488601778181627,0.4580519470106236,2.286840212630486,uniform,uniform_exact,uniform,0,0,0
exp_threshold_sweep,3.81578947368421,0,n=2000|of=0.1|om=5.0|trial=0,outlier_grid,2000,466057638,1397682753,1.4612428196080953,6.753627793666996,1.4268446393339658,6.459363090299534,uniform,uniform_exact,uniform,0,0,0
exp_threshold_sweep,3.81578947368421,1,n=2000|of=0.1|om=5.0|trial=1,outlier_grid,2000,466057639,1398682756,1.4764441467779024,6.956174126191189,1.4778311186347295,8.355384219186309,uniform,uniform_exact,uniform,0,0,0
exp_threshold_sweep,3.81578947368421,2,n=2000|of=0.1|om=5.0|trial=2,outlier_grid,2000,466057640,1399682759,1.4190922443740461,6.741387981806074,1.5305456021014374,6.268549703636985,uniform,uniform_exact,uniform,0,0,0
exp_threshold_sweep,3.81578947368421,0,n=2000|of=0.1|om=10.0|trial=0,outlier_grid,2000,1171105344,125261066,2.301445779003562,8.777361115865295,2.162334124724752,7.119748314286852,uniform,uniform_exact,uniform,0,0,0
exp_threshold_sweep,3.81578947368421,1,n=2000|of=0.1|om=10.0|trial=1,outlier_grid,2000,1171105345,126261069,2.3152827988189686,8.658788130102245,2.408888783764294,8.541093000581254,uniform,uniform_exact,uniform,1,0,0
exp_threshold_sweep,3.81578947368421,2,n=2000|of=0.1|om=10.0|trial=2,outlier_grid,2000,1171105346,127261072,2.30933321640677,8.687845653682372,1.9818591933500678,6.149509104417296,uniform,uniform_exact,uniform,1,0,0
exp_threshold_sweep,3.81578947368421,0,n=2000|of=0.2|om=2.0|trial=0,outlier_grid,2000,490026983,602122974,0.5915941849529013,6.747218403782818,0.3998971124810903,1.7948668891401687,uniform,uniform,uniform,0,0,0
exp_threshold_sweep,3.81578947368421,1,n=2000|of=0.2|om=2.0|trial=1,outlier_grid,2000,490026984,603122977,0.5845956482433441,7.133862103294786,0.5176396410391756,2.999168908335064,uniform,uniform_exact,uniform,0,0,0
exp_threshold_sweep,3.81578947368421,2,n=2000|of=0.2|om=2.0|trial=2,outlier_grid,2000,490026985,604122980,0.6364016724628121,6.162099158324124,0.4717802369216799,2.506235424885505,uniform,uniform_exact,uniform,0,0,0
exp_threshold_sweep,3.81578947368421,0,n=2000|of=0.2|om=5.0|trial=0,outlier_grid,2000,1342552336,1127160150,1.2983740571519216,4.789065542177101,1.3615900094025963,4.316670771678937,uniform,uniform_exact,uniform,0,0,0
exp_threshold_sweep,3.81578947368421,1,n=2000|of=0.2|om=5.0|trial=1,outlier_grid,2000,1342552337,1128160153,1.3147579288921611,4.448881049791875,1.1622578358827083,3.5747755198472326,uniform,uniform_exact,uniform,0,0,0
exp_threshold_sweep,3.81578947368421,2,n=2000|of=0.2|om=5.0|trial=2,outlier_grid,2000,1342552338,1129160156,1.3083480127020897,4.637299734571176,1.4473578875130293,4.81292318171263,uniform,uniform_exact,uniform,0,0,0
exp_threshold_sweep,3.81578947368421,0,n=2000|of=0.2|om=10.0|trial=0,outlier_grid,2000,2047600042,2002222110,1.7372109637686688,4.909762302581473,2.1500107145279315,7.010976177222654,uniform,uniform_exact,uniform,0,0,0
exp_threshold_sweep,3.81578947368421,1,n=2000|of=0.2|om=10.0|trial=1,outlier_grid,2000,2047600043,2003222113,1.7421178180833923,4.869082529210165,1.8194145742254753,5.273746163721373,uniform,uniform_exact,uniform,0,0,0
exp_threshold_sweep,3.81578947368421,2,n=2000|of=0.2|om=10.0|trial=2,outlier_grid,2000,2047600044,2004222116,1.7399890427199698,4.970317505328127,1.6249664874658398,4.072231402274142,uniform,uniform_exact,uniform,0,0,0
exp_threshold_sweep,3.81578947368421,0,n=5000|of=0.0|om=2.0|trial=0,outlier_grid,5000,1358777732,185399606,0.7224807944290408,9.893139619301449,0.40728367738999355,2.0821834613466916,uniform,uniform,uniform,0,0,0
exp_threshold_sweep,3.81578947368421,1,n=5000|of=0.0|om=2.0|trial=1,outlier_grid,5000,1358777733,186399609,0.6783674416504732,9.248645932905605,0.6915635213483102,3.431236968111904,uniform,uniform,uniform,0,0,0
exp_threshold_sweep,3.81578947368421,2,n=5000|of=0.0|om=2.0|trial=2,outlier_grid,5000,1358777734,187399612,0.6974014263102107,8.500077009248255,0.707259115220634,4.399256009804995,uniform,uniform_exact,uniform,0,0,0
exp_threshold_sweep,3.81578947368421,0,n=5000|of=0.0|om=5.0|trial=0,outlier_grid,5000,63819438,710436782,0.6966704990056833,11.78855723114979,0.7978474248429692,4.2739437995901275,uniform,uniform_exact,uniform,0,0,0
exp_threshold_sweep,3.81578947368421,1,n=5000|of=0.0|om=5.0|trial=1,outlier_grid,5000,63819439,711436785,0.7020645774986704,10.493395057863204,0.7776045045176343,4.445217864095547,uniform,uniform_exact,uniform,0,0,0
exp_threshold_sweep,3.81578947368421,2,n=5000|of=0.0|om=5.0|trial=2,outlier_grid,5000,63819440,712436788,0.6964872202949357,12.14043386833435,0.5472029058034672,2.673624650646339,uniform,uniform,uniform,0,0,0
exp_threshold_sweep,3.81578947368421,0,n=5000|of=0.0|om=10.0|trial=0,outlier_grid,5000,768867144,1585498742,0.6923142098960464,10.791047985600459,0.6348296872653542,3.1651648372132497,uniform,uniform,uniform,0,0,0
exp_threshold_sweep,3.81578947368421,1,n=5000|of=0.0|om=10.0|trial=1,outlier_grid,5000,768867145,1586498745,0.6749404683005831,10.377327086148796,0.7052750751233533,3.8007358662353448,uniform,uniform,uniform,0,0,0
exp_threshold_sweep,3.81578947368421,2,n=5000|of=0.0|om=10.0|trial=2,outlier_grid,5000,768867146,1587498748,0.7043250568842707,9.485986571983513,0.5581214141674834,2.935377732105561,uniform,uniform,uniform,0,0,0
exp_threshold_sweep,3.81578947368421,0,n=5000|of=0.01|om=2.0|trial=0,outlier_grid,5000,587433743,2091082628,0.7278048746693839,12.570758348270179,0.6423868582548585,2.9660413011716593,uniform,uniform,uniform,0,0,0
exp_threshold_sweep,3.81578947368421,1,n=5000|of=0.01|om=2.0|trial=1,outlier_grid,5000,587433744,2092082631,0.6959390046794844,8.19052749199074,0.4541962498779539,2.098039178442305,uniform,uniform,uniform,0,0,0
exp_threshold_sweep,3.81578947368421,2,n=5000|of=0.01|om=2.0|trial=2,outlier_grid,5000,587433745,2093082634,0.7275752487361427,11.991683623295147,0.49358675971080024,2.787562036158918,uniform,uniform,uniform,0,0,0
exp_threshold_sweep,3.81578947368421,0,n=5000|of=0.01|om=5.0|trial=0,outlier_grid,5000,1439959096,468636157,1.1514945012448503,13.921170970329356,0.7089472819774092,4.254843209073427,uniform,uniform_exact,uniform,0,0,0
exp_threshold_sweep,3.81578947368421,1,n=5000|of=0.01|om=5.0|trial=1,outlier_grid,5000,1439959097,469636160,1.1000620070210954,13.282787825099584,0.3748729478643105,1.9752486965391836,uniform,uniform,uniform,0,0,0
exp_threshold_sweep,3.81578947368421,2,n=5000|of=0.01|om=5.0|trial=2,outlier_grid,5000,1439959098,470636163,1.169644960173019,14.047324928197764,0.6495232538895612,4.016324906043804,uniform,uniform,uniform,0,0,0
exp_threshold_sweep,3.81578947368421,0,n=5000|of=0.01|om=10.0|trial=0,outlier_grid,5000,2145006802,1343698117,3.012040993380712,33.184170841399485,3.111653887398356,17.25380228222794,is,uniform_exact,uniform,1,0,1
exp_threshold_sweep,3.81578947368421,1,n=5000|of=0.01|om=10.0|trial=1,outlier_grid,5000,2145006803,1344698120,3.05512119238724,33.62125804296652,0.4775169142830615,2.4305315702192,is,uniform,uniform,1,0,1
exp_threshold_sweep,3.81578947368421,2,n=5000|of=0.01|om=10.0|trial=2,outlier_grid,5000,2145006804,1345698123,3.0106207049135034,32.90968384374054,0.8559629626580776,6.0017727194213295,is,uniform_exact,uniform,1,0,1
exp_threshold_sweep,3.81578947368421,0,n=5000|of=0.02|om=2.0|trial=0,outlier_grid,5000,1963573401,1849282003,0.6966747062003946,7.519776239119451,0.5867681889951984,3.1739886764400427,uniform,uniform,uniform,0,0,0
exp_threshold_sweep,3.81578947368421,1,n=5000|of=0.02|om=2.0|trial=1,outlier_grid,5000,1963573402,1850282006,0.7118330565326979,11.001515450812754,0.6238871229842778,4.251511856793013,uniform,uniform,uniform,0,0,0
exp_threshold_sweep,3.81578947368421,2,n=5000|of=0.02|om=2.0|trial=2,outlier_grid,5000,1963573403,1851282009,0.65806351816426,9.25657713996702,0.6080791796372874,3.370321241717645,uniform,uniform,uniform,0,0,0
exp_threshold_sweep,3.81578947368421,0,n=5000|of=0.02|om=5.0|trial=0,outlier_grid,5000,668615107,226835532,1.324498034040619,12.321985384365552,1.431780685235003,10.23491906992671,uniform,uniform_exact,uniform,0,0,0
exp_threshold_sweep,3.81578947368421,1,n=5000|of=0.02|om=5.0|trial=1,outlier_grid,5000,668615108,227835535,1.3258723349377788,12.187571001132723,1.5692665898284552,8.391781496914385,uniform,uniform_exact,uniform,0,0,0
exp_threshold_sweep,3.81578947368421,2,n=5000|of=0.02|om=5.0|trial=2,outlier_grid,5000,668615109,228835538,1.3582145587406718,12.411829353085658,1.3794389369849804,7.551446576193697,uniform,uniform_exact,uniform,0,0,0
exp_threshold_sweep,3.81578947368421,0,n=5000|of=0.02|om=10.0|trial=0,outlier_grid,5000,1373662813,1101897492,3.273305510801266,25.581420388004364,2.911318360614885,12.688860512354076,is,uniform_exact,uniform,1,0,1
exp_threshold_sweep,3.81578947368421,1,n=5000|of=0.02|om=10.0|trial=1,outlier_grid,5000,1373662814,1102897495,3.270192893939796,25.42383972037984,0.6205497298720324,4.010347396208841,is,uniform,uniform,1,0,1
exp_threshold_sweep,3.81578947368421,2,n=5000|of=0.02|om=10.0|trial=2,outlier_grid,5000,1373662815,1103897498,3.2584141459449203,25.386482551776233,3.0649262515326083,22.043228955130484,is,uniform_exact,uniform,1,0,1
exp_threshold_sweep,3.81578947368421,0,n=5000|of=0.05|om=2.0|trial=0,outlier_grid,5000,1797025081,1123880128,0.6808824421638225,9.063293680601529,0.6146485901174965,3.5272017278482912,uniform,uniform,uniform,0,0,0
exp_threshold_sweep,3.81578947368421,1,n=5000|of=0.05|om=2.0|trial=1,outlier_grid,5000,1797025082,1124880131,0.6814735797847691,8.168079323694936,0.5908895775112372,2.9089333786058686,uniform,uniform,uniform,0,0,0
exp_threshold_sweep,3.81578947368421,2,n=5000|of=0.05|om=2.0|trial=2,outlier_grid,5000,1797025083,1125880134,0.6730762768779296,7.51328610662532,0.7474179683085285,5.065498402446272,uniform,uniform_exact,uniform,0,0,0
exp_threshold_sweep,3.81578947368421,0,n=5000|of=0.05|om=5.0|trial=0,outlier_grid,5000,502066787,1648917304,1.5610511723927194,9.482297366454727,1.363079006809296,8.956180989052026,uniform,uniform_exact,uniform,0,0,0
exp_threshold_sweep,3.81578947368421,1,n=5000|of=0.05|om=5.0|trial=1,outlier_grid,5000,502066788,1649917307,1.5983515327881193,10.05179141412876,1.761891038365471,8.334556313419696,uniform,uniform_exact,uniform,0,0,0
exp_threshold_sweep,3.81578947368421,2,n=5000|of=0.05|om=5.0|trial=2,outlier_grid,5000,502066789,1650917310,1.564054233622819,9.903368559014538,1.402258203267809,10.467510303333102,uniform,uniform_exact,uniform,0,0,0
exp_threshold_sweep,3.81578947368421,0,n=5000|of=0.05|om=10.0|trial=0,outlier_grid,5000,1207114493,376495617,3.0064614329892705,15.45576789854595,2.889844521933419,13.891018724005804,is,uniform_exact,uniform,1,0,1
exp_threshold_sweep,3.81578947368421,1,n=5000|of=0.05|om=10.0|trial=1,outlier_grid,5000,1207114494,377495620,2.975958669383625,15.516826552718598,2.562372289089822,9.892452263734974,is,uniform_exact,uniform,1,0,1
exp_threshold_sweep,3.81578947368421,2,n=5000|of=0.05|om=10.0|trial=2,outlier_grid,5000,1207114495,378495623,2.994754765488841,15.286751648815459,0.6814007199794196,4.4930310579895725,is,uniform,uniform,1,0,1
exp_threshold_sweep,3.81578947368421,0,n=5000|of=0.1|om=2.0|trial=0,outlier_grid,5000,87788783,2062360650,0.6452892873409604,7.975916618900835,0.5920498682175043,3.8318891585279973,uniform,uniform,uniform,0,0,0
exp_threshold_sweep,3.81578947368421,1,n=5000|of=0.1|om=2.0|trial=1,outlier_grid,5000,87788784,2063360653,0.6342794906340355,7.439749972949388,0.4820312933141721,2.383834218986227,uniform,uniform,uniform,0,0,0
exp_threshold_sweep,3.81578947368421,2,n=5000|of=0.1|om=2.0|trial=2,outlier_grid,5000,87788785,2064360656,0.6753511690743486,10.273263459798766,0.839267460407563,4.749190941867775,uniform,uniform_exact,uniform,0,0,0
exp_threshold_sweep,3.81578947368421,0,n=5000|of=0.1|om=5.0|trial=0,outlier_grid,5000,940314136,439914179,1.5642034237759075,7.461215325213151,1.482485433609462,6.399710833936407,uniform,uniform_exact,uniform,0,0,0
exp_threshold_sweep,3.81578947368421,1,n=5000|of=0.1|om=5.0|trial=1,outlier_grid,5000,940314137,440914182,1.6069129255861263,7.627573339463385,1.7655904566935856,7.4760707087497265,uniform,uniform_exact,uniform,0,0,0
exp_threshold_sweep,3.81578947368421,2,n=5000|of=0.1|om=5.0|trial=2,outlier_grid,5000,940314138,441914185,1.5835535573326203,7.463665704236842,1.6127259803845906,7.26936297382367,uniform,uniform_exact,uniform,0,0,0
exp_threshold_sweep,3.81578947368421,0,n=5000|of=0.1|om=10.0|trial=0,outlier_grid,5000,1645361842,1314976139,2.4387528204411435,9.085143647908605,2.8059988678059944,12.113879245164396,is,uniform_exact,uniform,0,0,1
exp_threshold_sweep,3.81578947368421,1,n=5000|of=0.1|om=10.0|trial=1,outlier_grid,5000,1645361843,1315976142,2.44827057345472,9.074192457210252,2.3468959610404,7.5877168136409745,is,uniform_exact,uniform,1,0,1
exp_threshold_sweep,3.81578947368421,2,n=5000|of=0.1|om=10.0|trial=2,outlier_grid,5000,1645361844,1316976145,2.4335609917695766,9.037567396165114,2.566602092465996,10.042622212956763,is,uniform_exact,uniform,0,0,1
exp_threshold_sweep,3.81578947368421,0,n=5000|of=0.2|om=2.0|trial=0,outlier_grid,5000,964283481,1791838047,0.6519470284472162,8.754530513444111,0.9947346857063888,6.243056490803804,uniform,uniform_exact,uniform,0,0,0
exp_threshold_sweep,3.81578947368421,1,n=5000|of=0.2|om=2.0|trial=1,outlier_grid,5000,964283482,1792838050,0.6299048125270215,10.880578863376364,0.5901610884385893,3.130636395798847,uniform,uniform,uniform,0,0,0
exp_threshold_sweep,3.81578947368421,2,n=5000|of=0.2|om=2.0|trial=2,outlier_grid,5000,964283483,1793838053,0.6870579308218044,13.544762416249597,0.44327864311051446,2.085410827237117,uniform,uniform,uniform,0,0,0
exp_threshold_sweep,3.81578947368421,0,n=5000|of=0.2|om=5.0|trial=0,outlier_grid,5000,1816808834,169391576,1.3838458656873216,5.062593836717688,1.4206461239267048,4.876979714310828,uniform,uniform_exact,uniform,0,0,0
exp_threshold_sweep,3.81578947368421,1,n=5000|of=0.2|om=5.0|trial=1,outlier_grid,5000,1816808835,170391579,1.398083832516939,5.098880683600188,1.6691724556107543,6.893946001206717,uniform,uniform_exact,uniform,0,0,0
exp_threshold_sweep,3.81578947368421,2,n=5000|of=0.2|om=5.0|trial=2,outlier_grid,5000,1816808836,171391582,1.3909424378180453,5.143704401559593,1.2631523162820633,3.6330482489670817,uniform,uniform_exact,uniform,0,0,0
exp_threshold_sweep,3.81578947368421,0,n=5000|of=0.2|om=10.0|trial=0,outlier_grid,5000,374372893,1044453536,1.7911999033758386,5.04722867967325,1.6442006213855416,4.179329183051334,is,uniform_exact,uniform,0,0,1
exp_threshold_sweep,3.81578947368421,1,n=5000|of=0.2|om=10.0|trial=1,outlier_grid,5000,374372894,1045453539,1.7925498435757545,5.031734118828527,1.441539940315074,3.455965776226517,is,uniform_exact,uniform,0,0,1
exp_threshold_sweep,3.81578947368421,2,n=5000|of=0.2|om=10.0|trial=2,outlier_grid,5000,374372895,1046453542,1.799646793110485,5.033057676968276,1.6540985653231624,4.083627002062341,is,uniform_exact,uniform,0,0,1
exp_threshold_sweep,4.052631578947368,0,n=1000|of=0.0|om=2.0|trial=0,outlier_grid,1000,1442263617,746596490,0.617599978331471,6.544485015745742,0.6546744526717984,4.037233512446905,uniform,uniform_exact,uniform,0,0,0
exp_threshold_sweep,4.052631578947368,1,n=1000|of=0.0|om=2.0|trial=1,outlier_grid,1000,1442263618,747596493,0.7016203194983847,6.4257658382788225,0.6002583147105496,2.8128078373000833,uniform,uniform_exact,uniform,0,0,0
exp_threshold_sweep,4.052631578947368,2,n=1000|of=0.0|om=2.0|trial=2,outlier_grid,1000,1442263619,748596496,0.633503586176026,5.578210996800821,0.4546662280591609,2.9358062521886557,uniform,uniform_exact,uniform,0,0,0
exp_threshold_sweep,4.052631578947368,0,n=1000|of=0.0|om=5.0|trial=0,outlier_grid,1000,147305323,1271633666,0.6607087487078306,6.077985671873188,0.5418417073704571,2.3543254384921535,uniform,uniform_exact,uniform,0,0,0
exp_threshold_sweep,4.052631578947368,1,n=1000|of=0.0|om=5.0|trial=1,outlier_grid,1000,147305324,1272633669,0.6504739835154975,5.5695015501111715,0.5515493055873881,3.037685258769284,uniform,uniform_exact,uniform,0,0,0
exp_threshold_sweep,4.052631578947368,2,n=1000|of=0.0|om=5.0|trial=2,outlier_grid,1000,147305325,1273633672,0.6694892343956219,5.3838442549691585,0.7665598992739887,3.8531717296857506,uniform,uniform_exact,uniform,0,0,0
exp_threshold_sweep,4.052631578947368,0,n=1000|of=0.0|om=10.0|trial=0,outlier_grid,1000,852353029,2146695626,0.6398166324088268,6.140337691272391,0.6024222521837911,3.56117384987849,uniform,uniform_exact,uniform,0,0,0
exp_threshold_sweep,4.052631578947368,1,n=1000|of=0.0|om=10.0|trial=1,outlier_grid,1000,852353030,211982,0.6645481406412764,5.726033896808133,0.7791046543782835,4.887635049814275,uniform,uniform_exact,uniform,0,0,0
exp_threshold_sweep,4.052631578947368,2,n=1000|of=0.0|om=10.0|trial=2,outlier_grid,1000,852353031,1211985,0.6625855174916219,6.889022080403152,0.8354601640528279,4.356281890623636,uniform,uniform_exact,uniform,0,0,0
exp_threshold_sweep,4.052631578947368,0,n=1000|of=0.01|om=2.0|trial=0,outlier_grid,1000,670919628,504795865,0.6194948810036581,4.431036671722072,0.48812682142441977,2.2749945025092777,uniform,uniform_exact,uniform,0,0,0
exp_threshold_sweep,4.052631578947368,1,n=1000|of=0.01|om=2.0|trial=1,outlier_grid,1000,670919629,505795868,0.6419604984348997,5.780451621515172,0.6099074691096907,3.5207294236023032,uniform,uniform_exact,uniform,0,0,0
exp_threshold_sweep,4.052631578947368,2,n=1000|of=0.01|om=2.0|trial=2,outlier_grid,1000,670919630,506795871,0.6478534945181104,7.295799872829969,0.6177568153151964,2.7589495879877557,uniform,uniform_exact,uniform,0,0,0
exp_threshold_sweep,4.052631578947368,0,n=1000|of=0.01|om=5.0|trial=0,outlier_grid,1000,1523444981,1029833041,0.9275708025452007,9.067911114745035,1.2012793598247467,7.477222967550049,uniform,uniform_exact,uniform,0,0,0
exp_threshold_sweep,4.052631578947368,1,n=1000|of=0.01|om=5.0|trial=1,outlier_grid,1000,1523444982,1030833044,0.8826442516694574,9.20078801072338,0.9443149450566591,5.614523808544906,uniform,uniform_exact,uniform,0,0,0
exp_threshold_sweep,4.052631578947368,2,n=1000|of=0.01|om=5.0|trial=2,outlier_grid,1000,1523444983,1031833047,0.8944373892679047,9.492564196854993,0.46105765307177327,2.2987661101266013,uniform,uniform_exact,uniform,0,0,0
exp_threshold_sweep,4.052631578947368,0,n=1000|of=0.01|om=10.0|trial=0,outlier_grid,1000,81009040,1904895001,2.1600848596659037,23.591190740265375,2.3411113420912524,16.86268120937064,uniform,uniform_exact,uniform,0,0,0
exp_threshold_sweep,4.052631578947368,1,n=1000|of=0.01|om=10.0|trial=1,outlier_grid,1000,81009041,1905895004,2.186629044024305,23.67565527185168,2.389797598195235,13.419902508831482,uniform,uniform_exact,uniform,0,0,0
exp_threshold_sweep,4.052631578947368,2,n=1000|of=0.01|om=10.0|trial=2,outlier_grid,1000,81009042,1906895007,2.202788337834508,23.474969597415352,2.561508304088971,13.623985339275857,uniform,uniform_exact,uniform,1,0,0
exp_threshold_sweep,4.052631578947368,0,n=1000|of=0.02|om=2.0|trial=0,outlier_grid,1000,2047059286,262995240,0.668926440883736,6.047119721303887,0.7071704775249051,4.658243812205226,uniform,uniform_exact,uniform,0,0,0
exp_threshold_sweep,4.052631578947368,1,n=1000|of=0.02|om=2.0|trial=1,outlier_grid,1000,2047059287,263995243,0.6096939094021688,4.754850690421404,0.5853844309594483,3.130286198565388,uniform,uniform_exact,uniform,0,0,0
exp_threshold_sweep,4.052631578947368,2,n=1000|of=0.02|om=2.0|trial=2,outlier_grid,1000,2047059288,264995246,0.619980694353103,5.711189635441723,0.7882682294698055,5.74739965771354,uniform,uniform_exact,uniform,0,0,0
exp_threshold_sweep,4.052631578947368,0,n=1000|of=0.02|om=5.0|trial=0,outlier_grid,1000,752100992,788032416,1.0363964890753734,8.83629684462703,1.021699435948659,4.61481969915823,uniform,uniform_exact,uniform,0,0,0
exp_threshold_sweep,4.052631578947368,1,n=1000|of=0.02|om=5.0|trial=1,outlier_grid,1000,752100993,789032419,1.0808453099122093,9.327938871539764,1.1003993250254636,7.541553310310866,uniform,uniform_exact,uniform,0,0,0
exp_threshold_sweep,4.052631578947368,2,n=1000|of=0.02|om=5.0|trial=2,outlier_grid,1000,752100994,790032422,1.0555990939448983,9.079803243418585,1.2388471556110574,6.038505276140739,uniform,uniform_exact,uniform,0,0,0
exp_threshold_sweep,4.052631578947368,0,n=1000|of=0.02|om=10.0|trial=0,outlier_grid,1000,1457148698,1663094376,2.4223349633420703,19.324723385669508,2.676607508929119,19.425820986314665,uniform,uniform_exact,uniform,1,0,0
exp_threshold_sweep,4.052631578947368,1,n=1000|of=0.02|om=10.0|trial=1,outlier_grid,1000,1457148699,1664094379,2.4594205603819232,19.349043540692758,0.5667938020637977,3.31181544600094,uniform,uniform_exact,uniform,1,0,0
exp_threshold_sweep,4.052631578947368,2,n=1000|of=0.02|om=10.0|trial=2,outlier_grid,1000,1457148700,1665094382,2.441556227376376,19.145175988469532,2.476834214210542,10.975575683842813,uniform,uniform_exact,uniform,1,0,0
exp_threshold_sweep,4.052631578947368,0,n=1000|of=0.05|om=2.0|trial=0,outlier_grid,1000,1880510966,1685077012,0.6787566315775071,6.9795351614658365,0.7434925297388245,4.364378626407917,uniform,uniform_exact,uniform,0,0,0
exp_threshold_sweep,4.052631578947368,1,n=1000|of=0.05|om=2.0|trial=1,outlier_grid,1000,1880510967,1686077015,0.6273247767797993,5.416408240314115,0.4475837894847671,2.548120618372928,uniform,uniform_exact,uniform,0,0,0
exp_threshold_sweep,4.052631578947368,2,n=1000|of=0.05|om=2.0|trial=2,outlier_grid,1000,1880510968,1687077018,0.6436184853347732,6.685255422490038,0.6324709422526615,2.940137267558474,uniform,uniform_exact,uniform,0,0,0
exp_threshold_sweep,4.052631578947368,0,n=1000|of=0.05|om=5.0|trial=0,outlier_grid,1000,585552672,62630541,1.322654341020879,7.809373922547658,1.0927224528012458,6.550031132170276,uniform,uniform_exact,uniform,0,0,0
exp_threshold_sweep,4.052631578947368,1,n=1000|of=0.05|om=5.0|trial=1,outlier_grid,1000,585552673,63630544,1.2985808873964355,8.313744404611858,1.4817340545804925,6.091666973403394,uniform,uniform_exact,uniform,0,0,0
exp_threshold_sweep,4.052631578947368,2,n=1000|of=0.05|om=5.0|trial=2,outlier_grid,1000,585552674,64630547,1.208561744925839,7.712949719548932,1.231391906380909,6.66561568765089,uniform,uniform_exact,uniform,0,0,0
exp_threshold_sweep,4.052631578947368,0,n=1000|of=0.05|om=10.0|trial=0,outlier_grid,1000,1290600378,937692501,2.507398434602011,12.789785607408268,2.405410282231151,12.50496185098091,uniform,uniform_exact,uniform,1,0,0
exp_threshold_sweep,4.052631578947368,1,n=1000|of=0.05|om=10.0|trial=1,outlier_grid,1000,1290600379,938692504,2.520669114923294,12.78671987327333,2.7201337947628206,14.619773904710403,uniform,uniform_exact,uniform,1,0,0
exp_threshold_sweep,4.052631578947368,2,n=1000|of=0.05|om=10.0|trial=2,outlier_grid,1000,1290600380,939692507,2.49068495781207,12.596211278828237,2.515781262435814,11.319409592006084,uniform,uniform_exact,uniform,1,0,0
exp_threshold_sweep,4.052631578947368,0,n=1000|of=0.1|om=2.0|trial=0,outlier_grid,1000,171274668,476073887,0.6524098435515786,7.086241475883487,0.5407635661736063,2.950225089543239,uniform,uniform_exact,uniform,0,0,0
exp_threshold_sweep,4.052631578947368,1,n=1000|of=0.1|om=2.0|trial=1,outlier_grid,1000,171274669,477073890,0.581167313005821,6.085439413528287,0.5776638554665519,3.5907482301813443,uniform,uniform_exact,uniform,0,0,0
exp_threshold_sweep,4.052631578947368,2,n=1000|of=0.1|om=2.0|trial=2,outlier_grid,1000,171274670,478073893,0.6984683097008569,7.200833170425255,0.5744430564689973,3.207961963791067,uniform,uniform_exact,uniform,0,0,0
exp_threshold_sweep,4.052631578947368,0,n=1000|of=0.1|om=5.0|trial=0,outlier_grid,1000,1023800021,1001111063,1.3537758517722411,6.291632634044208,1.3091420264500084,5.775779911552052,uniform,uniform_exact,uniform,0,0,0
exp_threshold_sweep,4.052631578947368,1,n=1000|of=0.1|om=5.0|trial=1,outlier_grid,1000,1023800022,1002111066,1.367532997551312,6.235878482522877,1.3963433121846316,6.136610669579271,uniform,uniform_exact,uniform,0,0,0
exp_threshold_sweep,4.052631578947368,2,n=1000|of=0.1|om=5.0|trial=2,outlier_grid,1000,1023800023,1003111069,1.3274574831627268,6.042607423381932,1.3973147237765626,5.972495722188987,uniform,uniform_exact,uniform,0,0,0
exp_threshold_sweep,4.052631578947368,0,n=1000|of=0.1|om=10.0|trial=0,outlier_grid,1000,1728847727,1876173023,2.1745485439283283,8.206958182334139,2.2570623628620377,9.134880341179114,uniform,uniform_exact,uniform,0,0,0
exp_threshold_sweep,4.052631578947368,1,n=1000|of=0.1|om=10.0|trial=1,outlier_grid,1000,1728847728,1877173026,2.2071501455785794,8.244504029581895,1.9927867416905283,6.199081673489519,uniform,uniform_exact,uniform,1,0,0
exp_threshold_sweep,4.052631578947368,2,n=1000|of=0.1|om=10.0|trial=2,outlier_grid,1000,1728847729,1878173029,2.2131805137021714,8.13937339152958,1.885874472966494,5.5680124291508095,uniform,uniform_exact,uniform,1,0,0
exp_threshold_sweep,4.052631578947368,0,n=1000|of=0.2|om=2.0|trial=0,outlier_grid,1000,1047769366,205551284,0.596226390605092,7.59566327931635,0.6456833913799237,4.35839797540944,uniform,uniform_exact,uniform,0,0,0
exp_threshold_sweep,4.052631578947368,1,n=1000|of=0.2|om=2.0|trial=1,outlier_grid,1000,1047769367,206551287,0.5707637716995058,4.76013034379612,0.5063122243046145,2.6437130345752253,uniform,uniform_exact,uniform,0,0,0
exp_threshold_sweep,4.052631578947368,2,n=1000|of=0.2|om=2.0|trial=2,outlier_grid,1000,1047769368,207551290,0.6082008942884182,5.59710910895369,0.6242178338812222,4.1620342853573495,uniform,uniform_exact,uniform,0,0,0
exp_threshold_sweep,4.052631578947368,0,n=1000|of=0.2|om=5.0|trial=0,outlier_grid,1000,1900294719,730588460,1.2128763710131376,4.437108297044463,1.2301369262412751,5.33936774082057,uniform,uniform_exact,uniform,0,0,0
exp_threshold_sweep,4.052631578947368,1,n=1000|of=0.2|om=5.0|trial=1,outlier_grid,1000,1900294720,731588463,1.222022170293529,4.453870144522961,1.1722460569147126,3.5677231918426897,uniform,uniform_exact,uniform,0,0,0
exp_threshold_sweep,4.052631578947368,2,n=1000|of=0.2|om=5.0|trial=2,outlier_grid,1000,1900294721,732588466,1.2283430251331136,4.34226493758284,1.2334496051180397,3.9234819932023233,uniform,uniform_exact,uniform,0,0,0
exp_threshold_sweep,4.052631578947368,0,n=1000|of=0.2|om=10.0|trial=0,outlier_grid,1000,457858778,1605650420,1.6822322474532947,4.785774324099834,1.2241335371740663,2.8309877429811823,uniform,uniform_exact,uniform,0,0,0
exp_threshold_sweep,4.052631578947368,1,n=1000|of=0.2|om=10.0|trial=1,outlier_grid,1000,457858779,1606650423,1.6828609678688584,4.797205593998007,1.576510089531765,3.985236202319548,uniform,uniform_exact,uniform,0,0,0
exp_threshold_sweep,4.052631578947368,2,n=1000|of=0.2|om=10.0|trial=2,outlier_grid,1000,457858780,1607650426,1.6824444119691087,4.694431122747657,2.0320015289240683,6.8940964372817515,uniform,uniform_exact,uniform,0,0,0
exp_threshold_sweep,4.052631578947368,0,n=2000|of=0.0|om=2.0|trial=0,outlier_grid,2000,884521234,1143168181,0.6437859806065077,7.26494190000632,0.5832212672391087,2.8602830109456177,uniform,uniform_exact,uniform,0,0,0
exp_threshold_sweep,4.052631578947368,1,n=2000|of=0.0|om=2.0|trial=1,outlier_grid,2000,884521235,1144168184,0.6783226328241753,6.987718128416362,0.9267404048683263,4.459463144429104,uniform,uniform_exact,uniform,0,0,0
exp_threshold_sweep,4.052631578947368,2,n=2000|of=0.0|om=2.0|trial=2,outlier_grid,2000,884521236,1145168187,0.7008485258315146,10.87323753149392,0.8103160587747787,4.708225074294921,uniform,uniform_exact,uniform,0,0,0
exp_threshold_sweep,4.052631578947368,0,n=2000|of=0.0|om=5.0|trial=0,outlier_grid,2000,1737046587,1668205357,0.6647636523552978,9.371015606248461,0.47046058590012235,2.3782093762255383,uniform,uniform_exact,uniform,0,0,0
exp_threshold_sweep,4.052631578947368,1,n=2000|of=0.0|om=5.0|trial=1,outlier_grid,2000,1737046588,1669205360,0.6503303945228937,7.618833107152736,0.6864581958481417,4.781335836360754,uniform,uniform_exact,uniform,0,0,0
exp_threshold_sweep,4.052631578947368,2,n=2000|of=0.0|om=5.0|trial=2,outlier_grid,2000,1737046589,1670205363,0.7116392058914187,10.837519913683188,0.6381799267212958,3.64007890683168,uniform,uniform_exact,uniform,0,0,0
exp_threshold_sweep,4.052631578947368,0,n=2000|of=0.0|om=10.0|trial=0,outlier_grid,2000,294610646,395783670,0.6984542271619008,9.191213698217632,0.5817001219975085,2.9710481106260884,uniform,uniform_exact,uniform,0,0,0
exp_threshold_sweep,4.052631578947368,1,n=2000|of=0.0|om=10.0|trial=1,outlier_grid,2000,294610647,396783673,0.6531760108020092,9.05950966881119,0.4991635992672069,2.506918218474804,uniform,uniform_exact,uniform,0,0,0
exp_threshold_sweep,4.052631578947368,2,n=2000|of=0.0|om=10.0|trial=2,outlier_grid,2000,294610648,397783676,0.6722700999610615,5.917746054892996,0.5957669186614098,3.0635566120496116,uniform,uniform_exact,uniform,0,0,0
exp_threshold_sweep,4.052631578947368,0,n=2000|of=0.01|om=2.0|trial=0,outlier_grid,2000,113177245,901367556,0.7041455345419971,8.158001271669198,0.7102662702685152,4.559406580401231,uniform,uniform_exact,uniform,0,0,0
exp_threshold_sweep,4.052631578947368,1,n=2000|of=0.01|om=2.0|trial=1,outlier_grid,2000,113177246,902367559,0.6776575995706522,7.229319530734069,0.7085745155698432,4.819564548046165,uniform,uniform_exact,uniform,0,0,0
exp_threshold_sweep,4.052631578947368,2,n=2000|of=0.01|om=2.0|trial=2,outlier_grid,2000,113177247,903367562,0.6623640231431586,9.28680597708695,0.558528900136556,2.5175309386952853,uniform,uniform_exact,uniform,0,0,0
exp_threshold_sweep,4.052631578947368,0,n=2000|of=0.01|om=5.0|trial=0,outlier_grid,2000,965702598,1426404732,0.9816612409123018,11.124163624423396,1.2903691078481274,8.480568679321944,uniform,uniform_exact,uniform,0,0,0
exp_threshold_sweep,4.052631578947368,1,n=2000|of=0.01|om=5.0|trial=1,outlier_grid,2000,965702599,1427404735,1.019893147231907,10.771710935140439,1.2475893613752596,8.425821227055366,uniform,uniform_exact,uniform,0,0,0
exp_threshold_sweep,4.052631578947368,2,n=2000|of=0.01|om=5.0|trial=2,outlier_grid,2000,965702600,1428404738,1.0038984191058524,11.152323945467518,0.7162976353532349,3.9877399506304596,uniform,uniform_exact,uniform,0,0,0
exp_threshold_sweep,4.052631578947368,0,n=2000|of=0.01|om=10.0|trial=0,outlier_grid,2000,1670750304,153983045,2.485939595674491,27.10730987984548,2.661222913379614,19.19527896728977,uniform,uniform_exact,uniform,1,0,0
exp_threshold_sweep,4.052631578947368,1,n=2000|of=0.01|om=10.0|trial=1,outlier_grid,2000,1670750305,154983048,2.4574092914423638,26.830979453268434,0.5159140085903287,3.059287213566769,uniform,uniform_exact,uniform,1,0,0
exp_threshold_sweep,4.052631578947368,2,n=2000|of=0.01|om=10.0|trial=2,outlier_grid,2000,1670750306,155983051,2.4875934157876274,27.001639859771334,2.9447688054644057,21.185213930294193,uniform,uniform_exact,uniform,1,0,0
exp_threshold_sweep,4.052631578947368,0,n=2000|of=0.02|om=2.0|trial=0,outlier_grid,2000,1489316903,659566931,0.6522247884106012,6.7974888408872705,0.6701401239604216,4.718153315730349,uniform,uniform_exact,uniform,0,0,0
exp_threshold_sweep,4.052631578947368,1,n=2000|of=0.02|om=2.0|trial=1,outlier_grid,2000,1489316904,660566934,0.708592555862065,7.3196862152942685,0.6894385426220558,4.622308762411152,uniform,uniform_exact,uniform,0,0,0
exp_threshold_sweep,4.052631578947368,2,n=2000|of=0.02|om=2.0|trial=2,outlier_grid,2000,1489316905,661566937,0.6266465193598646,6.766098028970186,0.48993320419727115,2.7443328659851987,uniform,uniform_exact,uniform,0,0,0
exp_threshold_sweep,4.052631578947368,0,n=2000|of=0.02|om=5.0|trial=0,outlier_grid,2000,194358609,1184604107,1.187664640127493,10.482197021947206,1.1704861778040871,7.15376236727165,uniform,uniform_exact,uniform,0,0,0
exp_threshold_sweep,4.052631578947368,1,n=2000|of=0.02|om=5.0|trial=1,outlier_grid,2000,194358610,1185604110,1.169122399391696,10.541280528053289,1.1438019341950625,8.02522850637299,uniform,uniform_exact,uniform,0,0,0
exp_threshold_sweep,4.052631578947368,2,n=2000|of=0.02|om=5.0|trial=2,outlier_grid,2000,194358611,1186604113,1.2297958209577402,10.40504305776103,1.4233332302775725,6.333698492318037,uniform,uniform_exact,uniform,0,0,0
exp_threshold_sweep,4.052631578947368,0,n=2000|of=0.02|om=10.0|trial=0,outlier_grid,2000,899406315,2059666067,2.869439534666998,22.1660269939405,2.646745180367046,13.995883686757649,uniform,uniform_exact,uniform,1,0,0
exp_threshold_sweep,4.052631578947368,1,n=2000|of=0.02|om=10.0|trial=1,outlier_grid,2000,899406316,2060666070,2.804968516663726,22.06499967036417,0.6434800202122952,4.254845807097411,uniform,uniform_exact,uniform,1,0,0
exp_threshold_sweep,4.052631578947368,2,n=2000|of=0.02|om=10.0|trial=2,outlier_grid,2000,899406317,2061666073,2.735942484849644,21.257719756855096,2.8383812133891615,14.933463153509315,uniform,uniform_exact,uniform,1,0,0
exp_threshold_sweep,4.052631578947368,0,n=2000|of=0.05|om=2.0|trial=0,outlier_grid,2000,1322768583,2081648703,0.65141260441657,7.2644391200920655,0.566453689073244,2.6974077637493976,uniform,uniform_exact,uniform,0,0,0
exp_threshold_sweep,4.052631578947368,1,n=2000|of=0.05|om=2.0|trial=1,outlier_grid,2000,1322768584,2082648706,0.6410291195607866,6.374989174742897,0.7162280135903464,4.549070378107034,uniform,uniform_exact,uniform,0,0,0
exp_threshold_sweep,4.052631578947368,2,n=2000|of=0.05|om=2.0|trial=2,outlier_grid,2000,1322768585,2083648709,0.6227487686611384,6.430958934057433,0.5459727841751367,2.823542357169971,uniform,uniform_exact,uniform,0,0,0
exp_threshold_sweep,4.052631578947368,0,n=2000|of=0.05|om=5.0|trial=0,outlier_grid,2000,27810289,459202232,1.358269331673104,8.966713358539577,1.3723269490712815,6.406343892233075,uniform,uniform_exact,uniform,0,0,0
exp_threshold_sweep,4.052631578947368,1,n=2000|of=0.05|om=5.0|trial=1,outlier_grid,2000,27810290,460202235,1.3763076923974027,8.285852764690443,0.7749111857624245,4.270328843262996,uniform,uniform_exact,uniform,0,0,0
exp_threshold_sweep,4.052631578947368,2,n=2000|of=0.05|om=5.0|trial=2,outlier_grid,2000,27810291,461202238,1.4611702597146317,9.106720084066147,1.521311970365212,5.980018105180251,uniform,uniform_exact,uniform,0,0,0
exp_threshold_sweep,4.052631578947368,0,n=2000|of=0.05|om=10.0|trial=0,outlier_grid,2000,732857995,1334264192,2.7142794007709448,13.745211635687745,2.9623790550098223,21.40968506883677,uniform,uniform_exact,uniform,1,0,0
exp_threshold_sweep,4.052631578947368,1,n=2000|of=0.05|om=10.0|trial=1,outlier_grid,2000,732857996,1335264195,2.726308523162901,13.889554001701725,0.6991468311296727,4.5412972162153515,uniform,uniform_exact,uniform,1,0,0
exp_threshold_sweep,4.052631578947368,2,n=2000|of=0.05|om=10.0|trial=2,outlier_grid,2000,732857997,1336264198,2.7326270401993864,13.72668609604081,2.9033696989116557,15.172645057482507,uniform,uniform_exact,uniform,1,0,0
exp_threshold_sweep,4.052631578947368,0,n=2000|of=0.1|om=2.0|trial=0,outlier_grid,2000,1761015932,872645578,0.5866904178552818,6.882127609815075,0.5805490484405254,2.895280995548519,uniform,uniform_exact,uniform,0,0,0
exp_threshold_sweep,4.052631578947368,1,n=2000|of=0.1|om=2.0|trial=1,outlier_grid,2000,1761015933,873645581,0.6805166058317258,7.844182030189697,0.5902576119175316,3.265802290507244,uniform,uniform_exact,uniform,0,0,0
exp_threshold_sweep,4.052631578947368,2,n=2000|of=0.1|om=2.0|trial=2,outlier_grid,2000,1761015934,874645584,0.6075248895724128,8.488601778181627,0.5524947834763275,2.6006174003137836,uniform,uniform_exact,uniform,0,0,0
exp_threshold_sweep,4.052631578947368,0,n=2000|of=0.1|om=5.0|trial=0,outlier_grid,2000,466057638,1397682754,1.4612428196080953,6.753627793666996,1.4637564208247935,6.127948657842031,uniform,uniform_exact,uniform,0,0,0
exp_threshold_sweep,4.052631578947368,1,n=2000|of=0.1|om=5.0|trial=1,outlier_grid,2000,466057639,1398682757,1.4764441467779024,6.956174126191189,1.4674625531344239,5.7310795182246155,uniform,uniform_exact,uniform,0,0,0
exp_threshold_sweep,4.052631578947368,2,n=2000|of=0.1|om=5.0|trial=2,outlier_grid,2000,466057640,1399682760,1.4190922443740461,6.741387981806074,1.5077030890947885,7.054049405629129,uniform,uniform_exact,uniform,0,0,0
exp_threshold_sweep,4.052631578947368,0,n=2000|of=0.1|om=10.0|trial=0,outlier_grid,2000,1171105344,125261067,2.301445779003562,8.777361115865295,2.506429750727522,9.530497841031707,uniform,uniform_exact,uniform,0,0,0
exp_threshold_sweep,4.052631578947368,1,n=2000|of=0.1|om=10.0|trial=1,outlier_grid,2000,1171105345,126261070,2.3152827988189686,8.658788130102245,2.4364184610808395,8.788218954225657,uniform,uniform_exact,uniform,1,0,0
exp_threshold_sweep,4.052631578947368,2,n=2000|of=0.1|om=10.0|trial=2,outlier_grid,2000,1171105346,127261073,2.30933321640677,8.687845653682372,2.512657135544825,10.114135435472017,uniform,uniform_exact,uniform,1,0,0
exp_threshold_sweep,4.052631578947368,0,n=2000|of=0.2|om=2.0|trial=0,outlier_grid,2000,490026983,602122975,0.5915941849529013,6.747218403782818,0.6456284289272434,3.7424729906114833,uniform,uniform_exact,uniform,0,0,0
exp_threshold_sweep,4.052631578947368,1,n=2000|of=0.2|om=2.0|trial=1,outlier_grid,2000,490026984,603122978,0.5845956482433441,7.133862103294786,0.8242732260277579,5.098482326451003,uniform,uniform_exact,uniform,0,0,0
exp_threshold_sweep,4.052631578947368,2,n=2000|of=0.2|om=2.0|trial=2,outlier_grid,2000,490026985,604122981,0.6364016724628121,6.162099158324124,0.6867431901597176,4.53646512145048,uniform,uniform_exact,uniform,0,0,0
exp_threshold_sweep,4.052631578947368,0,n=2000|of=0.2|om=5.0|trial=0,outlier_grid,2000,1342552336,1127160151,1.2983740571519216,4.789065542177101,1.345521611397635,3.969611958165405,uniform,uniform_exact,uniform,0,0,0
exp_threshold_sweep,4.052631578947368,1,n=2000|of=0.2|om=5.0|trial=1,outlier_grid,2000,1342552337,1128160154,1.3147579288921611,4.448881049791875,1.203432889390721,3.3784338380173553,uniform,uniform_exact,uniform,0,0,0
exp_threshold_sweep,4.052631578947368,2,n=2000|of=0.2|om=5.0|trial=2,outlier_grid,2000,1342552338,1129160157,1.3083480127020897,4.637299734571176,0.980752244445845,2.6060364599825983,uniform,uniform_exact,uniform,0,0,0
exp_threshold_sweep,4.052631578947368,0,n=2000|of=0.2|om=10.0|trial=0,outlier_grid,2000,2047600042,2002222111,1.7372109637686688,4.909762302581473,1.654788053074392,4.207957401092123,uniform,uniform_exact,uniform,0,0,0
exp_threshold_sweep,4.052631578947368,1,n=2000|of=0.2|om=10.0|trial=1,outlier_grid,2000,2047600043,2003222114,1.7421178180833923,4.869082529210165,1.8697495499975871,5.182935358203248,uniform,uniform_exact,uniform,0,0,0
exp_threshold_sweep,4.052631578947368,2,n=2000|of=0.2|om=10.0|trial=2,outlier_grid,2000,2047600044,2004222117,1.7399890427199698,4.970317505328127,1.6741801177798215,4.494097816942863,uniform,uniform_exact,uniform,0,0,0
exp_threshold_sweep,4.052631578947368,0,n=5000|of=0.0|om=2.0|trial=0,outlier_grid,5000,1358777732,185399607,0.7224807944290408,9.893139619301449,0.7393988031437676,4.44216171091808,uniform,uniform_exact,uniform,0,0,0
exp_threshold_sweep,4.052631578947368,1,n=5000|of=0.0|om=2.0|trial=1,outlier_grid,5000,1358777733,186399610,0.6783674416504732,9.248645932905605,0.7143476764039032,3.410859881789213,uniform,uniform_exact,uniform,0,0,0
exp_threshold_sweep,4.052631578947368,2,n=5000|of=0.0|om=2.0|trial=2,outlier_grid,5000,1358777734,187399613,0.6974014263102107,8.500077009248255,0.7083841796016659,4.01874577776468,uniform,uniform_exact,uniform,0,0,0
exp_threshold_sweep,4.052631578947368,0,n=5000|of=0.0|om=5.0|trial=0,outlier_grid,5000,63819438,710436783,0.6966704990056833,11.78855723114979,0.7455324682491694,4.561491997481248,uniform,uniform_exact,uniform,0,0,0
exp_threshold_sweep,4.052631578947368,1,n=5000|of=0.0|om=5.0|trial=1,outlier_grid,5000,63819439,711436786,0.7020645774986704,10.493395057863204,0.5160014989555651,2.5978717957650597,uniform,uniform,uniform,0,0,0
exp_threshold_sweep,4.052631578947368,2,n=5000|of=0.0|om=5.0|trial=2,outlier_grid,5000,63819440,712436789,0.6964872202949357,12.14043386833435,0.5504211522064281,2.8355913016791066,uniform,uniform,uniform,0,0,0
exp_threshold_sweep,4.052631578947368,0,n=5000|of=0.0|om=10.0|trial=0,outlier_grid,5000,768867144,1585498743,0.6923142098960464,10.791047985600459,0.7500360759093362,4.8636981626895786,uniform,uniform_exact,uniform,0,0,0
exp_threshold_sweep,4.052631578947368,1,n=5000|of=0.0|om=10.0|trial=1,outlier_grid,5000,768867145,1586498746,0.6749404683005831,10.377327086148796,0.5246949224744977,2.583978818771351,uniform,uniform,uniform,0,0,0
exp_threshold_sweep,4.052631578947368,2,n=5000|of=0.0|om=10.0|trial=2,outlier_grid,5000,768867146,1587498749,0.7043250568842707,9.485986571983513,1.016010287361832,6.327247439019631,uniform,uniform_exact,uniform,0,0,0
exp_threshold_sweep,4.052631578947368,0,n=5000|of=0.01|om=2.0|trial=0,outlier_grid,5000,587433743,2091082629,0.7278048746693839,12.570758348270179,0.6095042147697824,3.5498088618634176,uniform,uniform,uniform,0,0,0
exp_threshold_sweep,4.052631578947368,1,n=5000|of=0.01|om=2.0|trial=1,outlier_grid,5000,587433744,2092082632,0.6959390046794844,8.19052749199074,0.8023666860163905,5.0317223662592605,uniform,uniform_exact,uniform,0,0,0
exp_threshold_sweep,4.052631578947368,2,n=5000|of=0.01|om=2.0|trial=2,outlier_grid,5000,587433745,2093082635,0.7275752487361427,11.991683623295147,0.4526420839426433,2.2145390159074374,uniform,uniform,uniform,0,0,0
exp_threshold_sweep,4.052631578947368,0,n=5000|of=0.01|om=5.0|trial=0,outlier_grid,5000,1439959096,468636158,1.1514945012448503,13.921170970329356,1.275278626810074,8.987881355136949,uniform,uniform_exact,uniform,0,0,0
exp_threshold_sweep,4.052631578947368,1,n=5000|of=0.01|om=5.0|trial=1,outlier_grid,5000,1439959097,469636161,1.1000620070210954,13.282787825099584,0.784896518196815,5.203276977518117,uniform,uniform_exact,uniform,0,0,0
exp_threshold_sweep,4.052631578947368,2,n=5000|of=0.01|om=5.0|trial=2,outlier_grid,5000,1439959098,470636164,1.169644960173019,14.047324928197764,0.5314153943238085,2.528351870357331,uniform,uniform,uniform,0,0,0
exp_threshold_sweep,4.052631578947368,0,n=5000|of=0.01|om=10.0|trial=0,outlier_grid,5000,2145006802,1343698118,3.012040993380712,33.184170841399485,0.5274777335597045,2.2680161012721687,is,uniform,uniform,1,0,1
exp_threshold_sweep,4.052631578947368,1,n=5000|of=0.01|om=10.0|trial=1,outlier_grid,5000,2145006803,1344698121,3.05512119238724,33.62125804296652,3.273596478003398,23.575409509256286,is,uniform_exact,uniform,1,0,1
exp_threshold_sweep,4.052631578947368,2,n=5000|of=0.01|om=10.0|trial=2,outlier_grid,5000,2145006804,1345698124,3.0106207049135034,32.90968384374054,3.169804888695065,22.66743834286811,is,uniform_exact,uniform,1,0,1
exp_threshold_sweep,4.052631578947368,0,n=5000|of=0.02|om=2.0|trial=0,outlier_grid,5000,1963573401,1849282004,0.6966747062003946,7.519776239119451,0.5942712084314384,2.9517804904576455,uniform,uniform,uniform,0,0,0
exp_threshold_sweep,4.052631578947368,1,n=5000|of=0.02|om=2.0|trial=1,outlier_grid,5000,1963573402,1850282007,0.7118330565326979,11.001515450812754,0.8070321641189339,4.840723262512223,uniform,uniform_exact,uniform,0,0,0
exp_threshold_sweep,4.052631578947368,2,n=5000|of=0.02|om=2.0|trial=2,outlier_grid,5000,1963573403,1851282010,0.65806351816426,9.25657713996702,0.6128827030927391,2.4721990883563194,uniform,uniform,uniform,0,0,0
exp_threshold_sweep,4.052631578947368,0,n=5000|of=0.02|om=5.0|trial=0,outlier_grid,5000,668615107,226835533,1.324498034040619,12.321985384365552,1.455667471502432,9.854680356396319,uniform,uniform_exact,uniform,0,0,0
exp_threshold_sweep,4.052631578947368,1,n=5000|of=0.02|om=5.0|trial=1,outlier_grid,5000,668615108,227835536,1.3258723349377788,12.187571001132723,1.5144108758392434,8.91440643734524,uniform,uniform_exact,uniform,0,0,0
exp_threshold_sweep,4.052631578947368,2,n=5000|of=0.02|om=5.0|trial=2,outlier_grid,5000,668615109,228835539,1.3582145587406718,12.411829353085658,0.6615078877538454,3.602811269999139,uniform,uniform,uniform,0,0,0
exp_threshold_sweep,4.052631578947368,0,n=5000|of=0.02|om=10.0|trial=0,outlier_grid,5000,1373662813,1101897493,3.273305510801266,25.581420388004364,3.2592894782084096,23.39662058929458,is,uniform_exact,uniform,1,0,1
exp_threshold_sweep,4.052631578947368,1,n=5000|of=0.02|om=10.0|trial=1,outlier_grid,5000,1373662814,1102897496,3.270192893939796,25.42383972037984,0.606378441889165,3.4884906004002625,is,uniform,uniform,1,0,1
exp_threshold_sweep,4.052631578947368,2,n=5000|of=0.02|om=10.0|trial=2,outlier_grid,5000,1373662815,1103897499,3.2584141459449203,25.386482551776233,3.2591620368966687,23.45957210142874,is,uniform_exact,uniform,1,0,1
exp_threshold_sweep,4.052631578947368,0,n=5000|of=0.05|om=2.0|trial=0,outlier_grid,5000,1797025081,1123880129,0.6808824421638225,9.063293680601529,0.6751917455198996,4.125621144343894,uniform,uniform,uniform,0,0,0
exp_threshold_sweep,4.052631578947368,1,n=5000|of=0.05|om=2.0|trial=1,outlier_grid,5000,1797025082,1124880132,0.6814735797847691,8.168079323694936,0.5896191627955369,3.714646110038311,uniform,uniform,uniform,0,0,0
exp_threshold_sweep,4.052631578947368,2,n=5000|of=0.05|om=2.0|trial=2,outlier_grid,5000,1797025083,1125880135,0.6730762768779296,7.51328610662532,0.9619992324601403,5.00852574816729,uniform,uniform_exact,uniform,0,0,0
exp_threshold_sweep,4.052631578947368,0,n=5000|of=0.05|om=5.0|trial=0,outlier_grid,5000,502066787,1648917305,1.5610511723927194,9.482297366454727,1.3150754711602262,9.574381688487188,uniform,uniform_exact,uniform,0,0,0
exp_threshold_sweep,4.052631578947368,1,n=5000|of=0.05|om=5.0|trial=1,outlier_grid,5000,502066788,1649917308,1.5983515327881193,10.05179141412876,1.5292562670237344,7.874186369564421,uniform,uniform_exact,uniform,0,0,0
exp_threshold_sweep,4.052631578947368,2,n=5000|of=0.05|om=5.0|trial=2,outlier_grid,5000,502066789,1650917311,1.564054233622819,9.903368559014538,1.6984464922207194,6.893212111180402,uniform,uniform_exact,uniform,0,0,0
exp_threshold_sweep,4.052631578947368,0,n=5000|of=0.05|om=10.0|trial=0,outlier_grid,5000,1207114493,376495618,3.0064614329892705,15.45576789854595,3.1392244608123447,16.237160487875265,is,uniform_exact,uniform,1,0,1
exp_threshold_sweep,4.052631578947368,1,n=5000|of=0.05|om=10.0|trial=1,outlier_grid,5000,1207114494,377495621,2.975958669383625,15.516826552718598,2.984084646244614,13.297344345363575,is,uniform_exact,uniform,1,0,1
exp_threshold_sweep,4.052631578947368,2,n=5000|of=0.05|om=10.0|trial=2,outlier_grid,5000,1207114495,378495624,2.994754765488841,15.286751648815459,3.3468546442402194,24.033053578171568,is,uniform_exact,uniform,1,0,1
exp_threshold_sweep,4.052631578947368,0,n=5000|of=0.1|om=2.0|trial=0,outlier_grid,5000,87788783,2062360651,0.6452892873409604,7.975916618900835,0.576311174495763,2.892051740510646,uniform,uniform,uniform,0,0,0
exp_threshold_sweep,4.052631578947368,1,n=5000|of=0.1|om=2.0|trial=1,outlier_grid,5000,87788784,2063360654,0.6342794906340355,7.439749972949388,0.6941294022972766,3.1985550821835376,uniform,uniform,uniform,0,0,0
exp_threshold_sweep,4.052631578947368,2,n=5000|of=0.1|om=2.0|trial=2,outlier_grid,5000,87788785,2064360657,0.6753511690743486,10.273263459798766,0.6618079273124562,3.9879811460741417,uniform,uniform,uniform,0,0,0
exp_threshold_sweep,4.052631578947368,0,n=5000|of=0.1|om=5.0|trial=0,outlier_grid,5000,940314136,439914180,1.5642034237759075,7.461215325213151,1.5446864692298032,6.379500461178315,uniform,uniform_exact,uniform,0,0,0
exp_threshold_sweep,4.052631578947368,1,n=5000|of=0.1|om=5.0|trial=1,outlier_grid,5000,940314137,440914183,1.6069129255861263,7.627573339463385,1.7198931881500292,7.649807340899376,uniform,uniform_exact,uniform,0,0,0
exp_threshold_sweep,4.052631578947368,2,n=5000|of=0.1|om=5.0|trial=2,outlier_grid,5000,940314138,441914186,1.5835535573326203,7.463665704236842,1.5626267468563861,5.841080159406376,uniform,uniform_exact,uniform,0,0,0
exp_threshold_sweep,4.052631578947368,0,n=5000|of=0.1|om=10.0|trial=0,outlier_grid,5000,1645361842,1314976140,2.4387528204411435,9.085143647908605,0.7437420703995645,4.431157982787823,is,uniform_exact,uniform,0,0,1
exp_threshold_sweep,4.052631578947368,1,n=5000|of=0.1|om=10.0|trial=1,outlier_grid,5000,1645361843,1315976143,2.44827057345472,9.074192457210252,2.0474668353799808,6.066747142764171,is,uniform_exact,uniform,1,0,1
exp_threshold_sweep,4.052631578947368,2,n=5000|of=0.1|om=10.0|trial=2,outlier_grid,5000,1645361844,1316976146,2.4335609917695766,9.037567396165114,2.245864029084206,7.392881109641884,is,uniform_exact,uniform,0,0,1
exp_threshold_sweep,4.052631578947368,0,n=5000|of=0.2|om=2.0|trial=0,outlier_grid,5000,964283481,1791838048,0.6519470284472162,8.754530513444111,0.5646837328302936,3.1031828146756446,uniform,uniform,uniform,0,0,0
exp_threshold_sweep,4.052631578947368,1,n=5000|of=0.2|om=2.0|trial=1,outlier_grid,5000,964283482,1792838051,0.6299048125270215,10.880578863376364,0.5493034119274551,2.667366399260847,uniform,uniform,uniform,0,0,0
exp_threshold_sweep,4.052631578947368,2,n=5000|of=0.2|om=2.0|trial=2,outlier_grid,5000,964283483,1793838054,0.6870579308218044,13.544762416249597,0.5567312052988291,3.242918746423385,uniform,uniform,uniform,0,0,0
exp_threshold_sweep,4.052631578947368,0,n=5000|of=0.2|om=5.0|trial=0,outlier_grid,5000,1816808834,169391577,1.3838458656873216,5.062593836717688,1.3151988115785385,4.340613045238251,uniform,uniform_exact,uniform,0,0,0
exp_threshold_sweep,4.052631578947368,1,n=5000|of=0.2|om=5.0|trial=1,outlier_grid,5000,1816808835,170391580,1.398083832516939,5.098880683600188,1.2745049737777705,3.8881059571443,uniform,uniform_exact,uniform,0,0,0
exp_threshold_sweep,4.052631578947368,2,n=5000|of=0.2|om=5.0|trial=2,outlier_grid,5000,1816808836,171391583,1.3909424378180453,5.143704401559593,1.4415645482471313,5.32289355693068,uniform,uniform_exact,uniform,0,0,0
exp_threshold_sweep,4.052631578947368,0,n=5000|of=0.2|om=10.0|trial=0,outlier_grid,5000,374372893,1044453537,1.7911999033758386,5.04722867967325,3.033704463953727,15.686679798709187,is,uniform_exact,uniform,0,0,1
exp_threshold_sweep,4.052631578947368,1,n=5000|of=0.2|om=10.0|trial=1,outlier_grid,5000,374372894,1045453540,1.7925498435757545,5.031734118828527,1.9414665664146618,5.383894663916223,is,uniform_exact,uniform,0,0,1
exp_threshold_sweep,4.052631578947368,2,n=5000|of=0.2|om=10.0|trial=2,outlier_grid,5000,374372895,1046453543,1.799646793110485,5.033057676968276,1.5726295613161558,3.866012946486747,is,uniform_exact,uniform,0,0,1
exp_threshold_sweep,4.289473684210526,0,n=1000|of=0.0|om=2.0|trial=0,outlier_grid,1000,1442263617,746596491,0.617599978331471,6.544485015745742,0.3951626621069189,1.9456690803277688,uniform,uniform_exact,uniform,0,0,0
exp_threshold_sweep,4.289473684210526,1,n=1000|of=0.0|om=2.0|trial=1,outlier_grid,1000,1442263618,747596494,0.7016203194983847,6.4257658382788225,0.7920498063773633,4.044789063858636,uniform,uniform_exact,uniform,0,0,0
exp_threshold_sweep,4.289473684210526,2,n=1000|of=0.0|om=2.0|trial=2,outlier_grid,1000,1442263619,748596497,0.633503586176026,5.578210996800821,0.5335051957839361,2.881664237954822,uniform,uniform_exact,uniform,0,0,0
exp_threshold_sweep,4.289473684210526,0,n=1000|of=0.0|om=5.0|trial=0,outlier_grid,1000,147305323,1271633667,0.6607087487078306,6.077985671873188,0.5172001759928824,2.3520235291364693,uniform,uniform_exact,uniform,0,0,0
exp_threshold_sweep,4.289473684210526,1,n=1000|of=0.0|om=5.0|trial=1,outlier_grid,1000,147305324,1272633670,0.6504739835154975,5.5695015501111715,0.6410998858405578,3.301121657492969,uniform,uniform_exact,uniform,0,0,0
exp_threshold_sweep,4.289473684210526,2,n=1000|of=0.0|om=5.0|trial=2,outlier_grid,1000,147305325,1273633673,0.6694892343956219,5.3838442549691585,0.6341001384430761,3.1877250228155054,uniform,uniform_exact,uniform,0,0,0
exp_threshold_sweep,4.289473684210526,0,n=1000|of=0.0|om=10.0|trial=0,outlier_grid,1000,852353029,2146695627,0.6398166324088268,6.140337691272391,0.5757267744433392,3.104105342865083,uniform,uniform_exact,uniform,0,0,0
exp_threshold_sweep,4.289473684210526,1,n=1000|of=0.0|om=10.0|trial=1,outlier_grid,1000,852353030,211983,0.6645481406412764,5.726033896808133,0.5310542492474436,3.180111867941812,uniform,uniform_exact,uniform,0,0,0
exp_threshold_sweep,4.289473684210526,2,n=1000|of=0.0|om=10.0|trial=2,outlier_grid,1000,852353031,1211986,0.6625855174916219,6.889022080403152,0.521699920316922,2.5161669463049314,uniform,uniform_exact,uniform,0,0,0
exp_threshold_sweep,4.289473684210526,0,n=1000|of=0.01|om=2.0|trial=0,outlier_grid,1000,670919628,504795866,0.6194948810036581,4.431036671722072,0.5342648639350855,2.858111439525127,uniform,uniform_exact,uniform,0,0,0
exp_threshold_sweep,4.289473684210526,1,n=1000|of=0.01|om=2.0|trial=1,outlier_grid,1000,670919629,505795869,0.6419604984348997,5.780451621515172,0.5395390824687315,3.688916438009584,uniform,uniform_exact,uniform,0,0,0
exp_threshold_sweep,4.289473684210526,2,n=1000|of=0.01|om=2.0|trial=2,outlier_grid,1000,670919630,506795872,0.6478534945181104,7.295799872829969,0.5786678757997724,3.361553733807077,uniform,uniform_exact,uniform,0,0,0
exp_threshold_sweep,4.289473684210526,0,n=1000|of=0.01|om=5.0|trial=0,outlier_grid,1000,1523444981,1029833042,0.9275708025452007,9.067911114745035,0.5785482149272715,3.283443411701352,uniform,uniform_exact,uniform,0,0,0
exp_threshold_sweep,4.289473684210526,1,n=1000|of=0.01|om=5.0|trial=1,outlier_grid,1000,1523444982,1030833045,0.8826442516694574,9.20078801072338,1.043129765932303,6.8254453120893555,uniform,uniform_exact,uniform,0,0,0
exp_threshold_sweep,4.289473684210526,2,n=1000|of=0.01|om=5.0|trial=2,outlier_grid,1000,1523444983,1031833048,0.8944373892679047,9.492564196854993,0.45677003963591706,2.19518877008792,uniform,uniform_exact,uniform,0,0,0
exp_threshold_sweep,4.289473684210526,0,n=1000|of=0.01|om=10.0|trial=0,outlier_grid,1000,81009040,1904895002,2.1600848596659037,23.591190740265375,0.5520101744495785,3.234304147211269,uniform,uniform_exact,uniform,0,0,0
exp_threshold_sweep,4.289473684210526,1,n=1000|of=0.01|om=10.0|trial=1,outlier_grid,1000,81009041,1905895005,2.186629044024305,23.67565527185168,0.7194309867066487,4.998638651224954,uniform,uniform_exact,uniform,0,0,0
exp_threshold_sweep,4.289473684210526,2,n=1000|of=0.01|om=10.0|trial=2,outlier_grid,1000,81009042,1906895008,2.202788337834508,23.474969597415352,0.4365004713068933,1.9095776370311106,uniform,uniform_exact,uniform,1,0,0
exp_threshold_sweep,4.289473684210526,0,n=1000|of=0.02|om=2.0|trial=0,outlier_grid,1000,2047059286,262995241,0.668926440883736,6.047119721303887,0.5599898366194509,2.671588654123765,uniform,uniform_exact,uniform,0,0,0
exp_threshold_sweep,4.289473684210526,1,n=1000|of=0.02|om=2.0|trial=1,outlier_grid,1000,2047059287,263995244,0.6096939094021688,4.754850690421404,0.6621621092383021,3.2078361005043607,uniform,uniform_exact,uniform,0,0,0
exp_threshold_sweep,4.289473684210526,2,n=1000|of=0.02|om=2.0|trial=2,outlier_grid,1000,2047059288,264995247,0.619980694353103,5.711189635441723,0.7220740339269687,4.669793590320693,uniform,uniform_exact,uniform,0,0,0
exp_threshold_sweep,4.289473684210526,0,n=1000|of=0.02|om=5.0|trial=0,outlier_grid,1000,752100992,788032417,1.0363964890753734,8.83629684462703,0.6880128006098226,4.221031572413992,uniform,uniform_exact,uniform,0,0,0
exp_threshold_sweep,4.289473684210526,1,n=1000|of=0.02|om=5.0|trial=1,outlier_grid,1000,752100993,789032420,1.0808453099122093,9.327938871539764,0.8887265049181664,6.329092518448279,uniform,uniform_exact,uniform,0,0,0
exp_threshold_sweep,4.289473684210526,2,n=1000|of=0.02|om=5.0|trial=2,outlier_grid,1000,752100994,790032423,1.0555990939448983,9.079803243418585,0.5804789841702265,3.2348810285909786,uniform,uniform_exact,uniform,0,0,0
exp_threshold_sweep,4.289473684210526,0,n=1000|of=0.02|om=10.0|trial=0,outlier_grid,1000,1457148698,1663094377,2.4223349633420703,19.324723385669508,2.368461181580873,17.24340464593597,uniform,uniform_exact,uniform,1,0,0
exp_threshold_sweep,4.289473684210526,1,n=1000|of=0.02|om=10.0|trial=1,outlier_grid,1000,1457148699,1664094380,2.4594205603819232,19.349043540692758,2.642872227581459,13.760590996356026,uniform,uniform_exact,uniform,1,0,0
exp_threshold_sweep,4.289473684210526,2,n=1000|of=0.02|om=10.0|trial=2,outlier_grid,1000,1457148700,1665094383,2.441556227376376,19.145175988469532,2.299206034471335,16.672993568356542,uniform,uniform_exact,uniform,1,0,0
exp_threshold_sweep,4.289473684210526,0,n=1000|of=0.05|om=2.0|trial=0,outlier_grid,1000,1880510966,1685077013,0.6787566315775071,6.9795351614658365,0.5640760110870733,2.4436883022747256,uniform,uniform_exact,uniform,0,0,0
exp_threshold_sweep,4.289473684210526,1,n=1000|of=0.05|om=2.0|trial=1,outlier_grid,1000,1880510967,1686077016,0.6273247767797993,5.416408240314115,0.5381435845425013,3.1105455382869147,uniform,uniform_exact,uniform,0,0,0
exp_threshold_sweep,4.289473684210526,2,n=1000|of=0.05|om=2.0|trial=2,outlier_grid,1000,1880510968,1687077019,0.6436184853347732,6.685255422490038,0.6069848950429678,3.045864036756874,uniform,uniform_exact,uniform,0,0,0
exp_threshold_sweep,4.289473684210526,0,n=1000|of=0.05|om=5.0|trial=0,outlier_grid,1000,585552672,62630542,1.322654341020879,7.809373922547658,1.3916098631209166,5.589651154611019,uniform,uniform_exact,uniform,0,0,0
exp_threshold_sweep,4.289473684210526,1,n=1000|of=0.05|om=5.0|trial=1,outlier_grid,1000,585552673,63630545,1.2985808873964355,8.313744404611858,1.296823592848279,5.149789203585744,uniform,uniform_exact,uniform,0,0,0
exp_threshold_sweep,4.289473684210526,2,n=1000|of=0.05|om=5.0|trial=2,outlier_grid,1000,585552674,64630548,1.208561744925839,7.712949719548932,1.1505025096004344,7.732042940406004,uniform,uniform_exact,uniform,0,0,0
exp_threshold_sweep,4.289473684210526,0,n=1000|of=0.05|om=10.0|trial=0,outlier_grid,1000,1290600378,937692502,2.507398434602011,12.789785607408268,2.523482863580457,18.31206571675702,uniform,uniform_exact,uniform,1,0,0
exp_threshold_sweep,4.289473684210526,1,n=1000|of=0.05|om=10.0|trial=1,outlier_grid,1000,1290600379,938692505,2.520669114923294,12.78671987327333,2.553194713209769,13.6049160100573,uniform,uniform_exact,uniform,1,0,0
exp_threshold_sweep,4.289473684210526,2,n=1000|of=0.05|om=10.0|trial=2,outlier_grid,1000,1290600380,939692508,2.49068495781207,12.596211278828237,0.6512780916778349,3.3180583829168944,uniform,uniform_exact,uniform,1,0,0
exp_threshold_sweep,4.289473684210526,0,n=1000|of=0.1|om=2.0|trial=0,outlier_grid,1000,171274668,476073888,0.6524098435515786,7.086241475883487,0.5973919437391217,2.8584829896912005,uniform,uniform_exact,uniform,0,0,0
exp_threshold_sweep,4.289473684210526,1,n=1000|of=0.1|om=2.0|trial=1,outlier_grid,1000,171274669,477073891,0.581167313005821,6.085439413528287,0.8304603514805488,5.225373132805279,uniform,uniform_exact,uniform,0,0,0
exp_threshold_sweep,4.289473684210526,2,n=1000|of=0.1|om=2.0|trial=2,outlier_grid,1000,171274670,478073894,0.6984683097008569,7.200833170425255,0.655794946543179,3.64332211149665,uniform,uniform_exact,uniform,0,0,0
exp_threshold_sweep,4.289473684210526,0,n=1000|of=0.1|om=5.0|trial=0,outlier_grid,1000,1023800021,1001111064,1.3537758517722411,6.291632634044208,1.3075780995795918,5.299975720098226,uniform,uniform_exact,uniform,0,0,0
exp_threshold_sweep,4.289473684210526,1,n=1000|of=0.1|om=5.0|trial=1,outlier_grid,1000,1023800022,1002111067,1.367532997551312,6.235878482522877,1.36531778426095,6.473395744601105,uniform,uniform_exact,uniform,0,0,0
exp_threshold_sweep,4.289473684210526,2,n=1000|of=0.1|om=5.0|trial=2,outlier_grid,1000,1023800023,1003111070,1.3274574831627268,6.042607423381932,1.4320465296334222,5.916445465562851,uniform,uniform_exact,uniform,0,0,0
exp_threshold_sweep,4.289473684210526,0,n=1000|of=0.1|om=10.0|trial=0,outlier_grid,1000,1728847727,1876173024,2.1745485439283283,8.206958182334139,2.2801694194264006,12.285691279388066,uniform,uniform_exact,uniform,0,0,0
exp_threshold_sweep,4.289473684210526,1,n=1000|of=0.1|om=10.0|trial=1,outlier_grid,1000,1728847728,1877173027,2.2071501455785794,8.244504029581895,2.386334049994428,9.442151587715935,uniform,uniform_exact,uniform,1,0,0
exp_threshold_sweep,4.289473684210526,2,n=1000|of=0.1|om=10.0|trial=2,outlier_grid,1000,1728847729,1878173030,2.2131805137021714,8.13937339152958,2.0180009853306324,6.229464123773358,uniform,uniform_exact,uniform,1,0,0
exp_threshold_sweep,4.289473684210526,0,n=1000|of=0.2|om=2.0|trial=0,outlier_grid,1000,1047769366,205551285,0.596226390605092,7.59566327931635,0.5807419134707802,3.4403486795129115,uniform,uniform_exact,uniform,0,0,0
exp_threshold_sweep,4.289473684210526,1,n=1000|of=0.2|om=2.0|trial=1,outlier_grid,1000,1047769367,206551288,0.5707637716995058,4.76013034379612,0.47948148807906577,2.1196679888946526,uniform,uniform_exact,uniform,0,0,0
exp_threshold_sweep,4.289473684210526,2,n=1000|of=0.2|om=2.0|trial=2,outlier_grid,1000,1047769368,207551291,0.6082008942884182,5.59710910895369,0.570996162222676,3.718043889531792,uniform,uniform_exact,uniform,0,0,0
exp_threshold_sweep,4.289473684210526,0,n=1000|of=0.2|om=5.0|trial=0,outlier_grid,1000,1900294719,730588461,1.2128763710131376,4.437108297044463,1.1523948850891528,3.498399968332168,uniform,uniform_exact,uniform,0,0,0
exp_threshold_sweep,4.289473684210526,1,n=1000|of=0.2|om=5.0|trial=1,outlier_grid,1000,1900294720,731588464,1.222022170293529,4.453870144522961,1.1547991390975971,3.6424080018599767,uniform,uniform_exact,uniform,0,0,0
exp_threshold_sweep,4.289473684210526,2,n=1000|of=0.2|om=5.0|trial=2,outlier_grid,1000,1900294721,732588467,1.2283430251331136,4.34226493758284,1.3348590818079566,5.00192765844411,uniform,uniform_exact,uniform,0,0,0
exp_threshold_sweep,4.289473684210526,0,n=1000|of=0.2|om=10.0|trial=0,outlier_grid,1000,457858778,1605650421,1.6822322474532947,4.785774324099834,1.277334151428927,2.848867993518029,uniform,uniform_exact,uniform,0,0,0
exp_threshold_sweep,4.289473684210526,1,n=1000|of=0.2|om=10.0|trial=1,outlier_grid,1000,457858779,1606650424,1.6828609678688584,4.797205593998007,1.867167194577825,5.651780013879342,uniform,uniform_exact,uniform,0,0,0
exp_threshold_sweep,4.289473684210526,2,n=1000|of=0.2|om=10.0|trial=2,outlier_grid,1000,457858780,1607650427,1.6824444119691087,4.694431122747657,1.4132516878146817,3.3920249539080456,uniform,uniform_exact,uniform,0,0,0
exp_threshold_sweep,4.289473684210526,0,n=2000|of=0.0|om=2.0|trial=0,outlier_grid,2000,884521234,1143168182,0.6437859806065077,7.26494190000632,0.5745670324137518,3.210967703028489,uniform,uniform_exact,uniform,0,0,0
exp_threshold_sweep,4.289473684210526,1,n=2000|of=0.0|om=2.0|trial=1,outlier_grid,2000,884521235,1144168185,0.6783226328241753,6.987718128416362,0.6791148248452324,4.15846392762597,uniform,uniform_exact,uniform,0,0,0
exp_threshold_sweep,4.289473684210526,2,n=2000|of=0.0|om=2.0|trial=2,outlier_grid,2000,884521236,1145168188,0.7008485258315146,10.87323753149392,0.7508675979281532,5.0510922651827945,uniform,uniform_exact,uniform,0,0,0
exp_threshold_sweep,4.289473684210526,0,n=2000|of=0.0|om=5.0|trial=0,outlier_grid,2000,1737046587,1668205358,0.6647636523552978,9.371015606248461,0.5061016427618036,2.7252348093195486,uniform,uniform_exact,uniform,0,0,0
exp_threshold_sweep,4.289473684210526,1,n=2000|of=0.0|om=5.0|trial=1,outlier_grid,2000,1737046588,1669205361,0.6503303945228937,7.618833107152736,0.5193139240096116,2.7981267127851277,uniform,uniform_exact,uniform,0,0,0
exp_threshold_sweep,4.289473684210526,2,n=2000|of=0.0|om=5.0|trial=2,outlier_grid,2000,1737046589,1670205364,0.7116392058914187,10.837519913683188,0.6290411883765724,3.407468556992723,uniform,uniform_exact,uniform,0,0,0
exp_threshold_sweep,4.289473684210526,0,n=2000|of=0.0|om=10.0|trial=0,outlier_grid,2000,294610646,395783671,0.6984542271619008,9.191213698217632,0.6345452492037325,4.102036427332518,uniform,uniform_exact,uniform,0,0,0
exp_threshold_sweep,4.289473684210526,1,n=2000|of=0.0|om=10.0|trial=1,outlier_grid,2000,294610647,396783674,0.6531760108020092,9.05950966881119,0.6176702520298529,3.5148150858566805,uniform,uniform_exact,uniform,0,0,0
exp_threshold_sweep,4.289473684210526,2,n=2000|of=0.0|om=10.0|trial=2,outlier_grid,2000,294610648,397783677,0.6722700999610615,5.917746054892996,0.9433198957921225,5.215581533264711,uniform,uniform_exact,uniform,0,0,0
exp_threshold_sweep,4.289473684210526,0,n=2000|of=0.01|om=2.0|trial=0,outlier_grid,2000,113177245,901367557,0.7041455345419971,8.158001271669198,0.5918710257886757,3.3424572512925996,uniform,uniform_exact,uniform,0,0,0
exp_threshold_sweep,4.289473684210526,1,n=2000|of=0.01|om=2.0|trial=1,outlier_grid,2000,113177246,902367560,0.6776575995706522,7.229319530734069,0.571250988937061,2.5467926338198272,uniform,uniform_exact,uniform,0,0,0
exp_threshold_sweep,4.289473684210526,2,n=2000|of=0.01|om=2.0|trial=2,outlier_grid,2000,113177247,903367563,0.6623640231431586,9.28680597708695,0.5623564174316397,3.6908663040729532,uniform,uniform_exact,uniform,0,0,0
exp_threshold_sweep,4.289473684210526,0,n=2000|of=0.01|om=5.0|trial=0,outlier_grid,2000,965702598,1426404733,0.9816612409123018,11.124163624423396,0.8499046017560989,5.847681361746475,uniform,uniform_exact,uniform,0,0,0
exp_threshold_sweep,4.289473684210526,1,n=2000|of=0.01|om=5.0|trial=1,outlier_grid,2000,965702599,1427404736,1.019893147231907,10.771710935140439,0.6054434641850844,3.2263172015752355,uniform,uniform_exact,uniform,0,0,0
exp_threshold_sweep,4.289473684210526,2,n=2000|of=0.01|om=5.0|trial=2,outlier_grid,2000,965702600,1428404739,1.0038984191058524,11.152323945467518,1.469605933659633,10.471965926059319,uniform,uniform_exact,uniform,0,0,0
exp_threshold_sweep,4.289473684210526,0,n=2000|of=0.01|om=10.0|trial=0,outlier_grid,2000,1670750304,153983046,2.485939595674491,27.10730987984548,2.585938107685754,18.523012387252514,uniform,uniform_exact,uniform,1,0,0
exp_threshold_sweep,4.289473684210526,1,n=2000|of=0.01|om=10.0|trial=1,outlier_grid,2000,1670750305,154983049,2.4574092914423638,26.830979453268434,2.712682078814493,12.158600528355425,uniform,uniform_exact,uniform,1,0,0
exp_threshold_sweep,4.289473684210526,2,n=2000|of=0.01|om=10.0|trial=2,outlier_grid,2000,1670750306,155983052,2.4875934157876274,27.001639859771334,0.5079039612412134,2.995095119801045,uniform,uniform_exact,uniform,1,0,0
exp_threshold_sweep,4.289473684210526,0,n=2000|of=0.02|om=2.0|trial=0,outlier_grid,2000,1489316903,659566932,0.6522247884106012,6.7974888408872705,0.5320639420603587,2.6256391722985244,uniform,uniform_exact,uniform,0,0,0
exp_threshold_sweep,4.289473684210526,1,n=2000|of=0.02|om=2.0|trial=1,outlier_grid,2000,1489316904,660566935,0.708592555862065,7.3196862152942685,0.6632207426835149,3.3220539644995655,uniform,uniform_exact,uniform,0,0,0
exp_threshold_sweep,4.289473684210526,2,n=2000|of=0.02|om=2.0|trial=2,outlier_grid,2000,1489316905,661566938,0.6266465193598646,6.766098028970186,0.45680830362162617,2.557500619782193,uniform,uniform_exact,uniform,0,0,0
exp_threshold_sweep,4.289473684210526,0,n=2000|of=0.02|om=5.0|trial=0,outlier_grid,2000,194358609,1184604108,1.187664640127493,10.482197021947206,0.7572623555007512,4.4863904815805675,uniform,uniform_exact,uniform,0,0,0
exp_threshold_sweep,4.289473684210526,1,n=2000|of=0.02|om=5.0|trial=1,outlier_grid,2000,194358610,1185604111,1.169122399391696,10.541280528053289,0.648181108158217,3.5371583502888204,uniform,uniform_exact,uniform,0,0,0
exp_threshold_sweep,4.289473684210526,2,n=2000|of=0.02|om=5.0|trial=2,outlier_grid,2000,194358611,1186604114,1.2297958209577402,10.40504305776103,0.5674893164518563,2.9726513141097994,uniform,uniform_exact,uniform,0,0,0
exp_threshold_sweep,4.289473684210526,0,n=2000|of=0.02|om=10.0|trial=0,outlier_grid,2000,899406315,2059666068,2.869439534666998,22.1660269939405,3.2449018832031737,23.429180921821516,uniform,uniform_exact,uniform,1,0,0
exp_threshold_sweep,4.289473684210526,1,n=2000|of=0.02|om=10.0|trial=1,outlier_grid,2000,899406316,2060666071,2.804968516663726,22.06499967036417,2.771650651525747,20.059078891128845,uniform,uniform_exact,uniform,1,0,0
exp_threshold_sweep,4.289473684210526,2,n=2000|of=0.02|om=10.0|trial=2,outlier_grid,2000,899406317,2061666074,2.735942484849644,21.257719756855096,2.643688191665375,19.129187540904876,uniform,uniform_exact,uniform,1,0,0
exp_threshold_sweep,4.289473684210526,0,n=2000|of=0.05|om=2.0|trial=0,outlier_grid,2000,1322768583,2081648704,0.65141260441657,7.2644391200920655,0.5022894115683502,2.6817581248527134,uniform,uniform_exact,uniform,0,0,0
exp_threshold_sweep,4.289473684210526,1,n=2000|of=0.05|om=2.0|trial=1,outlier_grid,2000,1322768584,2082648707,0.6410291195607866,6.374989174742897,0.4496705388385816,2.7764198706031196,uniform,uniform_exact,uniform,0,0,0
exp_threshold_sweep,4.289473684210526,2,n=2000|of=0.05|om=2.0|trial=2,outlier_grid,2000,1322768585,2083648710,0.6227487686611384,6.430958934057433,0.46297925425634245,2.3684446212531634,uniform,uniform_exact,uniform,0,0,0
exp_threshold_sweep,4.289473684210526,0,n=2000|of=0.05|om=5.0|trial=0,outlier_grid,2000,27810289,459202233,1.358269331673104,8.966713358539577,1.4807166811952812,6.4120091959991665,uniform,uniform_exact,uniform,0,0,0
exp_threshold_sweep,4.289473684210526,1,n=2000|of=0.05|om=5.0|trial=1,outlier_grid,2000,27810290,460202236,1.3763076923974027,8.285852764690443,1.3011231002147368,6.435578030915568,uniform,uniform_exact,uniform,0,0,0
exp_threshold_sweep,4.289473684210526,2,n=2000|of=0.05|om=5.0|trial=2,outlier_grid,2000,27810291,461202239,1.4611702597146317,9.106720084066147,1.4470493560448994,7.992489591840738,uniform,uniform_exact,uniform,0,0,0
exp_threshold_sweep,4.289473684210526,0,n=2000|of=0.05|om=10.0|trial=0,outlier_grid,2000,732857995,1334264193,2.7142794007709448,13.745211635687745,2.7764408179958755,19.905925274073194,uniform,uniform_exact,uniform,1,0,0
exp_threshold_sweep,4.289473684210526,1,n=2000|of=0.05|om=10.0|trial=1,outlier_grid,2000,732857996,1335264196,2.726308523162901,13.889554001701725,2.665574238999146,11.560596315387535,uniform,uniform_exact,uniform,1,0,0
exp_threshold_sweep,4.289473684210526,2,n=2000|of=0.05|om=10.0|trial=2,outlier_grid,2000,732857997,1336264199,2.7326270401993864,13.72668609604081,2.737970277362732,12.100154553760332,uniform,uniform_exact,uniform,1,0,0
exp_threshold_sweep,4.289473684210526,0,n=2000|of=0.1|om=2.0|trial=0,outlier_grid,2000,1761015932,872645579,0.5866904178552818,6.882127609815075,0.633475502884227,3.285645987018435,uniform,uniform_exact,uniform,0,0,0
exp_threshold_sweep,4.289473684210526,1,n=2000|of=0.1|om=2.0|trial=1,outlier_grid,2000,1761015933,873645582,0.6805166058317258,7.844182030189697,0.6963477297151625,4.194597720480942,uniform,uniform_exact,uniform,0,0,0
exp_threshold_sweep,4.289473684210526,2,n=2000|of=0.1|om=2.0|trial=2,outlier_grid,2000,1761015934,874645585,0.6075248895724128,8.488601778181627,0.6580685978224196,4.472419107227073,uniform,uniform_exact,uniform,0,0,0
exp_threshold_sweep,4.289473684210526,0,n=2000|of=0.1|om=5.0|trial=0,outlier_grid,2000,466057638,1397682755,1.4612428196080953,6.753627793666996,1.4792600799492073,7.236872678341121,uniform,uniform_exact,uniform,0,0,0
exp_threshold_sweep,4.289473684210526,1,n=2000|of=0.1|om=5.0|trial=1,outlier_grid,2000,466057639,1398682758,1.4764441467779024,6.956174126191189,1.4305802741227447,4.934206731858285,uniform,uniform_exact,uniform,0,0,0
exp_threshold_sweep,4.289473684210526,2,n=2000|of=0.1|om=5.0|trial=2,outlier_grid,2000,466057640,1399682761,1.4190922443740461,6.741387981806074,1.4580119672087815,5.345115152163091,uniform,uniform_exact,uniform,0,0,0
exp_threshold_sweep,4.289473684210526,0,n=2000|of=0.1|om=10.0|trial=0,outlier_grid,2000,1171105344,125261068,2.301445779003562,8.777361115865295,2.5401892768718004,11.661432250186339,uniform,uniform_exact,uniform,0,0,0
exp_threshold_sweep,4.289473684210526,1,n=2000|of=0.1|om=10.0|trial=1,outlier_grid,2000,1171105345,126261071,2.3152827988189686,8.658788130102245,1.8883405229999388,5.206032183226255,uniform,uniform_exact,uniform,1,0,0
exp_threshold_sweep,4.289473684210526,2,n=2000|of=0.1|om=10.0|trial=2,outlier_grid,2000,1171105346,127261074,2.30933321640677,8.687845653682372,2.570020622257411,10.124559257331223,uniform,uniform_exact,uniform,1,0,0
exp_threshold_sweep,4.289473684210526,0,n=2000|of=0.2|om=2.0|trial=0,outlier_grid,2000,490026983,602122976,0.5915941849529013,6.747218403782818,0.6735480066316569,3.2350283162490663,uniform,uniform_exact,uniform,0,0,0
exp_threshold_sweep,4.289473684210526,1,n=2000|of=0.2|om=2.0|trial=1,outlier_grid,2000,490026984,603122979,0.5845956482433441,7.133862103294786,0.4790487925359152,2.7456145678928743,uniform,uniform_exact,uniform,0,0,0
exp_threshold_sweep,4.289473684210526,2,n=2000|of=0.2|om=2.0|trial=2,outlier_grid,2000,490026985,604122982,0.6364016724628121,6.162099158324124,0.4697794808911543,2.196128865026092,uniform,uniform_exact,uniform,0,0,0
exp_threshold_sweep,4.289473684210526,0,n=2000|of=0.2|om=5.0|trial=0,outlier_grid,2000,1342552336,1127160152,1.2983740571519216,4.789065542177101,1.3954757194281215,4.836527633221846,uniform,uniform_exact,uniform,0,0,0
exp_threshold_sweep,4.289473684210526,1,n=2000|of=0.2|om=5.0|trial=1,outlier_grid,2000,1342552337,1128160155,1.3147579288921611,4.448881049791875,1.3094848663918452,3.813885965424516,uniform,uniform_exact,uniform,0,0,0
exp_threshold_sweep,4.289473684210526,2,n=2000|of=0.2|om=5.0|trial=2,outlier_grid,2000,1342552338,1129160158,1.3083480127020897,4.637299734571176,1.2579187051552823,4.208248316973343,uniform,uniform_exact,uniform,0,0,0
exp_threshold_sweep,4.289473684210526,0,n=2000|of=0.2|om=10.0|trial=0,outlier_grid,2000,2047600042,2002222112,1.7372109637686688,4.909762302581473,1.520193799516511,3.7332249632291794,uniform,uniform_exact,uniform,0,0,0
exp_threshold_sweep,4.289473684210526,1,n=2000|of=0.2|om=10.0|trial=1,outlier_grid,2000,2047600043,2003222115,1.7421178180833923,4.869082529210165,1.3619417172477335,3.1209370138023944,uniform,uniform_exact,uniform,0,0,0
exp_threshold_sweep,4.289473684210526,2,n=2000|of=0.2|om=10.0|trial=2,outlier_grid,2000,2047600044,2004222118,1.7399890427199698,4.970317505328127,1.4680076559216506,3.6289227649248166,uniform,uniform_exact,uniform,0,0,0
exp_threshold_sweep,4.289473684210526,0,n=5000|of=0.0|om=2.0|trial=0,outlier_grid,5000,1358777732,185399608,0.7224807944290408,9.893139619301449,0.7416700200960755,4.123239374720147,uniform,uniform_exact,uniform,0,0,0
exp_threshold_sweep,4.289473684210526,1,n=5000|of=0.0|om=2.0|trial=1,outlier_grid,5000,1358777733,186399611,0.6783674416504732,9.248645932905605,0.7377346349663256,5.189728110866153,uniform,uniform_exact,uniform,0,0,0
exp_threshold_sweep,4.289473684210526,2,n=5000|of=0.0|om=2.0|trial=2,outlier_grid,5000,1358777734,187399614,0.6974014263102107,8.500077009248255,0.4948401278672773,2.2349687204418722,uniform,uniform,uniform,0,0,0
exp_threshold_sweep,4.289473684210526,0,n=5000|of=0.0|om=5.0|trial=0,outlier_grid,5000,63819438,710436784,0.6966704990056833,11.78855723114979,0.7536956708289949,3.8920919466773505,uniform,uniform_exact,uniform,0,0,0
exp_threshold_sweep,4.289473684210526,1,n=5000|of=0.0|om=5.0|trial=1,outlier_grid,5000,63819439,711436787,0.7020645774986704,10.493395057863204,0.5869623080712214,2.955196018048121,uniform,uniform,uniform,0,0,0
exp_threshold_sweep,4.289473684210526,2,n=5000|of=0.0|om=5.0|trial=2,outlier_grid,5000,63819440,712436790,0.6964872202949357,12.14043386833435,0.5716824034167604,3.2018376474974897,uniform,uniform,uniform,0,0,0
exp_threshold_sweep,4.289473684210526,0,n=5000|of=0.0|om=10.0|trial=0,outlier_grid,5000,768867144,1585498744,0.6923142098960464,10.791047985600459,0.8903419905503202,5.237974621425265,uniform,uniform_exact,uniform,0,0,0
exp_threshold_sweep,4.289473684210526,1,n=5000|of=0.0|om=10.0|trial=1,outlier_grid,5000,768867145,1586498747,0.6749404683005831,10.377327086148796,0.49854030726481485,2.7455255382916803,uniform,uniform,uniform,0,0,0
exp_threshold_sweep,4.289473684210526,2,n=5000|of=0.0|om=10.0|trial=2,outlier_grid,5000,768867146,1587498750,0.7043250568842707,9.485986571983513,0.5089492015678193,2.9115631922066663,uniform,uniform,uniform,0,0,0
exp_threshold_sweep,4.289473684210526,0,n=5000|of=0.01|om=2.0|trial=0,outlier_grid,5000,587433743,2091082630,0.7278048746693839,12.570758348270179,0.7137133396145178,4.862802187748373,uniform,uniform_exact,uniform,0,0,0
exp_threshold_sweep,4.289473684210526,1,n=5000|of=0.01|om=2.0|trial=1,outlier_grid,5000,587433744,2092082633,0.6959390046794844,8.19052749199074,0.6796805381947405,3.348230783378321,uniform,uniform,uniform,0,0,0
exp_threshold_sweep,4.289473684210526,2,n=5000|of=0.01|om=2.0|trial=2,outlier_grid,5000,587433745,2093082636,0.7275752487361427,11.991683623295147,0.5922319103260868,2.9561259445256276,uniform,uniform,uniform,0,0,0
exp_threshold_sweep,4.289473684210526,0,n=5000|of=0.01|om=5.0|trial=0,outlier_grid,5000,1439959096,468636159,1.1514945012448503,13.921170970329356,0.5252663496012435,2.5345534745699183,uniform,uniform,uniform,0,0,0
exp_threshold_sweep,4.289473684210526,1,n=5000|of=0.01|om=5.0|trial=1,outlier_grid,5000,1439959097,469636162,1.1000620070210954,13.282787825099584,1.3767159080170335,10.157385959694858,uniform,uniform_exact,uniform,0,0,0
exp_threshold_sweep,4.289473684210526,2,n=5000|of=0.01|om=5.0|trial=2,outlier_grid,5000,1439959098,470636165,1.169644960173019,14.047324928197764,0.6745760286149239,3.5781635792726636,uniform,uniform,uniform,0,0,0
exp_threshold_sweep,4.289473684210526,0,n=5000|of=0.01|om=10.0|trial=0,outlier_grid,5000,2145006802,1343698119,3.012040993380712,33.184170841399485,3.2082477361737527,17.41009363063582,is,uniform_exact,uniform,1,0,1
exp_threshold_sweep,4.289473684210526,1,n=5000|of=0.01|om=10.0|trial=1,outlier_grid,5000,2145006803,1344698122,3.05512119238724,33.62125804296652,0.5199154078162044,2.838962490677112,is,uniform,uniform,1,0,1
exp_threshold_sweep,4.289473684210526,2,n=5000|of=0.01|om=10.0|trial=2,outlier_grid,5000,2145006804,1345698125,3.0106207049135034,32.90968384374054,3.100141697347997,22.24455554390525,is,uniform_exact,uniform,1,0,1
exp_threshold_sweep,4.289473684210526,0,n=5000|of=0.02|om=2.0|trial=0,outlier_grid,5000,1963573401,1849282005,0.6966747062003946,7.519776239119451,0.6513014448064793,3.8474535902943545,uniform,uniform,uniform,0,0,0
exp_threshold_sweep,4.289473684210526,1,n=5000|of=0.02|om=2.0|trial=1,outlier_grid,5000,1963573402,1850282008,0.7118330565326979,11.001515450812754,0.6985787003312565,4.043325981463549,uniform,uniform,uniform,0,0,0
exp_threshold_sweep,4.289473684210526,2,n=5000|of=0.02|om=2.0|trial=2,outlier_grid,5000,1963573403,1851282011,0.65806351816426,9.25657713996702,1.0632033721239904,7.060733858142837,uniform,uniform_exact,uniform,0,0,0
exp_threshold_sweep,4.289473684210526,0,n=5000|of=0.02|om=5.0|trial=0,outlier_grid,5000,668615107,226835534,1.324498034040619,12.321985384365552,1.592113487392084,11.477070577434779,uniform,uniform_exact,uniform,0,0,0
exp_threshold_sweep,4.289473684210526,1,n=5000|of=0.02|om=5.0|trial=1,outlier_grid,5000,668615108,227835537,1.3258723349377788,12.187571001132723,0.7351772148040971,4.6044682337669975,uniform,uniform_exact,uniform,0,0,0
exp_threshold_sweep,4.289473684210526,2,n=5000|of=0.02|om=5.0|trial=2,outlier_grid,5000,668615109,228835540,1.3582145587406718,12.411829353085658,0.603716824675,2.6936208818545273,uniform,uniform,uniform,0,0,0
exp_threshold_sweep,4.289473684210526,0,n=5000|of=0.02|om=10.0|trial=0,outlier_grid,5000,1373662813,1101897494,3.273305510801266,25.581420388004364,3.1485391723207,16.819551077873708,is,uniform_exact,uniform,1,0,1
exp_threshold_sweep,4.289473684210526,1,n=5000|of=0.02|om=10.0|trial=1,outlier_grid,5000,1373662814,1102897497,3.270192893939796,25.42383972037984,3.3914378582136755,24.399595891452513,is,uniform_exact,uniform,1,0,1
exp_threshold_sweep,4.289473684210526,2,n=5000|of=0.02|om=10.0|trial=2,outlier_grid,5000,1373662815,1103897500,3.2584141459449203,25.386482551776233,2.9637369438017123,21.331858884619557,is,uniform_exact,uniform,1,0,1
exp_threshold_sweep,4.289473684210526,0,n=5000|of=0.05|om=2.0|trial=0,outlier_grid,5000,1797025081,1123880130,0.6808824421638225,9.063293680601529,0.6456863098751706,3.409233137449982,uniform,uniform,uniform,0,0,0
exp_threshold_sweep,4.289473684210526,1,n=5000|of=0.05|om=2.0|trial=1,outlier_grid,5000,1797025082,1124880133,0.6814735797847691,8.168079323694936,0.5507405999440952,2.588572885316005,uniform,uniform,uniform,0,0,0
exp_threshold_sweep,4.289473684210526,2,n=5000|of=0.05|om=2.0|trial=2,outlier_grid,5000,1797025083,1125880136,0.6730762768779296,7.51328610662532,0.6098417497446516,3.854804150749666,uniform,uniform,uniform,0,0,0
exp_threshold_sweep,4.289473684210526,0,n=5000|of=0.05|om=5.0|trial=0,outlier_grid,5000,502066787,1648917306,1.5610511723927194,9.482297366454727,1.7360046995361627,9.274766186100527,uniform,uniform_exact,uniform,0,0,0
exp_threshold_sweep,4.289473684210526,1,n=5000|of=0.05|om=5.0|trial=1,outlier_grid,5000,502066788,1649917309,1.5983515327881193,10.05179141412876,1.52269352523096,6.6312871170325165,uniform,uniform_exact,uniform,0,0,0
exp_threshold_sweep,4.289473684210526,2,n=5000|of=0.05|om=5.0|trial=2,outlier_grid,5000,502066789,1650917312,1.564054233622819,9.903368559014538,1.745266697188866,6.650165252156575,uniform,uniform_exact,uniform,0,0,0
exp_threshold_sweep,4.289473684210526,0,n=5000|of=0.05|om=10.0|trial=0,outlier_grid,5000,1207114493,376495619,3.0064614329892705,15.45576789854595,3.141936570809205,17.53530742917905,is,uniform_exact,uniform,1,0,1
exp_threshold_sweep,4.289473684210526,1,n=5000|of=0.05|om=10.0|trial=1,outlier_grid,5000,1207114494,377495622,2.975958669383625,15.516826552718598,3.576709519310947,25.712454320345017,is,uniform_exact,uniform,1,0,1
exp_threshold_sweep,4.289473684210526,2,n=5000|of=0.05|om=10.0|trial=2,outlier_grid,5000,1207114495,378495625,2.994754765488841,15.286751648815459,2.343792004199874,7.619795799551168,is,uniform_exact,uniform,1,0,1
exp_threshold_sweep,4.289473684210526,0,n=5000|of=0.1|om=2.0|trial=0,outlier_grid,5000,87788783,2062360652,0.6452892873409604,7.975916618900835,0.5789872783836386,2.334028216014451,uniform,uniform,uniform,0,0,0
exp_threshold_sweep,4.289473684210526,1,n=5000|of=0.1|om=2.0|trial=1,outlier_grid,5000,87788784,2063360655,0.6342794906340355,7.439749972949388,0.5746926378921846,2.880987158963551,uniform,uniform,uniform,0,0,0
exp_threshold_sweep,4.289473684210526,2,n=5000|of=0.1|om=2.0|trial=2,outlier_grid,5000,87788785,2064360658,0.6753511690743486,10.273263459798766,0.6878003348430847,4.514238904077298,uniform,uniform,uniform,0,0,0
exp_threshold_sweep,4.289473684210526,0,n=5000|of=0.1|om=5.0|trial=0,outlier_grid,5000,940314136,439914181,1.5642034237759075,7.461215325213151,1.52855475933094,7.2699950576051995,uniform,uniform_exact,uniform,0,0,0
exp_threshold_sweep,4.289473684210526,1,n=5000|of=0.1|om=5.0|trial=1,outlier_grid,5000,940314137,440914184,1.6069129255861263,7.627573339463385,1.6638325455138794,7.356163987551175,uniform,uniform_exact,uniform,0,0,0
exp_threshold_sweep,4.289473684210526,2,n=5000|of=0.1|om=5.0|trial=2,outlier_grid,5000,940314138,441914187,1.5835535573326203,7.463665704236842,1.5771037013106755,6.1865851246530985,uniform,uniform_exact,uniform,0,0,0
exp_threshold_sweep,4.289473684210526,0,n=5000|of=0.1|om=10.0|trial=0,outlier_grid,5000,1645361842,1314976141,2.4387528204411435,9.085143647908605,2.008811383028856,5.955887470991537,is,uniform_exact,uniform,0,0,1
exp_threshold_sweep,4.289473684210526,1,n=5000|of=0.1|om=10.0|trial=1,outlier_grid,5000,1645361843,1315976144,2.44827057345472,9.074192457210252,2.298162224269577,7.510514020634543,is,uniform_exact,uniform,1,0,1
exp_threshold_sweep,4.289473684210526,2,n=5000|of=0.1|om=10.0|trial=2,outlier_grid,5000,1645361844,1316976147,2.4335609917695766,9.037567396165114,2.449963201886353,8.923611273406298,is,uniform_exact,uniform,0,0,1
exp_threshold_sweep,4.289473684210526,0,n=5000|of=0.2|om=2.0|trial=0,outlier_grid,5000,964283481,1791838049,0.6519470284472162,8.754530513444111,0.4512587969832362,2.1858068465547427,uniform,uniform,uniform,0,0,0
exp_threshold_sweep,4.289473684210526,1,n=5000|of=0.2|om=2.0|trial=1,outlier_grid,5000,964283482,1792838052,0.6299048125270215,10.880578863376364,0.8856777078579299,4.939472886489988,uniform,uniform_exact,uniform,0,0,0
exp_threshold_sweep,4.289473684210526,2,n=5000|of=0.2|om=2.0|trial=2,outlier_grid,5000,964283483,1793838055,0.6870579308218044,13.544762416249597,0.5865633097910272,3.343376915542909,uniform,uniform,uniform,0,0,0
exp_threshold_sweep,4.289473684210526,0,n=5000|of=0.2|om=5.0|trial=0,outlier_grid,5000,1816808834,169391578,1.3838458656873216,5.062593836717688,1.368884366136187,4.2652605096955,uniform,uniform_exact,uniform,0,0,0
exp_threshold_sweep,4.289473684210526,1,n=5000|of=0.2|om=5.0|trial=1,outlier_grid,5000,1816808835,170391581,1.398083832516939,5.098880683600188,1.3318187558585248,3.986908883882676,uniform,uniform_exact,uniform,0,0,0
exp_threshold_sweep,4.289473684210526,2,n=5000|of=0.2|om=5.0|trial=2,outlier_grid,5000,1816808836,171391584,1.3909424378180453,5.143704401559593,1.3676224478250125,4.485762539483841,uniform,uniform_exact,uniform,0,0,0
exp_threshold_sweep,4.289473684210526,0,n=5000|of=0.2|om=10.0|trial=0,outlier_grid,5000,374372893,1044453538,1.7911999033758386,5.04722867967325,1.8713521102217787,5.21954327430846,is,uniform_exact,uniform,0,0,1
exp_threshold_sweep,4.289473684210526,1,n=5000|of=0.2|om=10.0|trial=1,outlier_grid,5000,374372894,1045453541,1.7925498435757545,5.031734118828527,1.6876005872715072,4.334929458283116,is,uniform_exact,uniform,0,0,1
exp_threshold_sweep,4.289473684210526,2,n=5000|of=0.2|om=10.0|trial=2,outlier_grid,5000,374372895,1046453544,1.799646793110485,5.033057676968276,2.067800267314587,5.929468695637047,is,uniform_exact,uniform,0,0,1
exp_threshold_sweep,4.526315789473684,0,n=1000|of=0.0|om=2.0|trial=0,outlier_grid,1000,1442263617,746596492,0.617599978331471,6.544485015745742,0.4715076014599176,2.8545063226016083,uniform,uniform_exact,uniform,0,0,0
exp_threshold_sweep,4.526315789473684,1,n=1000|of=0.0|om=2.0|trial=1,outlier_grid,1000,1442263618,747596495,0.7016203194983847,6.4257658382788225,0.6703547728602742,3.15189071970173,uniform,uniform_exact,uniform,0,0,0
exp_threshold_sweep,4.526315789473684,2,n=1000|of=0.0|om=2.0|trial=2,outlier_grid,1000,1442263619,748596498,0.633503586176026,5.578210996800821,0.4559542149515378,2.3925467909674167,uniform,uniform_exact,uniform,0,0,0
exp_threshold_sweep,4.526315789473684,0,n=1000|of=0.0|om=5.0|trial=0,outlier_grid,1000,147305323,1271633668,0.6607087487078306,6.077985671873188,0.7225470863576239,4.8543349033678345,uniform,uniform_exact,uniform,0,0,0
exp_threshold_sweep,4.526315789473684,1,n=1000|of=0.0|om=5.0|trial=1,outlier_grid,1000,147305324,1272633671,0.6504739835154975,5.5695015501111715,0.5268607428698877,3.2097270530688085,uniform,uniform_exact,uniform,0,0,0
exp_threshold_sweep,4.526315789473684,2,n=1000|of=0.0|om=5.0|trial=2,outlier_grid,1000,147305325,1273633674,0.6694892343956219,5.3838442549691585,0.5386202607177012,2.535398691492278,uniform,uniform_exact,uniform,0,0,0
exp_threshold_sweep,4.526315789473684,0,n=1000|of=0.0|om=10.0|trial=0,outlier_grid,1000,852353029,2146695628,0.6398166324088268,6.140337691272391,0.7292286411497487,4.579604655245771,uniform,uniform_exact,uniform,0,0,0
exp_threshold_sweep,4.526315789473684,1,n=1000|of=0.0|om=10.0|trial=1,outlier_grid,1000,852353030,211984,0.6645481406412764,5.726033896808133,0.4361190223688377,2.076743258481267,uniform,uniform_exact,uniform,0,0,0
exp_threshold_sweep,4.526315789473684,2,n=1000|of=0.0|om=10.0|trial=2,outlier_grid,1000,852353031,1211987,0.6625855174916219,6.889022080403152,0.6562660261716997,4.081163222232004,uniform,uniform_exact,uniform,0,0,0
exp_threshold_sweep,4.526315789473684,0,n=1000|of=0.01|om=2.0|trial=0,outlier_grid,1000,670919628,504795867,0.6194948810036581,4.431036671722072,0.6724834817444231,3.7373926731398557,uniform,uniform_exact,uniform,0,0,0
exp_threshold_sweep,4.526315789473684,1,n=1000|of=0.01|om=2.0|trial=1,outlier_grid,1000,670919629,505795870,0.6419604984348997,5.780451621515172,0.6736967599861818,3.966624741517974,uniform,uniform_exact,uniform,0,0,0
exp_threshold_sweep,4.526315789473684,2,n=1000|of=0.01|om=2.0|trial=2,outlier_grid,1000,670919630,506795873,0.6478534945181104,7.295799872829969,0.4619261038323297,2.310652129742202,uniform,uniform_exact,uniform,0,0,0
exp_threshold_sweep,4.526315789473684,0,n=1000|of=0.01|om=5.0|trial=0,outlier_grid,1000,1523444981,1029833043,0.9275708025452007,9.067911114745035,1.04188848193151,5.265242683425544,uniform,uniform_exact,uniform,0,0,0
exp_threshold_sweep,4.526315789473684,1,n=1000|of=0.01|om=5.0|trial=1,outlier_grid,1000,1523444982,1030833046,0.8826442516694574,9.20078801072338,0.7461093478650707,4.360176109623446,uniform,uniform_exact,uniform,0,0,0
exp_threshold_sweep,4.526315789473684,2,n=1000|of=0.01|om=5.0|trial=2,outlier_grid,1000,1523444983,1031833049,0.8944373892679047,9.492564196854993,1.121994944623196,8.407534785459953,uniform,uniform_exact,uniform,0,0,0
exp_threshold_sweep,4.526315789473684,0,n=1000|of=0.01|om=10.0|trial=0,outlier_grid,1000,81009040,1904895003,2.1600848596659037,23.591190740265375,2.625818567918429,18.923269547600412,uniform,uniform_exact,uniform,0,0,0
exp_threshold_sweep,4.526315789473684,1,n=1000|of=0.01|om=10.0|trial=1,outlier_grid,1000,81009041,1905895006,2.186629044024305,23.67565527185168,0.6805470525280081,3.635138930267002,uniform,uniform_exact,uniform,0,0,0
exp_threshold_sweep,4.526315789473684,2,n=1000|of=0.01|om=10.0|trial=2,outlier_grid,1000,81009042,1906895009,2.202788337834508,23.474969597415352,0.676034929380024,3.303945295890981,uniform,uniform_exact,uniform,1,0,0
exp_threshold_sweep,4.526315789473684,0,n=1000|of=0.02|om=2.0|trial=0,outlier_grid,1000,2047059286,262995242,0.668926440883736,6.047119721303887,0.6493047941255627,3.787671502103767,uniform,uniform_exact,uniform,0,0,0
exp_threshold_sweep,4.526315789473684,1,n=1000|of=0.02|om=2.0|trial=1,outlier_grid,1000,2047059287,263995245,0.6096939094021688,4.754850690421404,0.5865191807210727,3.971783709429836,uniform,uniform_exact,uniform,0,0,0
exp_threshold_sweep,4.526315789473684,2,n=1000|of=0.02|om=2.0|trial=2,outlier_grid,1000,2047059288,264995248,0.619980694353103,5.711189635441723,0.6047030711556198,3.1331429924527674,uniform,uniform_exact,uniform,0,0,0
exp_threshold_sweep,4.526315789473684,0,n=1000|of=0.02|om=5.0|trial=0,outlier_grid,1000,752100992,788032418,1.0363964890753734,8.83629684462703,1.1783950648499855,6.617635295900571,uniform,uniform_exact,uniform,0,0,0
exp_threshold_sweep,4.526315789473684,1,n=1000|of=0.02|om=5.0|trial=1,outlier_grid,1000,752100993,789032421,1.0808453099122093,9.327938871539764,1.4575193014041545,8.20513328459272,uniform,uniform_exact,uniform,0,0,0
exp_threshold_sweep,4.526315789473684,2,n=1000|of=0.02|om=5.0|trial=2,outlier_grid,1000,752100994,790032424,1.0555990939448983,9.079803243418585,0.6514565187008,3.23893976299796,uniform,uniform_exact,uniform,0,0,0
exp_threshold_sweep,4.526315789473684,0,n=1000|of=0.02|om=10.0|trial=0,outlier_grid,1000,1457148698,1663094378,2.4223349633420703,19.324723385669508,2.543879448646896,14.555148568582,uniform,uniform_exact,uniform,1,0,0
exp_threshold_sweep,4.526315789473684,1,n=1000|of=0.02|om=10.0|trial=1,outlier_grid,1000,1457148699,1664094381,2.4594205603819232,19.349043540692758,0.5549176916060355,2.7308094520868664,uniform,uniform_exact,uniform,1,0,0
exp_threshold_sweep,4.526315789473684,2,n=1000|of=0.02|om=10.0|trial=2,outlier_grid,1000,1457148700,1665094384,2.441556227376376,19.145175988469532,2.6033910504895417,13.826895941334557,uniform,uniform_exact,uniform,1,0,0
exp_threshold_sweep,4.526315789473684,0,n=1000|of=0.05|om=2.0|trial=0,outlier_grid,1000,1880510966,1685077014,0.6787566315775071,6.9795351614658365,0.6664538066413591,3.6706220546734603,uniform,uniform_exact,uniform,0,0,0
exp_threshold_sweep,4.526315789473684,1,n=1000|of=0.05|om=2.0|trial=1,outlier_grid,1000,1880510967,1686077017,0.6273247767797993,5.416408240314115,0.6169173569943552,3.1838185680386797,uniform,uniform_exact,uniform,0,0,0
exp_threshold_sweep,4.526315789473684,2,n=1000|of=0.05|om=2.0|trial=2,outlier_grid,1000,1880510968,1687077020,0.6436184853347732,6.685255422490038,0.48932973457520706,2.3674908048984715,uniform,uniform_exact,uniform,0,0,0
exp_threshold_sweep,4.526315789473684,0,n=1000|of=0.05|om=5.0|trial=0,outlier_grid,1000,585552672,62630543,1.322654341020879,7.809373922547658,0.9127897782491855,6.290307524433684,uniform,uniform_exact,uniform,0,0,0
exp_threshold_sweep,4.526315789473684,1,n=1000|of=0.05|om=5.0|trial=1,outlier_grid,1000,585552673,63630546,1.2985808873964355,8.313744404611858,1.0147704306432002,7.452613979946709,uniform,uniform_exact,uniform,0,0,0
exp_threshold_sweep,4.526315789473684,2,n=1000|of=0.05|om=5.0|trial=2,outlier_grid,1000,585552674,64630549,1.208561744925839,7.712949719548932,0.9818878726495022,6.468972342373423,uniform,uniform_exact,uniform,0,0,0
exp_threshold_sweep,4.526315789473684,0,n=1000|of=0.05|om=10.0|trial=0,outlier_grid,1000,1290600378,937692503,2.507398434602011,12.789785607408268,2.0984891857793757,7.616494031939503,uniform,uniform_exact,uniform,1,0,0
exp_threshold_sweep,4.526315789473684,1,n=1000|of=0.05|om=10.0|trial=1,outlier_grid,1000,1290600379,938692506,2.520669114923294,12.78671987327333,2.516067918115152,13.202290590009886,uniform,uniform_exact,uniform,1,0,0
exp_threshold_sweep,4.526315789473684,2,n=1000|of=0.05|om=10.0|trial=2,outlier_grid,1000,1290600380,939692509,2.49068495781207,12.596211278828237,2.620422438419386,19.034441012267497,uniform,uniform_exact,uniform,1,0,0
exp_threshold_sweep,4.526315789473684,0,n=1000|of=0.1|om=2.0|trial=0,outlier_grid,1000,171274668,476073889,0.6524098435515786,7.086241475883487,0.8515924526347729,4.0333799290615,uniform,uniform_exact,uniform,0,0,0
exp_threshold_sweep,4.526315789473684,1,n=1000|of=0.1|om=2.0|trial=1,outlier_grid,1000,171274669,477073892,0.581167313005821,6.085439413528287,0.5061184827337345,2.341892163410281,uniform,uniform_exact,uniform,0,0,0
exp_threshold_sweep,4.526315789473684,2,n=1000|of=0.1|om=2.0|trial=2,outlier_grid,1000,171274670,478073895,0.6984683097008569,7.200833170425255,0.46397825589661745,2.256240975527569,uniform,uniform_exact,uniform,0,0,0
exp_threshold_sweep,4.526315789473684,0,n=1000|of=0.1|om=5.0|trial=0,outlier_grid,1000,1023800021,1001111065,1.3537758517722411,6.291632634044208,1.5237793965038178,4.966956302667802,uniform,uniform_exact,uniform,0,0,0
exp_threshold_sweep,4.526315789473684,1,n=1000|of=0.1|om=5.0|trial=1,outlier_grid,1000,1023800022,1002111068,1.367532997551312,6.235878482522877,1.3409579228196638,7.043145367064844,uniform,uniform_exact,uniform,0,0,0
exp_threshold_sweep,4.526315789473684,2,n=1000|of=0.1|om=5.0|trial=2,outlier_grid,1000,1023800023,1003111071,1.3274574831627268,6.042607423381932,1.3385878599562793,4.536932179498202,uniform,uniform_exact,uniform,0,0,0
exp_threshold_sweep,4.526315789473684,0,n=1000|of=0.1|om=10.0|trial=0,outlier_grid,1000,1728847727,1876173025,2.1745485439283283,8.206958182334139,2.28182768208295,9.293892824006898,uniform,uniform_exact,uniform,0,0,0
exp_threshold_sweep,4.526315789473684,1,n=1000|of=0.1|om=10.0|trial=1,outlier_grid,1000,1728847728,1877173028,2.2071501455785794,8.244504029581895,2.2692533085940214,9.043350701181037,uniform,uniform_exact,uniform,1,0,0
exp_threshold_sweep,4.526315789473684,2,n=1000|of=0.1|om=10.0|trial=2,outlier_grid,1000,1728847729,1878173031,2.2131805137021714,8.13937339152958,2.1922035412606866,8.170832779916449,uniform,uniform_exact,uniform,1,0,0
exp_threshold_sweep,4.526315789473684,0,n=1000|of=0.2|om=2.0|trial=0,outlier_grid,1000,1047769366,205551286,0.596226390605092,7.59566327931635,0.4674681904149042,2.637767740685093,uniform,uniform_exact,uniform,0,0,0
exp_threshold_sweep,4.526315789473684,1,n=1000|of=0.2|om=2.0|trial=1,outlier_grid,1000,1047769367,206551289,0.5707637716995058,4.76013034379612,0.6306846572837977,3.357177405695444,uniform,uniform_exact,uniform,0,0,0
exp_threshold_sweep,4.526315789473684,2,n=1000|of=0.2|om=2.0|trial=2,outlier_grid,1000,1047769368,207551292,0.6082008942884182,5.59710910895369,0.5547806960243842,3.55640763651482,uniform,uniform_exact,uniform,0,0,0
exp_threshold_sweep,4.526315789473684,0,n=1000|of=0.2|om=5.0|trial=0,outlier_grid,1000,1900294719,730588462,1.2128763710131376,4.437108297044463,1.2876063726138096,4.337899432720324,uniform,uniform_exact,uniform,0,0,0
exp_threshold_sweep,4.526315789473684,1,n=1000|of=0.2|om=5.0|trial=1,outlier_grid,1000,1900294720,731588465,1.222022170293529,4.453870144522961,1.1293369156754058,4.4199215417950235,uniform,uniform_exact,uniform,0,0,0
exp_threshold_sweep,4.526315789473684,2,n=1000|of=0.2|om=5.0|trial=2,outlier_grid,1000,1900294721,732588468,1.2283430251331136,4.34226493758284,1.3408769436264438,5.569686232490244,uniform,uniform_exact,uniform,0,0,0
exp_threshold_sweep,4.526315789473684,0,n=1000|of=0.2|om=10.0|trial=0,outlier_grid,1000,457858778,1605650422,1.6822322474532947,4.785774324099834,1.394855890665164,3.3769874987510584,uniform,uniform_exact,uniform,0,0,0
exp_threshold_sweep,4.526315789473684,1,n=1000|of=0.2|om=10.0|trial=1,outlier_grid,1000,457858779,1606650425,1.6828609678688584,4.797205593998007,1.865909355877112,5.47364771507109,uniform,uniform_exact,uniform,0,0,0
exp_threshold_sweep,4.526315789473684,2,n=1000|of=0.2|om=10.0|trial=2,outlier_grid,1000,457858780,1607650428,1.6824444119691087,4.694431122747657,1.6444330461183734,4.2437664799145125,uniform,uniform_exact,uniform,0,0,0
exp_threshold_sweep,4.526315789473684,0,n=2000|of=0.0|om=2.0|trial=0,outlier_grid,2000,884521234,1143168183,0.6437859806065077,7.26494190000632,0.5502111299071182,2.792013531577286,uniform,uniform_exact,uniform,0,0,0
exp_threshold_sweep,4.526315789473684,1,n=2000|of=0.0|om=2.0|trial=1,outlier_grid,2000,884521235,1144168186,0.6783226328241753,6.987718128416362,0.771294887283399,4.421018821577705,uniform,uniform_exact,uniform,0,0,0
exp_threshold_sweep,4.526315789473684,2,n=2000|of=0.0|om=2.0|trial=2,outlier_grid,2000,884521236,1145168189,0.7008485258315146,10.87323753149392,0.9893698394464985,6.4262211011742565,uniform,uniform_exact,uniform,0,0,0
exp_threshold_sweep,4.526315789473684,0,n=2000|of=0.0|om=5.0|trial=0,outlier_grid,2000,1737046587,1668205359,0.6647636523552978,9.371015606248461,0.5175081925902268,2.888460661814449,uniform,uniform_exact,uniform,0,0,0
exp_threshold_sweep,4.526315789473684,1,n=2000|of=0.0|om=5.0|trial=1,outlier_grid,2000,1737046588,1669205362,0.6503303945228937,7.618833107152736,0.5605964856565615,2.8504930230156567,uniform,uniform_exact,uniform,0,0,0
exp_threshold_sweep,4.526315789473684,2,n=2000|of=0.0|om=5.0|trial=2,outlier_grid,2000,1737046589,1670205365,0.7116392058914187,10.837519913683188,0.5177555897487036,2.651331421519094,uniform,uniform_exact,uniform,0,0,0
exp_threshold_sweep,4.526315789473684,0,n=2000|of=0.0|om=10.0|trial=0,outlier_grid,2000,294610646,395783672,0.6984542271619008,9.191213698217632,0.6228999902930737,3.3172446399134294,uniform,uniform_exact,uniform,0,0,0
exp_threshold_sweep,4.526315789473684,1,n=2000|of=0.0|om=10.0|trial=1,outlier_grid,2000,294610647,396783675,0.6531760108020092,9.05950966881119,0.6550026621172746,3.8387909174213024,uniform,uniform_exact,uniform,0,0,0
exp_threshold_sweep,4.526315789473684,2,n=2000|of=0.0|om=10.0|trial=2,outlier_grid,2000,294610648,397783678,0.6722700999610615,5.917746054892996,0.8904318113925773,5.474568996092229,uniform,uniform_exact,uniform,0,0,0
exp_threshold_sweep,4.526315789473684,0,n=2000|of=0.01|om=2.0|trial=0,outlier_grid,2000,113177245,901367558,0.7041455345419971,8.158001271669198,0.6471356989682927,4.092396476321727,uniform,uniform_exact,uniform,0,0,0
exp_threshold_sweep,4.526315789473684,1,n=2000|of=0.01|om=2.0|trial=1,outlier_grid,2000,113177246,902367561,0.6776575995706522,7.229319530734069,0.49926554808066526,2.471623914418759,uniform,uniform_exact,uniform,0,0,0
exp_threshold_sweep,4.526315789473684,2,n=2000|of=0.01|om=2.0|trial=2,outlier_grid,2000,113177247,903367564,0.6623640231431586,9.28680597708695,0.6336209759028086,3.7253154379471205,uniform,uniform_exact,uniform,0,0,0
exp_threshold_sweep,4.526315789473684,0,n=2000|of=0.01|om=5.0|trial=0,outlier_grid,2000,965702598,1426404734,0.9816612409123018,11.124163624423396,0.6919388138465574,4.375936108099724,uniform,uniform_exact,uniform,0,0,0
exp_threshold_sweep,4.526315789473684,1,n=2000|of=0.01|om=5.0|trial=1,outlier_grid,2000,965702599,1427404737,1.019893147231907,10.771710935140439,1.078046162661935,6.178585117683615,uniform,uniform_exact,uniform,0,0,0
exp_threshold_sweep,4.526315789473684,2,n=2000|of=0.01|om=5.0|trial=2,outlier_grid,2000,965702600,1428404740,1.0038984191058524,11.152323945467518,1.2312002207459203,8.321128725807664,uniform,uniform_exact,uniform,0,0,0
exp_threshold_sweep,4.526315789473684,0,n=2000|of=0.01|om=10.0|trial=0,outlier_grid,2000,1670750304,153983047,2.485939595674491,27.10730987984548,0.7250530033249203,4.231634591866261,uniform,uniform_exact,uniform,1,0,0
exp_threshold_sweep,4.526315789473684,1,n=2000|of=0.01|om=10.0|trial=1,outlier_grid,2000,1670750305,154983050,2.4574092914423638,26.830979453268434,3.10555235392278,22.442262880091167,uniform,uniform_exact,uniform,1,0,0
exp_threshold_sweep,4.526315789473684,2,n=2000|of=0.01|om=10.0|trial=2,outlier_grid,2000,1670750306,155983053,2.4875934157876274,27.001639859771334,0.6576595655922739,3.6141906004359345,uniform,uniform_exact,uniform,1,0,0
exp_threshold_sweep,4.526315789473684,0,n=2000|of=0.02|om=2.0|trial=0,outlier_grid,2000,1489316903,659566933,0.6522247884106012,6.7974888408872705,0.569574366211337,3.817541660485872,uniform,uniform_exact,uniform,0,0,0
exp_threshold_sweep,4.526315789473684,1,n=2000|of=0.02|om=2.0|trial=1,outlier_grid,2000,1489316904,660566936,0.708592555862065,7.3196862152942685,0.6638129731456488,3.399246496189935,uniform,uniform_exact,uniform,0,0,0
exp_threshold_sweep,4.526315789473684,2,n=2000|of=0.02|om=2.0|trial=2,outlier_grid,2000,1489316905,661566939,0.6266465193598646,6.766098028970186,0.58409399031271,3.1200093474478807,uniform,uniform_exact,uniform,0,0,0
exp_threshold_sweep,4.526315789473684,0,n=2000|of=0.02|om=5.0|trial=0,outlier_grid,2000,194358609,1184604109,1.187664640127493,10.482197021947206,0.5080997907925212,2.5129814791987855,uniform,uniform_exact,uniform,0,0,0
exp_threshold_sweep,4.526315789473684,1,n=2000|of=0.02|om=5.0|trial=1,outlier_grid,2000,194358610,1185604112,1.169122399391696,10.541280528053289,0.5966893406873562,3.1217200079432956,uniform,uniform_exact,uniform,0,0,0
exp_threshold_sweep,4.526315789473684,2,n=2000|of=0.02|om=5.0|trial=2,outlier_grid,2000,194358611,1186604115,1.2297958209577402,10.40504305776103,0.7355634531927141,4.015619579644335,uniform,uniform_exact,uniform,0,0,0
exp_threshold_sweep,4.526315789473684,0,n=2000|of=0.02|om=10.0|trial=0,outlier_grid,2000,899406315,2059666069,2.869439534666998,22.1660269939405,0.7812290974979472,4.11749376639629,uniform,uniform_exact,uniform,1,0,0
exp_threshold_sweep,4.526315789473684,1,n=2000|of=0.02|om=10.0|trial=1,outlier_grid,2000,899406316,2060666072,2.804968516663726,22.06499967036417,0.5472997886668689,3.831507224518336,uniform,uniform_exact,uniform,1,0,0
exp_threshold_sweep,4.526315789473684,2,n=2000|of=0.02|om=10.0|trial=2,outlier_grid,2000,899406317,2061666075,2.735942484849644,21.257719756855096,0.6461113906212425,2.9178391077746184,uniform,uniform_exact,uniform,1,0,0
exp_threshold_sweep,4.526315789473684,0,n=2000|of=0.05|om=2.0|trial=0,outlier_grid,2000,1322768583,2081648705,0.65141260441657,7.2644391200920655,0.6446385888896626,4.465377369950361,uniform,uniform_exact,uniform,0,0,0
exp_threshold_sweep,4.526315789473684,1,n=2000|of=0.05|om=2.0|trial=1,outlier_grid,2000,1322768584,2082648708,0.6410291195607866,6.374989174742897,0.45526637610764537,2.7023556068280032,uniform,uniform_exact,uniform,0,0,0
exp_threshold_sweep,4.526315789473684,2,n=2000|of=0.05|om=2.0|trial=2,outlier_grid,2000,1322768585,2083648711,0.6227487686611384,6.430958934057433,0.5019736355698017,3.03157418491018,uniform,uniform_exact,uniform,0,0,0
exp_threshold_sweep,4.526315789473684,0,n=2000|of=0.05|om=5.0|trial=0,outlier_grid,2000,27810289,459202234,1.358269331673104,8.966713358539577,0.7865766638189932,4.287440039912502,uniform,uniform_exact,uniform,0,0,0
exp_threshold_sweep,4.526315789473684,1,n=2000|of=0.05|om=5.0|trial=1,outlier_grid,2000,27810290,460202237,1.3763076923974027,8.285852764690443,1.4913116874723307,6.280610923403272,uniform,uniform_exact,uniform,0,0,0
exp_threshold_sweep,4.526315789473684,2,n=2000|of=0.05|om=5.0|trial=2,outlier_grid,2000,27810291,461202240,1.4611702597146317,9.106720084066147,1.5950622247427548,8.747893060349758,uniform,uniform_exact,uniform,0,0,0
exp_threshold_sweep,4.526315789473684,0,n=2000|of=0.05|om=10.0|trial=0,outlier_grid,2000,732857995,1334264194,2.7142794007709448,13.745211635687745,0.5234192712248062,2.3420414238091443,uniform,uniform_exact,uniform,1,0,0
exp_threshold_sweep,4.526315789473684,1,n=2000|of=0.05|om=10.0|trial=1,outlier_grid,2000,732857996,1335264197,2.726308523162901,13.889554001701725,2.5108081066766887,10.119698468944218,uniform,uniform_exact,uniform,1,0,0
exp_threshold_sweep,4.526315789473684,2,n=2000|of=0.05|om=10.0|trial=2,outlier_grid,2000,732857997,1336264200,2.7326270401993864,13.72668609604081,2.7367621226167187,14.47301793731605,uniform,uniform_exact,uniform,1,0,0
exp_threshold_sweep,4.526315789473684,0,n=2000|of=0.1|om=2.0|trial=0,outlier_grid,2000,1761015932,872645580,0.5866904178552818,6.882127609815075,0.5457663382199931,2.621147750276332,uniform,uniform_exact,uniform,0,0,0
exp_threshold_sweep,4.526315789473684,1,n=2000|of=0.1|om=2.0|trial=1,outlier_grid,2000,1761015933,873645583,0.6805166058317258,7.844182030189697,0.5793252267351565,3.1675094055760633,uniform,uniform_exact,uniform,0,0,0
exp_threshold_sweep,4.526315789473684,2,n=2000|of=0.1|om=2.0|trial=2,outlier_grid,2000,1761015934,874645586,0.6075248895724128,8.488601778181627,0.6006690568585477,3.9619363014376283,uniform,uniform_exact,uniform,0,0,0
exp_threshold_sweep,4.526315789473684,0,n=2000|of=0.1|om=5.0|trial=0,outlier_grid,2000,466057638,1397682756,1.4612428196080953,6.753627793666996,1.2691256086216844,4.7052841167469355,uniform,uniform_exact,uniform,0,0,0
exp_threshold_sweep,4.526315789473684,1,n=2000|of=0.1|om=5.0|trial=1,outlier_grid,2000,466057639,1398682759,1.4764441467779024,6.956174126191189,1.6136494199295686,7.286852448509837,uniform,uniform_exact,uniform,0,0,0
exp_threshold_sweep,4.526315789473684,2,n=2000|of=0.1|om=5.0|trial=2,outlier_grid,2000,466057640,1399682762,1.4190922443740461,6.741387981806074,1.4608260786837366,5.592656924467608,uniform,uniform_exact,uniform,0,0,0
exp_threshold_sweep,4.526315789473684,0,n=2000|of=0.1|om=10.0|trial=0,outlier_grid,2000,1171105344,125261069,2.301445779003562,8.777361115865295,2.5777933014250687,10.31522141590754,uniform,uniform_exact,uniform,0,0,0
exp_threshold_sweep,4.526315789473684,1,n=2000|of=0.1|om=10.0|trial=1,outlier_grid,2000,1171105345,126261072,2.3152827988189686,8.658788130102245,2.743687148747815,19.8330865916085,uniform,uniform_exact,uniform,1,0,0
exp_threshold_sweep,4.526315789473684,2,n=2000|of=0.1|om=10.0|trial=2,outlier_grid,2000,1171105346,127261075,2.30933321640677,8.687845653682372,2.0909284792751013,6.457725359242375,uniform,uniform_exact,uniform,1,0,0
exp_threshold_sweep,4.526315789473684,0,n=2000|of=0.2|om=2.0|trial=0,outlier_grid,2000,490026983,602122977,0.5915941849529013,6.747218403782818,0.3983950724828737,1.9319191619768847,uniform,uniform,uniform,0,0,0
exp_threshold_sweep,4.526315789473684,1,n=2000|of=0.2|om=2.0|trial=1,outlier_grid,2000,490026984,603122980,0.5845956482433441,7.133862103294786,0.6132621530918633,4.119039105193237,uniform,uniform_exact,uniform,0,0,0
exp_threshold_sweep,4.526315789473684,2,n=2000|of=0.2|om=2.0|trial=2,outlier_grid,2000,490026985,604122983,0.6364016724628121,6.162099158324124,0.42825042187700607,2.4118754153711066,uniform,uniform,uniform,0,0,0
exp_threshold_sweep,4.526315789473684,0,n=2000|of=0.2|om=5.0|trial=0,outlier_grid,2000,1342552336,1127160153,1.2983740571519216,4.789065542177101,1.2026847780713699,3.7951302287541537,uniform,uniform_exact,uniform,0,0,0
exp_threshold_sweep,4.526315789473684,1,n=2000|of=0.2|om=5.0|trial=1,outlier_grid,2000,1342552337,1128160156,1.3147579288921611,4.448881049791875,1.2920967692262932,4.325574026096861,uniform,uniform_exact,uniform,0,0,0
exp_threshold_sweep,4.526315789473684,2,n=2000|of=0.2|om=5.0|trial=2,outlier_grid,2000,1342552338,1129160159,1.3083480127020897,4.637299734571176,1.19791984421347,3.6046588848998056,uniform,uniform_exact,uniform,0,0,0
exp_threshold_sweep,4.526315789473684,0,n=2000|of=0.2|om=10.0|trial=0,outlier_grid,2000,2047600042,2002222113,1.7372109637686688,4.909762302581473,1.7621789982319171,4.631817903243524,uniform,uniform_exact,uniform,0,0,0
exp_threshold_sweep,4.526315789473684,1,n=2000|of=0.2|om=10.0|trial=1,outlier_grid,2000,2047600043,2003222116,1.7421178180833923,4.869082529210165,1.7879181063621576,4.902534230598906,uniform,uniform_exact,uniform,0,0,0
exp_threshold_sweep,4.526315789473684,2,n=2000|of=0.2|om=10.0|trial=2,outlier_grid,2000,2047600044,2004222119,1.7399890427199698,4.970317505328127,1.9045464478559617,5.290700732944726,uniform,uniform_exact,uniform,0,0,0
exp_threshold_sweep,4.526315789473684,0,n=5000|of=0.0|om=2.0|trial=0,outlier_grid,5000,1358777732,185399609,0.7224807944290408,9.893139619301449,0.7167300921417868,4.308918882561101,uniform,uniform_exact,uniform,0,0,0
exp_threshold_sweep,4.526315789473684,1,n=5000|of=0.0|om=2.0|trial=1,outlier_grid,5000,1358777733,186399612,0.6783674416504732,9.248645932905605,0.6107237863328028,3.428793506380521,uniform,uniform,uniform,0,0,0
exp_threshold_sweep,4.526315789473684,2,n=5000|of=0.0|om=2.0|trial=2,outlier_grid,5000,1358777734,187399615,0.6974014263102107,8.500077009248255,0.8546133466775059,4.50201082305705,uniform,uniform_exact,uniform,0,0,0
exp_threshold_sweep,4.526315789473684,0,n=5000|of=0.0|om=5.0|trial=0,outlier_grid,5000,63819438,710436785,0.6966704990056833,11.78855723114979,0.6256250801842637,3.5927763283559244,uniform,uniform,uniform,0,0,0
exp_threshold_sweep,4.526315789473684,1,n=5000|of=0.0|om=5.0|trial=1,outlier_grid,5000,63819439,711436788,0.7020645774986704,10.493395057863204,0.5461390381128995,2.7592007451889704,uniform,uniform,uniform,0,0,0
exp_threshold_sweep,4.526315789473684,2,n=5000|of=0.0|om=5.0|trial=2,outlier_grid,5000,63819440,712436791,0.6964872202949357,12.14043386833435,0.659118314044667,3.1518599979365116,uniform,uniform,uniform,0,0,0
exp_threshold_sweep,4.526315789473684,0,n=5000|of=0.0|om=10.0|trial=0,outlier_grid,5000,768867144,1585498745,0.6923142098960464,10.791047985600459,0.388768777385291,1.9725686115703907,uniform,uniform,uniform,0,0,0
exp_threshold_sweep,4.526315789473684,1,n=5000|of=0.0|om=10.0|trial=1,outlier_grid,5000,768867145,1586498748,0.6749404683005831,10.377327086148796,0.612698457008227,3.3545550611022934,uniform,uniform,uniform,0,0,0
exp_threshold_sweep,4.526315789473684,2,n=5000|of=0.0|om=10.0|trial=2,outlier_grid,5000,768867146,1587498751,0.7043250568842707,9.485986571983513,0.5470594995999569,2.793167520225073,uniform,uniform,uniform,0,0,0
exp_threshold_sweep,4.526315789473684,0,n=5000|of=0.01|om=2.0|trial=0,outlier_grid,5000,587433743,2091082631,0.7278048746693839,12.570758348270179,0.6883186647898288,3.296699316011193,uniform,uniform,uniform,0,0,0
exp_threshold_sweep,4.526315789473684,1,n=5000|of=0.01|om=2.0|trial=1,outlier_grid,5000,587433744,2092082634,0.6959390046794844,8.19052749199074,0.5325087788804511,3.3505152273674947,uniform,uniform,uniform,0,0,0
exp_threshold_sweep,4.526315789473684,2,n=5000|of=0.01|om=2.0|trial=2,outlier_grid,5000,587433745,2093082637,0.7275752487361427,11.991683623295147,0.6179337832324237,3.9891000376683796,uniform,uniform,uniform,0,0,0
exp_threshold_sweep,4.526315789473684,0,n=5000|of=0.01|om=5.0|trial=0,outlier_grid,5000,1439959096,468636160,1.1514945012448503,13.921170970329356,0.5566141523888493,3.4235881212720174,uniform,uniform,uniform,0,0,0
exp_threshold_sweep,4.526315789473684,1,n=5000|of=0.01|om=5.0|trial=1,outlier_grid,5000,1439959097,469636163,1.1000620070210954,13.282787825099584,1.2619382031994544,9.017190615276956,uniform,uniform_exact,uniform,0,0,0
exp_threshold_sweep,4.526315789473684,2,n=5000|of=0.01|om=5.0|trial=2,outlier_grid,5000,1439959098,470636166,1.169644960173019,14.047324928197764,0.5864314483609049,3.0380447037798732,uniform,uniform,uniform,0,0,0
exp_threshold_sweep,4.526315789473684,0,n=5000|of=0.01|om=10.0|trial=0,outlier_grid,5000,2145006802,1343698120,3.012040993380712,33.184170841399485,0.6073795534713543,2.9333741265541007,is,uniform,uniform,1,0,1
exp_threshold_sweep,4.526315789473684,1,n=5000|of=0.01|om=10.0|trial=1,outlier_grid,5000,2145006803,1344698123,3.05512119238724,33.62125804296652,0.48205007095531743,3.080781701961686,is,uniform,uniform,1,0,1
exp_threshold_sweep,4.526315789473684,2,n=5000|of=0.01|om=10.0|trial=2,outlier_grid,5000,2145006804,1345698126,3.0106207049135034,32.90968384374054,0.7543482465363833,3.6403444281535142,is,uniform_exact,uniform,1,0,1
exp_threshold_sweep,4.526315789473684,0,n=5000|of=0.02|om=2.0|trial=0,outlier_grid,5000,1963573401,1849282006,0.6966747062003946,7.519776239119451,0.7012691200493585,4.5251455778422285,uniform,uniform,uniform,0,0,0
exp_threshold_sweep,4.526315789473684,1,n=5000|of=0.02|om=2.0|trial=1,outlier_grid,5000,1963573402,1850282009,0.7118330565326979,11.001515450812754,0.5209913010139602,2.7205108435894414,uniform,uniform,uniform,0,0,0
exp_threshold_sweep,4.526315789473684,2,n=5000|of=0.02|om=2.0|trial=2,outlier_grid,5000,1963573403,1851282012,0.65806351816426,9.25657713996702,0.5218285667543958,2.330371839905941,uniform,uniform,uniform,0,0,0
exp_threshold_sweep,4.526315789473684,0,n=5000|of=0.02|om=5.0|trial=0,outlier_grid,5000,668615107,226835535,1.324498034040619,12.321985384365552,0.7935989105697084,4.8035702220426,uniform,uniform_exact,uniform,0,0,0
exp_threshold_sweep,4.526315789473684,1,n=5000|of=0.02|om=5.0|trial=1,outlier_grid,5000,668615108,227835538,1.3258723349377788,12.187571001132723,0.9927228106355702,5.701212259803874,uniform,uniform_exact,uniform,0,0,0
exp_threshold_sweep,4.526315789473684,2,n=5000|of=0.02|om=5.0|trial=2,outlier_grid,5000,668615109,228835541,1.3582145587406718,12.411829353085658,0.5359473664751362,2.4897116569461524,uniform,uniform,uniform,0,0,0
exp_threshold_sweep,4.526315789473684,0,n=5000|of=0.02|om=10.0|trial=0,outlier_grid,5000,1373662813,1101897495,3.273305510801266,25.581420388004364,0.5236836642612974,2.424818561010013,is,uniform,uniform,1,0,1
exp_threshold_sweep,4.526315789473684,1,n=5000|of=0.02|om=10.0|trial=1,outlier_grid,5000,1373662814,1102897498,3.270192893939796,25.42383972037984,3.4212060560349684,24.553633428357443,is,uniform_exact,uniform,1,0,1
exp_threshold_sweep,4.526315789473684,2,n=5000|of=0.02|om=10.0|trial=2,outlier_grid,5000,1373662815,1103897501,3.2584141459449203,25.386482551776233,3.4619842881637997,24.912444943027385,is,uniform_exact,uniform,1,0,1
exp_threshold_sweep,4.526315789473684,0,n=5000|of=0.05|om=2.0|trial=0,outlier_grid,5000,1797025081,1123880131,0.6808824421638225,9.063293680601529,0.41548678178645077,2.1702869578619928,uniform,uniform,uniform,0,0,0
exp_threshold_sweep,4.526315789473684,1,n=5000|of=0.05|om=2.0|trial=1,outlier_grid,5000,1797025082,1124880134,0.6814735797847691,8.168079323694936,0.6627742844378989,4.0309955078715625,uniform,uniform,uniform,0,0,0
exp_threshold_sweep,4.526315789473684,2,n=5000|of=0.05|om=2.0|trial=2,outlier_grid,5000,1797025083,1125880137,0.6730762768779296,7.51328610662532,0.4966608433139925,2.9152231048392365,uniform,uniform,uniform,0,0,0
exp_threshold_sweep,4.526315789473684,0,n=5000|of=0.05|om=5.0|trial=0,outlier_grid,5000,502066787,1648917307,1.5610511723927194,9.482297366454727,1.6700457497400902,9.864724007974543,uniform,uniform_exact,uniform,0,0,0
exp_threshold_sweep,4.526315789473684,1,n=5000|of=0.05|om=5.0|trial=1,outlier_grid,5000,502066788,1649917310,1.5983515327881193,10.05179141412876,1.1736089484623713,8.555640925988891,uniform,uniform_exact,uniform,0,0,0
exp_threshold_sweep,4.526315789473684,2,n=5000|of=0.05|om=5.0|trial=2,outlier_grid,5000,502066789,1650917313,1.564054233622819,9.903368559014538,1.6613882741457415,8.661994726237513,uniform,uniform_exact,uniform,0,0,0
exp_threshold_sweep,4.526315789473684,0,n=5000|of=0.05|om=10.0|trial=0,outlier_grid,5000,1207114493,376495620,3.0064614329892705,15.45576789854595,3.134928957384469,16.306304033887955,is,uniform_exact,uniform,1,0,1
exp_threshold_sweep,4.526315789473684,1,n=5000|of=0.05|om=10.0|trial=1,outlier_grid,5000,1207114494,377495623,2.975958669383625,15.516826552718598,3.4893844884667184,25.092685723693396,is,uniform_exact,uniform,1,0,1
exp_threshold_sweep,4.526315789473684,2,n=5000|of=0.05|om=10.0|trial=2,outlier_grid,5000,1207114495,378495626,2.994754765488841,15.286751648815459,2.412522510563082,8.581813084528175,is,uniform_exact,uniform,1,0,1
exp_threshold_sweep,4.526315789473684,0,n=5000|of=0.1|om=2.0|trial=0,outlier_grid,5000,87788783,2062360653,0.6452892873409604,7.975916618900835,0.48042380720916006,2.0499958355203964,uniform,uniform,uniform,0,0,0
exp_threshold_sweep,4.526315789473684,1,n=5000|of=0.1|om=2.0|trial=1,outlier_grid,5000,87788784,2063360656,0.6342794906340355,7.439749972949388,0.8586036434778803,4.749334935923713,uniform,uniform_exact,uniform,0,0,0
exp_threshold_sweep,4.526315789473684,2,n=5000|of=0.1|om=2.0|trial=2,outlier_grid,5000,87788785,2064360659,0.6753511690743486,10.273263459798766,0.638806532236377,3.3239802107012686,uniform,uniform,uniform,0,0,0
exp_threshold_sweep,4.526315789473684,0,n=5000|of=0.1|om=5.0|trial=0,outlier_grid,5000,940314136,439914182,1.5642034237759075,7.461215325213151,1.5013351928176941,6.341302857590507,uniform,uniform_exact,uniform,0,0,0
exp_threshold_sweep,4.526315789473684,1,n=5000|of=0.1|om=5.0|trial=1,outlier_grid,5000,940314137,440914185,1.6069129255861263,7.627573339463385,1.5440099627014658,5.641342665794763,uniform,uniform_exact,uniform,0,0,0
exp_threshold_sweep,4.526315789473684,2,n=5000|of=0.1|om=5.0|trial=2,outlier_grid,5000,940314138,441914188,1.5835535573326203,7.463665704236842,1.5174644460368123,6.825818509346189,uniform,uniform_exact,uniform,0,0,0
exp_threshold_sweep,4.526315789473684,0,n=5000|of=0.1|om=10.0|trial=0,outlier_grid,5000,1645361842,1314976142,2.4387528204411435,9.085143647908605,3.3627806545063206,17.4105723530401,is,uniform_exact,uniform,0,0,1
exp_threshold_sweep,4.526315789473684,1,n=5000|of=0.1|om=10.0|trial=1,outlier_grid,5000,1645361843,1315976145,2.44827057345472,9.074192457210252,2.939793271024078,12.705469282006348,is,uniform_exact,uniform,1,0,1
exp_threshold_sweep,4.526315789473684,2,n=5000|of=0.1|om=10.0|trial=2,outlier_grid,5000,1645361844,1316976148,2.4335609917695766,9.037567396165114,2.6826633101157236,10.351877947190236,is,uniform_exact,uniform,0,0,1
exp_threshold_sweep,4.526315789473684,0,n=5000|of=0.2|om=2.0|trial=0,outlier_grid,5000,964283481,1791838050,0.6519470284472162,8.754530513444111,0.7127087102355505,3.5200474795600356,uniform,uniform_exact,uniform,0,0,0
exp_threshold_sweep,4.526315789473684,1,n=5000|of=0.2|om=2.0|trial=1,outlier_grid,5000,964283482,1792838053,0.6299048125270215,10.880578863376364,0.9900749898249374,7.126277317697393,uniform,uniform_exact,uniform,0,0,0
exp_threshold_sweep,4.526315789473684,2,n=5000|of=0.2|om=2.0|trial=2,outlier_grid,5000,964283483,1793838056,0.6870579308218044,13.544762416249597,0.7198369133565504,4.03451186722241,uniform,uniform_exact,uniform,0,0,0
exp_threshold_sweep,4.526315789473684,0,n=5000|of=0.2|om=5.0|trial=0,outlier_grid,5000,1816808834,169391579,1.3838458656873216,5.062593836717688,1.3548960107065122,4.443392390412812,uniform,uniform_exact,uniform,0,0,0
exp_threshold_sweep,4.526315789473684,1,n=5000|of=0.2|om=5.0|trial=1,outlier_grid,5000,1816808835,170391582,1.398083832516939,5.098880683600188,1.39923933160095,4.458480867305116,uniform,uniform_exact,uniform,0,0,0
exp_threshold_sweep,4.526315789473684,2,n=5000|of=0.2|om=5.0|trial=2,outlier_grid,5000,1816808836,171391585,1.3909424378180453,5.143704401559593,1.4095625905465303,5.7132583631551945,uniform,uniform_exact,uniform,0,0,0
exp_threshold_sweep,4.526315789473684,0,n=5000|of=0.2|om=10.0|trial=0,outlier_grid,5000,374372893,1044453539,1.7911999033758386,5.04722867967325,1.9290146690120453,5.465191652727329,is,uniform_exact,uniform,0,0,1
exp_threshold_sweep,4.526315789473684,1,n=5000|of=0.2|om=10.0|trial=1,outlier_grid,5000,374372894,1045453542,1.7925498435757545,5.031734118828527,1.9083393170639757,5.207109556044566,is,uniform_exact,uniform,0,0,1
exp_threshold_sweep,4.526315789473684,2,n=5000|of=0.2|om=10.0|trial=2,outlier_grid,5000,374372895,1046453545,1.799646793110485,5.033057676968276,1.9091115277016606,5.203838901655415,is,uniform_exact,uniform,0,0,1
exp_threshold_sweep,4.763157894736842,0,n=1000|of=0.0|om=2.0|trial=0,outlier_grid,1000,1442263617,746596493,0.617599978331471,6.544485015745742,0.5315635362313157,2.6740990968151688,uniform,uniform_exact,uniform,0,0,0
exp_threshold_sweep,4.763157894736842,1,n=1000|of=0.0|om=2.0|trial=1,outlier_grid,1000,1442263618,747596496,0.7016203194983847,6.4257658382788225,0.7753774178610314,4.838008930067936,uniform,uniform_exact,uniform,0,0,0
exp_threshold_sweep,4.763157894736842,2,n=1000|of=0.0|om=2.0|trial=2,outlier_grid,1000,1442263619,748596499,0.633503586176026,5.578210996800821,0.5923579522072079,3.8600435332533394,uniform,uniform_exact,uniform,0,0,0
exp_threshold_sweep,4.763157894736842,0,n=1000|of=0.0|om=5.0|trial=0,outlier_grid,1000,147305323,1271633669,0.6607087487078306,6.077985671873188,0.6051425763044992,3.087889523555822,uniform,uniform_exact,uniform,0,0,0
exp_threshold_sweep,4.763157894736842,1,n=1000|of=0.0|om=5.0|trial=1,outlier_grid,1000,147305324,1272633672,0.6504739835154975,5.5695015501111715,0.6459296974854593,4.1877931968358295,uniform,uniform_exact,uniform,0,0,0
exp_threshold_sweep,4.763157894736842,2,n=1000|of=0.0|om=5.0|trial=2,outlier_grid,1000,147305325,1273633675,0.6694892343956219,5.3838442549691585,0.7371877621230642,4.023419940905306,uniform,uniform_exact,uniform,0,0,0
exp_threshold_sweep,4.763157894736842,0,n=1000|of=0.0|om=10.0|trial=0,outlier_grid,1000,852353029,2146695629,0.6398166324088268,6.140337691272391,0.4375470589688228,2.328584388798597,uniform,uniform_exact,uniform,0,0,0
exp_threshold_sweep,4.763157894736842,1,n=1000|of=0.0|om=10.0|trial=1,outlier_grid,1000,852353030,211985,0.6645481406412764,5.726033896808133,0.7130734550542207,4.10481142417519,uniform,uniform_exact,uniform,0,0,0
exp_threshold_sweep,4.763157894736842,2,n=1000|of=0.0|om=10.0|trial=2,outlier_grid,1000,852353031,1211988,0.6625855174916219,6.889022080403152,1.0388208792939773,6.405709639404669,uniform,uniform_exact,uniform,0,0,0
exp_threshold_sweep,4.763157894736842,0,n=1000|of=0.01|om=2.0|trial=0,outlier_grid,1000,670919628,504795868,0.6194948810036581,4.431036671722072,0.470964246698336,2.7318901521117165,uniform,uniform_exact,uniform,0,0,0
exp_threshold_sweep,4.763157894736842,1,n=1000|of=0.01|om=2.0|trial=1,outlier_grid,1000,670919629,505795871,0.6419604984348997,5.780451621515172,0.7105705080155524,4.33456790662288,uniform,uniform_exact,uniform,0,0,0
exp_threshold_sweep,4.763157894736842,2,n=1000|of=0.01|om=2.0|trial=2,outlier_grid,1000,670919630,506795874,0.6478534945181104,7.295799872829969,0.6925751697072965,2.9072212796909365,uniform,uniform_exact,uniform,0,0,0
exp_threshold_sweep,4.763157894736842,0,n=1000|of=0.01|om=5.0|trial=0,outlier_grid,1000,1523444981,1029833044,0.9275708025452007,9.067911114745035,0.6768598228390399,3.629586741590418,uniform,uniform_exact,uniform,0,0,0
exp_threshold_sweep,4.763157894736842,1,n=1000|of=0.01|om=5.0|trial=1,outlier_grid,1000,1523444982,1030833047,0.8826442516694574,9.20078801072338,0.5623858728741753,3.0734188784191794,uniform,uniform_exact,uniform,0,0,0
exp_threshold_sweep,4.763157894736842,2,n=1000|of=0.01|om=5.0|trial=2,outlier_grid,1000,1523444983,1031833050,0.8944373892679047,9.492564196854993,0.5935983005918337,3.0903268402268105,uniform,uniform_exact,uniform,0,0,0
exp_threshold_sweep,4.763157894736842,0,n=1000|of=0.01|om=10.0|trial=0,outlier_grid,1000,81009040,1904895004,2.1600848596659037,23.591190740265375,0.5062689454182838,2.711543830915121,uniform,uniform_exact,uniform,0,0,0
exp_threshold_sweep,4.763157894736842,1,n=1000|of=0.01|om=10.0|trial=1,outlier_grid,1000,81009041,1905895007,2.186629044024305,23.67565527185168,2.685547208609867,19.345304543870526,uniform,uniform_exact,uniform,0,0,0
exp_threshold_sweep,4.763157894736842,2,n=1000|of=0.01|om=10.0|trial=2,outlier_grid,1000,81009042,1906895010,2.202788337834508,23.474969597415352,0.6544040496424279,3.209105274968479,uniform,uniform_exact,uniform,1,0,0
exp_threshold_sweep,4.763157894736842,0,n=1000|of=0.02|om=2.0|trial=0,outlier_grid,1000,2047059286,262995243,0.668926440883736,6.047119721303887,0.5751456306224922,3.5265900111194703,uniform,uniform_exact,uniform,0,0,0
exp_threshold_sweep,4.763157894736842,1,n=1000|of=0.02|om=2.0|trial=1,outlier_grid,1000,2047059287,263995246,0.6096939094021688,4.754850690421404,0.4085563631514171,1.8861320522230645,uniform,uniform_exact,uniform,0,0,0
exp_threshold_sweep,4.763157894736842,2,n=1000|of=0.02|om=2.0|trial=2,outlier_grid,1000,2047059288,264995249,0.619980694353103,5.711189635441723,0.467894398621775,2.372309371923586,uniform,uniform_exact,uniform,0,0,0
exp_threshold_sweep,4.763157894736842,0,n=1000|of=0.02|om=5.0|trial=0,outlier_grid,1000,752100992,788032419,1.0363964890753734,8.83629684462703,1.034065916458735,6.496087090038377,uniform,uniform_exact,uniform,0,0,0
exp_threshold_sweep,4.763157894736842,1,n=1000|of=0.02|om=5.0|trial=1,outlier_grid,1000,752100993,789032422,1.0808453099122093,9.327938871539764,1.2752060345634197,9.265004313145594,uniform,uniform_exact,uniform,0,0,0
exp_threshold_sweep,4.763157894736842,2,n=1000|of=0.02|om=5.0|trial=2,outlier_grid,1000,752100994,790032425,1.0555990939448983,9.079803243418585,0.7844286924371966,4.590930607788139,uniform,uniform_exact,uniform,0,0,0
exp_threshold_sweep,4.763157894736842,0,n=1000|of=0.02|om=10.0|trial=0,outlier_grid,1000,1457148698,1663094379,2.4223349633420703,19.324723385669508,2.5007071617706904,13.22695462742181,uniform,uniform_exact,uniform,1,0,0
exp_threshold_sweep,4.763157894736842,1,n=1000|of=0.02|om=10.0|trial=1,outlier_grid,1000,1457148699,1664094382,2.4594205603819232,19.349043540692758,0.7457377234119124,4.564279292063264,uniform,uniform_exact,uniform,1,0,0
exp_threshold_sweep,4.763157894736842,2,n=1000|of=0.02|om=10.0|trial=2,outlier_grid,1000,1457148700,1665094385,2.441556227376376,19.145175988469532,0.584372520126129,2.996412405588499,uniform,uniform_exact,uniform,1,0,0
exp_threshold_sweep,4.763157894736842,0,n=1000|of=0.05|om=2.0|trial=0,outlier_grid,1000,1880510966,1685077015,0.6787566315775071,6.9795351614658365,0.6729238961892583,3.7590023429458483,uniform,uniform_exact,uniform,0,0,0
exp_threshold_sweep,4.763157894736842,1,n=1000|of=0.05|om=2.0|trial=1,outlier_grid,1000,1880510967,1686077018,0.6273247767797993,5.416408240314115,0.7623958739069745,3.625746988292407,uniform,uniform_exact,uniform,0,0,0
exp_threshold_sweep,4.763157894736842,2,n=1000|of=0.05|om=2.0|trial=2,outlier_grid,1000,1880510968,1687077021,0.6436184853347732,6.685255422490038,0.5173650678348951,2.5327590663414616,uniform,uniform_exact,uniform,0,0,0
exp_threshold_sweep,4.763157894736842,0,n=1000|of=0.05|om=5.0|trial=0,outlier_grid,1000,585552672,62630544,1.322654341020879,7.809373922547658,1.2447856120909833,6.935160729465123,uniform,uniform_exact,uniform,0,0,0
exp_threshold_sweep,4.763157894736842,1,n=1000|of=0.05|om=5.0|trial=1,outlier_grid,1000,585552673,63630547,1.2985808873964355,8.313744404611858,1.153690030567538,6.198928079975204,uniform,uniform_exact,uniform,0,0,0
exp_threshold_sweep,4.763157894736842,2,n=1000|of=0.05|om=5.0|trial=2,outlier_grid,1000,585552674,64630550,1.208561744925839,7.712949719548932,1.3690942641081068,8.758400519195126,uniform,uniform_exact,uniform,0,0,0
exp_threshold_sweep,4.763157894736842,0,n=1000|of=0.05|om=10.0|trial=0,outlier_grid,1000,1290600378,937692504,2.507398434602011,12.789785607408268,2.43772195666354,10.908844557444324,uniform,uniform_exact,uniform,1,0,0
exp_threshold_sweep,4.763157894736842,1,n=1000|of=0.05|om=10.0|trial=1,outlier_grid,1000,1290600379,938692507,2.520669114923294,12.78671987327333,0.5272420359778305,2.5347576781798087,uniform,uniform_exact,uniform,1,0,0
exp_threshold_sweep,4.763157894736842,2,n=1000|of=0.05|om=10.0|trial=2,outlier_grid,1000,1290600380,939692510,2.49068495781207,12.596211278828237,2.3986472952767013,10.612220292373083,uniform,uniform_exact,uniform,1,0,0
exp_threshold_sweep,4.763157894736842,0,n=1000|of=0.1|om=2.0|trial=0,outlier_grid,1000,171274668,476073890,0.6524098435515786,7.086241475883487,0.7174673254769001,3.6937776203059505,uniform,uniform_exact,uniform,0,0,0
exp_threshold_sweep,4.763157894736842,1,n=1000|of=0.1|om=2.0|trial=1,outlier_grid,1000,171274669,477073893,0.581167313005821,6.085439413528287,0.5268374714258957,3.691540111019143,uniform,uniform_exact,uniform,0,0,0
exp_threshold_sweep,4.763157894736842,2,n=1000|of=0.1|om=2.0|trial=2,outlier_grid,1000,171274670,478073896,0.6984683097008569,7.200833170425255,0.6317317656703407,3.550951254174014,uniform,uniform_exact,uniform,0,0,0
exp_threshold_sweep,4.763157894736842,0,n=1000|of=0.1|om=5.0|trial=0,outlier_grid,1000,1023800021,1001111066,1.3537758517722411,6.291632634044208,1.4490144902729376,6.513706468360019,uniform,uniform_exact,uniform,0,0,0
exp_threshold_sweep,4.763157894736842,1,n=1000|of=0.1|om=5.0|trial=1,outlier_grid,1000,1023800022,1002111069,1.367532997551312,6.235878482522877,1.461301442030874,5.966699769795432,uniform,uniform_exact,uniform,0,0,0
exp_threshold_sweep,4.763157894736842,2,n=1000|of=0.1|om=5.0|trial=2,outlier_grid,1000,1023800023,1003111072,1.3274574831627268,6.042607423381932,1.3769902475798717,6.637039623124841,uniform,uniform_exact,uniform,0,0,0
exp_threshold_sweep,4.763157894736842,0,n=1000|of=0.1|om=10.0|trial=0,outlier_grid,1000,1728847727,1876173026,2.1745485439283283,8.206958182334139,2.386538999766062,9.475042461214665,uniform,uniform_exact,uniform,0,0,0
exp_threshold_sweep,4.763157894736842,1,n=1000|of=0.1|om=10.0|trial=1,outlier_grid,1000,1728847728,1877173029,2.2071501455785794,8.244504029581895,2.0237168407853634,6.207871982325695,uniform,uniform_exact,uniform,1,0,0
exp_threshold_sweep,4.763157894736842,2,n=1000|of=0.1|om=10.0|trial=2,outlier_grid,1000,1728847729,1878173032,2.2131805137021714,8.13937339152958,1.8551297812337437,5.522926261698332,uniform,uniform_exact,uniform,1,0,0
exp_threshold_sweep,4.763157894736842,0,n=1000|of=0.2|om=2.0|trial=0,outlier_grid,1000,1047769366,205551287,0.596226390605092,7.59566327931635,0.6823126211181609,3.9754221378851873,uniform,uniform_exact,uniform,0,0,0
exp_threshold_sweep,4.763157894736842,1,n=1000|of=0.2|om=2.0|trial=1,outlier_grid,1000,1047769367,206551290,0.5707637716995058,4.76013034379612,0.5669664285601113,3.451369300192318,uniform,uniform_exact,uniform,0,0,0
exp_threshold_sweep,4.763157894736842,2,n=1000|of=0.2|om=2.0|trial=2,outlier_grid,1000,1047769368,207551293,0.6082008942884182,5.59710910895369,0.6215396814626087,3.323271676631707,uniform,uniform_exact,uniform,0,0,0
exp_threshold_sweep,4.763157894736842,0,n=1000|of=0.2|om=5.0|trial=0,outlier_grid,1000,1900294719,730588463,1.2128763710131376,4.437108297044463,1.2798931556097473,4.359064396482053,uniform,uniform_exact,uniform,0,0,0
exp_threshold_sweep,4.763157894736842,1,n=1000|of=0.2|om=5.0|trial=1,outlier_grid,1000,1900294720,731588466,1.222022170293529,4.453870144522961,1.3138364259524231,4.689923196256462,uniform,uniform_exact,uniform,0,0,0
exp_threshold_sweep,4.763157894736842,2,n=1000|of=0.2|om=5.0|trial=2,outlier_grid,1000,1900294721,732588469,1.2283430251331136,4.34226493758284,1.1115786387198898,3.279931170825938,uniform,uniform_exact,uniform,0,0,0
exp_threshold_sweep,4.763157894736842,0,n=1000|of=0.2|om=10.0|trial=0,outlier_grid,1000,457858778,1605650423,1.6822322474532947,4.785774324099834,1.7932122676571562,4.888455646324959,uniform,uniform_exact,uniform,0,0,0
exp_threshold_sweep,4.763157894736842,1,n=1000|of=0.2|om=10.0|trial=1,outlier_grid,1000,457858779,1606650426,1.6828609678688584,4.797205593998007,1.4959924724843432,3.8008373514802387,uniform,uniform_exact,uniform,0,0,0
exp_threshold_sweep,4.763157894736842,2,n=1000|of=0.2|om=10.0|trial=2,outlier_grid,1000,457858780,1607650429,1.6824444119691087,4.694431122747657,1.6603127811168215,4.275025424967107,uniform,uniform_exact,uniform,0,0,0
exp_threshold_sweep,4.763157894736842,0,n=2000|of=0.0|om=2.0|trial=0,outlier_grid,2000,884521234,1143168184,0.6437859806065077,7.26494190000632,0.4759570814077396,1.983329016075107,uniform,uniform_exact,uniform,0,0,0
exp_threshold_sweep,4.763157894736842,1,n=2000|of=0.0|om=2.0|trial=1,outlier_grid,2000,884521235,1144168187,0.6783226328241753,6.987718128416362,0.9330497918622148,6.508054060740296,uniform,uniform_exact,uniform,0,0,0
exp_threshold_sweep,4.763157894736842,2,n=2000|of=0.0|om=2.0|trial=2,outlier_grid,2000,884521236,1145168190,0.7008485258315146,10.87323753149392,0.6548282040685559,3.84391519196864,uniform,uniform_exact,uniform,0,0,0
exp_threshold_sweep,4.763157894736842,0,n=2000|of=0.0|om=5.0|trial=0,outlier_grid,2000,1737046587,1668205360,0.6647636523552978,9.371015606248461,0.48617891468102997,2.2672745371187855,uniform,uniform_exact,uniform,0,0,0
exp_threshold_sweep,4.763157894736842,1,n=2000|of=0.0|om=5.0|trial=1,outlier_grid,2000,1737046588,1669205363,0.6503303945228937,7.618833107152736,1.0522278174069006,7.57065643349535,uniform,uniform_exact,uniform,0,0,0
exp_threshold_sweep,4.763157894736842,2,n=2000|of=0.0|om=5.0|trial=2,outlier_grid,2000,1737046589,1670205366,0.7116392058914187,10.837519913683188,0.6630673912747063,2.98788228447545,uniform,uniform_exact,uniform,0,0,0
exp_threshold_sweep,4.763157894736842,0,n=2000|of=0.0|om=10.0|trial=0,outlier_grid,2000,294610646,395783673,0.6984542271619008,9.191213698217632,0.5712869358438397,2.9733401219655406,uniform,uniform_exact,uniform,0,0,0
exp_threshold_sweep,4.763157894736842,1,n=2000|of=0.0|om=10.0|trial=1,outlier_grid,2000,294610647,396783676,0.6531760108020092,9.05950966881119,0.6444342478529795,3.6638285219907476,uniform,uniform_exact,uniform,0,0,0
exp_threshold_sweep,4.763157894736842,2,n=2000|of=0.0|om=10.0|trial=2,outlier_grid,2000,294610648,397783679,0.6722700999610615,5.917746054892996,0.545089150490775,2.7062635717694397,uniform,uniform_exact,uniform,0,0,0
exp_threshold_sweep,4.763157894736842,0,n=2000|of=0.01|om=2.0|trial=0,outlier_grid,2000,113177245,901367559,0.7041455345419971,8.158001271669198,0.5406600713161108,2.567106786351604,uniform,uniform_exact,uniform,0,0,0
exp_threshold_sweep,4.763157894736842,1,n=2000|of=0.01|om=2.0|trial=1,outlier_grid,2000,113177246,902367562,0.6776575995706522,7.229319530734069,0.7014208470831531,3.2611520935845535,uniform,uniform_exact,uniform,0,0,0
exp_threshold_sweep,4.763157894736842,2,n=2000|of=0.01|om=2.0|trial=2,outlier_grid,2000,113177247,903367565,0.6623640231431586,9.28680597708695,0.6119923583094011,3.393770862674711,uniform,uniform_exact,uniform,0,0,0
exp_threshold_sweep,4.763157894736842,0,n=2000|of=0.01|om=5.0|trial=0,outlier_grid,2000,965702598,1426404735,0.9816612409123018,11.124163624423396,0.8882412058138976,5.534203761407813,uniform,uniform_exact,uniform,0,0,0
exp_threshold_sweep,4.763157894736842,1,n=2000|of=0.01|om=5.0|trial=1,outlier_grid,2000,965702599,1427404738,1.019893147231907,10.771710935140439,0.4311622023256821,2.4184065371290795,uniform,uniform,uniform,0,0,0
exp_threshold_sweep,4.763157894736842,2,n=2000|of=0.01|om=5.0|trial=2,outlier_grid,2000,965702600,1428404741,1.0038984191058524,11.152323945467518,0.6579023633676468,3.1436256728362553,uniform,uniform_exact,uniform,0,0,0
exp_threshold_sweep,4.763157894736842,0,n=2000|of=0.01|om=10.0|trial=0,outlier_grid,2000,1670750304,153983048,2.485939595674491,27.10730987984548,0.6716790574260054,3.3013118257835483,uniform,uniform_exact,uniform,1,0,0
exp_threshold_sweep,4.763157894736842,1,n=2000|of=0.01|om=10.0|trial=1,outlier_grid,2000,1670750305,154983051,2.4574092914423638,26.830979453268434,0.7943646570237304,5.4904961183249075,uniform,uniform_exact,uniform,1,0,0
exp_threshold_sweep,4.763157894736842,2,n=2000|of=0.01|om=10.0|trial=2,outlier_grid,2000,1670750306,155983054,2.4875934157876274,27.001639859771334,0.44469766047992204,2.430805752626064,uniform,uniform,uniform,1,0,0
exp_threshold_sweep,4.763157894736842,0,n=2000|of=0.02|om=2.0|trial=0,outlier_grid,2000,1489316903,659566934,0.6522247884106012,6.7974888408872705,0.6924905368652143,4.242395559432315,uniform,uniform_exact,uniform,0,0,0
exp_threshold_sweep,4.763157894736842,1,n=2000|of=0.02|om=2.0|trial=1,outlier_grid,2000,1489316904,660566937,0.708592555862065,7.3196862152942685,0.5117542500906364,2.4341186744213763,uniform,uniform_exact,uniform,0,0,0
exp_threshold_sweep,4.763157894736842,2,n=2000|of=0.02|om=2.0|trial=2,outlier_grid,2000,1489316905,661566940,0.6266465193598646,6.766098028970186,0.9262300758627584,6.328540243655079,uniform,uniform_exact,uniform,0,0,0
exp_threshold_sweep,4.763157894736842,0,n=2000|of=0.02|om=5.0|trial=0,outlier_grid,2000,194358609,1184604110,1.187664640127493,10.482197021947206,0.4865549081939173,2.6167850966948976,uniform,uniform_exact,uniform,0,0,0
exp_threshold_sweep,4.763157894736842,1,n=2000|of=0.02|om=5.0|trial=1,outlier_grid,2000,194358610,1185604113,1.169122399391696,10.541280528053289,1.5046841844043501,8.61303326384736,uniform,uniform_exact,uniform,0,0,0
exp_threshold_sweep,4.763157894736842,2,n=2000|of=0.02|om=5.0|trial=2,outlier_grid,2000,194358611,1186604116,1.2297958209577402,10.40504305776103,0.5879809735041167,3.17012122763272,uniform,uniform_exact,uniform,0,0,0
exp_threshold_sweep,4.763157894736842,0,n=2000|of=0.02|om=10.0|trial=0,outlier_grid,2000,899406315,2059666070,2.869439534666998,22.1660269939405,2.743038069256916,19.794187350279984,uniform,uniform_exact,uniform,1,0,0
exp_threshold_sweep,4.763157894736842,1,n=2000|of=0.02|om=10.0|trial=1,outlier_grid,2000,899406316,2060666073,2.804968516663726,22.06499967036417,2.610173433982382,13.908438464144592,uniform,uniform_exact,uniform,1,0,0
exp_threshold_sweep,4.763157894736842,2,n=2000|of=0.02|om=10.0|trial=2,outlier_grid,2000,899406317,2061666076,2.735942484849644,21.257719756855096,0.8638585217699191,3.975913190936406,uniform,uniform_exact,uniform,1,0,0
exp_threshold_sweep,4.763157894736842,0,n=2000|of=0.05|om=2.0|trial=0,outlier_grid,2000,1322768583,2081648706,0.65141260441657,7.2644391200920655,0.5737528656995987,3.228033063118208,uniform,uniform_exact,uniform,0,0,0
exp_threshold_sweep,4.763157894736842,1,n=2000|of=0.05|om=2.0|trial=1,outlier_grid,2000,1322768584,2082648709,0.6410291195607866,6.374989174742897,0.642859425712915,3.881156462886813,uniform,uniform_exact,uniform,0,0,0
exp_threshold_sweep,4.763157894736842,2,n=2000|of=0.05|om=2.0|trial=2,outlier_grid,2000,1322768585,2083648712,0.6227487686611384,6.430958934057433,0.5232981977481432,3.111757815736438,uniform,uniform_exact,uniform,0,0,0
exp_threshold_sweep,4.763157894736842,0,n=2000|of=0.05|om=5.0|trial=0,outlier_grid,2000,27810289,459202235,1.358269331673104,8.966713358539577,1.3334669716131593,6.432916141796367,uniform,uniform_exact,uniform,0,0,0
exp_threshold_sweep,4.763157894736842,1,n=2000|of=0.05|om=5.0|trial=1,outlier_grid,2000,27810290,460202238,1.3763076923974027,8.285852764690443,1.3088558189323694,9.299592035050745,uniform,uniform_exact,uniform,0,0,0
exp_threshold_sweep,4.763157894736842,2,n=2000|of=0.05|om=5.0|trial=2,outlier_grid,2000,27810291,461202241,1.4611702597146317,9.106720084066147,0.8540021736129917,5.66756946210964,uniform,uniform_exact,uniform,0,0,0
exp_threshold_sweep,4.763157894736842,0,n=2000|of=0.05|om=10.0|trial=0,outlier_grid,2000,732857995,1334264195,2.7142794007709448,13.745211635687745,2.7899556544749196,15.153349139640186,uniform,uniform_exact,uniform,1,0,0
exp_threshold_sweep,4.763157894736842,1,n=2000|of=0.05|om=10.0|trial=1,outlier_grid,2000,732857996,1335264198,2.726308523162901,13.889554001701725,2.7637213149124746,15.985844639942576,uniform,uniform_exact,uniform,1,0,0
exp_threshold_sweep,4.763157894736842,2,n=2000|of=0.05|om=10.0|trial=2,outlier_grid,2000,732857997,1336264201,2.7326270401993864,13.72668609604081,2.345725978357962,8.448234436839579,uniform,uniform_exact,uniform,1,0,0
exp_threshold_sweep,4.763157894736842,0,n=2000|of=0.1|om=2.0|trial=0,outlier_grid,2000,1761015932,872645581,0.5866904178552818,6.882127609815075,0.48473457962891997,2.9010068870096677,uniform,uniform_exact,uniform,0,0,0
exp_threshold_sweep,4.763157894736842,1,n=2000|of=0.1|om=2.0|trial=1,outlier_grid,2000,1761015933,873645584,0.6805166058317258,7.844182030189697,0.6144678491810891,3.5777852404668242,uniform,uniform_exact,uniform,0,0,0
exp_threshold_sweep,4.763157894736842,2,n=2000|of=0.1|om=2.0|trial=2,outlier_grid,2000,1761015934,874645587,0.6075248895724128,8.488601778181627,0.5112099762212494,2.559029820230548,uniform,uniform_exact,uniform,0,0,0
exp_threshold_sweep,4.763157894736842,0,n=2000|of=0.1|om=5.0|trial=0,outlier_grid,2000,466057638,1397682757,1.4612428196080953,6.753627793666996,1.4265367303781826,5.104838810511784,uniform,uniform_exact,uniform,0,0,0
exp_threshold_sweep,4.763157894736842,1,n=2000|of=0.1|om=5.0|trial=1,outlier_grid,2000,466057639,1398682760,1.4764441467779024,6.956174126191189,1.553672065049544,5.710289203860312,uniform,uniform_exact,uniform,0,0,0
exp_threshold_sweep,4.763157894736842,2,n=2000|of=0.1|om=5.0|trial=2,outlier_grid,2000,466057640,1399682763,1.4190922443740461,6.741387981806074,1.3917157612168078,6.550662634949384,uniform,uniform_exact,uniform,0,0,0
exp_threshold_sweep,4.763157894736842,0,n=2000|of=0.1|om=10.0|trial=0,outlier_grid,2000,1171105344,125261070,2.301445779003562,8.777361115865295,2.865132077252125,14.920080091356116,uniform,uniform_exact,uniform,0,0,0
exp_threshold_sweep,4.763157894736842,1,n=2000|of=0.1|om=10.0|trial=1,outlier_grid,2000,1171105345,126261073,2.3152827988189686,8.658788130102245,2.6884578655941915,11.551437717916857,uniform,uniform_exact,uniform,1,0,0
exp_threshold_sweep,4.763157894736842,2,n=2000|of=0.1|om=10.0|trial=2,outlier_grid,2000,1171105346,127261076,2.30933321640677,8.687845653682372,2.0842532878210895,6.322174839315771,uniform,uniform_exact,uniform,1,0,0
exp_threshold_sweep,4.763157894736842,0,n=2000|of=0.2|om=2.0|trial=0,outlier_grid,2000,490026983,602122978,0.5915941849529013,6.747218403782818,0.3773485227098118,2.039454234667914,uniform,uniform,uniform,0,0,0
exp_threshold_sweep,4.763157894736842,1,n=2000|of=0.2|om=2.0|trial=1,outlier_grid,2000,490026984,603122981,0.5845956482433441,7.133862103294786,0.43353092915082075,2.478701586936485,uniform,uniform,uniform,0,0,0
exp_threshold_sweep,4.763157894736842,2,n=2000|of=0.2|om=2.0|trial=2,outlier_grid,2000,490026985,604122984,0.6364016724628121,6.162099158324124,0.6276821630214646,3.6443886958722773,uniform,uniform_exact,uniform,0,0,0
exp_threshold_sweep,4.763157894736842,0,n=2000|of=0.2|om=5.0|trial=0,outlier_grid,2000,1342552336,1127160154,1.2983740571519216,4.789065542177101,1.3210856186520283,5.022049458245838,uniform,uniform_exact,uniform,0,0,0
exp_threshold_sweep,4.763157894736842,1,n=2000|of=0.2|om=5.0|trial=1,outlier_grid,2000,1342552337,1128160157,1.3147579288921611,4.448881049791875,1.2881455440248608,3.860414055402165,uniform,uniform_exact,uniform,0,0,0
exp_threshold_sweep,4.763157894736842,2,n=2000|of=0.2|om=5.0|trial=2,outlier_grid,2000,1342552338,1129160160,1.3083480127020897,4.637299734571176,1.3650245546860178,4.632477108664164,uniform,uniform_exact,uniform,0,0,0
exp_threshold_sweep,4.763157894736842,0,n=2000|of=0.2|om=10.0|trial=0,outlier_grid,2000,2047600042,2002222114,1.7372109637686688,4.909762302581473,1.8899290878948796,5.320975345568009,uniform,uniform_exact,uniform,0,0,0
exp_threshold_sweep,4.763157894736842,1,n=2000|of=0.2|om=10.0|trial=1,outlier_grid,2000,2047600043,2003222117,1.7421178180833923,4.869082529210165,1.7354932163553258,4.833905550385375,uniform,uniform_exact,uniform,0,0,0
exp_threshold_sweep,4.763157894736842,2,n=2000|of=0.2|om=10.0|trial=2,outlier_grid,2000,2047600044,2004222120,1.7399890427199698,4.970317505328127,1.9428537072300305,5.754367590851341,uniform,uniform_exact,uniform,0,0,0
exp_threshold_sweep,4.763157894736842,0,n=5000|of=0.0|om=2.0|trial=0,outlier_grid,5000,1358777732,185399610,0.7224807944290408,9.893139619301449,0.8701427298533625,4.49988935792185,uniform,uniform_exact,uniform,0,0,0
exp_threshold_sweep,4.763157894736842,1,n=5000|of=0.0|om=2.0|trial=1,outlier_grid,5000,1358777733,186399613,0.6783674416504732,9.248645932905605,0.7810315856374136,4.000510639203469,uniform,uniform_exact,uniform,0,0,0
exp_threshold_sweep,4.763157894736842,2,n=5000|of=0.0|om=2.0|trial=2,outlier_grid,5000,1358777734,187399616,0.6974014263102107,8.500077009248255,0.776158091878884,5.15496976794322,uniform,uniform_exact,uniform,0,0,0
exp_threshold_sweep,4.763157894736842,0,n=5000|of=0.0|om=5.0|trial=0,outlier_grid,5000,63819438,710436786,0.6966704990056833,11.78855723114979,0.904205814533173,5.642643233680589,uniform,uniform_exact,uniform,0,0,0
exp_threshold_sweep,4.763157894736842,1,n=5000|of=0.0|om=5.0|trial=1,outlier_grid,5000,63819439,711436789,0.7020645774986704,10.493395057863204,0.6913729119906322,3.925502006156134,uniform,uniform,uniform,0,0,0
exp_threshold_sweep,4.763157894736842,2,n=5000|of=0.0|om=5.0|trial=2,outlier_grid,5000,63819440,712436792,0.6964872202949357,12.14043386833435,0.6929553966298339,3.0828907861532673,uniform,uniform,uniform,0,0,0
exp_threshold_sweep,4.763157894736842,0,n=5000|of=0.0|om=10.0|trial=0,outlier_grid,5000,768867144,1585498746,0.6923142098960464,10.791047985600459,0.5552626100064075,2.8390678836468637,uniform,uniform,uniform,0,0,0
exp_threshold_sweep,4.763157894736842,1,n=5000|of=0.0|om=10.0|trial=1,outlier_grid,5000,768867145,1586498749,0.6749404683005831,10.377327086148796,0.5633671356854787,2.818786036294144,uniform,uniform,uniform,0,0,0
exp_threshold_sweep,4.763157894736842,2,n=5000|of=0.0|om=10.0|trial=2,outlier_grid,5000,768867146,1587498752,0.7043250568842707,9.485986571983513,0.928535900588646,6.45797975364549,uniform,uniform_exact,uniform,0,0,0
exp_threshold_sweep,4.763157894736842,0,n=5000|of=0.01|om=2.0|trial=0,outlier_grid,5000,587433743,2091082632,0.7278048746693839,12.570758348270179,0.7083586616043253,4.9031100532018534,uniform,uniform_exact,uniform,0,0,0
exp_threshold_sweep,4.763157894736842,1,n=5000|of=0.01|om=2.0|trial=1,outlier_grid,5000,587433744,2092082635,0.6959390046794844,8.19052749199074,0.7588644403681778,4.8287549616768946,uniform,uniform_exact,uniform,0,0,0
exp_threshold_sweep,4.763157894736842,2,n=5000|of=0.01|om=2.0|trial=2,outlier_grid,5000,587433745,2093082638,0.7275752487361427,11.991683623295147,0.4756191280238847,2.9200691291313476,uniform,uniform,uniform,0,0,0
exp_threshold_sweep,4.763157894736842,0,n=5000|of=0.01|om=5.0|trial=0,outlier_grid,5000,1439959096,468636161,1.1514945012448503,13.921170970329356,0.6707415043201538,3.7017060470770735,uniform,uniform,uniform,0,0,0
exp_threshold_sweep,4.763157894736842,1,n=5000|of=0.01|om=5.0|trial=1,outlier_grid,5000,1439959097,469636164,1.1000620070210954,13.282787825099584,1.5855497221362305,9.019840592964854,uniform,uniform_exact,uniform,0,0,0
exp_threshold_sweep,4.763157894736842,2,n=5000|of=0.01|om=5.0|trial=2,outlier_grid,5000,1439959098,470636167,1.169644960173019,14.047324928197764,0.7689456827382029,3.836757721146971,uniform,uniform_exact,uniform,0,0,0
exp_threshold_sweep,4.763157894736842,0,n=5000|of=0.01|om=10.0|trial=0,outlier_grid,5000,2145006802,1343698121,3.012040993380712,33.184170841399485,0.9492949657438432,5.35313836234614,is,uniform_exact,uniform,1,0,1
exp_threshold_sweep,4.763157894736842,1,n=5000|of=0.01|om=10.0|trial=1,outlier_grid,5000,2145006803,1344698124,3.05512119238724,33.62125804296652,3.4448769185064805,24.804590277723044,is,uniform_exact,uniform,1,0,1
exp_threshold_sweep,4.763157894736842,2,n=5000|of=0.01|om=10.0|trial=2,outlier_grid,5000,2145006804,1345698127,3.0106207049135034,32.90968384374054,3.1372282521989283,22.623706887747115,is,uniform_exact,uniform,1,0,1
exp_threshold_sweep,4.763157894736842,0,n=5000|of=0.02|om=2.0|trial=0,outlier_grid,5000,1963573401,1849282007,0.6966747062003946,7.519776239119451,0.6089848616236495,3.1717075474885124,uniform,uniform,uniform,0,0,0
exp_threshold_sweep,4.763157894736842,1,n=5000|of=0.02|om=2.0|trial=1,outlier_grid,5000,1963573402,1850282010,0.7118330565326979,11.001515450812754,0.828922882655235,5.204818971957715,uniform,uniform_exact,uniform,0,0,0
exp_threshold_sweep,4.763157894736842,2,n=5000|of=0.02|om=2.0|trial=2,outlier_grid,5000,1963573403,1851282013,0.65806351816426,9.25657713996702,0.5047629352293456,2.1138974984026073,uniform,uniform,uniform,0,0,0
exp_threshold_sweep,4.763157894736842,0,n=5000|of=0.02|om=5.0|trial=0,outlier_grid,5000,668615107,226835536,1.324498034040619,12.321985384365552,1.3851300834255187,8.597801076083705,uniform,uniform_exact,uniform,0,0,0
exp_threshold_sweep,4.763157894736842,1,n=5000|of=0.02|om=5.0|trial=1,outlier_grid,5000,668615108,227835539,1.3258723349377788,12.187571001132723,1.165303610447882,8.292776747901064,uniform,uniform_exact,uniform,0,0,0
exp_threshold_sweep,4.763157894736842,2,n=5000|of=0.02|om=5.0|trial=2,outlier_grid,5000,668615109,228835542,1.3582145587406718,12.411829353085658,1.2004773105828477,8.567713379722461,uniform,uniform_exact,uniform,0,0,0
exp_threshold_sweep,4.763157894736842,0,n=5000|of=0.02|om=10.0|trial=0,outlier_grid,5000,1373662813,1101897496,3.273305510801266,25.581420388004364,3.1798799942169187,22.899498497411887,is,uniform_exact,uniform,1,0,1
exp_threshold_sweep,4.763157894736842,1,n=5000|of=0.02|om=10.0|trial=1,outlier_grid,5000,1373662814,1102897499,3.270192893939796,25.42383972037984,3.1905762741153647,22.862426386622992,is,uniform_exact,uniform,1,0,1
exp_threshold_sweep,4.763157894736842,2,n=5000|of=0.02|om=10.0|trial=2,outlier_grid,5000,1373662815,1103897502,3.2584141459449203,25.386482551776233,2.9279624261731003,21.012201665443143,is,uniform_exact,uniform,1,0,1
exp_threshold_sweep,4.763157894736842,0,n=5000|of=0.05|om=2.0|trial=0,outlier_grid,5000,1797025081,1123880132,0.6808824421638225,9.063293680601529,0.6835843049958442,4.281488368345538,uniform,uniform,uniform,0,0,0
exp_threshold_sweep,4.763157894736842,1,n=5000|of=0.05|om=2.0|trial=1,outlier_grid,5000,1797025082,1124880135,0.6814735797847691,8.168079323694936,0.6825503209112858,2.827949189849498,uniform,uniform,uniform,0,0,0
exp_threshold_sweep,4.763157894736842,2,n=5000|of=0.05|om=2.0|trial=2,outlier_grid,5000,1797025083,1125880138,0.6730762768779296,7.51328610662532,0.5796337734647796,2.9965148230290923,uniform,uniform,uniform,0,0,0
exp_threshold_sweep,4.763157894736842,0,n=5000|of=0.05|om=5.0|trial=0,outlier_grid,5000,502066787,1648917308,1.5610511723927194,9.482297366454727,1.5080617651505976,6.357703170750979,uniform,uniform_exact,uniform,0,0,0
exp_threshold_sweep,4.763157894736842,1,n=5000|of=0.05|om=5.0|trial=1,outlier_grid,5000,502066788,1649917311,1.5983515327881193,10.05179141412876,1.680457546870051,7.238980095569755,uniform,uniform_exact,uniform,0,0,0
exp_threshold_sweep,4.763157894736842,2,n=5000|of=0.05|om=5.0|trial=2,outlier_grid,5000,502066789,1650917314,1.564054233622819,9.903368559014538,1.5954078343196756,7.722706377562362,uniform,uniform_exact,uniform,0,0,0
exp_threshold_sweep,4.763157894736842,0,n=5000|of=0.05|om=10.0|trial=0,outlier_grid,5000,1207114493,376495621,3.0064614329892705,15.45576789854595,2.8614262282686296,12.542086715276932,is,uniform_exact,uniform,1,0,1
exp_threshold_sweep,4.763157894736842,1,n=5000|of=0.05|om=10.0|trial=1,outlier_grid,5000,1207114494,377495624,2.975958669383625,15.516826552718598,2.6493905196913774,10.174750911903143,is,uniform_exact,uniform,1,0,1
exp_threshold_sweep,4.763157894736842,2,n=5000|of=0.05|om=10.0|trial=2,outlier_grid,5000,1207114495,378495627,2.994754765488841,15.286751648815459,2.4513619268935547,8.721481862939235,is,uniform_exact,uniform,1,0,1
exp_threshold_sweep,4.763157894736842,0,n=5000|of=0.1|om=2.0|trial=0,outlier_grid,5000,87788783,2062360654,0.6452892873409604,7.975916618900835,0.5163409891288573,2.760850703182625,uniform,uniform,uniform,0,0,0
exp_threshold_sweep,4.763157894736842,1,n=5000|of=0.1|om=2.0|trial=1,outlier_grid,5000,87788784,2063360657,0.6342794906340355,7.439749972949388,0.593925079616579,2.9879625844076387,uniform,uniform,uniform,0,0,0
exp_threshold_sweep,4.763157894736842,2,n=5000|of=0.1|om=2.0|trial=2,outlier_grid,5000,87788785,2064360660,0.6753511690743486,10.273263459798766,0.45507886592992286,2.49785017656233,uniform,uniform,uniform,0,0,0
exp_threshold_sweep,4.763157894736842,0,n=5000|of=0.1|om=5.0|trial=0,outlier_grid,5000,940314136,439914183,1.5642034237759075,7.461215325213151,1.7429428664803788,6.002945366635287,uniform,uniform_exact,uniform,0,0,0
exp_threshold_sweep,4.763157894736842,1,n=5000|of=0.1|om=5.0|trial=1,outlier_grid,5000,940314137,440914186,1.6069129255861263,7.627573339463385,1.4980534580292426,4.936774091390008,uniform,uniform_exact,uniform,0,0,0
exp_threshold_sweep,4.763157894736842,2,n=5000|of=0.1|om=5.0|trial=2,outlier_grid,5000,940314138,441914189,1.5835535573326203,7.463665704236842,1.639948057553382,5.698783557194784,uniform,uniform_exact,uniform,0,0,0
exp_threshold_sweep,4.763157894736842,0,n=5000|of=0.1|om=10.0|trial=0,outlier_grid,5000,1645361842,1314976143,2.4387528204411435,9.085143647908605,2.672149426228837,10.282030934951997,is,uniform_exact,uniform,0,0,1
exp_threshold_sweep,4.763157894736842,1,n=5000|of=0.1|om=10.0|trial=1,outlier_grid,5000,1645361843,1315976146,2.44827057345472,9.074192457210252,2.610172621031727,10.299684317968351,is,uniform_exact,uniform,1,0,1
exp_threshold_sweep,4.763157894736842,2,n=5000|of=0.1|om=10.0|trial=2,outlier_grid,5000,1645361844,1316976149,2.4335609917695766,9.037567396165114,2.432140933082087,8.443241605874858,is,uniform_exact,uniform,0,0,1
exp_threshold_sweep,4.763157894736842,0,n=5000|of=0.2|om=2.0|trial=0,outlier_grid,5000,964283481,1791838051,0.6519470284472162,8.754530513444111,0.9425379293408858,6.970398310895438,uniform,uniform_exact,uniform,0,0,0
exp_threshold_sweep,4.763157894736842,1,n=5000|of=0.2|om=2.0|trial=1,outlier_grid,5000,964283482,1792838054,0.6299048125270215,10.880578863376364,1.2902420195907043,9.650306299190214,uniform,uniform_exact,uniform,0,0,0
exp_threshold_sweep,4.763157894736842,2,n=5000|of=0.2|om=2.0|trial=2,outlier_grid,5000,964283483,1793838057,0.6870579308218044,13.544762416249597,0.6528389437682584,4.629340965074394,uniform,uniform,uniform,0,0,0
exp_threshold_sweep,4.763157894736842,0,n=5000|of=0.2|om=5.0|trial=0,outlier_grid,5000,1816808834,169391580,1.3838458656873216,5.062593836717688,1.3515476050458664,4.187463025792586,uniform,uniform_exact,uniform,0,0,0
exp_threshold_sweep,4.763157894736842,1,n=5000|of=0.2|om=5.0|trial=1,outlier_grid,5000,1816808835,170391583,1.398083832516939,5.098880683600188,1.4420551755037034,4.690667380157791,uniform,uniform_exact,uniform,0,0,0
exp_threshold_sweep,4.763157894736842,2,n=5000|of=0.2|om=5.0|trial=2,outlier_grid,5000,1816808836,171391586,1.3909424378180453,5.143704401559593,1.3375027521625489,3.944968396147521,uniform,uniform_exact,uniform,0,0,0
exp_threshold_sweep,4.763157894736842,0,n=5000|of=0.2|om=10.0|trial=0,outlier_grid,5000,374372893,1044453540,1.7911999033758386,5.04722867967325,1.494717701768776,3.637697163461259,is,uniform_exact,uniform,0,0,1
exp_threshold_sweep,4.763157894736842,1,n=5000|of=0.2|om=10.0|trial=1,outlier_grid,5000,374372894,1045453543,1.7925498435757545,5.031734118828527,2.1364155646716356,6.612657336619698,is,uniform_exact,uniform,0,0,1
exp_threshold_sweep,4.763157894736842,2,n=5000|of=0.2|om=10.0|trial=2,outlier_grid,5000,374372895,1046453546,1.799646793110485,5.033057676968276,1.7399057733653343,4.464797686777929,is,uniform_exact,uniform,0,0,1
exp_threshold_sweep,5.0,0,n=1000|of=0.0|om=2.0|trial=0,outlier_grid,1000,1442263617,746596494,0.617599978331471,6.544485015745742,0.6152318098373853,3.2176682650895607,uniform,uniform_exact,uniform,0,0,0
exp_threshold_sweep,5.0,1,n=1000|of=0.0|om=2.0|trial=1,outlier_grid,1000,1442263618,747596497,0.7016203194983847,6.4257658382788225,0.5173225795393717,2.369254158837104,uniform,uniform_exact,uniform,0,0,0
exp_threshold_sweep,5.0,2,n=1000|of=0.0|om=2.0|trial=2,outlier_grid,1000,1442263619,748596500,0.633503586176026,5.578210996800821,0.5132622889481248,2.8422281344632974,uniform,uniform_exact,uniform,0,0,0
exp_threshold_sweep,5.0,0,n=1000|of=0.0|om=5.0|trial=0,outlier_grid,1000,147305323,1271633670,0.6607087487078306,6.077985671873188,0.5580702880215271,2.6081187309907543,uniform,uniform_exact,uniform,0,0,0
exp_threshold_sweep,5.0,1,n=1000|of=0.0|om=5.0|trial=1,outlier_grid,1000,147305324,1272633673,0.6504739835154975,5.5695015501111715,0.8424104426904298,5.45710172637355,uniform,uniform_exact,uniform,0,0,0
exp_threshold_sweep,5.0,2,n=1000|of=0.0|om=5.0|trial=2,outlier_grid,1000,147305325,1273633676,0.6694892343956219,5.3838442549691585,0.8012274916640221,4.51405160993839,uniform,uniform_exact,uniform,0,0,0
exp_threshold_sweep,5.0,0,n=1000|of=0.0|om=10.0|trial=0,outlier_grid,1000,852353029,2146695630,0.6398166324088268,6.140337691272391,0.6736574264332034,2.9713480485679065,uniform,uniform_exact,uniform,0,0,0
exp_threshold_sweep,5.0,1,n=1000|of=0.0|om=10.0|trial=1,outlier_grid,1000,852353030,211986,0.6645481406412764,5.726033896808133,0.7225936778011166,3.4326072767620475,uniform,uniform_exact,uniform,0,0,0
exp_threshold_sweep,5.0,2,n=1000|of=0.0|om=10.0|trial=2,outlier_grid,1000,852353031,1211989,0.6625855174916219,6.889022080403152,0.6218559484159345,3.3549641589475017,uniform,uniform_exact,uniform,0,0,0
exp_threshold_sweep,5.0,0,n=1000|of=0.01|om=2.0|trial=0,outlier_grid,1000,670919628,504795869,0.6194948810036581,4.431036671722072,0.5123060979698983,3.0744285715606123,uniform,uniform_exact,uniform,0,0,0
exp_threshold_sweep,5.0,1,n=1000|of=0.01|om=2.0|trial=1,outlier_grid,1000,670919629,505795872,0.6419604984348997,5.780451621515172,0.5581058802099402,2.4035216432298396,uniform,uniform_exact,uniform,0,0,0
exp_threshold_sweep,5.0,2,n=1000|of=0.01|om=2.0|trial=2,outlier_grid,1000,670919630,506795875,0.6478534945181104,7.295799872829969,0.6898867122118817,3.0964384470197053,uniform,uniform_exact,uniform,0,0,0
exp_threshold_sweep,5.0,0,n=1000|of=0.01|om=5.0|trial=0,outlier_grid,1000,1523444981,1029833045,0.9275708025452007,9.067911114745035,0.524679986602045,3.1922605409430833,uniform,uniform_exact,uniform,0,0,0
exp_threshold_sweep,5.0,1,n=1000|of=0.01|om=5.0|trial=1,outlier_grid,1000,1523444982,1030833048,0.8826442516694574,9.20078801072338,0.8356157786981179,5.958669228201275,uniform,uniform_exact,uniform,0,0,0
exp_threshold_sweep,5.0,2,n=1000|of=0.01|om=5.0|trial=2,outlier_grid,1000,1523444983,1031833051,0.8944373892679047,9.492564196854993,0.689325958074912,4.0499222407515845,uniform,uniform_exact,uniform,0,0,0
exp_threshold_sweep,5.0,0,n=1000|of=0.01|om=10.0|trial=0,outlier_grid,1000,81009040,1904895005,2.1600848596659037,23.591190740265375,2.4809082985095396,17.979519166117807,uniform,uniform_exact,uniform,0,0,0
exp_threshold_sweep,5.0,1,n=1000|of=0.01|om=10.0|trial=1,outlier_grid,1000,81009041,1905895008,2.186629044024305,23.67565527185168,3.0502294636273,22.052882718382953,uniform,uniform_exact,uniform,0,0,0
exp_threshold_sweep,5.0,2,n=1000|of=0.01|om=10.0|trial=2,outlier_grid,1000,81009042,1906895011,2.202788337834508,23.474969597415352,0.626361939469471,2.8002181886839272,uniform,uniform_exact,uniform,1,0,0
exp_threshold_sweep,5.0,0,n=1000|of=0.02|om=2.0|trial=0,outlier_grid,1000,2047059286,262995244,0.668926440883736,6.047119721303887,0.5880754035367165,3.1475920926362395,uniform,uniform_exact,uniform,0,0,0
exp_threshold_sweep,5.0,1,n=1000|of=0.02|om=2.0|trial=1,outlier_grid,1000,2047059287,263995247,0.6096939094021688,4.754850690421404,0.6452961751098462,4.09501376801855,uniform,uniform_exact,uniform,0,0,0
exp_threshold_sweep,5.0,2,n=1000|of=0.02|om=2.0|trial=2,outlier_grid,1000,2047059288,264995250,0.619980694353103,5.711189635441723,0.5651777400733701,3.3303956317356516,uniform,uniform_exact,uniform,0,0,0
exp_threshold_sweep,5.0,0,n=1000|of=0.02|om=5.0|trial=0,outlier_grid,1000,752100992,788032420,1.0363964890753734,8.83629684462703,1.046218904804238,5.233554199210693,uniform,uniform_exact,uniform,0,0,0
exp_threshold_sweep,5.0,1,n=1000|of=0.02|om=5.0|trial=1,outlier_grid,1000,752100993,789032423,1.0808453099122093,9.327938871539764,1.245282591062232,6.603946468360601,uniform,uniform_exact,uniform,0,0,0
exp_threshold_sweep,5.0,2,n=1000|of=0.02|om=5.0|trial=2,outlier_grid,1000,752100994,790032426,1.0555990939448983,9.079803243418585,0.9952428477544591,7.35052565458268,uniform,uniform_exact,uniform,0,0,0
exp_threshold_sweep,5.0,0,n=1000|of=0.02|om=10.0|trial=0,outlier_grid,1000,1457148698,1663094380,2.4223349633420703,19.324723385669508,2.127357592916901,15.455013529047777,uniform,uniform_exact,uniform,1,0,0
exp_threshold_sweep,5.0,1,n=1000|of=0.02|om=10.0|trial=1,outlier_grid,1000,1457148699,1664094383,2.4594205603819232,19.349043540692758,2.6236231595780546,18.815879597074133,uniform,uniform_exact,uniform,1,0,0
exp_threshold_sweep,5.0,2,n=1000|of=0.02|om=10.0|trial=2,outlier_grid,1000,1457148700,1665094386,2.441556227376376,19.145175988469532,2.509206599562885,18.197639929675457,uniform,uniform_exact,uniform,1,0,0
exp_threshold_sweep,5.0,0,n=1000|of=0.05|om=2.0|trial=0,outlier_grid,1000,1880510966,1685077016,0.6787566315775071,6.9795351614658365,0.5470354616628058,3.298061000691905,uniform,uniform_exact,uniform,0,0,0
exp_threshold_sweep,5.0,1,n=1000|of=0.05|om=2.0|trial=1,outlier_grid,1000,1880510967,1686077019,0.6273247767797993,5.416408240314115,0.5771567904774915,2.833868158635527,uniform,uniform_exact,uniform,0,0,0
exp_threshold_sweep,5.0,2,n=1000|of=0.05|om=2.0|trial=2,outlier_grid,1000,1880510968,1687077022,0.6436184853347732,6.685255422490038,0.872414020779994,5.662031338176808,uniform,uniform_exact,uniform,0,0,0
exp_threshold_sweep,5.0,0,n=1000|of=0.05|om=5.0|trial=0,outlier_grid,1000,585552672,62630545,1.322654341020879,7.809373922547658,1.2107244081611326,8.461653424768866,uniform,uniform_exact,uniform,0,0,0
exp_threshold_sweep,5.0,1,n=1000|of=0.05|om=5.0|trial=1,outlier_grid,1000,585552673,63630548,1.2985808873964355,8.313744404611858,1.1935913810236272,8.465569216322855,uniform,uniform_exact,uniform,0,0,0
exp_threshold_sweep,5.0,2,n=1000|of=0.05|om=5.0|trial=2,outlier_grid,1000,585552674,64630551,1.208561744925839,7.712949719548932,1.023903988305294,6.509388962125415,uniform,uniform_exact,uniform,0,0,0
exp_threshold_sweep,5.0,0,n=1000|of=0.05|om=10.0|trial=0,outlier_grid,1000,1290600378,937692505,2.507398434602011,12.789785607408268,2.52889135738148,11.38191877486737,uniform,uniform_exact,uniform,1,0,0
exp_threshold_sweep,5.0,1,n=1000|of=0.05|om=10.0|trial=1,outlier_grid,1000,1290600379,938692508,2.520669114923294,12.78671987327333,0.7802917695626609,4.195207083509193,uniform,uniform_exact,uniform,1,0,0
exp_threshold_sweep,5.0,2,n=1000|of=0.05|om=10.0|trial=2,outlier_grid,1000,1290600380,939692511,2.49068495781207,12.596211278828237,2.5718307449070474,18.522315871989086,uniform,uniform_exact,uniform,1,0,0
exp_threshold_sweep,5.0,0,n=1000|of=0.1|om=2.0|trial=0,outlier_grid,1000,171274668,476073891,0.6524098435515786,7.086241475883487,0.48725749175298677,3.022840881300818,uniform,uniform_exact,uniform,0,0,0
exp_threshold_sweep,5.0,1,n=1000|of=0.1|om=2.0|trial=1,outlier_grid,1000,171274669,477073894,0.581167313005821,6.085439413528287,0.46137721067861104,2.6293703618919833,uniform,uniform_exact,uniform,0,0,0
exp_threshold_sweep,5.0,2,n=1000|of=0.1|om=2.0|trial=2,outlier_grid,1000,171274670,478073897,0.6984683097008569,7.200833170425255,0.4828488563725572,2.652400943826573,uniform,uniform_exact,uniform,0,0,0
exp_threshold_sweep,5.0,0,n=1000|of=0.1|om=5.0|trial=0,outlier_grid,1000,1023800021,1001111067,1.3537758517722411,6.291632634044208,1.349769611784798,4.994817157317429,uniform,uniform_exact,uniform,0,0,0
exp_threshold_sweep,5.0,1,n=1000|of=0.1|om=5.0|trial=1,outlier_grid,1000,1023800022,1002111070,1.367532997551312,6.235878482522877,1.5127636746214623,5.953062807356854,uniform,uniform_exact,uniform,0,0,0
exp_threshold_sweep,5.0,2,n=1000|of=0.1|om=5.0|trial=2,outlier_grid,1000,1023800023,1003111073,1.3274574831627268,6.042607423381932,1.503776586820962,6.625826468959556,uniform,uniform_exact,uniform,0,0,0
exp_threshold_sweep,5.0,0,n=1000|of=0.1|om=10.0|trial=0,outlier_grid,1000,1728847727,1876173027,2.1745485439283283,8.206958182334139,2.567702184697711,11.74824118536096,uniform,uniform_exact,uniform,0,0,0
exp_threshold_sweep,5.0,1,n=1000|of=0.1|om=10.0|trial=1,outlier_grid,1000,1728847728,1877173030,2.2071501455785794,8.244504029581895,1.8890327586114135,5.4499946620047615,uniform,uniform_exact,uniform,1,0,0
exp_threshold_sweep,5.0,2,n=1000|of=0.1|om=10.0|trial=2,outlier_grid,1000,1728847729,1878173033,2.2131805137021714,8.13937339152958,2.13288274377505,7.028947300497711,uniform,uniform_exact,uniform,1,0,0
exp_threshold_sweep,5.0,0,n=1000|of=0.2|om=2.0|trial=0,outlier_grid,1000,1047769366,205551288,0.596226390605092,7.59566327931635,0.540944188236549,2.9459304757734612,uniform,uniform_exact,uniform,0,0,0
exp_threshold_sweep,5.0,1,n=1000|of=0.2|om=2.0|trial=1,outlier_grid,1000,1047769367,206551291,0.5707637716995058,4.76013034379612,0.5768618650106332,3.180428515241453,uniform,uniform_exact,uniform,0,0,0
exp_threshold_sweep,5.0,2,n=1000|of=0.2|om=2.0|trial=2,outlier_grid,1000,1047769368,207551294,0.6082008942884182,5.59710910895369,0.43456318109063335,2.7256540356055075,uniform,uniform_exact,uniform,0,0,0
exp_threshold_sweep,5.0,0,n=1000|of=0.2|om=5.0|trial=0,outlier_grid,1000,1900294719,730588464,1.2128763710131376,4.437108297044463,1.1236587784118424,3.1633760505576634,uniform,uniform_exact,uniform,0,0,0
exp_threshold_sweep,5.0,1,n=1000|of=0.2|om=5.0|trial=1,outlier_grid,1000,1900294720,731588467,1.222022170293529,4.453870144522961,1.3217392073276593,4.542127318754005,uniform,uniform_exact,uniform,0,0,0
exp_threshold_sweep,5.0,2,n=1000|of=0.2|om=5.0|trial=2,outlier_grid,1000,1900294721,732588470,1.2283430251331136,4.34226493758284,1.1186710958780077,3.307597338706118,uniform,uniform_exact,uniform,0,0,0
exp_threshold_sweep,5.0,0,n=1000|of=0.2|om=10.0|trial=0,outlier_grid,1000,457858778,1605650424,1.6822322474532947,4.785774324099834,1.8470327119837588,5.453708168544484,uniform,uniform_exact,uniform,0,0,0
exp_threshold_sweep,5.0,1,n=1000|of=0.2|om=10.0|trial=1,outlier_grid,1000,457858779,1606650427,1.6828609678688584,4.797205593998007,2.0040796879075162,6.1884873711544754,uniform,uniform_exact,uniform,0,0,0
exp_threshold_sweep,5.0,2,n=1000|of=0.2|om=10.0|trial=2,outlier_grid,1000,457858780,1607650430,1.6824444119691087,4.694431122747657,1.94102089423349,5.609238114043057,uniform,uniform_exact,uniform,0,0,0
exp_threshold_sweep,5.0,0,n=2000|of=0.0|om=2.0|trial=0,outlier_grid,2000,884521234,1143168185,0.6437859806065077,7.26494190000632,0.7319922397071669,5.272276568669422,uniform,uniform_exact,uniform,0,0,0
exp_threshold_sweep,5.0,1,n=2000|of=0.0|om=2.0|trial=1,outlier_grid,2000,884521235,1144168188,0.6783226328241753,6.987718128416362,0.6880425932063922,3.210405529203636,uniform,uniform_exact,uniform,0,0,0
exp_threshold_sweep,5.0,2,n=2000|of=0.0|om=2.0|trial=2,outlier_grid,2000,884521236,1145168191,0.7008485258315146,10.87323753149392,0.5474713227411176,2.8468267305736847,uniform,uniform_exact,uniform,0,0,0
exp_threshold_sweep,5.0,0,n=2000|of=0.0|om=5.0|trial=0,outlier_grid,2000,1737046587,1668205361,0.6647636523552978,9.371015606248461,0.4986255256743879,2.326236432486352,uniform,uniform_exact,uniform,0,0,0
exp_threshold_sweep,5.0,1,n=2000|of=0.0|om=5.0|trial=1,outlier_grid,2000,1737046588,1669205364,0.6503303945228937,7.618833107152736,0.6561968513087848,3.535493086307107,uniform,uniform_exact,uniform,0,0,0
exp_threshold_sweep,5.0,2,n=2000|of=0.0|om=5.0|trial=2,outlier_grid,2000,1737046589,1670205367,0.7116392058914187,10.837519913683188,0.5787770617208087,2.5087549095079926,uniform,uniform_exact,uniform,0,0,0
exp_threshold_sweep,5.0,0,n=2000|of=0.0|om=10.0|trial=0,outlier_grid,2000,294610646,395783674,0.6984542271619008,9.191213698217632,1.3304800289030707,9.19368828790275,uniform,uniform_exact,uniform,0,0,0
exp_threshold_sweep,5.0,1,n=2000|of=0.0|om=10.0|trial=1,outlier_grid,2000,294610647,396783677,0.6531760108020092,9.05950966881119,0.43796848637273184,2.31326739716361,uniform,uniform,uniform,0,0,0
exp_threshold_sweep,5.0,2,n=2000|of=0.0|om=10.0|trial=2,outlier_grid,2000,294610648,397783680,0.6722700999610615,5.917746054892996,0.5901230925744716,3.496587451427081,uniform,uniform_exact,uniform,0,0,0
exp_threshold_sweep,5.0,0,n=2000|of=0.01|om=2.0|trial=0,outlier_grid,2000,113177245,901367560,0.7041455345419971,8.158001271669198,0.8806748581854523,4.927324120593695,uniform,uniform_exact,uniform,0,0,0
exp_threshold_sweep,5.0,1,n=2000|of=0.01|om=2.0|trial=1,outlier_grid,2000,113177246,902367563,0.6776575995706522,7.229319530734069,0.7840643039053747,4.136766856821237,uniform,uniform_exact,uniform,0,0,0
exp_threshold_sweep,5.0,2,n=2000|of=0.01|om=2.0|trial=2,outlier_grid,2000,113177247,903367566,0.6623640231431586,9.28680597708695,0.670984945673751,4.2497051203169685,uniform,uniform_exact,uniform,0,0,0
exp_threshold_sweep,5.0,0,n=2000|of=0.01|om=5.0|trial=0,outlier_grid,2000,965702598,1426404736,0.9816612409123018,11.124163624423396,0.5450212936245985,3.3172621578628014,uniform,uniform_exact,uniform,0,0,0
exp_threshold_sweep,5.0,1,n=2000|of=0.01|om=5.0|trial=1,outlier_grid,2000,965702599,1427404739,1.019893147231907,10.771710935140439,1.362059293054131,7.42158435694131,uniform,uniform_exact,uniform,0,0,0
exp_threshold_sweep,5.0,2,n=2000|of=0.01|om=5.0|trial=2,outlier_grid,2000,965702600,1428404742,1.0038984191058524,11.152323945467518,0.77805526636519,5.3999978647811595,uniform,uniform_exact,uniform,0,0,0
exp_threshold_sweep,5.0,0,n=2000|of=0.01|om=10.0|trial=0,outlier_grid,2000,1670750304,153983049,2.485939595674491,27.10730987984548,0.8143462118631664,5.574169747809519,uniform,uniform_exact,uniform,1,0,0
exp_threshold_sweep,5.0,1,n=2000|of=0.01|om=10.0|trial=1,outlier_grid,2000,1670750305,154983052,2.4574092914423638,26.830979453268434,0.6014438991429195,4.279522353385754,uniform,uniform_exact,uniform,1,0,0
exp_threshold_sweep,5.0,2,n=2000|of=0.01|om=10.0|trial=2,outlier_grid,2000,1670750306,155983055,2.4875934157876274,27.001639859771334,0.5696191284996958,2.994015379158123,uniform,uniform_exact,uniform,1,0,0
exp_threshold_sweep,5.0,0,n=2000|of=0.02|om=2.0|trial=0,outlier_grid,2000,1489316903,659566935,0.6522247884106012,6.7974888408872705,0.7509956848540755,3.9752736049186055,uniform,uniform_exact,uniform,0,0,0
exp_threshold_sweep,5.0,1,n=2000|of=0.02|om=2.0|trial=1,outlier_grid,2000,1489316904,660566938,0.708592555862065,7.3196862152942685,0.6729460962163949,3.643443738964609,uniform,uniform_exact,uniform,0,0,0
exp_threshold_sweep,5.0,2,n=2000|of=0.02|om=2.0|trial=2,outlier_grid,2000,1489316905,661566941,0.6266465193598646,6.766098028970186,0.6005153896121611,3.1106556790248434,uniform,uniform_exact,uniform,0,0,0
exp_threshold_sweep,5.0,0,n=2000|of=0.02|om=5.0|trial=0,outlier_grid,2000,194358609,1184604111,1.187664640127493,10.482197021947206,0.5577614713852458,2.81208567654602,uniform,uniform_exact,uniform,0,0,0
exp_threshold_sweep,5.0,1,n=2000|of=0.02|om=5.0|trial=1,outlier_grid,2000,194358610,1185604114,1.169122399391696,10.541280528053289,1.5852287808538303,9.347763797465248,uniform,uniform_exact,uniform,0,0,0
exp_threshold_sweep,5.0,2,n=2000|of=0.02|om=5.0|trial=2,outlier_grid,2000,194358611,1186604117,1.2297958209577402,10.40504305776103,1.3025268543415496,9.317442791643183,uniform,uniform_exact,uniform,0,0,0
exp_threshold_sweep,5.0,0,n=2000|of=0.02|om=10.0|trial=0,outlier_grid,2000,899406315,2059666071,2.869439534666998,22.1660269939405,3.227716951275259,23.31303523661311,uniform,uniform_exact,uniform,1,0,0
exp_threshold_sweep,5.0,1,n=2000|of=0.02|om=10.0|trial=1,outlier_grid,2000,899406316,2060666074,2.804968516663726,22.06499967036417,0.49823641409102776,3.4254305067409274,uniform,uniform_exact,uniform,1,0,0
exp_threshold_sweep,5.0,2,n=2000|of=0.02|om=10.0|trial=2,outlier_grid,2000,899406317,2061666077,2.735942484849644,21.257719756855096,0.5329478000616578,2.9463876225977588,uniform,uniform_exact,uniform,1,0,0
exp_threshold_sweep,5.0,0,n=2000|of=0.05|om=2.0|trial=0,outlier_grid,2000,1322768583,2081648707,0.65141260441657,7.2644391200920655,0.7806570725425803,4.859156873544925,uniform,uniform_exact,uniform,0,0,0
exp_threshold_sweep,5.0,1,n=2000|of=0.05|om=2.0|trial=1,outlier_grid,2000,1322768584,2082648710,0.6410291195607866,6.374989174742897,0.5170387137431821,2.67218934428578,uniform,uniform_exact,uniform,0,0,0
exp_threshold_sweep,5.0,2,n=2000|of=0.05|om=2.0|trial=2,outlier_grid,2000,1322768585,2083648713,0.6227487686611384,6.430958934057433,0.556415694332572,3.0818349732092156,uniform,uniform_exact,uniform,0,0,0
exp_threshold_sweep,5.0,0,n=2000|of=0.05|om=5.0|trial=0,outlier_grid,2000,27810289,459202236,1.358269331673104,8.966713358539577,1.5518444442613695,6.48011253382885,uniform,uniform_exact,uniform,0,0,0
exp_threshold_sweep,5.0,1,n=2000|of=0.05|om=5.0|trial=1,outlier_grid,2000,27810290,460202239,1.3763076923974027,8.285852764690443,1.3196727454503239,7.634285428143426,uniform,uniform_exact,uniform,0,0,0
exp_threshold_sweep,5.0,2,n=2000|of=0.05|om=5.0|trial=2,outlier_grid,2000,27810291,461202242,1.4611702597146317,9.106720084066147,1.4333725108210158,10.475122137097486,uniform,uniform_exact,uniform,0,0,0
exp_threshold_sweep,5.0,0,n=2000|of=0.05|om=10.0|trial=0,outlier_grid,2000,732857995,1334264196,2.7142794007709448,13.745211635687745,2.4868236439153915,9.922403143421,uniform,uniform_exact,uniform,1,0,0
exp_threshold_sweep,5.0,1,n=2000|of=0.05|om=10.0|trial=1,outlier_grid,2000,732857996,1335264199,2.726308523162901,13.889554001701725,2.673091304313915,12.436579684022638,uniform,uniform_exact,uniform,1,0,0
exp_threshold_sweep,5.0,2,n=2000|of=0.05|om=10.0|trial=2,outlier_grid,2000,732857997,1336264202,2.7326270401993864,13.72668609604081,2.8671747698684493,13.024074433319196,uniform,uniform_exact,uniform,1,0,0
exp_threshold_sweep,5.0,0,n=2000|of=0.1|om=2.0|trial=0,outlier_grid,2000,1761015932,872645582,0.5866904178552818,6.882127609815075,0.5115198728072129,2.426675774795192,uniform,uniform_exact,uniform,0,0,0
exp_threshold_sweep,5.0,1,n=2000|of=0.1|om=2.0|trial=1,outlier_grid,2000,1761015933,873645585,0.6805166058317258,7.844182030189697,0.6307021966336049,3.9868025194917425,uniform,uniform_exact,uniform,0,0,0
exp_threshold_sweep,5.0,2,n=2000|of=0.1|om=2.0|trial=2,outlier_grid,2000,1761015934,874645588,0.6075248895724128,8.488601778181627,0.47172793266523927,2.139489556709908,uniform,uniform_exact,uniform,0,0,0
exp_threshold_sweep,5.0,0,n=2000|of=0.1|om=5.0|trial=0,outlier_grid,2000,466057638,1397682758,1.4612428196080953,6.753627793666996,1.5616306044631334,7.033881006500481,uniform,uniform_exact,uniform,0,0,0
exp_threshold_sweep,5.0,1,n=2000|of=0.1|om=5.0|trial=1,outlier_grid,2000,466057639,1398682761,1.4764441467779024,6.956174126191189,1.758960142332702,8.223055187203988,uniform,uniform_exact,uniform,0,0,0
exp_threshold_sweep,5.0,2,n=2000|of=0.1|om=5.0|trial=2,outlier_grid,2000,466057640,1399682764,1.4190922443740461,6.741387981806074,1.584368990771508,7.515835082792808,uniform,uniform_exact,uniform,0,0,0
exp_threshold_sweep,5.0,0,n=2000|of=0.1|om=10.0|trial=0,outlier_grid,2000,1171105344,125261071,2.301445779003562,8.777361115865295,1.9731456831499927,5.98390051419122,uniform,uniform_exact,uniform,0,0,0
exp_threshold_sweep,5.0,1,n=2000|of=0.1|om=10.0|trial=1,outlier_grid,2000,1171105345,126261074,2.3152827988189686,8.658788130102245,2.1381229557257773,7.268831753998294,uniform,uniform_exact,uniform,1,0,0
exp_threshold_sweep,5.0,2,n=2000|of=0.1|om=10.0|trial=2,outlier_grid,2000,1171105346,127261077,2.30933321640677,8.687845653682372,2.663136082637045,11.704950111131177,uniform,uniform_exact,uniform,1,0,0
exp_threshold_sweep,5.0,0,n=2000|of=0.2|om=2.0|trial=0,outlier_grid,2000,490026983,602122979,0.5915941849529013,6.747218403782818,0.5028533924354799,2.290823128964318,uniform,uniform_exact,uniform,0,0,0
exp_threshold_sweep,5.0,1,n=2000|of=0.2|om=2.0|trial=1,outlier_grid,2000,490026984,603122982,0.5845956482433441,7.133862103294786,0.5602791865279116,3.4799699019462875,uniform,uniform_exact,uniform,0,0,0
exp_threshold_sweep,5.0,2,n=2000|of=0.2|om=2.0|trial=2,outlier_grid,2000,490026985,604122985,0.6364016724628121,6.162099158324124,0.771793901103335,4.595449843437503,uniform,uniform_exact,uniform,0,0,0
exp_threshold_sweep,5.0,0,n=2000|of=0.2|om=5.0|trial=0,outlier_grid,2000,1342552336,1127160155,1.2983740571519216,4.789065542177101,1.242421292249279,4.282899593240393,uniform,uniform_exact,uniform,0,0,0
exp_threshold_sweep,5.0,1,n=2000|of=0.2|om=5.0|trial=1,outlier_grid,2000,1342552337,1128160158,1.3147579288921611,4.448881049791875,1.3869978618623864,4.316650726243026,uniform,uniform_exact,uniform,0,0,0
exp_threshold_sweep,5.0,2,n=2000|of=0.2|om=5.0|trial=2,outlier_grid,2000,1342552338,1129160161,1.3083480127020897,4.637299734571176,1.3539342593519526,4.969271365851093,uniform,uniform_exact,uniform,0,0,0
exp_threshold_sweep,5.0,0,n=2000|of=0.2|om=10.0|trial=0,outlier_grid,2000,2047600042,2002222115,1.7372109637686688,4.909762302581473,1.735747777723692,4.863651960684455,uniform,uniform_exact,uniform,0,0,0
exp_threshold_sweep,5.0,1,n=2000|of=0.2|om=10.0|trial=1,outlier_grid,2000,2047600043,2003222118,1.7421178180833923,4.869082529210165,1.8467218190620094,5.238687108931214,uniform,uniform_exact,uniform,0,0,0
exp_threshold_sweep,5.0,2,n=2000|of=0.2|om=10.0|trial=2,outlier_grid,2000,2047600044,2004222121,1.7399890427199698,4.970317505328127,1.7807567586069415,4.832588793061147,uniform,uniform_exact,uniform,0,0,0
exp_threshold_sweep,5.0,0,n=5000|of=0.0|om=2.0|trial=0,outlier_grid,5000,1358777732,185399611,0.7224807944290408,9.893139619301449,0.9271988017445161,6.493334843693618,uniform,uniform_exact,uniform,0,0,0
exp_threshold_sweep,5.0,1,n=5000|of=0.0|om=2.0|trial=1,outlier_grid,5000,1358777733,186399614,0.6783674416504732,9.248645932905605,0.5785807647495678,3.0786882683643295,uniform,uniform,uniform,0,0,0
exp_threshold_sweep,5.0,2,n=5000|of=0.0|om=2.0|trial=2,outlier_grid,5000,1358777734,187399617,0.6974014263102107,8.500077009248255,0.6039379193701697,2.7391447991176663,uniform,uniform,uniform,0,0,0
exp_threshold_sweep,5.0,0,n=5000|of=0.0|om=5.0|trial=0,outlier_grid,5000,63819438,710436787,0.6966704990056833,11.78855723114979,0.571506349643736,2.809437507942813,uniform,uniform,uniform,0,0,0
exp_threshold_sweep,5.0,1,n=5000|of=0.0|om=5.0|trial=1,outlier_grid,5000,63819439,711436790,0.7020645774986704,10.493395057863204,0.538263709002928,2.146216773314326,uniform,uniform,uniform,0,0,0
exp_threshold_sweep,5.0,2,n=5000|of=0.0|om=5.0|trial=2,outlier_grid,5000,63819440,712436793,0.6964872202949357,12.14043386833435,1.1685894751785268,8.148456261487421,uniform,uniform_exact,uniform,0,0,0
exp_threshold_sweep,5.0,0,n=5000|of=0.0|om=10.0|trial=0,outlier_grid,5000,768867144,1585498747,0.6923142098960464,10.791047985600459,0.5557513455067041,2.468453828315893,uniform,uniform,uniform,0,0,0
exp_threshold_sweep,5.0,1,n=5000|of=0.0|om=10.0|trial=1,outlier_grid,5000,768867145,1586498750,0.6749404683005831,10.377327086148796,0.6675123170655837,4.111367697654548,uniform,uniform,uniform,0,0,0
exp_threshold_sweep,5.0,2,n=5000|of=0.0|om=10.0|trial=2,outlier_grid,5000,768867146,1587498753,0.7043250568842707,9.485986571983513,0.6166910548968833,3.111751395197356,uniform,uniform,uniform,0,0,0
exp_threshold_sweep,5.0,0,n=5000|of=0.01|om=2.0|trial=0,outlier_grid,5000,587433743,2091082633,0.7278048746693839,12.570758348270179,0.5102646709655141,2.4022621726391464,uniform,uniform,uniform,0,0,0
exp_threshold_sweep,5.0,1,n=5000|of=0.01|om=2.0|trial=1,outlier_grid,5000,587433744,2092082636,0.6959390046794844,8.19052749199074,0.9778253361249285,6.302238229542228,uniform,uniform_exact,uniform,0,0,0
exp_threshold_sweep,5.0,2,n=5000|of=0.01|om=2.0|trial=2,outlier_grid,5000,587433745,2093082639,0.7275752487361427,11.991683623295147,0.5454160431900089,3.168087826042665,uniform,uniform,uniform,0,0,0
exp_threshold_sweep,5.0,0,n=5000|of=0.01|om=5.0|trial=0,outlier_grid,5000,1439959096,468636162,1.1514945012448503,13.921170970329356,0.8929597244759686,6.135703039792438,uniform,uniform_exact,uniform,0,0,0
exp_threshold_sweep,5.0,1,n=5000|of=0.01|om=5.0|trial=1,outlier_grid,5000,1439959097,469636165,1.1000620070210954,13.282787825099584,0.5636803401015276,3.0057975020220007,uniform,uniform,uniform,0,0,0
exp_threshold_sweep,5.0,2,n=5000|of=0.01|om=5.0|trial=2,outlier_grid,5000,1439959098,470636168,1.169644960173019,14.047324928197764,0.6145290340819962,2.8333287645665117,uniform,uniform,uniform,0,0,0
exp_threshold_sweep,5.0,0,n=5000|of=0.01|om=10.0|trial=0,outlier_grid,5000,2145006802,1343698122,3.012040993380712,33.184170841399485,3.12476136420503,16.266723528805525,is,uniform_exact,uniform,1,0,1
exp_threshold_sweep,5.0,1,n=5000|of=0.01|om=10.0|trial=1,outlier_grid,5000,2145006803,1344698125,3.05512119238724,33.62125804296652,3.3588575075650304,24.20245753971945,is,uniform_exact,uniform,1,0,1
exp_threshold_sweep,5.0,2,n=5000|of=0.01|om=10.0|trial=2,outlier_grid,5000,2145006804,1345698128,3.0106207049135034,32.90968384374054,0.655472539618439,3.871088723004153,is,uniform,uniform,1,0,1
exp_threshold_sweep,5.0,0,n=5000|of=0.02|om=2.0|trial=0,outlier_grid,5000,1963573401,1849282008,0.6966747062003946,7.519776239119451,0.5280497165045894,3.1968542422726984,uniform,uniform,uniform,0,0,0
exp_threshold_sweep,5.0,1,n=5000|of=0.02|om=2.0|trial=1,outlier_grid,5000,1963573402,1850282011,0.7118330565326979,11.001515450812754,0.5393598597698515,2.9543039288504103,uniform,uniform,uniform,0,0,0
exp_threshold_sweep,5.0,2,n=5000|of=0.02|om=2.0|trial=2,outlier_grid,5000,1963573403,1851282014,0.65806351816426,9.25657713996702,0.558766800988288,2.8916112421598092,uniform,uniform,uniform,0,0,0
exp_threshold_sweep,5.0,0,n=5000|of=0.02|om=5.0|trial=0,outlier_grid,5000,668615107,226835537,1.324498034040619,12.321985384365552,0.8417638961557347,5.351406972937487,uniform,uniform_exact,uniform,0,0,0
exp_threshold_sweep,5.0,1,n=5000|of=0.02|om=5.0|trial=1,outlier_grid,5000,668615108,227835540,1.3258723349377788,12.187571001132723,1.1425601138019,7.340891117959163,uniform,uniform_exact,uniform,0,0,0
exp_threshold_sweep,5.0,2,n=5000|of=0.02|om=5.0|trial=2,outlier_grid,5000,668615109,228835543,1.3582145587406718,12.411829353085658,1.3835231580438554,9.089127947926812,uniform,uniform_exact,uniform,0,0,0
exp_threshold_sweep,5.0,0,n=5000|of=0.02|om=10.0|trial=0,outlier_grid,5000,1373662813,1101897497,3.273305510801266,25.581420388004364,3.1073639484211784,22.37059843529064,is,uniform_exact,uniform,1,0,1
exp_threshold_sweep,5.0,1,n=5000|of=0.02|om=10.0|trial=1,outlier_grid,5000,1373662814,1102897500,3.270192893939796,25.42383972037984,0.8112344310477789,5.332969545028328,is,uniform_exact,uniform,1,0,1
exp_threshold_sweep,5.0,2,n=5000|of=0.02|om=10.0|trial=2,outlier_grid,5000,1373662815,1103897503,3.2584141459449203,25.386482551776233,3.286315004703227,23.694048514782054,is,uniform_exact,uniform,1,0,1
exp_threshold_sweep,5.0,0,n=5000|of=0.05|om=2.0|trial=0,outlier_grid,5000,1797025081,1123880133,0.6808824421638225,9.063293680601529,1.1813923727275477,8.183343537015446,uniform,uniform_exact,uniform,0,0,0
exp_threshold_sweep,5.0,1,n=5000|of=0.05|om=2.0|trial=1,outlier_grid,5000,1797025082,1124880136,0.6814735797847691,8.168079323694936,0.5573047702322723,3.256620990446316,uniform,uniform,uniform,0,0,0
exp_threshold_sweep,5.0,2,n=5000|of=0.05|om=2.0|trial=2,outlier_grid,5000,1797025083,1125880139,0.6730762768779296,7.51328610662532,0.6434264468118056,4.098354177751294,uniform,uniform,uniform,0,0,0
exp_threshold_sweep,5.0,0,n=5000|of=0.05|om=5.0|trial=0,outlier_grid,5000,502066787,1648917309,1.5610511723927194,9.482297366454727,1.2555099384094215,9.201298076309564,uniform,uniform_exact,uniform,0,0,0
exp_threshold_sweep,5.0,1,n=5000|of=0.05|om=5.0|trial=1,outlier_grid,5000,502066788,1649917312,1.5983515327881193,10.05179141412876,1.6950388500805964,8.513487970889903,uniform,uniform_exact,uniform,0,0,0
exp_threshold_sweep,5.0,2,n=5000|of=0.05|om=5.0|trial=2,outlier_grid,5000,502066789,1650917315,1.564054233622819,9.903368559014538,1.4622554836920272,8.810279659046587,uniform,uniform_exact,uniform,0,0,0
exp_threshold_sweep,5.0,0,n=5000|of=0.05|om=10.0|trial=0,outlier_grid,5000,1207114493,376495622,3.0064614329892705,15.45576789854595,2.5659889369752404,9.19973795774208,is,uniform_exact,uniform,1,0,1
exp_threshold_sweep,5.0,1,n=5000|of=0.05|om=10.0|trial=1,outlier_grid,5000,1207114494,377495625,2.975958669383625,15.516826552718598,3.208910759913141,17.100884174885625,is,uniform_exact,uniform,1,0,1
exp_threshold_sweep,5.0,2,n=5000|of=0.05|om=10.0|trial=2,outlier_grid,5000,1207114495,378495628,2.994754765488841,15.286751648815459,2.583510589500473,9.991882277202977,is,uniform_exact,uniform,1,0,1
exp_threshold_sweep,5.0,0,n=5000|of=0.1|om=2.0|trial=0,outlier_grid,5000,87788783,2062360655,0.6452892873409604,7.975916618900835,0.5714203162168445,2.6048712090658883,uniform,uniform,uniform,0,0,0
exp_threshold_sweep,5.0,1,n=5000|of=0.1|om=2.0|trial=1,outlier_grid,5000,87788784,2063360658,0.6342794906340355,7.439749972949388,0.7098337197809563,4.3141443398024695,uniform,uniform_exact,uniform,0,0,0
exp_threshold_sweep,5.0,2,n=5000|of=0.1|om=2.0|trial=2,outlier_grid,5000,87788785,2064360661,0.6753511690743486,10.273263459798766,0.6194566061553386,3.4071650968036846,uniform,uniform,uniform,0,0,0
exp_threshold_sweep,5.0,0,n=5000|of=0.1|om=5.0|trial=0,outlier_grid,5000,940314136,439914184,1.5642034237759075,7.461215325213151,1.6619558207516432,7.534419509099021,uniform,uniform_exact,uniform,0,0,0
exp_threshold_sweep,5.0,1,n=5000|of=0.1|om=5.0|trial=1,outlier_grid,5000,940314137,440914187,1.6069129255861263,7.627573339463385,1.3724401444954073,9.887255296499905,uniform,uniform_exact,uniform,0,0,0
exp_threshold_sweep,5.0,2,n=5000|of=0.1|om=5.0|trial=2,outlier_grid,5000,940314138,441914190,1.5835535573326203,7.463665704236842,1.397741594674752,5.003334183874001,uniform,uniform_exact,uniform,0,0,0
exp_threshold_sweep,5.0,0,n=5000|of=0.1|om=10.0|trial=0,outlier_grid,5000,1645361842,1314976144,2.4387528204411435,9.085143647908605,2.514329319927691,8.59072218728762,is,uniform_exact,uniform,0,0,1
exp_threshold_sweep,5.0,1,n=5000|of=0.1|om=10.0|trial=1,outlier_grid,5000,1645361843,1315976147,2.44827057345472,9.074192457210252,2.1705890789031814,6.608083599729369,is,uniform_exact,uniform,1,0,1
exp_threshold_sweep,5.0,2,n=5000|of=0.1|om=10.0|trial=2,outlier_grid,5000,1645361844,1316976150,2.4335609917695766,9.037567396165114,2.6968867878619784,10.163042081158382,is,uniform_exact,uniform,0,0,1
exp_threshold_sweep,5.0,0,n=5000|of=0.2|om=2.0|trial=0,outlier_grid,5000,964283481,1791838052,0.6519470284472162,8.754530513444111,0.5377616784205583,3.1211665016422514,uniform,uniform,uniform,0,0,0
exp_threshold_sweep,5.0,1,n=5000|of=0.2|om=2.0|trial=1,outlier_grid,5000,964283482,1792838055,0.6299048125270215,10.880578863376364,0.559812970662015,3.1543942325245826,uniform,uniform,uniform,0,0,0
exp_threshold_sweep,5.0,2,n=5000|of=0.2|om=2.0|trial=2,outlier_grid,5000,964283483,1793838058,0.6870579308218044,13.544762416249597,0.49410734969969405,2.509770936268431,uniform,uniform,uniform,0,0,0
exp_threshold_sweep,5.0,0,n=5000|of=0.2|om=5.0|trial=0,outlier_grid,5000,1816808834,169391581,1.3838458656873216,5.062593836717688,1.604248788338542,6.079214000593572,uniform,uniform_exact,uniform,0,0,0
exp_threshold_sweep,5.0,1,n=5000|of=0.2|om=5.0|trial=1,outlier_grid,5000,1816808835,170391584,1.398083832516939,5.098880683600188,1.3332049493453912,4.427299701865954,uniform,uniform_exact,uniform,0,0,0
exp_threshold_sweep,5.0,2,n=5000|of=0.2|om=5.0|trial=2,outlier_grid,5000,1816808836,171391587,1.3909424378180453,5.143704401559593,1.329872535053096,4.15731030109201,uniform,uniform_exact,uniform,0,0,0
exp_threshold_sweep,5.0,0,n=5000|of=0.2|om=10.0|trial=0,outlier_grid,5000,374372893,1044453541,1.7911999033758386,5.04722867967325,1.9881323345251607,5.723732457587026,is,uniform_exact,uniform,0,0,1
exp_threshold_sweep,5.0,1,n=5000|of=0.2|om=10.0|trial=1,outlier_grid,5000,374372894,1045453544,1.7925498435757545,5.031734118828527,1.8084542187304165,4.882385479197803,is,uniform_exact,uniform,0,0,1
exp_threshold_sweep,5.0,2,n=5000|of=0.2|om=10.0|trial=2,outlier_grid,5000,374372895,1046453547,1.799646793110485,5.033057676968276,2.1892294314702636,6.567545886491935,is,uniform_exact,uniform,0,0,1
